Num_Acc,jour,mois,an,hrmn,lum,dep,com,agg,int,atm,col,adr,lat,long,Num_Acc,id_vehicule,num_veh,senc,catv,obs,obsm,choc,manv,motor,occutc,Num_Acc,id_usager,id_vehicule,num_veh,place,catu,grav,sexe,an_nais,trajet,secu1,secu2,secu3,locp,actp,etatp,Num_Acc,catr,voie,v1,v2,circ,nbv,vosp,prof,pr,pr1,plan,lartpc,larrout,surf,infra,situ,vma
2.021E+11,30,11,2021,07:32:00,2,30,30319,1,1,1,1,CD 981,"440,389,580,000","43,480,220,000",2.021E+11,201 764,B01,1,1,0,2,1,1,5,NULL,2.021E+11,267 638,201 764,B01,1,1,3,1,2000,1,0,9,-1,0,0,-1,2.021E+11,3,981,-1,NULL,2,2,0,1,-1,-1,1,NULL,-1,1,0,1,80
2.021E+11,30,11,2021,07:32:00,2,30,30319,1,1,1,1,CD 981,"440,389,580,000","43,480,220,000",2.021E+11,201 764,B01,1,1,0,2,1,1,5,NULL,2.021E+11,267 639,201 765,A01,1,1,1,1,1978,1,1,-1,-1,0,0,-1,2.021E+11,3,981,-1,NULL,2,2,0,1,-1,-1,1,NULL,-1,1,0,1,80
2.021E+11,23,11,2021,11:10:00,1,68,68004,2,3,1,2,Rue Charles Edouard Amiot,"476,142,390,000","72,343,360,000",2.021E+11,201 752,B01,2,1,0,0,5,1,5,NULL,2.021E+11,267 625,201 752,B01,1,1,4,1,2009,2,0,-1,-1,0,0,-1,2.021E+11,4,NULL,-1,NULL,2,2,0,1,-1,-1,1,NULL,4,1,0,1,50
2.021E+11,23,11,2021,11:10:00,1,68,68004,2,3,1,2,Rue Charles Edouard Amiot,"476,142,390,000","72,343,360,000",2.021E+11,201 752,B01,2,1,0,0,5,1,5,NULL,2.021E+11,267 626,201 753,A01,1,1,1,1,1976,5,1,-1,-1,0,0,-1,2.021E+11,4,NULL,-1,NULL,2,2,0,1,-1,-1,1,NULL,4,1,0,1,50
2.021E+11,2,9,2021,11:00:00,1,71,71540,2,1,1,2,Route des Perraudins,"467,668,890,000","44,566,240,000",2.021E+11,201 693,B01,1,1,0,2,1,1,5,NULL,2.021E+11,267 533,201 693,B01,1,1,3,1,2001,5,-1,-1,-1,0,0,-1,2.021E+11,4,NULL,-1,NULL,2,2,0,1,-1,-1,1,NULL,-1,1,0,1,50
2.021E+11,2,9,2021,11:00:00,1,71,71540,2,1,1,2,Route des Perraudins,"467,668,890,000","44,566,240,000",2.021E+11,201 693,B01,1,1,0,2,1,1,5,NULL,2.021E+11,267 534,201 694,A01,1,1,1,-1,NULL,-1,8,-1,-1,0,0,-1,2.021E+11,4,NULL,-1,NULL,2,2,0,1,-1,-1,1,NULL,-1,1,0,1,50
2.021E+11,9,11,2021,23:30:00,5,31,31555,2,9,1,3,SQUARE DE L HERACLES,"436,074,900,000","14,281,200,000",2.021E+11,201 658,A01,3,1,0,2,8,1,5,NULL,2.021E+11,267 481,201 657,B01,1,1,1,-1,NULL,-1,-1,-1,-1,-1,-1,-1,2.021E+11,4,SQUARE DE L HERACLES,0,NULL,2,2,0,1,-1,-1,1,NULL,-1,1,2,1,50
2.021E+11,9,11,2021,23:30:00,5,31,31555,2,9,1,3,SQUARE DE L HERACLES,"436,074,900,000","14,281,200,000",2.021E+11,201 658,A01,3,1,0,2,8,1,5,NULL,2.021E+11,267 482,201 658,A01,1,1,4,2,1981,5,8,8,-1,-1,-1,-1,2.021E+11,4,SQUARE DE L HERACLES,0,NULL,2,2,0,1,-1,-1,1,NULL,-1,1,2,1,50
2.021E+11,4,11,2021,17:31:00,1,60,60057,2,1,1,3,Rue du Pont d’Arcole,"494,262,285,502","20,853,413,343",2.021E+11,201 625,B01,0,1,0,2,0,0,-1,NULL,2.021E+11,267 431,201 625,B01,1,1,4,1,2005,-1,0,-1,-1,-1,-1,-1,2.021E+11,4,NULL,-1,NULL,2,2,-1,1,-1,-1,1,NULL,"5,5",1,0,1,-1
2.021E+11,4,11,2021,17:31:00,1,60,60057,2,1,1,3,Rue du Pont d’Arcole,"494,262,285,502","20,853,413,343",2.021E+11,201 625,B01,0,1,0,2,0,0,-1,NULL,2.021E+11,267 432,201 626,A01,1,1,1,1,1969,-1,0,-1,-1,-1,-1,-1,2.021E+11,4,NULL,-1,NULL,2,2,-1,1,-1,-1,1,NULL,"5,5",1,0,1,-1
2.021E+11,14,10,2021,17:10:00,1,60,60057,2,1,1,1,Rue Alphonse Dupont,"494,186,200,000","20,834,300,000",2.021E+11,201 623,B01,0,1,0,0,0,0,0,NULL,2.021E+11,267 428,201 623,B01,1,1,3,1,2007,0,0,-1,-1,-1,-1,-1,2.021E+11,4,DUPONT ALPHONSE (RUE),0,NULL,1,0,0,1,-1,-1,1,NULL,-1,1,0,1,30
2.021E+11,14,10,2021,17:10:00,1,60,60057,2,1,1,1,Rue Alphonse Dupont,"494,186,200,000","20,834,300,000",2.021E+11,201 623,B01,0,1,0,0,0,0,0,NULL,2.021E+11,267 429,201 623,B01,2,2,1,1,2007,0,0,-1,-1,-1,-1,-1,2.021E+11,4,DUPONT ALPHONSE (RUE),0,NULL,1,0,0,1,-1,-1,1,NULL,-1,1,0,1,30
2.021E+11,14,10,2021,17:10:00,1,60,60057,2,1,1,1,Rue Alphonse Dupont,"494,186,200,000","20,834,300,000",2.021E+11,201 623,B01,0,1,0,0,0,0,0,NULL,2.021E+11,267 430,201 624,A01,1,1,1,2,1980,0,1,0,-1,-1,-1,-1,2.021E+11,4,DUPONT ALPHONSE (RUE),0,NULL,1,0,0,1,-1,-1,1,NULL,-1,1,0,1,30
2.021E+11,21,10,2021,16:00:00,1,90,90071,1,1,7,6,voie verte,"476,010,200,000","70,063,270,000",2.021E+11,201 571,B01,3,1,14,0,1,1,0,NULL,2.021E+11,267 343,201 570,A01,1,1,2,1,1938,5,2,-1,-1,0,0,-1,2.021E+11,4,NULL,-1,NULL,-1,1,1,1,-1,-1,1,NULL,-1,9,6,5,-1
2.021E+11,21,10,2021,16:00:00,1,90,90071,1,1,7,6,voie verte,"476,010,200,000","70,063,270,000",2.021E+11,201 570,A01,3,1,14,0,1,1,0,NULL,2.021E+11,267 343,201 570,A01,1,1,2,1,1938,5,2,-1,-1,0,0,-1,2.021E+11,4,NULL,-1,NULL,-1,1,1,1,-1,-1,1,NULL,-1,9,6,5,-1
2.021E+11,21,10,2021,16:00:00,1,90,90071,1,1,7,6,voie verte,"476,010,200,000","70,063,270,000",2.021E+11,201 571,B01,3,1,14,0,1,1,0,NULL,2.021E+11,267 344,201 571,B01,1,1,4,1,1950,5,2,-1,-1,0,0,-1,2.021E+11,4,NULL,-1,NULL,-1,1,1,1,-1,-1,1,NULL,-1,9,6,5,-1
2.021E+11,21,10,2021,16:00:00,1,90,90071,1,1,7,6,voie verte,"476,010,200,000","70,063,270,000",2.021E+11,201 570,A01,3,1,14,0,1,1,0,NULL,2.021E+11,267 344,201 571,B01,1,1,4,1,1950,5,2,-1,-1,0,0,-1,2.021E+11,4,NULL,-1,NULL,-1,1,1,1,-1,-1,1,NULL,-1,9,6,5,-1
2.021E+11,1,11,2021,16:24:00,2,84,84080,2,4,1,1,chemin saint gens,"440,350,580,851","50,246,668,082",2.021E+11,201 560,B01,0,1,0,2,1,1,-1,NULL,2.021E+11,267 329,201 559,A01,1,1,1,1,1963,1,8,-1,-1,-1,-1,-1,2.021E+11,4,NULL,-1,NULL,2,-1,0,1,-1,-1,2,NULL,-1,1,0,1,-1
2.021E+11,1,11,2021,16:24:00,2,84,84080,2,4,1,1,chemin saint gens,"440,350,580,851","50,246,668,082",2.021E+11,201 560,B01,0,1,0,2,1,1,-1,NULL,2.021E+11,267 330,201 560,B01,1,1,2,1,1965,-1,2,-1,-1,-1,-1,-1,2.021E+11,4,NULL,-1,NULL,2,-1,0,1,-1,-1,2,NULL,-1,1,0,1,-1
2.021E+11,6,11,2021,22:25:00,5,987,98736,2,3,1,6,ANTHONY BAMBRIDGE (RUE),"-175,397,800,000","-1,495,450,200,000",2.021E+11,201 558,A01,3,1,12,0,1,14,5,NULL,2.021E+11,267 328,201 558,A01,1,1,2,2,2007,5,8,0,-1,-1,-1,-1,2.021E+11,4,ANTHONY BAMBRIDGE (RUE),0,NULL,2,2,0,2,0,0,2,NULL,-1,1,2,1,30
2.021E+11,25,5,2021,15:55:00,1,31,31555,2,1,1,3,BILLIERES (AV ETIENNE) DU 1AU 78,"435,969,171,534","14,261,841,774",2.021E+11,201 508,B01,3,1,0,2,3,0,0,NULL,2.021E+11,267 255,201 507,A01,1,1,1,1,1968,4,1,0,-1,-1,-1,-1,2.021E+11,4,BILLIERES (AV ETIENNE) DU 1AU 78,0,NULL,2,3,1,1,-1,-1,1,NULL,-1,1,0,5,5
2.021E+11,25,5,2021,15:55:00,1,31,31555,2,1,1,3,BILLIERES (AV ETIENNE) DU 1AU 78,"435,969,171,534","14,261,841,774",2.021E+11,201 508,B01,3,1,0,2,3,0,0,NULL,2.021E+11,267 256,201 508,B01,1,1,3,2,1977,0,8,0,-1,-1,-1,-1,2.021E+11,4,BILLIERES (AV ETIENNE) DU 1AU 78,0,NULL,2,3,1,1,-1,-1,1,NULL,-1,1,0,5,5
2.021E+11,12,11,2021,12:07:00,1,91,91471,2,1,1,3,CHARLES DE GAULLE (RUE),"487,020,770,000","21,905,530,000",2.021E+11,201 456,B01,0,1,0,2,1,2,5,NULL,2.021E+11,267 192,201 456,B01,1,1,4,1,1962,1,2,0,-1,-1,-1,-1,2.021E+11,4,CHARLES DE GAULLE (RUE),0,NULL,2,2,2,2,0,0,1,NULL,-1,1,0,1,50
2.021E+11,12,11,2021,12:07:00,1,91,91471,2,1,1,3,CHARLES DE GAULLE (RUE),"487,020,770,000","21,905,530,000",2.021E+11,201 456,B01,0,1,0,2,1,2,5,NULL,2.021E+11,267 193,201 457,A01,1,1,1,2,1960,1,1,0,-1,-1,-1,-1,2.021E+11,4,CHARLES DE GAULLE (RUE),0,NULL,2,2,2,2,0,0,1,NULL,-1,1,0,1,50
2.021E+11,30,6,2021,08:30:00,1,11,11294,1,1,1,7,D626,"430,585,800,000","20,439,080,000",2.021E+11,201 432,A01,1,1,0,0,8,1,5,NULL,2.021E+11,267 157,201 432,A01,1,1,2,1,1954,5,2,-1,-1,0,0,-1,2.021E+11,3,626,-1,NULL,2,2,0,2,11,300,2,NULL,-1,1,0,1,80
2.021E+11,9,11,2021,16:45:00,1,33,33063,2,6,1,3,Rue de Canolle,"448,267,700,000"," -0,6013200000",2.021E+11,201 422,A01,1,1,0,2,8,2,5,NULL,2.021E+11,267 144,201 422,A01,1,1,4,2,1989,9,0,-1,-1,-1,-1,-1,2.021E+11,4,NULL,-1,NULL,3,3,3,1,-1,-1,1,NULL,-1,1,0,1,50
2.021E+11,9,11,2021,16:45:00,1,33,33063,2,6,1,3,Rue de Canolle,"448,267,700,000"," -0,6013200000",2.021E+11,201 422,A01,1,1,0,2,8,2,5,NULL,2.021E+11,267 145,201 423,B01,1,1,1,2,1978,9,1,-1,-1,-1,-1,-1,2.021E+11,4,NULL,-1,NULL,3,3,3,1,-1,-1,1,NULL,-1,1,0,1,50
2.021E+11,21,10,2021,08:15:00,2,33,33069,2,1,1,2,Rue Ferdinand Buisson,"448,627,300,000"," -0,5846200000",2.021E+11,201 420,A01,2,1,0,2,4,1,5,NULL,2.021E+11,267 142,201 420,A01,1,1,4,2,1968,1,2,-1,-1,-1,-1,-1,2.021E+11,4,NULL,-1,NULL,2,-1,0,1,-1,-1,1,NULL,-1,1,0,1,50
2.021E+11,21,10,2021,08:15:00,2,33,33069,2,1,1,2,Rue Ferdinand Buisson,"448,627,300,000"," -0,5846200000",2.021E+11,201 420,A01,2,1,0,2,4,1,5,NULL,2.021E+11,267 143,201 421,B01,1,1,1,-1,NULL,-1,-1,-1,-1,-1,-1,-1,2.021E+11,4,NULL,-1,NULL,2,-1,0,1,-1,-1,1,NULL,-1,1,0,1,50
2.021E+11,29,10,2021,18:00:00,2,73,73241,2,3,7,1,Chemin des Moulins,"456,149,750,000","63,191,020,000",2.021E+11,201 418,B01,1,1,0,2,1,1,5,NULL,2.021E+11,267 140,201 418,B01,1,1,3,2,1952,5,0,-1,-1,0,0,-1,2.021E+11,3,NULL,-1,NULL,2,2,-1,1,30,105,1,NULL,-1,1,2,1,30
2.021E+11,29,10,2021,18:00:00,2,73,73241,2,3,7,1,Chemin des Moulins,"456,149,750,000","63,191,020,000",2.021E+11,201 418,B01,1,1,0,2,1,1,5,NULL,2.021E+11,267 141,201 419,A01,1,1,1,2,1960,9,1,-1,-1,0,0,-1,2.021E+11,3,NULL,-1,NULL,2,2,-1,1,30,105,1,NULL,-1,1,2,1,30
2.021E+11,20,12,2021,07:01:00,2,74,74229,2,8,1,3,D15,"462,248,290,000","63,017,860,000",2.021E+11,201 394,A01,2,1,0,4,0,26,5,NULL,2.021E+11,267 104,201 393,B01,1,1,1,1,1983,4,8,-1,-1,0,0,-1,2.021E+11,3,15,0,D,2,2,0,1,27,800,1,NULL,-1,1,4,6,50
2.021E+11,20,12,2021,07:01:00,2,74,74229,2,8,1,3,D15,"462,248,290,000","63,017,860,000",2.021E+11,201 394,A01,2,1,0,4,0,26,5,NULL,2.021E+11,267 105,201 394,A01,1,1,3,1,1997,1,2,-1,-1,0,0,-1,2.021E+11,3,15,0,D,2,2,0,1,27,800,1,NULL,-1,1,4,6,50
2.021E+11,30,11,2021,09:45:00,1,61,61001,2,6,2,3,CLAUDE BERNARD (RUE ),"484,365,200,000","0,1049600000",2.021E+11,201 380,B01,1,1,0,2,3,9,5,NULL,2.021E+11,267 085,201 379,A01,1,1,1,2,1974,4,8,8,-1,-1,-1,-1,2.021E+11,4,CLAUDE BERNARD (RUE ),0,NULL,4,1,0,1,0,0,1,NULL,-1,2,5,1,30
2.021E+11,30,11,2021,09:45:00,1,61,61001,2,6,2,3,CLAUDE BERNARD (RUE ),"484,365,200,000","0,1049600000",2.021E+11,201 380,B01,1,1,0,2,3,9,5,NULL,2.021E+11,267 086,201 380,B01,1,1,4,1,1935,5,0,-1,-1,-1,-1,-1,2.021E+11,4,CLAUDE BERNARD (RUE ),0,NULL,4,1,0,1,0,0,1,NULL,-1,2,5,1,30
2.021E+11,18,10,2021,15:37:00,1,88,88213,1,1,1,7,Col du Las,"483,397,780,000","70,583,940,000",2.021E+11,201 376,A01,1,1,0,0,8,1,5,NULL,2.021E+11,267 082,201 376,A01,1,1,3,2,1944,5,2,-1,-1,0,0,-1,2.021E+11,3,32,0,D,2,2,0,2,66,670,1,NULL,-1,1,0,1,80
2.021E+11,14,7,2021,19:30:00,1,61,61159,1,1,1,7,NULL,"486,538,460,000","0,4104350000",2.021E+11,201 350,A01,3,1,16,0,1,1,5,NULL,2.021E+11,267 039,201 350,A01,1,1,3,2,1970,5,2,-1,-1,-1,-1,-1,2.021E+11,4,NULL,-1,NULL,2,-1,-1,2,-1,-1,2,NULL,-1,9,0,1,90
2.021E+11,24,7,2021,16:20:00,1,61,61001,2,6,2,3,NULL,"484,343,330,000","0,0935580000",2.021E+11,201 349,B01,1,1,0,2,7,1,5,NULL,2.021E+11,267 037,201 348,A01,1,1,1,2,1954,5,1,-1,-1,-1,-1,-1,2.021E+11,3,NULL,-1,NULL,2,-1,-1,1,2,600,1,NULL,-1,2,5,1,50
2.021E+11,24,7,2021,16:20:00,1,61,61001,2,6,2,3,NULL,"484,343,330,000","0,0935580000",2.021E+11,201 349,B01,1,1,0,2,7,1,5,NULL,2.021E+11,267 038,201 349,B01,1,1,4,1,2004,5,8,-1,-1,-1,-1,-1,2.021E+11,3,NULL,-1,NULL,2,-1,-1,1,2,600,1,NULL,-1,2,5,1,50
2.021E+11,4,6,2021,11:30:00,1,73,73065,2,3,8,3,Avenue Maréchal Leclerc,"455,703,281,257","59,167,166,719",2.021E+11,201 328,B01,1,1,0,2,1,1,5,NULL,2.021E+11,267 011,201 327,A01,1,1,1,1,1967,1,8,-1,-1,0,0,-1,2.021E+11,4,NULL,-1,NULL,2,2,2,1,-1,-1,1,NULL,-1,1,-1,5,50
2.021E+11,4,6,2021,11:30:00,1,73,73065,2,3,8,3,Avenue Maréchal Leclerc,"455,703,281,257","59,167,166,719",2.021E+11,201 328,B01,1,1,0,2,1,1,5,NULL,2.021E+11,267 012,201 328,B01,1,1,4,1,1960,0,2,-1,-1,0,0,-1,2.021E+11,4,NULL,-1,NULL,2,2,2,1,-1,-1,1,NULL,-1,1,-1,5,50
2.021E+11,17,11,2021,17:01:00,2,36,36044,2,2,1,5,NULL,"468,095,700,000","16,701,700,000",2.021E+11,201 321,B01,1,1,0,2,1,19,5,NULL,2.021E+11,267 001,201 319,C01,1,1,1,1,1994,9,1,8,-1,-1,-1,-1,2.021E+11,4,NULL,0,NULL,2,2,0,1,-1,-1,1,NULL,-1,9,0,1,50
2.021E+11,17,11,2021,17:01:00,2,36,36044,2,2,1,5,NULL,"468,095,700,000","16,701,700,000",2.021E+11,201 320,A01,1,1,0,2,1,19,5,NULL,2.021E+11,267 001,201 319,C01,1,1,1,1,1994,9,1,8,-1,-1,-1,-1,2.021E+11,4,NULL,0,NULL,2,2,0,1,-1,-1,1,NULL,-1,9,0,1,50
2.021E+11,17,11,2021,17:01:00,2,36,36044,2,2,1,5,NULL,"468,095,700,000","16,701,700,000",2.021E+11,201 321,B01,1,1,0,2,1,19,5,NULL,2.021E+11,267 002,201 320,A01,1,1,4,1,2008,5,8,0,-1,-1,-1,-1,2.021E+11,4,NULL,0,NULL,2,2,0,1,-1,-1,1,NULL,-1,9,0,1,50
2.021E+11,17,11,2021,17:01:00,2,36,36044,2,2,1,5,NULL,"468,095,700,000","16,701,700,000",2.021E+11,201 320,A01,1,1,0,2,1,19,5,NULL,2.021E+11,267 002,201 320,A01,1,1,4,1,2008,5,8,0,-1,-1,-1,-1,2.021E+11,4,NULL,0,NULL,2,2,0,1,-1,-1,1,NULL,-1,9,0,1,50
2.021E+11,17,11,2021,17:01:00,2,36,36044,2,2,1,5,NULL,"468,095,700,000","16,701,700,000",2.021E+11,201 321,B01,1,1,0,2,1,19,5,NULL,2.021E+11,267 003,201 321,B01,1,1,4,1,2008,5,8,0,-1,-1,-1,-1,2.021E+11,4,NULL,0,NULL,2,2,0,1,-1,-1,1,NULL,-1,9,0,1,50
2.021E+11,17,11,2021,17:01:00,2,36,36044,2,2,1,5,NULL,"468,095,700,000","16,701,700,000",2.021E+11,201 320,A01,1,1,0,2,1,19,5,NULL,2.021E+11,267 003,201 321,B01,1,1,4,1,2008,5,8,0,-1,-1,-1,-1,2.021E+11,4,NULL,0,NULL,2,2,0,1,-1,-1,1,NULL,-1,9,0,1,50
2.021E+11,14,5,2021,12:21:00,1,78,78172,1,1,2,2,BRETELLE ACCES RD203/RN184 ,"490,020,710,000","20,815,830,000",2.021E+11,201 277,A01,1,1,0,2,4,11,5,NULL,2.021E+11,266 940,201 277,A01,1,1,4,1,1940,5,8,0,-1,-1,-1,-1,2.021E+11,2,BRETELLE ACCES RD203/RN184,0,NULL,3,4,0,1,23,770,1,NULL,-1,2,0,1,90
2.021E+11,14,5,2021,12:21:00,1,78,78172,1,1,2,2,BRETELLE ACCES RD203/RN184 ,"490,020,710,000","20,815,830,000",2.021E+11,201 277,A01,1,1,0,2,4,11,5,NULL,2.021E+11,266 941,201 278,B01,1,1,1,1,1992,4,1,0,-1,-1,-1,-1,2.021E+11,2,BRETELLE ACCES RD203/RN184,0,NULL,3,4,0,1,23,770,1,NULL,-1,2,0,1,90
2.021E+11,21,10,2021,17:55:00,1,69,69386,2,1,1,2,CREQUI (DE) (R),"457,761,264,739","48,446,971,178",2.021E+11,201 276,B01,2,1,0,2,4,26,0,NULL,2.021E+11,266 938,201 275,A01,1,1,1,1,1956,0,1,-1,-1,-1,-1,-1,2.021E+11,4,CREQUI (DE)                         (R ),0,NULL,1,1,2,1,-1,-1,1,NULL,-1,1,0,1,50
2.021E+11,21,10,2021,17:55:00,1,69,69386,2,1,1,2,CREQUI (DE) (R),"457,761,264,739","48,446,971,178",2.021E+11,201 276,B01,2,1,0,2,4,26,0,NULL,2.021E+11,266 939,201 276,B01,1,1,4,2,1966,0,2,4,-1,-1,-1,-1,2.021E+11,4,CREQUI (DE)                         (R ),0,NULL,1,1,2,1,-1,-1,1,NULL,-1,1,0,1,50
2.021E+11,8,10,2021,09:50:00,1,69,69386,2,1,1,6,MARECHAL LYAUTEY (PL),"457,677,673,652","48,423,796,892",2.021E+11,201 274,A01,3,1,0,1,0,2,0,NULL,2.021E+11,266 936,201 274,A01,10,3,4,2,1966,0,8,-1,-1,1,3,1,2.021E+11,4,MARECHAL LYAUTEY (DU)               (PL),0,NULL,1,1,2,1,-1,-1,1,NULL,-1,1,0,1,50
2.021E+11,8,10,2021,09:50:00,1,69,69386,2,1,1,6,MARECHAL LYAUTEY (PL),"457,677,673,652","48,423,796,892",2.021E+11,201 274,A01,3,1,0,1,0,2,0,NULL,2.021E+11,266 937,201 274,A01,1,1,1,-1,NULL,-1,8,-1,-1,-1,-1,-1,2.021E+11,4,MARECHAL LYAUTEY (DU)               (PL),0,NULL,1,1,2,1,-1,-1,1,NULL,-1,1,0,1,50
2.021E+11,18,9,2021,20:33:00,2,38,38544,2,3,1,3,VIADUC(RUE DU),"455,334,100,000","48,738,200,000",2.021E+11,201 231,B01,1,1,0,2,1,2,5,NULL,2.021E+11,266 884,201 231,B01,1,1,4,1,2014,5,8,0,-1,-1,-1,-1,2.021E+11,4,VIADUC(RUE DU),0,NULL,2,1,0,1,-1,-1,1,NULL,-1,1,0,1,50
2.021E+11,18,9,2021,20:33:00,2,38,38544,2,3,1,3,VIADUC(RUE DU),"455,334,100,000","48,738,200,000",2.021E+11,201 231,B01,1,1,0,2,1,2,5,NULL,2.021E+11,266 885,201 232,A01,1,1,1,1,2000,4,1,0,-1,-1,-1,-1,2.021E+11,4,VIADUC(RUE DU),0,NULL,2,1,0,1,-1,-1,1,NULL,-1,1,0,1,50
2.021E+11,9,9,2021,07:45:00,1,69,69383,2,2,8,3,CREQUI (DE) (R),"457,532,410,000","48,490,000,000",2.021E+11,201 216,A01,1,1,0,2,7,19,5,NULL,2.021E+11,266 853,201 215,B01,1,1,4,1,1970,1,2,6,-1,-1,-1,-1,2.021E+11,4,CREQUI (DE)                         (R ),0,NULL,1,1,2,1,-1,-1,1,NULL,-1,1,0,1,50
2.021E+11,9,9,2021,07:45:00,1,69,69383,2,2,8,3,CREQUI (DE) (R),"457,532,410,000","48,490,000,000",2.021E+11,201 216,A01,1,1,0,2,7,19,5,NULL,2.021E+11,266 854,201 216,A01,1,1,4,1,1984,0,8,-1,-1,-1,-1,-1,2.021E+11,4,CREQUI (DE)                         (R ),0,NULL,1,1,2,1,-1,-1,1,NULL,-1,1,0,1,50
2.021E+11,12,11,2021,20:25:00,5,69,69383,2,2,1,3,GAMBETTA (CR),"457,562,700,000","48,403,700,000",2.021E+11,201 199,B01,2,1,0,2,8,15,5,NULL,2.021E+11,266 835,201 199,B01,1,1,4,2,1996,0,0,-1,-1,-1,-1,-1,2.021E+11,4,GAMBETTA                            (CO),0,NULL,2,2,2,1,-1,-1,1,NULL,-1,1,0,1,30
2.021E+11,12,11,2021,20:25:00,5,69,69383,2,2,1,3,GAMBETTA (CR),"457,562,700,000","48,403,700,000",2.021E+11,201 199,B01,2,1,0,2,8,15,5,NULL,2.021E+11,266 836,201 200,A01,2,2,1,2,1976,0,1,-1,-1,-1,-1,-1,2.021E+11,4,GAMBETTA                            (CO),0,NULL,2,2,2,1,-1,-1,1,NULL,-1,1,0,1,30
2.021E+11,12,11,2021,20:25:00,5,69,69383,2,2,1,3,GAMBETTA (CR),"457,562,700,000","48,403,700,000",2.021E+11,201 199,B01,2,1,0,2,8,15,5,NULL,2.021E+11,266 837,201 200,A01,1,1,1,1,1974,0,8,-1,-1,-1,-1,-1,2.021E+11,4,GAMBETTA                            (CO),0,NULL,2,2,2,1,-1,-1,1,NULL,-1,1,0,1,30
2.021E+11,13,11,2021,16:30:00,2,69,69386,2,1,1,3,JULES FERRY (PL),"457,670,000,000","48,590,000,000",2.021E+11,201 197,A01,3,1,0,2,7,19,5,NULL,2.021E+11,266 833,201 197,A01,1,1,4,1,1962,0,8,-1,-1,-1,-1,-1,2.021E+11,4,JULES FERRY                         (PL),0,NULL,2,2,0,1,-1,-1,1,NULL,-1,1,0,1,50
2.021E+11,13,11,2021,16:30:00,2,69,69386,2,1,1,3,JULES FERRY (PL),"457,670,000,000","48,590,000,000",2.021E+11,201 197,A01,3,1,0,2,7,19,5,NULL,2.021E+11,266 834,201 198,B01,1,1,1,1,1998,0,8,-1,-1,-1,-1,-1,2.021E+11,4,JULES FERRY                         (PL),0,NULL,2,2,0,1,-1,-1,1,NULL,-1,1,0,1,50
2.021E+11,12,7,2021,20:05:00,1,13,13054,2,9,1,6,DEPARTEMENTALE 48 (ROUTE ),"434,050,800,000","52,231,800,000",2.021E+11,201 167,B01,3,1,0,2,4,6,5,NULL,2.021E+11,266 792,201 167,B01,1,1,3,1,2009,5,8,0,-1,-1,-1,-1,2.021E+11,7,DEPARTEMENTALE 48 (ROUTE ),0,NULL,2,2,0,1,0,0,1,NULL,-1,1,5,1,30
2.021E+11,12,7,2021,20:05:00,1,13,13054,2,9,1,6,DEPARTEMENTALE 48 (ROUTE ),"434,050,800,000","52,231,800,000",2.021E+11,201 167,B01,3,1,0,2,4,6,5,NULL,2.021E+11,266 793,201 168,A01,1,1,1,2,1995,5,1,8,-1,-1,-1,-1,2.021E+11,7,DEPARTEMENTALE 48 (ROUTE ),0,NULL,2,2,0,1,0,0,1,NULL,-1,1,5,1,30
2.021E+11,12,7,2021,20:05:00,1,13,13054,2,9,1,6,DEPARTEMENTALE 48 (ROUTE ),"434,050,800,000","52,231,800,000",2.021E+11,201 167,B01,3,1,0,2,4,6,5,NULL,2.021E+11,266 794,201 168,A01,2,2,1,1,1998,5,1,0,-1,-1,-1,-1,2.021E+11,7,DEPARTEMENTALE 48 (ROUTE ),0,NULL,2,2,0,1,0,0,1,NULL,-1,1,5,1,30
2.021E+11,8,7,2021,09:30:00,1,13,13019,2,6,1,3,ROUTE D’APT,"434,651,100,000","53,536,000,000",2.021E+11,201 163,B01,3,1,0,2,0,0,0,NULL,2.021E+11,266 785,201 162,A01,1,1,4,1,1975,0,2,6,-1,-1,-1,-1,2.021E+11,7,ROUTE D’APT,0,NULL,1,1,0,1,0,0,2,NULL,-1,1,0,1,50
2.021E+11,8,7,2021,09:30:00,1,13,13019,2,6,1,3,ROUTE D’APT,"434,651,100,000","53,536,000,000",2.021E+11,201 163,B01,3,1,0,2,0,0,0,NULL,2.021E+11,266 786,201 163,B01,1,1,3,1,1961,5,2,8,-1,-1,-1,-1,2.021E+11,7,ROUTE D’APT,0,NULL,1,1,0,1,0,0,2,NULL,-1,1,0,1,50
2.021E+11,1,4,2021,18:30:00,1,33,33063,2,7,-1,3,Place Paul Doumer,"448,515,900,000"," -0,5740400000",2.021E+11,201 143,A01,2,1,0,2,7,1,5,NULL,2.021E+11,266 762,201 143,A01,1,1,4,1,1991,4,0,-1,-1,-1,-1,-1,2.021E+11,4,NULL,-1,NULL,1,2,2,1,-1,-1,1,NULL,-1,-1,0,1,50