Num_Acc,jour,mois,an,hrmn,lum,dep,com,agg,int,atm,col,adr,lat,long,Num_Acc,id_vehicule,num_veh,senc,catv,obs,obsm,choc,manv,motor,occutc,Num_Acc,id_usager,id_vehicule,num_veh,place,catu,grav,sexe,an_nais,trajet,secu1,secu2,secu3,locp,actp,etatp,Num_Acc,catr,voie,v1,v2,circ,nbv,vosp,prof,pr,pr1,plan,lartpc,larrout,surf,infra,situ,vma
2.021E+11,31,12,2021,10:07:00,1,75,75119,2,2,1,3,AVENUE CORENTIN CARIOU,"488,981,940,000","23,860,090,000",2.021E+11,200 320,A01,2,1,0,2,1,1,5,NULL,2.021E+11,265 643,200 319,Z01,1,1,1,-1,NULL,-1,-1,-1,-1,-1,-1,-1,2.021E+11,4,AVENUE CORENTIN CARIOU,0,NULL,1,3,1,1,-1,-1,1,NULL,-1,1,0,1,30
2.021E+11,31,12,2021,10:07:00,1,75,75119,2,2,1,3,AVENUE CORENTIN CARIOU,"488,981,940,000","23,860,090,000",2.021E+11,200 320,A01,2,1,0,2,1,1,5,NULL,2.021E+11,265 644,200 319,Z01,2,2,1,1,1995,9,8,0,-1,0,0,-1,2.021E+11,4,AVENUE CORENTIN CARIOU,0,NULL,1,3,1,1,-1,-1,1,NULL,-1,1,0,1,30
2.021E+11,31,12,2021,10:07:00,1,75,75119,2,2,1,3,AVENUE CORENTIN CARIOU,"488,981,940,000","23,860,090,000",2.021E+11,200 320,A01,2,1,0,2,1,1,5,NULL,2.021E+11,265 645,200 320,A01,1,1,4,1,1975,9,8,0,-1,0,0,-1,2.021E+11,4,AVENUE CORENTIN CARIOU,0,NULL,1,3,1,1,-1,-1,1,NULL,-1,1,0,1,30
2.021E+11,30,12,2021,05:00:00,5,69,69264,2,1,2,7,VERMOREL VICTOR (BD),"459,855,705,454","47,133,842,111",2.021E+11,200 211,A01,2,1,0,0,8,25,0,NULL,2.021E+11,265 467,200 211,A01,1,1,4,1,1961,1,8,-1,-1,-1,-1,-1,2.021E+11,4,VERMOREL VICTOR BD,0,NULL,1,1,0,2,-1,-1,1,NULL,-1,2,6,4,50
2.021E+11,30,12,2021,12:15:00,1,27,27306,2,6,1,3,GUILLAUMET (RUE),"490,038,240,000","11,769,340,000",2.021E+11,200 189,B01,3,1,0,2,2,1,5,NULL,2.021E+11,265 422,200 188,A01,1,1,1,1,1996,1,1,6,-1,0,0,-1,2.021E+11,4,GUILLAUMET (RUE),0,NULL,1,1,0,1,-1,-1,2,NULL,-1,1,5,1,50
2.021E+11,30,12,2021,12:15:00,1,27,27306,2,6,1,3,GUILLAUMET (RUE),"490,038,240,000","11,769,340,000",2.021E+11,200 189,B01,3,1,0,2,2,1,5,NULL,2.021E+11,265 423,200 189,B01,1,1,4,1,1965,5,2,4,-1,0,0,-1,2.021E+11,4,GUILLAUMET (RUE),0,NULL,1,1,0,1,-1,-1,2,NULL,-1,1,5,1,50
2.021E+11,30,12,2021,07:05:00,5,75,75120,2,1,1,6,RUE DES PYRENEES,"488,696,120,000","23,947,990,000",2.021E+11,200 159,B01,1,1,0,2,2,1,5,NULL,2.021E+11,265 380,200 158,A01,1,1,1,1,1992,4,1,0,-1,0,0,-1,2.021E+11,4,RUE DES PYRENEES,0,NULL,2,2,0,2,-1,-1,1,NULL,-1,2,0,1,30
2.021E+11,30,12,2021,07:05:00,5,75,75120,2,1,1,6,RUE DES PYRENEES,"488,696,120,000","23,947,990,000",2.021E+11,200 159,B01,1,1,0,2,2,1,5,NULL,2.021E+11,265 381,200 159,B01,1,1,4,2,1992,1,8,0,-1,0,0,-1,2.021E+11,4,RUE DES PYRENEES,0,NULL,2,2,0,2,-1,-1,1,NULL,-1,2,0,1,30
2.021E+11,30,12,2021,17:00:00,1,71,71512,2,1,1,3,route de chalon,"466,358,876,566","48,710,922,884",2.021E+11,200 070,B01,3,1,0,2,8,19,5,NULL,2.021E+11,265 253,200 069,A01,1,1,1,1,1986,3,1,-1,-1,0,0,-1,2.021E+11,3,906,0,NULL,2,2,0,1,35,550,1,NULL,-1,1,0,1,50
2.021E+11,30,12,2021,17:00:00,1,71,71512,2,1,1,3,route de chalon,"466,358,876,566","48,710,922,884",2.021E+11,200 070,B01,3,1,0,2,8,19,5,NULL,2.021E+11,265 254,200 070,B01,1,1,3,1,1960,3,0,-1,-1,0,0,-1,2.021E+11,3,906,0,NULL,2,2,0,1,35,550,1,NULL,-1,1,0,1,50
2.021E+11,30,12,2021,16:45:00,2,22,22173,1,1,1,1,La Longueraie Planguenoual,"485,431,608,637","-26,066,163,174",2.021E+11,200 062,B01,3,1,0,2,1,1,5,NULL,2.021E+11,265 246,200 062,B01,1,1,3,1,1970,5,2,-1,-1,0,0,-1,2.021E+11,4,NULL,-1,NULL,2,2,0,2,-1,-1,1,NULL,"3,5",1,0,1,80
2.021E+11,30,12,2021,16:45:00,2,22,22173,1,1,1,1,La Longueraie Planguenoual,"485,431,608,637","-26,066,163,174",2.021E+11,200 062,B01,3,1,0,2,1,1,5,NULL,2.021E+11,265 247,200 063,A01,1,1,1,2,1935,3,1,-1,-1,0,0,-1,2.021E+11,4,NULL,-1,NULL,2,2,0,2,-1,-1,1,NULL,"3,5",1,0,1,80
2.021E+11,21,9,2021,14:25:00,1,29,29232,1,1,1,7,D785 - Route de Pont L'Abbe,"479,783,870,000","-41,289,730,000",2.021E+11,200 033,A01,1,1,0,0,0,1,5,NULL,2.021E+11,265 201,200 033,A01,1,1,2,1,1963,5,2,-1,-1,0,0,-1,2.021E+11,3,NULL,-1,NULL,3,4,-1,1,72,500,1,NULL,-1,1,0,2,-1
2.021E+11,28,12,2021,13:15:00,1,80,80021,2,1,6,6,SAINT PIERRE (CHAUSSEE),"499,034,600,000","23,063,700,000",2.021E+11,200 007,B01,0,1,0,1,0,1,5,NULL,2.021E+11,265 164,200 007,B01,1,1,1,-1,NULL,-1,8,-1,-1,-1,-1,-1,2.021E+11,4,SAINT PIERRE (CHAUSSEE),0,NULL,2,2,0,1,-1,-1,1,NULL,-1,1,0,1,50
2.021E+11,28,12,2021,13:15:00,1,80,80021,2,1,6,6,SAINT PIERRE (CHAUSSEE),"499,034,600,000","23,063,700,000",2.021E+11,200 007,B01,0,1,0,1,0,1,5,NULL,2.021E+11,265 165,200 007,B01,10,3,4,1,1959,0,0,-1,-1,1,3,1,2.021E+11,4,SAINT PIERRE (CHAUSSEE),0,NULL,2,2,0,1,-1,-1,1,NULL,-1,1,0,1,50
2.021E+11,27,12,2021,16:10:00,1,80,80724,2,1,1,3,JEAN CATELAS (RUE),"498,609,200,000","22,398,800,000",2.021E+11,200 005,B01,0,1,0,2,1,1,0,NULL,2.021E+11,265 162,200 005,B01,1,1,4,1,1975,0,2,0,-1,0,0,-1,2.021E+11,4,JEAN CATELAS (RUE),0,NULL,2,2,0,1,-1,-1,1,NULL,-1,2,0,1,50
2.021E+11,27,12,2021,16:10:00,1,80,80724,2,1,1,3,JEAN CATELAS (RUE),"498,609,200,000","22,398,800,000",2.021E+11,200 005,B01,0,1,0,2,1,1,0,NULL,2.021E+11,265 163,200 006,A01,1,1,1,1,1964,0,1,0,-1,0,0,-1,2.021E+11,4,JEAN CATELAS (RUE),0,NULL,2,2,0,1,-1,-1,1,NULL,-1,2,0,1,50
2.021E+11,18,12,2021,14:00:00,1,77,77169,2,3,1,3,SILENCIEUSE (RUE),"488,076,000,000","26,207,300,000",2.021E+11,199 999,B01,1,1,0,2,8,19,5,NULL,2.021E+11,265 154,199 998,A01,1,1,1,1,2002,5,8,0,-1,-1,-1,-1,2.021E+11,4,SILENCIEUSE (RUE),0,NULL,2,2,0,1,0,0,1,NULL,-1,1,0,1,30
2.021E+11,18,12,2021,14:00:00,1,77,77169,2,3,1,3,SILENCIEUSE (RUE),"488,076,000,000","26,207,300,000",2.021E+11,199 999,B01,1,1,0,2,8,19,5,NULL,2.021E+11,265 155,199 999,B01,1,1,4,2,1965,5,8,0,-1,-1,-1,-1,2.021E+11,4,SILENCIEUSE (RUE),0,NULL,2,2,0,1,0,0,1,NULL,-1,1,0,1,30
2.021E+11,28,12,2021,19:45:00,5,53,53130,2,2,1,3,HEULOT ( RUE DU COLONEL ),"480,653,100,000"," -0,7549400000",2.021E+11,199 967,B01,3,1,0,2,1,1,5,NULL,2.021E+11,265 107,199 967,B01,1,1,3,1,1988,0,8,0,-1,-1,-1,-1,2.021E+11,4,HEULOT ( RUE DU COLONEL ),0,NULL,2,2,0,2,1,0,1,NULL,-1,1,0,1,50
2.021E+11,28,12,2021,19:45:00,5,53,53130,2,2,1,3,HEULOT ( RUE DU COLONEL ),"480,653,100,000"," -0,7549400000",2.021E+11,199 967,B01,3,1,0,2,1,1,5,NULL,2.021E+11,265 108,199 968,A01,1,1,1,2,1952,0,1,8,-1,-1,-1,-1,2.021E+11,4,HEULOT ( RUE DU COLONEL ),0,NULL,2,2,0,2,1,0,1,NULL,-1,1,0,1,50
2.021E+11,28,12,2021,12:24:00,1,35,35238,2,1,1,3,Rue Eugène Pottier,"481,032,700,000","-17,113,000,000",2.021E+11,199 944,B01,3,1,0,2,4,9,5,NULL,2.021E+11,265 077,199 943,A01,1,1,1,1,1975,5,1,0,-1,0,0,-1,2.021E+11,4,POTTIER (EUGENE),0,NULL,2,2,0,1,-1,-1,1,NULL,-1,1,0,1,50
2.021E+11,28,12,2021,12:24:00,1,35,35238,2,1,1,3,Rue Eugène Pottier,"481,032,700,000","-17,113,000,000",2.021E+11,199 944,B01,3,1,0,2,4,9,5,NULL,2.021E+11,265 078,199 944,B01,1,1,4,1,1999,1,8,0,-1,0,0,-1,2.021E+11,4,POTTIER (EUGENE),0,NULL,2,2,0,1,-1,-1,1,NULL,-1,1,0,1,50
2.021E+11,29,12,2021,05:45:00,2,27,27229,2,1,2,3,DUPONT DE L'EURE (PLACE),"490,299,700,000","11,534,500,000",2.021E+11,199 922,B01,3,1,0,2,2,0,5,NULL,2.021E+11,265 044,199 921,A01,1,1,1,-1,NULL,-1,-1,-1,-1,-1,-1,-1,2.021E+11,4,DUPONT DE L'EURE (PLACE),0,NULL,2,-1,0,1,-1,-1,1,NULL,-1,2,0,1,50
2.021E+11,29,12,2021,05:45:00,2,27,27229,2,1,2,3,DUPONT DE L'EURE (PLACE),"490,299,700,000","11,534,500,000",2.021E+11,199 922,B01,3,1,0,2,2,0,5,NULL,2.021E+11,265 045,199 922,B01,1,1,4,1,1993,5,2,6,-1,-1,-1,-1,2.021E+11,4,DUPONT DE L'EURE (PLACE),0,NULL,2,-1,0,1,-1,-1,1,NULL,-1,2,0,1,50
2.021E+11,29,12,2021,07:50:00,2,2,2738,2,2,1,3,GAMBETTA (BOULEVARD),"496,537,900,000","32,921,100,000",2.021E+11,199 890,A01,1,1,0,2,7,15,5,NULL,2.021E+11,265 000,199 889,B01,1,1,1,2,1993,1,1,8,-1,-1,-1,-1,2.021E+11,3,GAMBETTA (BOULEVARD),0,NULL,2,2,0,1,0,0,1,NULL,-1,1,9,1,50
2.021E+11,29,12,2021,07:50:00,2,2,2738,2,2,1,3,GAMBETTA (BOULEVARD),"496,537,900,000","32,921,100,000",2.021E+11,199 890,A01,1,1,0,2,7,15,5,NULL,2.021E+11,265 001,199 890,A01,1,1,4,2,1993,0,2,8,-1,-1,-1,-1,2.021E+11,3,GAMBETTA (BOULEVARD),0,NULL,2,2,0,1,0,0,1,NULL,-1,1,9,1,50
2.021E+11,28,12,2021,19:52:00,5,75,75110,2,2,1,3,RUE LA FAYETTE,"488,813,300,000","23,647,220,000",2.021E+11,199 864,B01,1,1,0,2,7,1,5,NULL,2.021E+11,264 965,199 863,A01,1,1,1,1,2001,5,1,0,-1,0,0,-1,2.021E+11,4,RUE LA FAYETTE,0,NULL,2,2,0,1,-1,-1,1,NULL,-1,2,0,1,30
2.021E+11,28,12,2021,19:52:00,5,75,75110,2,2,1,3,RUE LA FAYETTE,"488,813,300,000","23,647,220,000",2.021E+11,199 864,B01,1,1,0,2,7,1,5,NULL,2.021E+11,264 966,199 864,B01,1,1,4,2,1982,9,8,0,-1,0,0,-1,2.021E+11,4,RUE LA FAYETTE,0,NULL,2,2,0,1,-1,-1,1,NULL,-1,2,0,1,30
2.021E+11,29,12,2021,11:00:00,1,80,80368,2,1,3,7,32 Rue Henri Barbusse,"500,885,560,000","15,471,790,000",2.021E+11,199 801,A01,0,1,0,0,1,21,5,NULL,2.021E+11,264 873,199 801,A01,1,1,4,2,1950,5,0,-1,-1,0,0,-1,2.021E+11,3,NULL,-1,NULL,1,2,0,1,-1,-1,1,NULL,4,2,0,1,30
2.021E+11,30,12,2021,10:25:00,1,50,50619,2,3,2,6,Rue de l Eglise,"496,211,820,000","-13,606,580,000",2.021E+11,199 791,A01,1,1,6,0,1,1,5,NULL,2.021E+11,264 859,199 791,A01,1,1,4,1,2001,1,0,-1,-1,0,0,-1,2.021E+11,3,25,-1,NULL,2,2,0,2,-1,-1,1,NULL,-1,2,5,3,50
2.021E+11,30,12,2021,16:40:00,1,16,16232,1,1,1,2,D699,"456,772,440,000","0,2658710000",2.021E+11,199 764,A01,2,1,0,2,1,1,5,NULL,2.021E+11,264 817,199 763,B01,1,1,1,1,1976,5,0,-1,-1,0,0,-1,2.021E+11,3,699,0,D,2,2,0,1,30,310,1,NULL,-1,1,0,1,80
2.021E+11,30,12,2021,16:40:00,1,16,16232,1,1,1,2,D699,"456,772,440,000","0,2658710000",2.021E+11,199 763,B01,2,1,0,0,4,1,5,NULL,2.021E+11,264 817,199 763,B01,1,1,1,1,1976,5,0,-1,-1,0,0,-1,2.021E+11,3,699,0,D,2,2,0,1,30,310,1,NULL,-1,1,0,1,80
2.021E+11,30,12,2021,16:40:00,1,16,16232,1,1,1,2,D699,"456,772,440,000","0,2658710000",2.021E+11,199 764,A01,2,1,0,2,1,1,5,NULL,2.021E+11,264 818,199 764,A01,1,1,3,1,2011,5,2,-1,-1,0,0,-1,2.021E+11,3,699,0,D,2,2,0,1,30,310,1,NULL,-1,1,0,1,80
2.021E+11,30,12,2021,16:40:00,1,16,16232,1,1,1,2,D699,"456,772,440,000","0,2658710000",2.021E+11,199 763,B01,2,1,0,0,4,1,5,NULL,2.021E+11,264 818,199 764,A01,1,1,3,1,2011,5,2,-1,-1,0,0,-1,2.021E+11,3,699,0,D,2,2,0,1,30,310,1,NULL,-1,1,0,1,80
2.021E+11,27,12,2021,07:10:00,5,86,86157,1,6,2,3,N147,"465,531,250,000","0,3999980000",2.021E+11,199 692,B01,1,1,0,2,7,1,5,NULL,2.021E+11,264 717,199 692,B01,1,1,4,1,1988,9,2,8,-1,-1,-1,-1,2.021E+11,2,"ROND POINT CHU, RN 147",0,NULL,1,3,0,1,50,455,1,NULL,-1,2,9,1,50
2.021E+11,27,12,2021,07:10:00,5,86,86157,1,6,2,3,N147,"465,531,250,000","0,3999980000",2.021E+11,199 692,B01,1,1,0,2,7,1,5,NULL,2.021E+11,264 718,199 693,A01,1,1,1,1,1971,9,1,8,-1,-1,-1,-1,2.021E+11,2,"ROND POINT CHU, RN 147",0,NULL,1,3,0,1,50,455,1,NULL,-1,2,9,1,50
2.021E+11,24,11,2021,16:40:00,1,78,78646,2,1,1,6,PARIS (AVENUE DE),"487,992,650,000","21,407,820,000",2.021E+11,199 686,A01,2,1,0,1,1,1,5,NULL,2.021E+11,264 709,199 686,A01,10,3,2,2,1939,5,0,-1,-1,4,3,1,2.021E+11,3,PARIS (AVENUE DE),0,NULL,2,2,0,1,2,775,1,NULL,-1,1,0,1,50
2.021E+11,24,11,2021,16:40:00,1,78,78646,2,1,1,6,PARIS (AVENUE DE),"487,992,650,000","21,407,820,000",2.021E+11,199 686,A01,2,1,0,1,1,1,5,NULL,2.021E+11,264 710,199 686,A01,1,1,1,1,2003,1,2,0,-1,-1,-1,-1,2.021E+11,3,PARIS (AVENUE DE),0,NULL,2,2,0,1,2,775,1,NULL,-1,1,0,1,50
2.021E+11,25,12,2021,16:41:00,1,66,66136,2,3,1,3,MASSOT (PAUL),"426,963,000,000","28,836,000,000",2.021E+11,199 669,A01,2,1,0,2,1,9,5,NULL,2.021E+11,264 683,199 668,B01,1,1,1,1,1952,0,1,8,-1,-1,-1,-1,2.021E+11,4,MASSOT (PAUL),0,NULL,2,2,0,2,-1,-1,1,NULL,-1,1,0,1,30
2.021E+11,25,12,2021,16:41:00,1,66,66136,2,3,1,3,MASSOT (PAUL),"426,963,000,000","28,836,000,000",2.021E+11,199 669,A01,2,1,0,2,1,9,5,NULL,2.021E+11,264 684,199 669,A01,1,1,4,1,1972,0,8,0,-1,-1,-1,-1,2.021E+11,4,MASSOT (PAUL),0,NULL,2,2,0,2,-1,-1,1,NULL,-1,1,0,1,30
2.021E+11,24,12,2021,17:14:00,2,60,60159,1,1,8,3,Rd 973,"494,028,900,000","28,506,100,000",2.021E+11,199 663,B01,1,1,0,2,8,1,5,NULL,2.021E+11,264 678,199 663,B01,1,1,4,1,1975,5,8,0,-1,-1,-1,-1,2.021E+11,3,Rd 973,0,NULL,2,2,0,1,1,0,1,NULL,-1,1,0,1,80
2.021E+11,24,12,2021,17:14:00,2,60,60159,1,1,8,3,Rd 973,"494,028,900,000","28,506,100,000",2.021E+11,199 663,B01,1,1,0,2,8,1,5,NULL,2.021E+11,264 679,199 664,A01,1,1,1,2,1984,5,1,0,-1,-1,-1,-1,2.021E+11,3,Rd 973,0,NULL,2,2,0,1,1,0,1,NULL,-1,1,0,1,80
2.021E+11,27,12,2021,17:40:00,5,94,94037,2,9,2,3,RASPAIL (AV),"488,142,200,000","23,495,050,000",2.021E+11,199 604,B01,2,1,0,2,1,19,5,NULL,2.021E+11,264 598,199 603,Z01,1,1,1,-1,NULL,-1,-1,-1,-1,-1,-1,-1,2.021E+11,3,RASPAIL (AV),0,NULL,2,2,0,2,1,0,1,NULL,-1,2,6,1,20
2.021E+11,27,12,2021,17:40:00,5,94,94037,2,9,2,3,RASPAIL (AV),"488,142,200,000","23,495,050,000",2.021E+11,199 604,B01,2,1,0,2,1,19,5,NULL,2.021E+11,264 599,199 604,B01,1,1,4,1,1961,5,2,8,-1,-1,-1,-1,2.021E+11,3,RASPAIL (AV),0,NULL,2,2,0,2,1,0,1,NULL,-1,2,6,1,20
2.021E+11,27,12,2021,17:45:00,5,91,91156,2,1,1,3,Route d Arpajon,"485,505,780,000","22,774,480,000",2.021E+11,199 551,B01,1,1,0,2,2,1,5,NULL,2.021E+11,264 520,199 550,A01,1,1,1,2,1963,1,1,-1,-1,0,0,-1,2.021E+11,3,449,0,D,2,2,0,1,-1,-1,1,NULL,-1,1,0,8,30
2.021E+11,27,12,2021,17:45:00,5,91,91156,2,1,1,3,Route d Arpajon,"485,505,780,000","22,774,480,000",2.021E+11,199 551,B01,1,1,0,2,2,1,5,NULL,2.021E+11,264 521,199 551,B01,1,1,4,1,2009,5,0,-1,-1,0,0,-1,2.021E+11,3,449,0,D,2,2,0,1,-1,-1,1,NULL,-1,1,0,8,30
2.021E+11,29,12,2021,14:30:00,1,13,13014,2,3,1,3,Avenue Joliot Curie,"434,812,510,000","51,761,360,000",2.021E+11,199 549,B01,2,1,0,2,1,19,5,NULL,2.021E+11,264 518,199 548,A01,1,1,1,2,1951,5,1,-1,-1,0,0,-1,2.021E+11,7,21,0,NULL,3,2,2,1,3,600,1,NULL,-1,1,5,1,30
2.021E+11,29,12,2021,14:30:00,1,13,13014,2,3,1,3,Avenue Joliot Curie,"434,812,510,000","51,761,360,000",2.021E+11,199 549,B01,2,1,0,2,1,19,5,NULL,2.021E+11,264 519,199 549,B01,1,1,4,1,2004,9,0,-1,-1,0,0,-1,2.021E+11,7,21,0,NULL,3,2,2,1,3,600,1,NULL,-1,1,5,1,30
2.021E+11,26,12,2021,18:55:00,5,73,73008,2,6,2,3,D991 GRAND PORT (RONDEAU) AVENUE DU,"456,994,300,000","59,042,800,000",2.021E+11,199 471,A01,1,1,0,2,7,9,5,NULL,2.021E+11,264 409,199 471,A01,1,1,4,1,1968,5,8,0,-1,-1,-1,-1,2.021E+11,3,GRAND PORT (RONDEAU) AVENUE DU,0,NULL,4,2,0,1,29,145,3,NULL,-1,2,0,1,50
2.021E+11,26,12,2021,18:55:00,5,73,73008,2,6,2,3,D991 GRAND PORT (RONDEAU) AVENUE DU,"456,994,300,000","59,042,800,000",2.021E+11,199 471,A01,1,1,0,2,7,9,5,NULL,2.021E+11,264 410,199 472,B01,1,1,1,1,1999,5,1,8,-1,-1,-1,-1,2.021E+11,3,GRAND PORT (RONDEAU) AVENUE DU,0,NULL,4,2,0,1,29,145,3,NULL,-1,2,0,1,50
2.021E+11,26,12,2021,20:40:00,5,75,75115,2,2,2,3,AVENUE EMILE ZOLA,"488,467,590,000","22,856,470,000",2.021E+11,199 454,A01,2,1,0,2,1,1,5,NULL,2.021E+11,264 387,199 453,B01,1,1,1,1,1998,9,1,0,-1,0,0,-1,2.021E+11,4,AVENUE EMILE ZOLA,0,NULL,2,2,2,1,-1,-1,1,NULL,-1,2,0,1,30
2.021E+11,26,12,2021,20:40:00,5,75,75115,2,2,2,3,AVENUE EMILE ZOLA,"488,467,590,000","22,856,470,000",2.021E+11,199 454,A01,2,1,0,2,1,1,5,NULL,2.021E+11,264 388,199 454,A01,1,1,4,1,1998,1,8,0,-1,0,0,-1,2.021E+11,4,AVENUE EMILE ZOLA,0,NULL,2,2,2,1,-1,-1,1,NULL,-1,2,0,1,30
2.021E+11,27,12,2021,11:30:00,1,987,98729,2,1,1,3,PK2.6,"-174,782,950,000","-1,497,790,520,000",2.021E+11,199 381,A01,1,1,0,2,3,0,5,NULL,2.021E+11,264 283,199 381,A01,1,1,3,2,1994,5,0,-1,-1,0,0,-1,2.021E+11,2,91,-1,NULL,2,2,0,1,2,600,1,NULL,-1,1,0,1,40
2.021E+11,27,12,2021,11:30:00,1,987,98729,2,1,1,3,PK2.6,"-174,782,950,000","-1,497,790,520,000",2.021E+11,199 381,A01,1,1,0,2,3,0,5,NULL,2.021E+11,264 284,199 382,B01,1,1,1,2,1990,5,1,-1,-1,0,0,-1,2.021E+11,2,91,-1,NULL,2,2,0,1,2,600,1,NULL,-1,1,0,1,40
2.021E+11,27,12,2021,10:45:00,1,987,98729,2,3,1,3,PK0.20 TEMAE,"-174,949,440,000","-1,497,632,750,000",2.021E+11,199 380,A01,2,1,0,2,1,1,5,NULL,2.021E+11,264 280,199 379,B01,1,1,1,2,1982,5,1,-1,-1,0,0,-1,2.021E+11,2,91,0,NULL,2,2,2,4,0,200,2,NULL,-1,1,0,5,60
2.021E+11,27,12,2021,10:45:00,1,987,98729,2,3,1,3,PK0.20 TEMAE,"-174,949,440,000","-1,497,632,750,000",2.021E+11,199 380,A01,2,1,0,2,1,1,5,NULL,2.021E+11,264 281,199 379,B01,2,2,1,1,1974,5,1,-1,-1,0,0,-1,2.021E+11,2,91,0,NULL,2,2,2,4,0,200,2,NULL,-1,1,0,5,60
2.021E+11,27,12,2021,10:45:00,1,987,98729,2,3,1,3,PK0.20 TEMAE,"-174,949,440,000","-1,497,632,750,000",2.021E+11,199 380,A01,2,1,0,2,1,1,5,NULL,2.021E+11,264 282,199 380,A01,1,1,3,2,1998,5,0,-1,-1,0,0,-1,2.021E+11,2,91,0,NULL,2,2,2,4,0,200,2,NULL,-1,1,0,5,60
2.021E+11,23,12,2021,19:40:00,5,91,91103,2,9,1,3,IMP EDOUARD BRANLY,"486,033,200,000","23,064,800,000",2.021E+11,199 323,Y01,1,1,0,2,3,1,5,NULL,2.021E+11,264 206,199 323,Y01,1,1,4,1,1963,0,8,0,-1,0,0,-1,2.021E+11,4,IMP EDOUARD BRANLY,0,NULL,2,2,1,1,0,0,1,NULL,-1,1,0,5,50
2.021E+11,23,12,2021,19:40:00,5,91,91103,2,9,1,3,IMP EDOUARD BRANLY,"486,033,200,000","23,064,800,000",2.021E+11,199 323,Y01,1,1,0,2,3,1,5,NULL,2.021E+11,264 207,199 324,A01,1,1,1,1,1999,0,1,8,-1,-1,-1,-1,2.021E+11,4,IMP EDOUARD BRANLY,0,NULL,2,2,1,1,0,0,1,NULL,-1,1,0,5,50
2.021E+11,25,12,2021,15:40:00,1,75,75120,2,1,2,3,AVENUE GAMBETTA,"488,631,620,000","23,885,830,000",2.021E+11,199 304,B01,2,1,0,2,8,19,5,NULL,2.021E+11,264 172,199 304,B01,1,1,4,2,1972,5,8,0,-1,0,0,-1,2.021E+11,4,AVENUE GAMBETTA,0,NULL,2,3,1,2,-1,-1,1,NULL,-1,2,-1,5,30
2.021E+11,25,12,2021,15:40:00,1,75,75120,2,1,2,3,AVENUE GAMBETTA,"488,631,620,000","23,885,830,000",2.021E+11,199 304,B01,2,1,0,2,8,19,5,NULL,2.021E+11,264 173,199 305,A01,1,1,4,1,1970,5,2,6,-1,0,0,-1,2.021E+11,4,AVENUE GAMBETTA,0,NULL,2,3,1,2,-1,-1,1,NULL,-1,2,-1,5,30
2.021E+11,27,12,2021,08:03:00,2,49,49323,1,6,1,2,D323,"474,974,300,000"," -0,4929900000",2.021E+11,199 248,B01,1,1,0,0,4,1,5,NULL,2.021E+11,264 078,199 248,B01,1,1,4,1,2002,1,0,-1,-1,0,0,-1,2.021E+11,3,323,-1,D,3,4,0,1,30,400,1,NULL,-1,2,5,1,90
2.021E+11,27,12,2021,08:03:00,2,49,49323,1,6,1,2,D323,"474,974,300,000"," -0,4929900000",2.021E+11,199 248,B01,1,1,0,0,4,1,5,NULL,2.021E+11,264 079,199 249,A01,1,1,1,1,1984,4,1,-1,-1,0,0,-1,2.021E+11,3,323,-1,D,3,4,0,1,30,400,1,NULL,-1,2,5,1,90
2.021E+11,23,12,2021,15:10:00,1,81,81033,2,4,1,1,MALROUX (AV. AUGUSTIN),"440,270,500,000","21,286,300,000",2.021E+11,199 185,B01,1,1,0,2,1,1,6,NULL,2.021E+11,263 989,199 185,B01,1,1,3,1,1967,5,2,0,-1,-1,-1,-1,2.021E+11,3,MALROUX (AV. AUGUSTIN),0,NULL,2,2,0,4,27,422,3,NULL,-1,2,0,1,30
2.021E+11,23,12,2021,15:10:00,1,81,81033,2,4,1,1,MALROUX (AV. AUGUSTIN),"440,270,500,000","21,286,300,000",2.021E+11,199 185,B01,1,1,0,2,1,1,6,NULL,2.021E+11,263 990,199 186,A01,2,2,1,2,1949,9,1,0,-1,-1,-1,-1,2.021E+11,3,MALROUX (AV. AUGUSTIN),0,NULL,2,2,0,4,27,422,3,NULL,-1,2,0,1,30
2.021E+11,23,12,2021,15:10:00,1,81,81033,2,4,1,1,MALROUX (AV. AUGUSTIN),"440,270,500,000","21,286,300,000",2.021E+11,199 185,B01,1,1,0,2,1,1,6,NULL,2.021E+11,263 991,199 186,A01,1,1,1,2,1973,4,1,0,-1,-1,-1,-1,2.021E+11,3,MALROUX (AV. AUGUSTIN),0,NULL,2,2,0,4,27,422,3,NULL,-1,2,0,1,30
2.021E+11,23,12,2021,11:21:00,1,49,49246,2,1,1,3,VILLESICARD,"474,453,600,000"," -0,5268900000",2.021E+11,199 166,B01,1,1,0,2,1,1,5,NULL,2.021E+11,263 965,199 165,A01,1,1,1,1,1945,9,8,0,-1,-1,-1,-1,2.021E+11,4,VILLESICARD,0,NULL,2,2,0,1,1,0,1,NULL,-1,1,0,1,50
2.021E+11,23,12,2021,11:21:00,1,49,49246,2,1,1,3,VILLESICARD,"474,453,600,000"," -0,5268900000",2.021E+11,199 166,B01,1,1,0,2,1,1,5,NULL,2.021E+11,263 966,199 166,B01,1,1,3,1,2006,9,8,0,-1,-1,-1,-1,2.021E+11,4,VILLESICARD,0,NULL,2,2,0,1,1,0,1,NULL,-1,1,0,1,50