Num_Acc,jour,mois,an,hrmn,lum,dep,com,agg,int,atm,col,adr,lat,long,Num_Acc,id_vehicule,num_veh,senc,catv,obs,obsm,choc,manv,motor,occutc,Num_Acc,id_usager,id_vehicule,num_veh,place,catu,grav,sexe,an_nais,trajet,secu1,secu2,secu3,locp,actp,etatp,Num_Acc,catr,voie,v1,v2,circ,nbv,vosp,prof,pr,pr1,plan,lartpc,larrout,surf,infra,situ,vma
2.021E+11,24,12,2021,18:40:00,5,75,75115,2,4,2,7,RUE CORBON,"488,356,130,000","23,027,780,000",2.021E+11,199 116,A01,1,1,0,0,0,5,5,NULL,2.021E+11,263 906,199 116,A01,1,1,4,1,1937,5,8,0,-1,0,0,-1,2.021E+11,4,RUE CORBON,0,NULL,1,1,0,2,-1,-1,1,NULL,-1,2,-1,5,30
2.021E+11,19,12,2021,16:10:00,1,75,75102,2,4,1,3,BOULEVARD MONTMARTRE,"488,717,220,000","23,416,200,000",2.021E+11,199 106,B01,2,1,0,2,8,1,5,NULL,2.021E+11,263 888,199 105,Z01,1,1,1,-1,NULL,-1,-1,-1,-1,-1,-1,-1,2.021E+11,4,BOULEVARD MONTMARTRE,0,NULL,2,5,1,1,-1,-1,1,NULL,-1,1,-1,5,30
2.021E+11,19,12,2021,16:10:00,1,75,75102,2,4,1,3,BOULEVARD MONTMARTRE,"488,717,220,000","23,416,200,000",2.021E+11,199 106,B01,2,1,0,2,8,1,5,NULL,2.021E+11,263 889,199 106,B01,1,1,4,2,1992,5,8,0,-1,0,0,-1,2.021E+11,4,BOULEVARD MONTMARTRE,0,NULL,2,5,1,1,-1,-1,1,NULL,-1,1,-1,5,30
2.021E+11,26,12,2021,10:00:00,1,65,65278,1,1,1,6,RD14 - PK 2 + 100,"430,452,290,000","0,3006430000",2.021E+11,199 077,A01,1,1,0,5,1,1,5,NULL,2.021E+11,263 850,199 077,A01,1,1,3,1,1981,5,2,-1,-1,0,0,-1,2.021E+11,3,14,-1,NULL,2,2,0,2,2,100,3,NULL,-1,1,0,1,80
2.021E+11,23,12,2021,11:00:00,1,69,69383,2,1,1,3,PART DIEU (DE LA) (R),"457,596,800,000","48,495,000,000",2.021E+11,199 000,A01,2,1,0,9,7,26,6,NULL,2.021E+11,263 724,198 999,B01,1,1,4,1,1956,0,8,-1,-1,-1,-1,-1,2.021E+11,4,PART DIEU      (DE LA)             (R ),0,NULL,1,1,2,1,-1,-1,1,NULL,-1,1,0,5,30
2.021E+11,23,12,2021,11:00:00,1,69,69383,2,1,1,3,PART DIEU (DE LA) (R),"457,596,800,000","48,495,000,000",2.021E+11,198 999,B01,3,1,0,2,0,0,0,NULL,2.021E+11,263 724,198 999,B01,1,1,4,1,1956,0,8,-1,-1,-1,-1,-1,2.021E+11,4,PART DIEU      (DE LA)             (R ),0,NULL,1,1,2,1,-1,-1,1,NULL,-1,1,0,5,30
2.021E+11,23,12,2021,11:00:00,1,69,69383,2,1,1,3,PART DIEU (DE LA) (R),"457,596,800,000","48,495,000,000",2.021E+11,199 000,A01,2,1,0,9,7,26,6,NULL,2.021E+11,263 725,199 000,A01,1,1,1,1,1995,4,8,-1,-1,-1,-1,-1,2.021E+11,4,PART DIEU      (DE LA)             (R ),0,NULL,1,1,2,1,-1,-1,1,NULL,-1,1,0,5,30
2.021E+11,23,12,2021,11:00:00,1,69,69383,2,1,1,3,PART DIEU (DE LA) (R),"457,596,800,000","48,495,000,000",2.021E+11,198 999,B01,3,1,0,2,0,0,0,NULL,2.021E+11,263 725,199 000,A01,1,1,1,1,1995,4,8,-1,-1,-1,-1,-1,2.021E+11,4,PART DIEU      (DE LA)             (R ),0,NULL,1,1,2,1,-1,-1,1,NULL,-1,1,0,5,30
2.021E+11,23,12,2021,07:55:00,2,64,64140,2,1,1,3,Rue du 11 Novembre,"435,286,800,000","-14,793,900,000",2.021E+11,198 964,B01,2,1,0,2,4,15,5,NULL,2.021E+11,263 674,198 964,B01,1,1,4,1,1966,1,2,4,-1,-1,-1,-1,2.021E+11,3,NOVEMBRE (RUE DU 11),0,NULL,2,2,0,1,2,15,3,NULL,-1,1,3,1,50
2.021E+11,23,12,2021,07:55:00,2,64,64140,2,1,1,3,Rue du 11 Novembre,"435,286,800,000","-14,793,900,000",2.021E+11,198 964,B01,2,1,0,2,4,15,5,NULL,2.021E+11,263 675,198 965,A01,1,1,1,1,1981,1,1,0,-1,-1,-1,-1,2.021E+11,3,NOVEMBRE (RUE DU 11),0,NULL,2,2,0,1,2,15,3,NULL,-1,1,3,1,50
2.021E+11,23,12,2021,18:45:00,5,37,37261,2,1,1,3,CHEVALLIER (RUE AUGUSTE),"473,752,429,267","0,6789884716",2.021E+11,198 948,A01,3,1,0,2,1,19,5,NULL,2.021E+11,263 650,198 948,A01,1,1,4,1,1997,5,2,0,-1,-1,-1,-1,2.021E+11,4,CHEVALLIER (RUE AUGUSTE),0,NULL,2,2,0,2,-1,-1,1,NULL,-1,1,2,1,50
2.021E+11,23,12,2021,18:45:00,5,37,37261,2,1,1,3,CHEVALLIER (RUE AUGUSTE),"473,752,429,267","0,6789884716",2.021E+11,198 948,A01,3,1,0,2,1,19,5,NULL,2.021E+11,263 651,198 949,B01,1,1,1,1,1982,5,1,8,-1,-1,-1,-1,2.021E+11,4,CHEVALLIER (RUE AUGUSTE),0,NULL,2,2,0,2,-1,-1,1,NULL,-1,1,2,1,50
2.021E+11,23,12,2021,19:35:00,5,27,27229,2,3,1,3,MONOD (RUE JACQUES),"490,217,166,232","11,816,073,151",2.021E+11,198 928,B01,3,1,0,2,1,1,5,NULL,2.021E+11,263 619,198 927,A01,2,1,1,1,1995,5,1,5,-1,0,0,-1,2.021E+11,4,NOBEL (RUE ALFRED),0,NULL,2,2,0,1,-1,-1,1,NULL,-1,1,0,1,50
2.021E+11,23,12,2021,19:35:00,5,27,27229,2,3,1,3,MONOD (RUE JACQUES),"490,217,166,232","11,816,073,151",2.021E+11,198 928,B01,3,1,0,2,1,1,5,NULL,2.021E+11,263 620,198 928,B01,1,1,4,1,1982,5,8,0,-1,0,0,-1,2.021E+11,4,NOBEL (RUE ALFRED),0,NULL,2,2,0,1,-1,-1,1,NULL,-1,1,0,1,50
2.021E+11,22,12,2021,15:55:00,1,9,9225,2,1,1,3,RIJOLE AVENUE DE LA,"431,213,900,000","16,212,100,000",2.021E+11,198 912,Y01,1,1,0,2,1,1,5,NULL,2.021E+11,263 602,198 911,A01,1,1,1,2,1980,9,1,0,-1,-1,-1,-1,2.021E+11,4,RIJOLE AVENUE DE LA,0,NULL,2,2,0,1,0,0,1,NULL,-1,1,0,1,30
2.021E+11,22,12,2021,15:55:00,1,9,9225,2,1,1,3,RIJOLE AVENUE DE LA,"431,213,900,000","16,212,100,000",2.021E+11,198 912,Y01,1,1,0,2,1,1,5,NULL,2.021E+11,263 603,198 912,Y01,1,1,4,1,2000,5,2,6,-1,-1,-1,-1,2.021E+11,4,RIJOLE AVENUE DE LA,0,NULL,2,2,0,1,0,0,1,NULL,-1,1,0,1,30
2.021E+11,22,12,2021,09:50:00,1,69,69387,2,2,1,3,GUILLOTIERE (DE LA) (GR),"457,518,314,492","48,469,984,531",2.021E+11,198 762,B01,2,1,0,2,1,1,0,NULL,2.021E+11,263 370,198 761,A01,1,1,1,1,1998,1,1,-1,-1,-1,-1,-1,2.021E+11,4,GUILLOTIERE (DE LA)                 (GR),0,NULL,1,1,2,1,-1,-1,1,NULL,-1,1,0,5,50
2.021E+11,22,12,2021,09:50:00,1,69,69387,2,2,1,3,GUILLOTIERE (DE LA) (GR),"457,518,314,492","48,469,984,531",2.021E+11,198 762,B01,2,1,0,2,1,1,0,NULL,2.021E+11,263 371,198 762,B01,1,1,4,1,1974,0,8,-1,-1,-1,-1,-1,2.021E+11,4,GUILLOTIERE (DE LA)                 (GR),0,NULL,1,1,2,1,-1,-1,1,NULL,-1,1,0,5,50
2.021E+11,22,12,2021,14:15:00,1,64,64129,2,1,1,3,Route de Bayonne,"432,988,800,000"," -0,3903700000",2.021E+11,198 739,B01,1,1,0,2,1,1,5,NULL,2.021E+11,263 341,198 738,A01,1,1,1,1,1998,5,1,8,-1,-1,-1,-1,2.021E+11,4,BAYONNE DE,0,NULL,2,3,1,1,0,0,1,NULL,-1,1,0,1,50
2.021E+11,22,12,2021,14:15:00,1,64,64129,2,1,1,3,Route de Bayonne,"432,988,800,000"," -0,3903700000",2.021E+11,198 739,B01,1,1,0,2,1,1,5,NULL,2.021E+11,263 342,198 739,B01,1,1,4,1,1992,5,2,8,-1,-1,-1,-1,2.021E+11,4,BAYONNE DE,0,NULL,2,3,1,1,0,0,1,NULL,-1,1,0,1,50
2.021E+11,22,12,2021,19:30:00,5,3,3098,2,2,1,3,4 Avenue du 4 Septembre,"463,542,180,000","26,143,140,000",2.021E+11,198 685,B01,2,1,0,2,1,1,6,NULL,2.021E+11,263 262,198 685,B01,1,1,4,1,1990,4,8,-1,-1,-1,-1,-1,2.021E+11,3,4 SEPTEMBRE ( AVENUE DU ),0,NULL,2,3,0,4,18,800,1,NULL,-1,1,0,1,50
2.021E+11,22,12,2021,19:30:00,5,3,3098,2,2,1,3,4 Avenue du 4 Septembre,"463,542,180,000","26,143,140,000",2.021E+11,198 685,B01,2,1,0,2,1,1,6,NULL,2.021E+11,263 263,198 686,Z01,1,1,1,-1,NULL,-1,-1,-1,-1,-1,-1,-1,2.021E+11,3,4 SEPTEMBRE ( AVENUE DU ),0,NULL,2,3,0,4,18,800,1,NULL,-1,1,0,1,50
2.021E+11,22,12,2021,12:20:00,1,75,75112,2,2,1,3,AVENUE DAUMESNIL,"488,442,760,000","23,815,810,000",2.021E+11,198 666,B01,2,1,0,2,2,1,5,NULL,2.021E+11,263 241,198 666,B01,1,1,4,1,1977,9,2,0,-1,0,0,-1,2.021E+11,4,AVENUE DAUMESNIL,0,NULL,2,4,1,1,-1,-1,1,NULL,-1,1,-1,5,30
2.021E+11,22,12,2021,12:20:00,1,75,75112,2,2,1,3,AVENUE DAUMESNIL,"488,442,760,000","23,815,810,000",2.021E+11,198 666,B01,2,1,0,2,2,1,5,NULL,2.021E+11,263 242,198 667,A01,1,1,1,2,1973,4,1,0,-1,0,0,-1,2.021E+11,4,AVENUE DAUMESNIL,0,NULL,2,4,1,1,-1,-1,1,NULL,-1,1,-1,5,30
2.021E+11,22,12,2021,12:20:00,1,75,75112,2,2,1,3,AVENUE DAUMESNIL,"488,442,760,000","23,815,810,000",2.021E+11,198 666,B01,2,1,0,2,2,1,5,NULL,2.021E+11,263 243,198 667,A01,2,2,1,1,1954,9,1,0,-1,0,0,-1,2.021E+11,4,AVENUE DAUMESNIL,0,NULL,2,4,1,1,-1,-1,1,NULL,-1,1,-1,5,30
2.021E+11,22,12,2021,18:15:00,5,75,75108,2,1,1,6,AVENUE DES CHAMPS ELYSEES,"488,709,430,000","23,039,810,000",2.021E+11,198 661,A01,1,1,0,1,1,1,5,NULL,2.021E+11,263 234,198 661,A01,10,3,4,2,1973,5,0,-1,-1,2,9,2,2.021E+11,4,AVENUE DES CHAMPS ELYSEES,0,NULL,2,8,1,1,-1,-1,1,NULL,-1,1,-1,5,30
2.021E+11,22,12,2021,18:15:00,5,75,75108,2,1,1,6,AVENUE DES CHAMPS ELYSEES,"488,709,430,000","23,039,810,000",2.021E+11,198 661,A01,1,1,0,1,1,1,5,NULL,2.021E+11,263 235,198 661,A01,1,1,4,2,2002,4,8,0,-1,0,0,-1,2.021E+11,4,AVENUE DES CHAMPS ELYSEES,0,NULL,2,8,1,1,-1,-1,1,NULL,-1,1,-1,5,30
2.021E+11,22,12,2021,17:00:00,2,93,93055,2,3,1,1,JEAN JAURES (AVENUE) (76/128),"489,058,500,000","23,946,400,000",2.021E+11,198 649,B01,1,1,0,2,0,0,0,NULL,2.021E+11,263 215,198 648,A01,1,1,1,-1,NULL,-1,-1,-1,-1,-1,-1,-1,2.021E+11,3,JEAN JAURES (AVENUE) (76/128),0,NULL,3,2,2,1,0,0,1,NULL,-1,1,0,1,50
2.021E+11,22,12,2021,17:00:00,2,93,93055,2,3,1,1,JEAN JAURES (AVENUE) (76/128),"489,058,500,000","23,946,400,000",2.021E+11,198 649,B01,1,1,0,2,0,0,0,NULL,2.021E+11,263 216,198 649,B01,1,1,4,1,1993,5,8,0,-1,-1,-1,-1,2.021E+11,3,JEAN JAURES (AVENUE) (76/128),0,NULL,3,2,2,1,0,0,1,NULL,-1,1,0,1,50
2.021E+11,23,12,2021,15:50:00,1,12,12177,1,1,1,3,Le Pont de Palmas cd 45,"443,953,390,000","28,348,700,000",2.021E+11,198 615,A01,1,1,0,2,8,10,5,NULL,2.021E+11,263 168,198 615,A01,1,1,3,1,1945,5,2,-1,-1,0,0,-1,2.021E+11,3,45,-1,NULL,2,2,0,1,0,20,1,NULL,-1,1,0,1,80
2.021E+11,23,12,2021,15:50:00,1,12,12177,1,1,1,3,Le Pont de Palmas cd 45,"443,953,390,000","28,348,700,000",2.021E+11,198 615,A01,1,1,0,2,8,10,5,NULL,2.021E+11,263 169,198 616,B01,1,1,1,1,1961,3,1,-1,-1,0,0,-1,2.021E+11,3,45,-1,NULL,2,2,0,1,0,20,1,NULL,-1,1,0,1,80
2.021E+11,24,12,2021,13:50:00,1,29,29195,2,3,1,3,Kreis Ker,"486,195,700,000","-45,543,690,000",2.021E+11,198 603,A01,3,1,0,2,8,1,5,NULL,2.021E+11,263 153,198 602,B01,1,1,1,-1,NULL,-1,-1,-1,-1,-1,-1,-1,2.021E+11,4,NULL,-1,NULL,2,2,0,2,-1,-1,3,NULL,4,1,0,1,50
2.021E+11,24,12,2021,13:50:00,1,29,29195,2,3,1,3,Kreis Ker,"486,195,700,000","-45,543,690,000",2.021E+11,198 603,A01,3,1,0,2,8,1,5,NULL,2.021E+11,263 154,198 603,A01,1,1,3,1,2013,5,2,-1,-1,0,0,-1,2.021E+11,4,NULL,-1,NULL,2,2,0,2,-1,-1,3,NULL,4,1,0,1,50
2.021E+11,22,12,2021,14:10:00,1,60,60367,1,1,9,3,D923,"492,609,850,000","19,090,460,000",2.021E+11,198 551,B01,2,1,0,2,4,1,5,NULL,2.021E+11,263 080,198 550,A01,1,1,4,1,2003,1,1,-1,-1,0,0,-1,2.021E+11,3,923,-1,D,2,2,0,1,27,0,3,NULL,-1,7,0,1,80
2.021E+11,22,12,2021,14:10:00,1,60,60367,1,1,9,3,D923,"492,609,850,000","19,090,460,000",2.021E+11,198 551,B01,2,1,0,2,4,1,5,NULL,2.021E+11,263 081,198 551,B01,1,1,4,1,1949,5,2,-1,-1,0,0,-1,2.021E+11,3,923,-1,D,2,2,0,1,27,0,3,NULL,-1,7,0,1,80
2.021E+11,21,12,2021,07:45:00,2,83,83137,2,2,1,3,BARROIS (RUE DU DOCTEUR),"431,301,200,000","59,479,800,000",2.021E+11,198 502,B01,3,1,0,2,1,1,5,NULL,2.021E+11,263 012,198 501,A01,1,1,1,2,1967,4,1,-1,-1,-1,-1,-1,2.021E+11,4,BARROIS (RUE DU DOCTEUR),0,NULL,2,2,0,2,0,0,1,NULL,-1,1,0,1,50
2.021E+11,21,12,2021,07:45:00,2,83,83137,2,2,1,3,BARROIS (RUE DU DOCTEUR),"431,301,200,000","59,479,800,000",2.021E+11,198 502,B01,3,1,0,2,1,1,5,NULL,2.021E+11,263 013,198 502,B01,1,1,4,1,1996,0,2,0,-1,-1,-1,-1,2.021E+11,4,BARROIS (RUE DU DOCTEUR),0,NULL,2,2,0,2,0,0,1,NULL,-1,1,0,1,50
2.021E+11,18,12,2021,11:35:00,1,83,83141,2,9,1,1,PEICAL(ROUTE DU),"434,909,840,000","64,971,200,000",2.021E+11,198 499,B01,3,1,0,2,7,19,0,NULL,2.021E+11,263 010,198 499,B01,1,1,4,1,2004,0,8,0,-1,-1,-1,-1,2.021E+11,4,PEICAL(ROUTE DU),0,NULL,2,2,0,2,0,0,1,NULL,-1,1,0,5,30
2.021E+11,18,12,2021,11:35:00,1,83,83141,2,9,1,1,PEICAL(ROUTE DU),"434,909,840,000","64,971,200,000",2.021E+11,198 499,B01,3,1,0,2,7,19,0,NULL,2.021E+11,263 011,198 500,A01,1,1,1,2,1953,0,8,0,-1,-1,-1,-1,2.021E+11,4,PEICAL(ROUTE DU),0,NULL,2,2,0,2,0,0,1,NULL,-1,1,0,5,30
2.021E+11,21,12,2021,09:00:00,1,54,54482,2,3,1,3,ALEXANDRE 1ER (RUE),"487,008,100,000","62,019,600,000",2.021E+11,198 458,B01,1,1,0,2,8,15,5,NULL,2.021E+11,262 955,198 457,A01,1,1,1,1,2002,0,1,0,-1,0,0,-1,2.021E+11,4,ALEXANDRE 1ER (RUE),0,NULL,2,2,0,1,-1,-1,1,NULL,-1,1,0,1,50
2.021E+11,21,12,2021,09:00:00,1,54,54482,2,3,1,3,ALEXANDRE 1ER (RUE),"487,008,100,000","62,019,600,000",2.021E+11,198 458,B01,1,1,0,2,8,15,5,NULL,2.021E+11,262 956,198 458,B01,1,1,4,2,1962,0,2,0,-1,0,0,-1,2.021E+11,4,ALEXANDRE 1ER (RUE),0,NULL,2,2,0,1,-1,-1,1,NULL,-1,1,0,1,50
2.021E+11,21,12,2021,08:50:00,1,27,27229,2,9,1,3,HARDENCOURT (RUE D'),"490,219,300,000","11,706,900,000",2.021E+11,198 423,B01,3,1,0,2,1,1,5,NULL,2.021E+11,262 908,198 423,B01,1,1,4,1,2001,5,2,6,-1,0,0,-1,2.021E+11,4,HARDENCOURT (RUE D'),0,NULL,2,1,0,1,-1,-1,1,NULL,-1,1,0,1,50
2.021E+11,21,12,2021,08:50:00,1,27,27229,2,9,1,3,HARDENCOURT (RUE D'),"490,219,300,000","11,706,900,000",2.021E+11,198 423,B01,3,1,0,2,1,1,5,NULL,2.021E+11,262 909,198 424,A01,1,1,1,1,1988,5,1,5,-1,0,0,-1,2.021E+11,4,HARDENCOURT (RUE D'),0,NULL,2,1,0,1,-1,-1,1,NULL,-1,1,0,1,50
2.021E+11,16,12,2021,10:30:00,1,17,17306,2,2,1,3,HEDDE (AVENUE DANIEL),"456,319,600,000","-10,317,800,000",2.021E+11,198 420,A01,1,1,0,2,1,1,5,NULL,2.021E+11,262 904,198 419,B01,1,1,1,1,1941,5,1,0,-1,-1,-1,-1,2.021E+11,4,HEDDE (AVENUE DANIEL),0,NULL,3,2,0,2,-1,-1,1,NULL,-1,1,5,1,50
2.021E+11,16,12,2021,10:30:00,1,17,17306,2,2,1,3,HEDDE (AVENUE DANIEL),"456,319,600,000","-10,317,800,000",2.021E+11,198 420,A01,1,1,0,2,1,1,5,NULL,2.021E+11,262 905,198 420,A01,1,1,4,1,2001,5,8,0,-1,-1,-1,-1,2.021E+11,4,HEDDE (AVENUE DANIEL),0,NULL,3,2,0,2,-1,-1,1,NULL,-1,1,5,1,50
2.021E+11,21,12,2021,11:00:00,1,13,13075,2,6,1,2,LIBERATION (AVE DE LA),"433,440,000,000","54,590,000,000",2.021E+11,198 410,B01,0,1,0,0,0,0,0,NULL,2.021E+11,262 892,198 409,A01,1,1,1,1,1993,5,1,0,-1,-1,-1,-1,2.021E+11,7,LIBERATION (AVE DE LA),0,NULL,-1,1,0,1,0,0,1,NULL,-1,1,0,1,50
2.021E+11,21,12,2021,11:00:00,1,13,13075,2,6,1,2,LIBERATION (AVE DE LA),"433,440,000,000","54,590,000,000",2.021E+11,198 410,B01,0,1,0,0,0,0,0,NULL,2.021E+11,262 893,198 410,B01,2,1,3,1,1955,5,2,0,-1,-1,-1,-1,2.021E+11,7,LIBERATION (AVE DE LA),0,NULL,-1,1,0,1,0,0,1,NULL,-1,1,0,1,50
2.021E+11,21,12,2021,09:05:00,1,94,94046,2,2,1,3,Avenue Georges Clémenceau,"488,134,500,000","24,436,600,000",2.021E+11,198 383,B01,2,1,0,2,6,1,5,NULL,2.021E+11,262 855,198 383,B01,1,1,4,1,1988,1,8,0,-1,-1,-1,-1,2.021E+11,4,GEORGES CLEMENCEAU (AV),0,NULL,2,1,0,1,1,0,1,NULL,-1,1,0,1,50
2.021E+11,21,12,2021,09:05:00,1,94,94046,2,2,1,3,Avenue Georges Clémenceau,"488,134,500,000","24,436,600,000",2.021E+11,198 383,B01,2,1,0,2,6,1,5,NULL,2.021E+11,262 856,198 384,A01,1,1,1,1,1962,1,1,0,-1,-1,-1,-1,2.021E+11,4,GEORGES CLEMENCEAU (AV),0,NULL,2,1,0,1,1,0,1,NULL,-1,1,0,1,50
2.021E+11,21,12,2021,11:40:00,1,988,98818,2,3,1,3,VE1 BRETTELLE D'INSERTION/RUE JACQUES IEKAWE,"-222,240,200,000","1,664,810,400,000",2.021E+11,198 252,B01,2,1,0,2,9,1,5,NULL,2.021E+11,262 695,198 252,B01,1,1,3,2,1998,4,2,4,-1,0,0,-1,2.021E+11,1,ROUTE PROVINCIALE ROUTE DU SUD,0,NULL,1,1,0,2,-1,-1,3,NULL,-1,1,3,1,50
2.021E+11,21,12,2021,11:40:00,1,988,98818,2,3,1,3,VE1 BRETTELLE D'INSERTION/RUE JACQUES IEKAWE,"-222,240,200,000","1,664,810,400,000",2.021E+11,198 252,B01,2,1,0,2,9,1,5,NULL,2.021E+11,262 696,198 253,A01,1,1,1,1,1976,3,1,1,-1,0,0,-1,2.021E+11,1,ROUTE PROVINCIALE ROUTE DU SUD,0,NULL,1,1,0,2,-1,-1,3,NULL,-1,1,3,1,50
2.021E+11,20,12,2021,06:45:00,5,69,69286,2,1,2,3,COMBATTANTS EN AFN 1952-1962 (DES) (AV),"458,165,000,000","48,926,000,000",2.021E+11,198 232,B01,0,1,0,2,8,15,5,NULL,2.021E+11,262 668,198 231,A01,1,1,1,1,1950,0,8,-1,-1,-1,-1,-1,2.021E+11,4,COMBATTANTS EN AFN 1952-1962 (DES)  (AV),0,NULL,2,3,2,1,-1,-1,1,NULL,-1,2,0,1,50
2.021E+11,20,12,2021,06:45:00,5,69,69286,2,1,2,3,COMBATTANTS EN AFN 1952-1962 (DES) (AV),"458,165,000,000","48,926,000,000",2.021E+11,198 232,B01,0,1,0,2,8,15,5,NULL,2.021E+11,262 669,198 232,B01,1,1,4,1,1998,0,8,-1,-1,-1,-1,-1,2.021E+11,4,COMBATTANTS EN AFN 1952-1962 (DES)  (AV),0,NULL,2,3,2,1,-1,-1,1,NULL,-1,2,0,1,50
2.021E+11,17,12,2021,13:20:00,1,67,67482,2,2,1,1,BERNE (RUE DE),"485,775,100,000","77,547,800,000",2.021E+11,198 204,A01,1,1,1,2,2,15,5,NULL,2.021E+11,262 632,198 204,A01,1,1,4,1,2009,0,8,0,-1,-1,-1,-1,2.021E+11,4,NULL,0,NULL,2,2,0,1,-1,-1,1,NULL,-1,1,0,1,30
2.021E+11,17,12,2021,13:20:00,1,67,67482,2,2,1,1,BERNE (RUE DE),"485,775,100,000","77,547,800,000",2.021E+11,198 204,A01,1,1,1,2,2,15,5,NULL,2.021E+11,262 633,198 205,Z01,1,1,1,-1,NULL,-1,-1,-1,-1,-1,-1,-1,2.021E+11,4,NULL,0,NULL,2,2,0,1,-1,-1,1,NULL,-1,1,0,1,30
2.021E+11,20,12,2021,14:00:00,1,64,64102,2,1,1,2,Giratoire des Pontots,"434,883,000,000","-14,907,600,000",2.021E+11,198 199,B01,1,1,0,2,3,9,0,NULL,2.021E+11,262 626,198 198,A01,1,1,1,2,1977,5,1,5,-1,-1,-1,-1,2.021E+11,4,PONTOTS (GIRATOIRE LES),0,NULL,2,2,1,1,0,0,3,NULL,-1,1,0,1,50
2.021E+11,20,12,2021,14:00:00,1,64,64102,2,1,1,2,Giratoire des Pontots,"434,883,000,000","-14,907,600,000",2.021E+11,198 199,B01,1,1,0,2,3,9,0,NULL,2.021E+11,262 627,198 199,B01,1,1,4,1,1973,0,2,0,-1,-1,-1,-1,2.021E+11,4,PONTOTS (GIRATOIRE LES),0,NULL,2,2,1,1,0,0,3,NULL,-1,1,0,1,50
2.021E+11,17,12,2021,14:25:00,1,56,56121,2,2,1,3,MERVILLE (RUE  JEAN DE ),"477,451,100,000","-33,746,300,000",2.021E+11,198 182,A01,2,1,0,2,1,1,5,NULL,2.021E+11,262 601,198 181,B01,1,1,1,2,1960,5,1,8,-1,-1,-1,-1,2.021E+11,4,MERVILLE (RUE  JEAN DE ),0,NULL,2,2,0,1,-1,-1,1,NULL,-1,1,0,1,30
2.021E+11,17,12,2021,14:25:00,1,56,56121,2,2,1,3,MERVILLE (RUE  JEAN DE ),"477,451,100,000","-33,746,300,000",2.021E+11,198 182,A01,2,1,0,2,1,1,5,NULL,2.021E+11,262 602,198 182,A01,1,1,4,1,1992,4,8,0,-1,-1,-1,-1,2.021E+11,4,MERVILLE (RUE  JEAN DE ),0,NULL,2,2,0,1,-1,-1,1,NULL,-1,1,0,1,30
2.021E+11,18,12,2021,15:12:00,1,45,45068,2,1,1,1,Rue Saint-Just,"480,077,700,000","27,200,400,000",2.021E+11,198 174,B01,0,1,0,2,3,26,5,NULL,2.021E+11,262 590,198 174,B01,1,1,3,1,1949,0,0,-1,-1,-1,-1,-1,2.021E+11,4,NULL,0,NULL,2,2,0,1,-1,-1,1,NULL,-1,1,0,1,50
2.021E+11,18,12,2021,15:12:00,1,45,45068,2,1,1,1,Rue Saint-Just,"480,077,700,000","27,200,400,000",2.021E+11,198 174,B01,0,1,0,2,3,26,5,NULL,2.021E+11,262 591,198 175,A01,1,1,1,2,1984,0,8,0,-1,-1,-1,-1,2.021E+11,4,NULL,0,NULL,2,2,0,1,-1,-1,1,NULL,-1,1,0,1,50
2.021E+11,20,12,2021,13:45:00,1,75,75111,2,4,1,3,BOULEVARD VOLTAIRE,"488,623,830,000","23,725,280,000",2.021E+11,198 135,A01,1,1,0,2,1,1,5,NULL,2.021E+11,262 530,198 135,A01,1,1,4,1,1957,9,8,0,-1,0,0,-1,2.021E+11,4,BOULEVARD VOLTAIRE,0,NULL,4,4,1,1,-1,-1,2,NULL,-1,1,-1,5,30
2.021E+11,20,12,2021,13:45:00,1,75,75111,2,4,1,3,BOULEVARD VOLTAIRE,"488,623,830,000","23,725,280,000",2.021E+11,198 135,A01,1,1,0,2,1,1,5,NULL,2.021E+11,262 531,198 136,Z01,1,1,1,-1,NULL,-1,-1,-1,-1,-1,-1,-1,2.021E+11,4,BOULEVARD VOLTAIRE,0,NULL,4,4,1,1,-1,-1,2,NULL,-1,1,-1,5,30
2.021E+11,20,12,2021,09:56:00,1,75,75107,2,4,1,6,BOULEVARD DE LA TOUR MAUBOURG,"488,563,380,000","23,098,190,000",2.021E+11,198 133,A01,3,1,0,1,1,25,5,NULL,2.021E+11,262 526,198 133,A01,10,3,4,2,1978,1,0,-1,-1,5,9,1,2.021E+11,4,BOULEVARD DE LA TOUR MAUBOURG,0,NULL,-1,0,0,1,-1,-1,1,NULL,-1,1,0,4,30
2.021E+11,20,12,2021,09:56:00,1,75,75107,2,4,1,6,BOULEVARD DE LA TOUR MAUBOURG,"488,563,380,000","23,098,190,000",2.021E+11,198 133,A01,3,1,0,1,1,25,5,NULL,2.021E+11,262 527,198 133,A01,1,1,1,1,1963,1,8,0,-1,0,0,-1,2.021E+11,4,BOULEVARD DE LA TOUR MAUBOURG,0,NULL,-1,0,0,1,-1,-1,1,NULL,-1,1,0,4,30
2.021E+11,19,12,2021,16:40:00,1,94,94002,2,2,1,3,EMILE ZOLA (R),"487,982,500,000","24,207,900,000",2.021E+11,198 126,A01,1,1,0,2,1,1,5,NULL,2.021E+11,262 516,198 125,B01,1,1,1,1,1986,4,1,0,-1,-1,-1,-1,2.021E+11,3,EMILE ZOLA (R),0,NULL,2,8,0,1,0,0,1,NULL,-1,1,2,1,50