Num_Acc,jour,mois,an,hrmn,lum,dep,com,agg,int,atm,col,adr,lat,long,Num_Acc,id_vehicule,num_veh,senc,catv,obs,obsm,choc,manv,motor,occutc,Num_Acc,id_usager,id_vehicule,num_veh,place,catu,grav,sexe,an_nais,trajet,secu1,secu2,secu3,locp,actp,etatp,Num_Acc,catr,voie,v1,v2,circ,nbv,vosp,prof,pr,pr1,plan,lartpc,larrout,surf,infra,situ,vma
2.021E+11,16,12,2021,07:30:00,5,69,69382,2,4,2,1,JEAN MOULIN (Q),"457,659,500,000","48,380,900,000",2.021E+11,197 176,B01,3,1,0,2,1,19,6,NULL,2.021E+11,261 246,197 176,B01,1,1,4,1,1945,1,8,-1,-1,-1,-1,-1,2.021E+11,4,JEAN MOULIN                         (QU),0,NULL,2,3,3,1,-1,-1,2,NULL,-1,2,0,1,50
2.021E+11,15,12,2021,12:25:00,1,69,69381,2,3,1,6,CROIX ROUSSE (DE LA) (BD),"457,729,661,139","48,213,833,570",2.021E+11,197 174,A01,2,1,0,2,1,13,5,NULL,2.021E+11,261 243,197 173,B01,1,1,1,1,1982,5,1,-1,-1,-1,-1,-1,2.021E+11,4,CROIX ROUSSE (DE LA)                (BD),0,NULL,2,3,2,1,-1,-1,1,NULL,-1,1,0,1,50
2.021E+11,15,12,2021,12:25:00,1,69,69381,2,3,1,6,CROIX ROUSSE (DE LA) (BD),"457,729,661,139","48,213,833,570",2.021E+11,197 174,A01,2,1,0,2,1,13,5,NULL,2.021E+11,261 244,197 174,A01,1,1,3,1,1982,2,2,-1,-1,-1,-1,-1,2.021E+11,4,CROIX ROUSSE (DE LA)                (BD),0,NULL,2,3,2,1,-1,-1,1,NULL,-1,1,0,1,50
2.021E+11,16,12,2021,18:15:00,5,91,91477,2,1,1,1,GRANDE CEINTURE (BOULEVARD),"487,211,500,000","22,513,800,000",2.021E+11,197 162,B01,1,1,0,2,3,19,0,NULL,2.021E+11,261 223,197 162,B01,1,1,4,1,2000,-1,2,-1,-1,-1,-1,-1,2.021E+11,3,GRANDE CEINTURE (BOULEVARD),0,NULL,-1,0,3,1,0,0,1,NULL,-1,1,0,6,30
2.021E+11,16,12,2021,18:15:00,5,91,91477,2,1,1,1,GRANDE CEINTURE (BOULEVARD),"487,211,500,000","22,513,800,000",2.021E+11,197 162,B01,1,1,0,2,3,19,0,NULL,2.021E+11,261 224,197 163,A01,1,1,4,2,1991,0,8,0,-1,-1,-1,-1,2.021E+11,3,GRANDE CEINTURE (BOULEVARD),0,NULL,-1,0,3,1,0,0,1,NULL,-1,1,0,6,30
2.021E+11,14,12,2021,11:50:00,1,72,72003,2,1,1,3,ALLONNES PONT ROUGE (RTE D'),"479,741,000,000","0,1590600000",2.021E+11,197 139,A01,3,1,0,2,1,1,5,NULL,2.021E+11,261 194,197 139,A01,1,1,4,1,2005,0,8,0,-1,-1,-1,-1,2.021E+11,4,ALLONNES PONT ROUGE (RTE D'),0,NULL,1,2,1,1,0,0,1,NULL,-1,1,0,5,50
2.021E+11,14,12,2021,11:50:00,1,72,72003,2,1,1,3,ALLONNES PONT ROUGE (RTE D'),"479,741,000,000","0,1590600000",2.021E+11,197 139,A01,3,1,0,2,1,1,5,NULL,2.021E+11,261 195,197 140,B01,1,1,1,1,1993,0,1,0,-1,-1,-1,-1,2.021E+11,4,ALLONNES PONT ROUGE (RTE D'),0,NULL,1,2,1,1,0,0,1,NULL,-1,1,0,5,50
2.021E+11,15,12,2021,14:25:00,1,67,67447,2,3,1,3,CHASSEURS (RUE DES),"486,028,500,000","77,475,200,000",2.021E+11,197 132,B01,2,1,0,2,2,5,5,NULL,2.021E+11,261 186,197 131,A01,1,1,1,2,1991,5,1,8,-1,-1,-1,-1,2.021E+11,4,NULL,0,NULL,1,2,0,1,-1,-1,1,NULL,-1,1,0,1,50
2.021E+11,15,12,2021,14:25:00,1,67,67447,2,3,1,3,CHASSEURS (RUE DES),"486,028,500,000","77,475,200,000",2.021E+11,197 132,B01,2,1,0,2,2,5,5,NULL,2.021E+11,261 187,197 132,B01,1,1,4,2,2010,0,8,0,-1,-1,-1,-1,2.021E+11,4,NULL,0,NULL,1,2,0,1,-1,-1,1,NULL,-1,1,0,1,50
2.021E+11,15,12,2021,07:20:00,5,62,62224,2,1,2,2,DOCTEUR CHAUVAUX (RUE DU),"505,336,200,000","25,646,460,000",2.021E+11,197 125,B01,1,1,0,2,6,0,5,NULL,2.021E+11,261 178,197 124,A01,1,1,1,1,1953,4,1,0,-1,-1,-1,-1,2.021E+11,3,DOCTEUR CHAUVAUX (RUE DU),0,NULL,-1,2,0,1,4,310,1,NULL,-1,2,0,1,50
2.021E+11,15,12,2021,07:20:00,5,62,62224,2,1,2,2,DOCTEUR CHAUVAUX (RUE DU),"505,336,200,000","25,646,460,000",2.021E+11,197 125,B01,1,1,0,2,6,0,5,NULL,2.021E+11,261 179,197 125,B01,1,1,3,1,2004,2,8,0,-1,-1,-1,-1,2.021E+11,3,DOCTEUR CHAUVAUX (RUE DU),0,NULL,-1,2,0,1,4,310,1,NULL,-1,2,0,1,50
2.021E+11,16,12,2021,17:05:00,1,56,56260,2,1,1,3,ROOSEVELT(AVENUE),"476,590,000,000","-27,689,000,000",2.021E+11,197 121,A01,1,1,0,2,3,19,5,NULL,2.021E+11,261 174,197 121,A01,1,1,4,2,1989,5,8,4,-1,-1,-1,-1,2.021E+11,3,ROOSEVELT(AVENUE),0,NULL,1,2,1,1,0,240,1,NULL,-1,1,0,1,50
2.021E+11,16,12,2021,17:05:00,1,56,56260,2,1,1,3,ROOSEVELT(AVENUE),"476,590,000,000","-27,689,000,000",2.021E+11,197 121,A01,1,1,0,2,3,19,5,NULL,2.021E+11,261 175,197 122,B01,1,1,1,2,1961,3,1,0,-1,-1,-1,-1,2.021E+11,3,ROOSEVELT(AVENUE),0,NULL,1,2,1,1,0,240,1,NULL,-1,1,0,1,50
2.021E+11,16,12,2021,12:35:00,1,45,45147,2,2,1,3,FOSSES (RUE DES FOSSES),"479,274,911,037","19,248,819,351",2.021E+11,197 116,B01,1,1,0,2,3,2,0,NULL,2.021E+11,261 169,197 116,B01,1,1,4,1,1986,0,2,0,-1,-1,-1,-1,2.021E+11,7,FOSSES (RUE DES FOSSES),0,NULL,2,2,1,1,1,0,1,NULL,-1,1,0,1,50
2.021E+11,16,12,2021,12:35:00,1,45,45147,2,2,1,3,FOSSES (RUE DES FOSSES),"479,274,911,037","19,248,819,351",2.021E+11,197 116,B01,1,1,0,2,3,2,0,NULL,2.021E+11,261 170,197 117,A01,1,1,1,2,1982,2,1,0,-1,-1,-1,-1,2.021E+11,7,FOSSES (RUE DES FOSSES),0,NULL,2,2,1,1,1,0,1,NULL,-1,1,0,1,50
2.021E+11,15,12,2021,18:25:00,5,44,44114,2,1,1,2,AVENUE DE LA PAQUELAIS,"472,472,300,000","-16,022,100,000",2.021E+11,197 109,B01,1,1,0,2,0,1,5,NULL,2.021E+11,261 161,197 108,A01,1,1,1,1,1989,0,8,0,-1,-1,-1,-1,2.021E+11,4,AVENUE DE LA PAQUELAIS,0,NULL,2,2,2,1,1,0,1,NULL,-1,1,0,3,50
2.021E+11,15,12,2021,18:25:00,5,44,44114,2,1,1,2,AVENUE DE LA PAQUELAIS,"472,472,300,000","-16,022,100,000",2.021E+11,197 109,B01,1,1,0,2,0,1,5,NULL,2.021E+11,261 162,197 109,B01,1,1,4,2,1972,0,8,0,-1,-1,-1,-1,2.021E+11,4,AVENUE DE LA PAQUELAIS,0,NULL,2,2,2,1,1,0,1,NULL,-1,1,0,3,50
2.021E+11,16,12,2021,12:50:00,1,37,37261,2,1,1,3,FRANCE (PLACE ANATOLE),"473,966,661,311","0,6860688329",2.021E+11,197 104,A01,3,1,0,2,9,19,5,NULL,2.021E+11,261 156,197 104,A01,1,1,4,2,2003,5,2,0,-1,-1,-1,-1,2.021E+11,4,FRANCE (PLACE ANATOLE),0,NULL,2,4,0,1,-1,-1,1,NULL,-1,1,0,1,50
2.021E+11,16,12,2021,12:50:00,1,37,37261,2,1,1,3,FRANCE (PLACE ANATOLE),"473,966,661,311","0,6860688329",2.021E+11,197 104,A01,3,1,0,2,9,19,5,NULL,2.021E+11,261 157,197 105,B01,1,1,4,1,1997,2,2,8,-1,-1,-1,-1,2.021E+11,4,FRANCE (PLACE ANATOLE),0,NULL,2,4,0,1,-1,-1,1,NULL,-1,1,0,1,50
2.021E+11,16,12,2021,08:15:00,1,31,31555,2,9,7,3,NARBONNE (ROUTE DE),"435,717,600,000","14,536,600,000",2.021E+11,197 098,B01,2,1,0,2,8,1,5,NULL,2.021E+11,261 149,197 097,A01,1,1,1,2,1996,1,1,0,-1,-1,-1,-1,2.021E+11,7,NARBONNE (ROUTE DE),0,NULL,2,6,2,1,4,450,1,NULL,-1,1,3,1,50
2.021E+11,16,12,2021,08:15:00,1,31,31555,2,9,7,3,NARBONNE (ROUTE DE),"435,717,600,000","14,536,600,000",2.021E+11,197 098,B01,2,1,0,2,8,1,5,NULL,2.021E+11,261 150,197 098,B01,1,1,3,1,1991,1,8,0,-1,-1,-1,-1,2.021E+11,7,NARBONNE (ROUTE DE),0,NULL,2,6,2,1,4,450,1,NULL,-1,1,3,1,50
2.021E+11,16,12,2021,11:25:00,1,75,75114,2,3,1,7,RUE PERNETY,"488,331,980,000","23,193,320,000",2.021E+11,197 052,A01,2,1,0,0,1,21,5,NULL,2.021E+11,261 093,197 052,A01,1,1,4,1,1980,1,2,8,-1,0,0,-1,2.021E+11,4,RUE PERNETY,0,NULL,1,1,0,1,-1,-1,1,NULL,-1,1,0,1,30
2.021E+11,16,12,2021,00:10:00,5,75,75111,2,1,1,3,BOULEVARD VOLTAIRE,"488,513,100,000","23,910,150,000",2.021E+11,197 048,B01,2,1,0,2,8,1,5,NULL,2.021E+11,261 088,197 047,A01,1,1,1,-1,NULL,-1,-1,-1,-1,-1,-1,-1,2.021E+11,4,BOULEVARD VOLTAIRE,0,NULL,2,4,1,1,-1,-1,1,NULL,-1,1,-1,5,30
2.021E+11,16,12,2021,00:10:00,5,75,75111,2,1,1,3,BOULEVARD VOLTAIRE,"488,513,100,000","23,910,150,000",2.021E+11,197 048,B01,2,1,0,2,8,1,5,NULL,2.021E+11,261 089,197 048,B01,1,1,4,2,1994,5,8,0,-1,0,0,-1,2.021E+11,4,BOULEVARD VOLTAIRE,0,NULL,2,4,1,1,-1,-1,1,NULL,-1,1,-1,5,30
2.021E+11,13,12,2021,19:45:00,5,92,92044,2,1,1,2,CAMILLE PELLETAN(RUE)17 + ET 14+,"488,958,850,000","22,899,620,000",2.021E+11,197 020,B01,2,1,0,2,1,1,5,NULL,2.021E+11,261 051,197 019,A01,1,1,1,2,1996,5,1,0,-1,-1,-1,-1,2.021E+11,4,NULL,0,NULL,1,1,0,1,0,0,1,NULL,-1,1,0,1,50
2.021E+11,13,12,2021,19:45:00,5,92,92044,2,1,1,2,CAMILLE PELLETAN(RUE)17 + ET 14+,"488,958,850,000","22,899,620,000",2.021E+11,197 020,B01,2,1,0,2,1,1,5,NULL,2.021E+11,261 052,197 020,B01,1,1,4,2,1966,9,8,0,-1,-1,-1,-1,2.021E+11,4,NULL,0,NULL,1,1,0,1,0,0,1,NULL,-1,1,0,1,50
2.021E+11,18,12,2021,15:15:00,2,70,70433,2,6,1,3,Rue Jean Poirey,"476,153,380,000","61,679,490,000",2.021E+11,196 980,B01,3,1,0,2,2,9,0,NULL,2.021E+11,260 998,196 980,B01,1,1,4,1,1945,5,0,-1,-1,0,0,-1,2.021E+11,3,13,0,D,2,2,0,1,54,850,1,NULL,6,1,0,1,50
2.021E+11,18,12,2021,15:15:00,2,70,70433,2,6,1,3,Rue Jean Poirey,"476,153,380,000","61,679,490,000",2.021E+11,196 980,B01,3,1,0,2,2,9,0,NULL,2.021E+11,260 999,196 981,A01,1,1,1,2,1958,5,1,-1,-1,0,0,-1,2.021E+11,3,13,0,D,2,2,0,1,54,850,1,NULL,6,1,0,1,50
2.021E+11,14,12,2021,20:15:00,5,69,69383,2,2,1,3,MARECHAL DE SAXE (AV),"457,539,625,287","48,469,689,488",2.021E+11,196 885,B01,2,1,0,2,0,0,0,NULL,2.021E+11,260 864,196 884,A01,1,1,1,1,1993,0,8,-1,-1,-1,-1,-1,2.021E+11,4,MARECHAL DE SAXE                    (AV),0,NULL,1,1,2,1,-1,-1,1,NULL,-1,1,0,1,50
2.021E+11,14,12,2021,20:15:00,5,69,69383,2,2,1,3,MARECHAL DE SAXE (AV),"457,539,625,287","48,469,689,488",2.021E+11,196 885,B01,2,1,0,2,0,0,0,NULL,2.021E+11,260 865,196 885,B01,1,1,4,1,1989,0,2,-1,-1,-1,-1,-1,2.021E+11,4,MARECHAL DE SAXE                    (AV),0,NULL,1,1,2,1,-1,-1,1,NULL,-1,1,0,1,50
2.021E+11,13,12,2021,20:25:00,3,77,77048,1,1,2,1,D607,"483,287,754,846","26,879,938,958",2.021E+11,196 861,A01,1,1,0,2,1,5,0,NULL,2.021E+11,260 837,196 861,A01,1,1,3,1,2002,0,8,0,-1,-1,-1,-1,2.021E+11,3,D 607,0,NULL,3,5,0,1,30,555,1,NULL,-1,2,0,1,90
2.021E+11,13,12,2021,20:25:00,3,77,77048,1,1,2,1,D607,"483,287,754,846","26,879,938,958",2.021E+11,196 861,A01,1,1,0,2,1,5,0,NULL,2.021E+11,260 838,196 862,B01,1,1,1,1,1999,0,1,0,-1,-1,-1,-1,2.021E+11,3,D 607,0,NULL,3,5,0,1,30,555,1,NULL,-1,2,0,1,90
2.021E+11,3,12,2021,18:50:00,5,48,48095,2,6,1,3,ROND POINT DES CASERNES,"445,180,800,000","34,914,400,000",2.021E+11,196 841,B01,1,1,0,2,1,15,5,NULL,2.021E+11,260 809,196 841,B01,1,1,4,2,1999,1,0,-1,-1,-1,-1,-1,2.021E+11,2,NULL,-1,NULL,1,1,-1,2,52,350,2,NULL,-1,2,0,1,50
2.021E+11,3,12,2021,18:50:00,5,48,48095,2,6,1,3,ROND POINT DES CASERNES,"445,180,800,000","34,914,400,000",2.021E+11,196 841,B01,1,1,0,2,1,15,5,NULL,2.021E+11,260 810,196 842,A01,1,1,1,1,1970,-1,8,8,8,0,0,-1,2.021E+11,2,NULL,-1,NULL,1,1,-1,2,52,350,2,NULL,-1,2,0,1,50
2.021E+11,13,12,2021,14:57:00,1,47,47001,2,1,1,3,LACOUR (BD EDOUARD),"441,975,650,000","0,6269390000",2.021E+11,196 840,B01,2,1,0,2,8,19,5,NULL,2.021E+11,260 807,196 839,A01,1,1,1,1,1949,5,1,8,-1,0,0,-1,2.021E+11,3,LACOUR (BD EDOUARD),0,NULL,2,2,0,1,0,700,1,NULL,-1,1,0,1,50
2.021E+11,13,12,2021,14:57:00,1,47,47001,2,1,1,3,LACOUR (BD EDOUARD),"441,975,650,000","0,6269390000",2.021E+11,196 840,B01,2,1,0,2,8,19,5,NULL,2.021E+11,260 808,196 840,B01,1,1,4,1,1968,0,8,0,-1,0,0,-1,2.021E+11,3,LACOUR (BD EDOUARD),0,NULL,2,2,0,1,0,700,1,NULL,-1,1,0,1,50
2.021E+11,7,12,2021,17:00:00,5,33,33063,2,2,3,3,Rue de Pessac,"448,299,300,000"," -0,5809200000",2.021E+11,196 820,B01,3,1,0,2,1,1,5,NULL,2.021E+11,260 781,196 820,B01,1,1,4,2,1971,0,2,-1,-1,-1,-1,-1,2.021E+11,4,PESSAC (RUE DE),0,NULL,2,2,0,4,-1,-1,1,NULL,-1,2,0,1,50
2.021E+11,7,12,2021,17:00:00,5,33,33063,2,2,3,3,Rue de Pessac,"448,299,300,000"," -0,5809200000",2.021E+11,196 820,B01,3,1,0,2,1,1,5,NULL,2.021E+11,260 782,196 821,A01,1,1,1,2,1986,0,1,-1,-1,-1,-1,-1,2.021E+11,4,PESSAC (RUE DE),0,NULL,2,2,0,4,-1,-1,1,NULL,-1,2,0,1,50
2.021E+11,15,12,2021,08:00:00,2,33,33318,2,1,1,3,Avenue Jean Jaurès,"448,114,615,853"," -0,6183551252",2.021E+11,196 818,B01,2,1,0,2,8,1,5,NULL,2.021E+11,260 779,196 818,B01,1,1,4,2,1996,9,2,-1,-1,-1,-1,-1,2.021E+11,4,AVE JEAN JAURES,0,NULL,2,2,2,1,-1,-1,1,NULL,-1,1,9,1,50
2.021E+11,15,12,2021,08:00:00,2,33,33318,2,1,1,3,Avenue Jean Jaurès,"448,114,615,853"," -0,6183551252",2.021E+11,196 818,B01,2,1,0,2,8,1,5,NULL,2.021E+11,260 780,196 819,A01,1,1,1,1,1978,0,1,-1,-1,-1,-1,-1,2.021E+11,4,AVE JEAN JAURES,0,NULL,2,2,2,1,-1,-1,1,NULL,-1,1,9,1,50
2.021E+11,15,12,2021,10:00:00,1,6,6029,2,1,1,3,CROISETTE (BOULEVARD DE LA),"435,515,900,000","70,164,200,000",2.021E+11,196 788,B01,3,1,0,2,1,1,6,NULL,2.021E+11,260 738,196 788,B01,1,1,3,1,1953,5,2,0,-1,0,0,-1,2.021E+11,4,CROISETTE (BOULEVARD DE LA),0,NULL,3,2,0,1,-1,-1,1,NULL,-1,1,0,1,50
2.021E+11,15,12,2021,10:00:00,1,6,6029,2,1,1,3,CROISETTE (BOULEVARD DE LA),"435,515,900,000","70,164,200,000",2.021E+11,196 788,B01,3,1,0,2,1,1,6,NULL,2.021E+11,260 739,196 789,A01,1,1,1,1,1978,4,1,8,-1,0,0,-1,2.021E+11,4,CROISETTE (BOULEVARD DE LA),0,NULL,3,2,0,1,-1,-1,1,NULL,-1,1,0,1,50
2.021E+11,15,12,2021,20:40:00,2,75,75118,2,5,1,3,RUE ORDENER,"488,941,710,000","23,327,090,000",2.021E+11,196 784,B01,2,1,0,2,2,1,5,NULL,2.021E+11,260 731,196 783,A01,1,1,1,1,1998,9,1,0,-1,0,0,-1,2.021E+11,4,RUE ORDENER,0,NULL,2,2,0,1,-1,-1,1,NULL,-1,1,0,1,30
2.021E+11,15,12,2021,20:40:00,2,75,75118,2,5,1,3,RUE ORDENER,"488,941,710,000","23,327,090,000",2.021E+11,196 784,B01,2,1,0,2,2,1,5,NULL,2.021E+11,260 732,196 784,B01,1,1,4,1,1993,9,8,0,-1,0,0,-1,2.021E+11,4,RUE ORDENER,0,NULL,2,2,0,1,-1,-1,1,NULL,-1,1,0,1,30
2.021E+11,15,12,2021,19:40:00,5,75,75113,2,2,1,1,RUE BROCA,"488,360,710,000","23,466,940,000",2.021E+11,196 772,B01,1,1,0,2,1,1,5,NULL,2.021E+11,260 717,196 772,B01,1,1,4,1,2001,1,8,0,-1,0,0,-1,2.021E+11,4,RUE BROCA,0,NULL,1,1,1,1,-1,-1,1,NULL,-1,1,-1,5,30
2.021E+11,15,12,2021,19:40:00,5,75,75113,2,2,1,1,RUE BROCA,"488,360,710,000","23,466,940,000",2.021E+11,196 772,B01,1,1,0,2,1,1,5,NULL,2.021E+11,260 718,196 773,A01,1,1,4,2,2003,5,8,0,-1,0,0,-1,2.021E+11,4,RUE BROCA,0,NULL,1,1,1,1,-1,-1,1,NULL,-1,1,-1,5,30
2.021E+11,15,12,2021,11:00:00,1,92,92036,2,2,1,3,JEAN JAURES (RUE) (1/33),"489,267,617,686","22,946,432,233",2.021E+11,196 734,B01,1,1,0,2,0,0,5,NULL,2.021E+11,260 664,196 733,A01,1,1,1,2,1953,0,1,8,-1,-1,-1,-1,2.021E+11,3,109,0,NULL,2,2,0,1,0,0,1,NULL,-1,1,0,1,50
2.021E+11,15,12,2021,11:00:00,1,92,92036,2,2,1,3,JEAN JAURES (RUE) (1/33),"489,267,617,686","22,946,432,233",2.021E+11,196 734,B01,1,1,0,2,0,0,5,NULL,2.021E+11,260 665,196 734,B01,1,1,4,2,1979,0,1,0,-1,-1,-1,-1,2.021E+11,3,109,0,NULL,2,2,0,1,0,0,1,NULL,-1,1,0,1,50
2.021E+11,17,12,2021,15:55:00,2,2,2232,1,1,1,3,Le Virlet,"492,075,570,000","30,530,570,000",2.021E+11,196 700,B01,2,1,16,2,8,2,5,NULL,2.021E+11,260 620,196 699,A01,1,1,1,1,1931,5,1,-1,-1,0,0,-1,2.021E+11,3,81,-1,NULL,2,2,0,3,0,200,1,NULL,-1,1,0,1,80
2.021E+11,17,12,2021,15:55:00,2,2,2232,1,1,1,3,Le Virlet,"492,075,570,000","30,530,570,000",2.021E+11,196 700,B01,2,1,16,2,8,2,5,NULL,2.021E+11,260 621,196 700,B01,1,1,2,1,1960,5,0,-1,-1,0,0,-1,2.021E+11,3,81,-1,NULL,2,2,0,3,0,200,1,NULL,-1,1,0,1,80
2.021E+11,15,12,2021,17:45:00,3,45,45193,1,1,1,3,D7,"477,624,910,000","19,909,950,000",2.021E+11,196 690,B01,2,1,0,2,3,2,5,NULL,2.021E+11,260 606,196 690,B01,1,1,3,1,1966,5,8,-1,-1,0,0,-1,2.021E+11,3,7,-1,NULL,2,2,0,1,14,700,3,NULL,-1,1,0,1,80
2.021E+11,15,12,2021,17:45:00,3,45,45193,1,1,1,3,D7,"477,624,910,000","19,909,950,000",2.021E+11,196 690,B01,2,1,0,2,3,2,5,NULL,2.021E+11,260 607,196 691,A01,1,1,1,1,2000,5,8,-1,-1,0,0,-1,2.021E+11,3,7,-1,NULL,2,2,0,1,14,700,3,NULL,-1,1,0,1,80
2.021E+11,16,12,2021,16:45:00,2,68,68278,2,3,8,6,Avenue du Général de Gaulle,"477,483,850,000","74,046,190,000",2.021E+11,196 663,A01,2,1,15,0,1,21,5,NULL,2.021E+11,260 576,196 663,A01,1,1,3,1,2007,2,2,-1,-1,0,0,-1,2.021E+11,3,56,0,D,2,2,2,1,-1,-1,1,NULL,-1,1,0,5,30
2.021E+11,20,8,2021,09:15:00,1,2A,2A004,1,1,1,2,T21,"419,268,800,000","87,823,400,000",2.021E+11,196 628,B01,1,1,0,2,4,2,5,NULL,2.021E+11,260 537,196 627,A01,1,1,1,1,2001,1,1,8,-1,-1,-1,-1,2.021E+11,2,T21,0,NULL,3,0,0,1,-1,-1,1,NULL,-1,1,0,1,90
2.021E+11,20,8,2021,09:15:00,1,2A,2A004,1,1,1,2,T21,"419,268,800,000","87,823,400,000",2.021E+11,196 628,B01,1,1,0,2,4,2,5,NULL,2.021E+11,260 538,196 628,B01,1,1,3,1,1973,5,2,0,-1,-1,-1,-1,2.021E+11,2,T21,0,NULL,3,0,0,1,-1,-1,1,NULL,-1,1,0,1,90
2.021E+11,27,7,2021,18:02:00,1,2A,2A004,2,1,1,5,NICOLI JEAN COURS,"419,333,600,000","87,431,700,000",2.021E+11,196 622,A01,2,1,0,2,4,19,5,NULL,2.021E+11,260 531,196 622,A01,1,1,4,1,2005,0,0,0,-1,0,0,-1,2.021E+11,2,NICOLI JEAN COURS,0,NULL,1,4,3,1,-1,-1,1,NULL,-1,1,9,6,50
2.021E+11,27,7,2021,18:02:00,1,2A,2A004,2,1,1,5,NICOLI JEAN COURS,"419,333,600,000","87,431,700,000",2.021E+11,196 622,A01,2,1,0,2,4,19,5,NULL,2.021E+11,260 532,196 623,B01,1,1,4,1,2004,0,2,6,-1,0,0,-1,2.021E+11,2,NICOLI JEAN COURS,0,NULL,1,4,3,1,-1,-1,1,NULL,-1,1,9,6,50
2.021E+11,27,7,2021,18:02:00,1,2A,2A004,2,1,1,5,NICOLI JEAN COURS,"419,333,600,000","87,431,700,000",2.021E+11,196 622,A01,2,1,0,2,4,19,5,NULL,2.021E+11,260 533,196 624,Z01,1,1,1,-1,NULL,-1,-1,-1,-1,-1,-1,-1,2.021E+11,2,NICOLI JEAN COURS,0,NULL,1,4,3,1,-1,-1,1,NULL,-1,1,9,6,50
2.021E+11,14,12,2021,07:50:00,2,86,86158,2,1,1,2,Avenue de Chatellerault,"466,270,560,000","0,3550200000",2.021E+11,196 599,B01,2,1,0,2,0,2,5,NULL,2.021E+11,260 503,196 599,B01,1,1,4,1,1964,0,8,0,-1,-1,-1,-1,2.021E+11,3,CHATELLERAULT (AVENUE DE),0,NULL,3,4,0,1,49,485,1,NULL,-1,1,0,1,50
2.021E+11,14,12,2021,07:50:00,2,86,86158,2,1,1,2,Avenue de Chatellerault,"466,270,560,000","0,3550200000",2.021E+11,196 599,B01,2,1,0,2,0,2,5,NULL,2.021E+11,260 504,196 600,Z01,1,1,1,-1,NULL,-1,-1,-1,-1,-1,-1,-1,2.021E+11,3,CHATELLERAULT (AVENUE DE),0,NULL,3,4,0,1,49,485,1,NULL,-1,1,0,1,50
2.021E+11,14,12,2021,06:52:00,5,66,66136,2,6,1,3,FOULON (CHEMIN DU)(CR41),"426,963,500,000","28,640,700,000",2.021E+11,196 574,B01,3,1,0,2,8,1,0,NULL,2.021E+11,260 472,196 574,B01,1,1,4,2,1993,0,8,0,-1,-1,-1,-1,2.021E+11,4,NULL,0,NULL,2,2,0,1,-1,-1,2,NULL,-1,1,0,1,30
2.021E+11,14,12,2021,06:52:00,5,66,66136,2,6,1,3,FOULON (CHEMIN DU)(CR41),"426,963,500,000","28,640,700,000",2.021E+11,196 574,B01,3,1,0,2,8,1,0,NULL,2.021E+11,260 473,196 575,A01,1,1,1,2,1979,1,1,8,-1,-1,-1,-1,2.021E+11,4,NULL,0,NULL,2,2,0,1,-1,-1,2,NULL,-1,1,0,1,30
2.021E+11,14,12,2021,14:00:00,1,64,64348,2,1,1,2,ERCKMAN CHATRIAN,"433,267,308,393"," -0,3898537159",2.021E+11,196 573,B01,1,1,0,2,4,2,5,NULL,2.021E+11,260 470,196 572,A01,1,1,1,1,1938,0,1,8,-1,-1,-1,-1,2.021E+11,4,ERCKMAN CHATRIAN,0,NULL,4,3,0,1,0,0,1,NULL,-1,1,0,1,50
2.021E+11,14,12,2021,14:00:00,1,64,64348,2,1,1,2,ERCKMAN CHATRIAN,"433,267,308,393"," -0,3898537159",2.021E+11,196 573,B01,1,1,0,2,4,2,5,NULL,2.021E+11,260 471,196 573,B01,1,1,4,1,1943,5,8,0,-1,-1,-1,-1,2.021E+11,4,ERCKMAN CHATRIAN,0,NULL,4,3,0,1,0,0,1,NULL,-1,1,0,1,50
2.021E+11,13,12,2021,21:50:00,5,57,57306,2,1,1,3,FOCH (RUE),"493,322,800,000","60,539,300,000",2.021E+11,196 550,B01,2,1,0,2,3,19,5,NULL,2.021E+11,260 442,196 549,A01,1,1,1,2,1986,1,1,0,-1,-1,-1,-1,2.021E+11,3,FOCH (RUE),0,NULL,2,2,0,1,9,0,1,NULL,-1,1,0,1,50
2.021E+11,13,12,2021,21:50:00,5,57,57306,2,1,1,3,FOCH (RUE),"493,322,800,000","60,539,300,000",2.021E+11,196 550,B01,2,1,0,2,3,19,5,NULL,2.021E+11,260 443,196 550,B01,1,1,3,1,1985,5,8,0,-1,-1,-1,-1,2.021E+11,3,FOCH (RUE),0,NULL,2,2,0,1,9,0,1,NULL,-1,1,0,1,50
2.021E+11,14,12,2021,08:00:00,5,37,37122,2,6,5,2,CHINON (BOULEVARD DE),"473,518,509,943","0,6864825636",2.021E+11,196 531,B01,1,1,0,2,2,15,5,NULL,2.021E+11,260 419,196 530,A01,1,1,1,1,2002,1,1,8,-1,-1,-1,-1,2.021E+11,4,CHINON (BOULEVARD DE),0,NULL,3,1,1,1,-1,-1,1,NULL,-1,2,5,5,50
2.021E+11,14,12,2021,08:00:00,5,37,37122,2,6,5,2,CHINON (BOULEVARD DE),"473,518,509,943","0,6864825636",2.021E+11,196 531,B01,1,1,0,2,2,15,5,NULL,2.021E+11,260 420,196 531,B01,1,1,4,2,1968,1,8,0,-1,-1,-1,-1,2.021E+11,4,CHINON (BOULEVARD DE),0,NULL,3,1,1,1,-1,-1,1,NULL,-1,2,5,5,50