Num_Acc,jour,mois,an,hrmn,lum,dep,com,agg,int,atm,col,adr,lat,long,Num_Acc,id_vehicule,num_veh,senc,catv,obs,obsm,choc,manv,motor,occutc,Num_Acc,id_usager,id_vehicule,num_veh,place,catu,grav,sexe,an_nais,trajet,secu1,secu2,secu3,locp,actp,etatp,Num_Acc,catr,voie,v1,v2,circ,nbv,vosp,prof,pr,pr1,plan,lartpc,larrout,surf,infra,situ,vma
2.021E+11,3,12,2021,22:10:00,5,11,11069,2,2,2,6,TROIS COURONNES,"432,105,129,531","23,579,192,162",2.021E+11,193 210,A01,3,1,6,0,2,15,5,NULL,2.021E+11,255 939,193 210,A01,1,1,4,1,2006,1,8,0,-1,-1,-1,-1,2.021E+11,3,PONT VIEUX,0,NULL,1,1,0,1,1,0,1,NULL,-1,2,0,1,50
2.021E+11,4,12,2021,15:23:00,1,75,75112,2,3,1,3,AVENUE DAUMESNIL,"488,399,510,000","24,321,490,000",2.021E+11,193 176,B01,1,1,0,2,8,15,0,NULL,2.021E+11,255 890,193 176,B01,1,1,3,2,1963,9,8,0,-1,0,0,-1,2.021E+11,4,AVENUE DAUMESNIL,0,NULL,2,2,0,1,-1,-1,1,NULL,-1,2,0,1,30
2.021E+11,4,12,2021,15:23:00,1,75,75112,2,3,1,3,AVENUE DAUMESNIL,"488,399,510,000","24,321,490,000",2.021E+11,193 176,B01,1,1,0,2,8,15,0,NULL,2.021E+11,255 891,193 177,A01,1,1,1,2,1969,5,1,0,-1,0,0,-1,2.021E+11,4,AVENUE DAUMESNIL,0,NULL,2,2,0,1,-1,-1,1,NULL,-1,2,0,1,30
2.021E+11,4,12,2021,17:00:00,5,75,75111,2,3,2,6,RUE DES TROIS BORNES,"488,661,770,000","23,712,260,000",2.021E+11,193 174,Z01,1,1,0,1,1,1,5,NULL,2.021E+11,255 885,193 174,Z01,10,3,1,1,1984,9,0,-1,-1,2,3,2,2.021E+11,4,RUE DES TROIS BORNES,0,NULL,1,1,2,2,-1,-1,1,NULL,-1,2,0,1,30
2.021E+11,4,12,2021,17:00:00,5,75,75111,2,3,2,6,RUE DES TROIS BORNES,"488,661,770,000","23,712,260,000",2.021E+11,193 174,Z01,1,1,0,1,1,1,5,NULL,2.021E+11,255 886,193 174,Z01,10,3,4,1,2014,9,8,8,-1,2,3,2,2.021E+11,4,RUE DES TROIS BORNES,0,NULL,1,1,2,2,-1,-1,1,NULL,-1,2,0,1,30
2.021E+11,4,12,2021,17:00:00,5,75,75111,2,3,2,6,RUE DES TROIS BORNES,"488,661,770,000","23,712,260,000",2.021E+11,193 174,Z01,1,1,0,1,1,1,5,NULL,2.021E+11,255 887,193 174,Z01,1,1,1,-1,NULL,-1,-1,-1,-1,-1,-1,-1,2.021E+11,4,RUE DES TROIS BORNES,0,NULL,1,1,2,2,-1,-1,1,NULL,-1,2,0,1,30
2.021E+11,4,12,2021,11:05:00,1,94,94016,2,2,2,3,Avenue Carnot,"487,944,365,744","23,312,120,976",2.021E+11,193 155,A01,1,1,0,2,1,23,0,NULL,2.021E+11,255 859,193 154,B01,1,1,1,1,1966,0,1,0,-1,-1,-1,-1,2.021E+11,3,CARNOT (AV),0,NULL,3,2,0,1,-1,-1,1,NULL,-1,2,0,1,50
2.021E+11,4,12,2021,11:05:00,1,94,94016,2,2,2,3,Avenue Carnot,"487,944,365,744","23,312,120,976",2.021E+11,193 155,A01,1,1,0,2,1,23,0,NULL,2.021E+11,255 860,193 155,A01,1,1,4,1,1966,0,0,0,-1,-1,-1,-1,2.021E+11,3,CARNOT (AV),0,NULL,3,2,0,1,-1,-1,1,NULL,-1,2,0,1,50
2.021E+11,3,12,2021,20:40:00,5,93,93063,2,2,3,1,PROGRES RUE DU,"488,718,796,984","24,398,111,530",2.021E+11,193 150,B01,-1,1,0,2,1,0,0,NULL,2.021E+11,255 852,193 149,A01,1,1,1,2,1994,5,1,0,-1,-1,-1,-1,2.021E+11,3,PROGRES RUE DU,0,NULL,2,1,0,1,1,0,1,NULL,-1,3,0,1,50
2.021E+11,3,12,2021,20:40:00,5,93,93063,2,2,3,1,PROGRES RUE DU,"488,718,796,984","24,398,111,530",2.021E+11,193 150,B01,-1,1,0,2,1,0,0,NULL,2.021E+11,255 853,193 150,B01,2,1,4,1,1998,1,8,0,-1,-1,-1,-1,2.021E+11,3,PROGRES RUE DU,0,NULL,2,1,0,1,1,0,1,NULL,-1,3,0,1,50
2.021E+11,2,12,2021,00:55:00,5,75,75116,2,2,1,3,AVENUE DE L HIPPODROME,"488,622,860,000","22,383,030,000",2.021E+11,193 001,A01,2,1,0,2,7,1,5,NULL,2.021E+11,255 620,193 001,A01,1,1,4,1,1984,5,2,8,-1,0,0,-1,2.021E+11,4,AVENUE DE L HIPPODROME,0,NULL,2,2,1,2,-1,-1,1,NULL,-1,1,-1,5,50
2.021E+11,2,12,2021,00:55:00,5,75,75116,2,2,1,3,AVENUE DE L HIPPODROME,"488,622,860,000","22,383,030,000",2.021E+11,193 001,A01,2,1,0,2,7,1,5,NULL,2.021E+11,255 621,193 002,B01,1,1,1,1,1999,5,1,0,-1,0,0,-1,2.021E+11,4,AVENUE DE L HIPPODROME,0,NULL,2,2,1,2,-1,-1,1,NULL,-1,1,-1,5,50
2.021E+11,3,12,2021,22:30:00,5,75,75110,2,2,3,3,RUE DU FAUBOURG SAINT MARTIN,"488,811,020,000","23,651,540,000",2.021E+11,192 992,A01,2,1,0,0,7,5,5,NULL,2.021E+11,255 608,192 992,A01,1,1,4,1,1989,5,8,0,-1,0,0,-1,2.021E+11,4,RUE DU FAUBOURG SAINT MARTIN,0,NULL,2,2,0,1,-1,-1,1,NULL,-1,2,0,1,30
2.021E+11,3,12,2021,22:30:00,5,75,75110,2,2,3,3,RUE DU FAUBOURG SAINT MARTIN,"488,811,020,000","23,651,540,000",2.021E+11,192 992,A01,2,1,0,0,7,5,5,NULL,2.021E+11,255 609,192 993,B01,1,1,1,2,1965,1,1,0,-1,0,0,-1,2.021E+11,4,RUE DU FAUBOURG SAINT MARTIN,0,NULL,2,2,0,1,-1,-1,1,NULL,-1,2,0,1,30
2.021E+11,3,12,2021,10:45:00,1,75,75110,2,3,3,2,BOULEVARD DE MAGENTA,"488,718,400,000","23,600,260,000",2.021E+11,192 988,B01,2,1,1,0,1,1,5,NULL,2.021E+11,255 602,192 988,B01,1,1,4,1,1959,1,8,0,-1,0,0,-1,2.021E+11,4,BOULEVARD DE MAGENTA,0,NULL,1,4,1,1,-1,-1,1,NULL,-1,2,0,5,30
2.021E+11,3,12,2021,10:45:00,1,75,75110,2,3,3,2,BOULEVARD DE MAGENTA,"488,718,400,000","23,600,260,000",2.021E+11,192 988,B01,2,1,1,0,1,1,5,NULL,2.021E+11,255 603,192 989,A01,1,1,1,1,1994,4,8,0,-1,0,0,-1,2.021E+11,4,BOULEVARD DE MAGENTA,0,NULL,1,4,1,1,-1,-1,1,NULL,-1,2,0,5,30
2.021E+11,3,12,2021,10:45:00,1,75,75110,2,3,3,2,BOULEVARD DE MAGENTA,"488,718,400,000","23,600,260,000",2.021E+11,192 988,B01,2,1,1,0,1,1,5,NULL,2.021E+11,255 604,192 989,A01,2,2,1,1,1964,4,8,0,-1,0,0,-1,2.021E+11,4,BOULEVARD DE MAGENTA,0,NULL,1,4,1,1,-1,-1,1,NULL,-1,2,0,5,30
2.021E+11,3,12,2021,20:45:00,5,92,92026,2,2,3,3,MARECHAL JOFFRE (QUAI DU),"488,970,500,000","22,644,100,000",2.021E+11,192 952,A01,3,1,0,2,0,0,0,NULL,2.021E+11,255 561,192 952,A01,1,1,4,1,2002,4,0,-1,-1,-1,-1,-1,2.021E+11,3,7,0,NULL,4,-1,0,1,0,0,1,NULL,-1,2,5,1,50
2.021E+11,3,12,2021,20:45:00,5,92,92026,2,2,3,3,MARECHAL JOFFRE (QUAI DU),"488,970,500,000","22,644,100,000",2.021E+11,192 952,A01,3,1,0,2,0,0,0,NULL,2.021E+11,255 562,192 953,B01,1,1,1,1,1978,5,1,0,-1,-1,-1,-1,2.021E+11,3,7,0,NULL,4,-1,0,1,0,0,1,NULL,-1,2,5,1,50
2.021E+11,11,11,2021,17:40:00,3,84,84062,1,1,2,3,D901,"438,717,560,000","51,137,070,000",2.021E+11,192 936,A01,1,1,0,2,4,15,5,NULL,2.021E+11,255 531,192 935,B01,1,1,1,2,1952,5,1,-1,-1,0,0,-1,2.021E+11,3,901,0,NULL,2,2,0,1,13,500,1,NULL,-1,2,0,1,80
2.021E+11,11,11,2021,17:40:00,3,84,84062,1,1,2,3,D901,"438,717,560,000","51,137,070,000",2.021E+11,192 936,A01,1,1,0,2,4,15,5,NULL,2.021E+11,255 532,192 936,A01,1,1,3,1,1949,5,6,-1,-1,0,0,-1,2.021E+11,3,901,0,NULL,2,2,0,1,13,500,1,NULL,-1,2,0,1,80
2.021E+11,4,12,2021,12:35:00,1,34,34204,2,3,1,3,Chemin des Capoulieres,"435,549,030,057","35,287,190,605",2.021E+11,192 917,B01,1,1,0,2,3,1,5,NULL,2.021E+11,255 504,192 917,B01,1,1,3,1,1967,5,2,-1,-1,0,0,-1,2.021E+11,3,D2,0,D,2,2,0,1,11,917,1,NULL,-1,1,0,1,80
2.021E+11,4,12,2021,12:35:00,1,34,34204,2,3,1,3,Chemin des Capoulieres,"435,549,030,057","35,287,190,605",2.021E+11,192 917,B01,1,1,0,2,3,1,5,NULL,2.021E+11,255 505,192 918,A01,1,1,1,2,1966,5,1,-1,-1,0,0,-1,2.021E+11,3,D2,0,D,2,2,0,1,11,917,1,NULL,-1,1,0,1,80
2.021E+11,30,11,2021,16:00:00,1,29,29224,1,6,2,3,D143 - Rond Point de Saint Ergat,"480,385,320,000","-43,297,290,000",2.021E+11,192 859,B01,1,1,0,2,7,1,5,NULL,2.021E+11,255 427,192 858,A01,1,1,1,1,1970,1,1,-1,-1,0,0,-1,2.021E+11,3,143,0,NULL,1,1,0,1,-1,-1,2,NULL,-1,2,0,1,70
2.021E+11,30,11,2021,16:00:00,1,29,29224,1,6,2,3,D143 - Rond Point de Saint Ergat,"480,385,320,000","-43,297,290,000",2.021E+11,192 859,B01,1,1,0,2,7,1,5,NULL,2.021E+11,255 428,192 859,B01,1,1,3,1,1960,5,2,-1,-1,0,0,-1,2.021E+11,3,143,0,NULL,1,1,0,1,-1,-1,2,NULL,-1,2,0,1,70
2.021E+11,2,12,2021,07:10:00,1,973,97302,1,1,2,3,MADELEINE (ROUTE DE LA),"49,097,800,000","-523,216,400,000",2.021E+11,192 802,B01,1,1,0,2,3,2,0,NULL,2.021E+11,255 355,192 801,A01,1,1,1,-1,NULL,-1,-1,-1,-1,-1,-1,-1,2.021E+11,3,MADELEINE (ROUTE DE LA),0,NULL,2,2,0,1,3,860,1,NULL,-1,2,0,1,50
2.021E+11,2,12,2021,07:10:00,1,973,97302,1,1,2,3,MADELEINE (ROUTE DE LA),"49,097,800,000","-523,216,400,000",2.021E+11,192 802,B01,1,1,0,2,3,2,0,NULL,2.021E+11,255 356,192 802,B01,1,1,4,1,2006,1,8,0,-1,-1,-1,-1,2.021E+11,3,MADELEINE (ROUTE DE LA),0,NULL,2,2,0,1,3,860,1,NULL,-1,2,0,1,50
2.021E+11,2,12,2021,15:40:00,1,69,69383,2,1,1,3,FEUILLAT (R),"457,530,200,000","48,769,400,000",2.021E+11,192 799,A01,1,1,0,2,3,26,5,NULL,2.021E+11,255 352,192 799,A01,1,1,4,1,2003,0,8,-1,-1,-1,-1,-1,2.021E+11,4,FEUILLAT                            (R ),0,NULL,2,2,2,1,-1,-1,1,NULL,-1,2,0,1,50
2.021E+11,2,12,2021,15:40:00,1,69,69383,2,1,1,3,FEUILLAT (R),"457,530,200,000","48,769,400,000",2.021E+11,192 799,A01,1,1,0,2,3,26,5,NULL,2.021E+11,255 353,192 800,B01,2,2,1,1,1988,0,1,-1,-1,-1,-1,-1,2.021E+11,4,FEUILLAT                            (R ),0,NULL,2,2,2,1,-1,-1,1,NULL,-1,2,0,1,50
2.021E+11,2,12,2021,15:40:00,1,69,69383,2,1,1,3,FEUILLAT (R),"457,530,200,000","48,769,400,000",2.021E+11,192 799,A01,1,1,0,2,3,26,5,NULL,2.021E+11,255 354,192 800,B01,1,1,1,2,1988,0,1,-1,-1,-1,-1,-1,2.021E+11,4,FEUILLAT                            (R ),0,NULL,2,2,2,1,-1,-1,1,NULL,-1,2,0,1,50
2.021E+11,29,11,2021,16:10:00,1,80,80021,2,1,1,3,DELPECH (RUE),"498,877,100,000","22,969,100,000",2.021E+11,192 772,B01,0,1,0,2,7,1,0,NULL,2.021E+11,255 319,192 772,B01,1,1,4,1,1984,0,2,-1,-1,0,0,-1,2.021E+11,4,DELPECH (RUE),0,NULL,2,2,0,1,-1,-1,1,NULL,-1,1,0,1,50
2.021E+11,29,11,2021,16:10:00,1,80,80021,2,1,1,3,DELPECH (RUE),"498,877,100,000","22,969,100,000",2.021E+11,192 772,B01,0,1,0,2,7,1,0,NULL,2.021E+11,255 320,192 773,A01,1,1,1,2,1987,0,1,-1,-1,0,0,-1,2.021E+11,4,DELPECH (RUE),0,NULL,2,2,0,1,-1,-1,1,NULL,-1,1,0,1,50
2.021E+11,2,12,2021,18:15:00,5,75,75115,2,1,1,6,RUE SAINT CHARLES,"488,451,720,000","22,842,730,000",2.021E+11,192 659,B01,2,1,0,2,1,1,5,NULL,2.021E+11,255 168,192 658,A01,1,1,1,1,1994,9,8,0,-1,0,0,-1,2.021E+11,4,RUE SAINT CHARLES,0,NULL,1,1,0,1,-1,-1,1,NULL,-1,1,0,1,30
2.021E+11,2,12,2021,18:15:00,5,75,75115,2,1,1,6,RUE SAINT CHARLES,"488,451,720,000","22,842,730,000",2.021E+11,192 659,B01,2,1,0,2,1,1,5,NULL,2.021E+11,255 169,192 659,B01,1,1,4,1,2003,9,8,0,-1,0,0,-1,2.021E+11,4,RUE SAINT CHARLES,0,NULL,1,1,0,1,-1,-1,1,NULL,-1,1,0,1,30
2.021E+11,1,12,2021,23:40:00,5,75,75115,2,1,1,6,RUE DE JAVEL,"488,423,450,000","22,900,150,000",2.021E+11,192 657,Z01,1,1,0,1,0,5,5,NULL,2.021E+11,255 166,192 657,Z01,10,3,4,2,1956,9,8,8,-1,2,3,1,2.021E+11,4,RUE DE JAVEL,0,NULL,1,1,0,1,-1,-1,1,NULL,-1,1,0,1,30
2.021E+11,1,12,2021,23:40:00,5,75,75115,2,1,1,6,RUE DE JAVEL,"488,423,450,000","22,900,150,000",2.021E+11,192 657,Z01,1,1,0,1,0,5,5,NULL,2.021E+11,255 167,192 657,Z01,1,1,1,-1,NULL,-1,-1,-1,-1,-1,-1,-1,2.021E+11,4,RUE DE JAVEL,0,NULL,1,1,0,1,-1,-1,1,NULL,-1,1,0,1,30
2.021E+11,2,12,2021,09:50:00,1,75,75114,2,1,1,6,BOULEVARD ARAGO,"488,345,330,000","23,354,170,000",2.021E+11,192 656,B01,1,1,0,2,0,1,5,NULL,2.021E+11,255 163,192 655,A01,2,2,1,1,1992,4,8,0,-1,0,0,-1,2.021E+11,4,BOULEVARD ARAGO,0,NULL,2,4,1,2,-1,-1,1,NULL,-1,1,-1,5,30
2.021E+11,2,12,2021,09:50:00,1,75,75114,2,1,1,6,BOULEVARD ARAGO,"488,345,330,000","23,354,170,000",2.021E+11,192 656,B01,1,1,0,2,0,1,5,NULL,2.021E+11,255 164,192 655,A01,1,1,1,1,1974,4,8,0,-1,0,0,-1,2.021E+11,4,BOULEVARD ARAGO,0,NULL,2,4,1,2,-1,-1,1,NULL,-1,1,-1,5,30
2.021E+11,2,12,2021,09:50:00,1,75,75114,2,1,1,6,BOULEVARD ARAGO,"488,345,330,000","23,354,170,000",2.021E+11,192 656,B01,1,1,0,2,0,1,5,NULL,2.021E+11,255 165,192 656,B01,1,1,4,2,1998,2,2,0,-1,0,0,-1,2.021E+11,4,BOULEVARD ARAGO,0,NULL,2,4,1,2,-1,-1,1,NULL,-1,1,-1,5,30
2.021E+11,30,11,2021,09:40:00,1,94,94068,2,3,1,3,CAFFIN (AV),"487,914,300,000","25,093,300,000",2.021E+11,192 643,A01,1,1,0,2,1,1,5,NULL,2.021E+11,255 148,192 643,A01,1,1,4,2,1955,5,8,0,-1,-1,-1,-1,2.021E+11,4,CAFFIN (AV),0,NULL,2,2,0,1,0,0,1,NULL,-1,1,0,1,30
2.021E+11,30,11,2021,09:40:00,1,94,94068,2,3,1,3,CAFFIN (AV),"487,914,300,000","25,093,300,000",2.021E+11,192 643,A01,1,1,0,2,1,1,5,NULL,2.021E+11,255 149,192 644,B01,1,1,1,2,1972,1,1,0,-1,-1,-1,-1,2.021E+11,4,CAFFIN (AV),0,NULL,2,2,0,1,0,0,1,NULL,-1,1,0,1,30
2.021E+11,2,12,2021,18:30:00,5,94,94046,2,2,1,6,Avenue de la République,"488,058,100,000","24,410,000,000",2.021E+11,192 640,A01,2,1,8,1,1,1,5,NULL,2.021E+11,255 142,192 640,A01,1,1,4,1,1980,1,2,4,-1,-1,-1,-1,2.021E+11,3,AV DE LA REPUBLIQUE,0,NULL,2,2,0,2,1,0,1,NULL,-1,1,6,1,30
2.021E+11,2,12,2021,18:30:00,5,94,94046,2,2,1,6,Avenue de la République,"488,058,100,000","24,410,000,000",2.021E+11,192 640,A01,2,1,8,1,1,1,5,NULL,2.021E+11,255 143,192 640,A01,10,3,4,2,1983,5,0,-1,-1,4,3,2,2.021E+11,3,AV DE LA REPUBLIQUE,0,NULL,2,2,0,2,1,0,1,NULL,-1,1,6,1,30
2.021E+11,1,12,2021,12:30:00,1,92,92025,2,1,1,3,AGENT SARRE (AV DE L'),"489,247,820,000","22,663,990,000",2.021E+11,192 609,B01,3,1,1,0,1,1,5,NULL,2.021E+11,255 100,192 609,B01,1,1,4,1,1944,3,8,0,-1,-1,-1,-1,2.021E+11,3,986,0,NULL,2,2,0,1,0,0,1,NULL,-1,1,0,1,50
2.021E+11,1,12,2021,12:30:00,1,92,92025,2,1,1,3,AGENT SARRE (AV DE L'),"489,247,820,000","22,663,990,000",2.021E+11,192 609,B01,3,1,1,0,1,1,5,NULL,2.021E+11,255 101,192 610,A01,1,1,1,1,1973,2,8,0,-1,-1,-1,-1,2.021E+11,3,986,0,NULL,2,2,0,1,0,0,1,NULL,-1,1,0,1,50
2.021E+11,1,2,2021,12:30:00,1,92,92025,2,1,1,6,AGENT SARRE (AV DE L'),"489,246,870,000","22,658,830,000",2.021E+11,192 608,B01,3,1,1,0,1,1,5,NULL,2.021E+11,255 098,192 607,A01,1,1,1,1,1973,0,8,0,-1,-1,-1,-1,2.021E+11,3,986,0,NULL,2,2,0,1,0,0,1,NULL,-1,1,0,1,50
2.021E+11,1,2,2021,12:30:00,1,92,92025,2,1,1,6,AGENT SARRE (AV DE L'),"489,246,870,000","22,658,830,000",2.021E+11,192 608,B01,3,1,1,0,1,1,5,NULL,2.021E+11,255 099,192 608,B01,1,1,4,1,1944,0,1,0,-1,-1,-1,-1,2.021E+11,3,986,0,NULL,2,2,0,1,0,0,1,NULL,-1,1,0,1,50
2.021E+11,30,11,2021,11:00:00,1,83,83069,1,1,1,3,MACRI (CHEMIN SOLDAT),"431,179,800,000","61,496,100,000",2.021E+11,192 403,B01,1,1,0,2,6,15,5,NULL,2.021E+11,254 831,192 402,A01,1,1,1,1,1933,0,1,8,-1,-1,-1,-1,2.021E+11,4,MACRI (CHEMIN SOLDAT),0,NULL,2,2,0,1,-1,-1,1,NULL,-1,1,0,1,50
2.021E+11,30,11,2021,11:00:00,1,83,83069,1,1,1,3,MACRI (CHEMIN SOLDAT),"431,179,800,000","61,496,100,000",2.021E+11,192 403,B01,1,1,0,2,6,15,5,NULL,2.021E+11,254 832,192 403,B01,1,1,4,2,1946,5,2,8,-1,-1,-1,-1,2.021E+11,4,MACRI (CHEMIN SOLDAT),0,NULL,2,2,0,1,-1,-1,1,NULL,-1,1,0,1,50
2.021E+11,30,11,2021,19:15:00,5,63,63113,2,1,1,3,CHAMBRETTES (RUE DES),"457,673,100,000","31,046,700,000",2.021E+11,192 347,B01,1,1,0,2,1,1,0,NULL,2.021E+11,254 757,192 347,B01,1,1,4,1,2001,0,2,0,-1,0,0,-1,2.021E+11,4,CHAMBRETTES (RUE DES),0,NULL,2,2,0,1,-1,-1,1,NULL,-1,1,0,1,50
2.021E+11,30,11,2021,19:15:00,5,63,63113,2,1,1,3,CHAMBRETTES (RUE DES),"457,673,100,000","31,046,700,000",2.021E+11,192 347,B01,1,1,0,2,1,1,0,NULL,2.021E+11,254 758,192 348,A01,1,1,1,2,1976,0,1,0,-1,0,0,-1,2.021E+11,4,CHAMBRETTES (RUE DES),0,NULL,2,2,0,1,-1,-1,1,NULL,-1,1,0,1,50
2.021E+11,1,12,2021,07:30:00,5,45,45147,2,6,2,3,Rue André Dessaux,"479,238,700,784","19,010,639,191",2.021E+11,192 315,B01,1,1,0,2,2,1,5,NULL,2.021E+11,254 712,192 314,A01,1,1,1,1,1965,1,1,0,-1,-1,-1,-1,2.021E+11,3,DESSAUX (RUE ANDRE DESSAUX),0,NULL,2,2,0,1,-1,-1,1,NULL,-1,2,0,1,50
2.021E+11,1,12,2021,07:30:00,5,45,45147,2,6,2,3,Rue André Dessaux,"479,238,700,784","19,010,639,191",2.021E+11,192 315,B01,1,1,0,2,2,1,5,NULL,2.021E+11,254 713,192 315,B01,1,1,4,1,2000,1,8,0,-1,-1,-1,-1,2.021E+11,3,DESSAUX (RUE ANDRE DESSAUX),0,NULL,2,2,0,1,-1,-1,1,NULL,-1,2,0,1,50
2.021E+11,1,12,2021,16:00:00,1,37,37261,2,1,1,7,PORTALIS (AVENUE JEAN),"473,668,685,424","0,6841135025",2.021E+11,192 298,A01,3,1,14,0,1,1,5,NULL,2.021E+11,254 696,192 298,A01,1,1,4,2,1982,5,2,0,-1,-1,-1,-1,2.021E+11,4,PORTALIS (AVENUE JEAN),0,NULL,2,0,3,1,-1,-1,1,NULL,-1,1,9,6,30
2.021E+11,30,11,2021,18:40:00,5,35,35238,2,9,1,3,STRASBOURG (BOULEVARD DE),"481,109,000,000","-16,558,400,000",2.021E+11,192 284,B01,2,1,0,2,5,1,5,NULL,2.021E+11,254 672,192 283,A01,1,1,1,1,1992,1,1,0,-1,-1,-1,-1,2.021E+11,4,STRASBOURG (BOULEVARD DE),0,NULL,2,6,1,1,-1,-1,1,NULL,-1,1,0,1,50
2.021E+11,30,11,2021,18:40:00,5,35,35238,2,9,1,3,STRASBOURG (BOULEVARD DE),"481,109,000,000","-16,558,400,000",2.021E+11,192 284,B01,2,1,0,2,5,1,5,NULL,2.021E+11,254 673,192 284,B01,1,1,4,2,1998,1,8,0,-1,-1,-1,-1,2.021E+11,4,STRASBOURG (BOULEVARD DE),0,NULL,2,6,1,1,-1,-1,1,NULL,-1,1,0,1,50
2.021E+11,30,11,2021,07:57:00,5,35,35238,2,6,2,3,SAINT-LAURENT (DE),"481,384,700,000","-16,531,500,000",2.021E+11,192 281,B01,2,1,0,2,2,15,5,NULL,2.021E+11,254 670,192 281,B01,1,1,4,1,1978,1,2,4,-1,-1,-1,-1,2.021E+11,4,SAINT-LAURENT (DE),0,NULL,1,0,0,1,0,0,1,NULL,-1,2,9,1,50
2.021E+11,30,11,2021,07:57:00,5,35,35238,2,6,2,3,SAINT-LAURENT (DE),"481,384,700,000","-16,531,500,000",2.021E+11,192 281,B01,2,1,0,2,2,15,5,NULL,2.021E+11,254 671,192 282,A01,1,1,1,2,1962,0,1,8,-1,-1,-1,-1,2.021E+11,4,SAINT-LAURENT (DE),0,NULL,1,0,0,1,0,0,1,NULL,-1,2,9,1,50
2.021E+11,30,11,2021,16:45:00,1,31,31483,2,1,1,3,LANDORTHE (ROUTE),"431,160,100,000","0,7479300000",2.021E+11,192 268,B01,1,1,0,2,0,0,0,NULL,2.021E+11,254 650,192 267,A01,1,1,1,1,2000,0,1,-1,-1,-1,-1,-1,2.021E+11,3,LANDORTHE (ROUTE),0,NULL,2,2,0,1,24,330,1,NULL,-1,1,0,1,50
2.021E+11,30,11,2021,16:45:00,1,31,31483,2,1,1,3,LANDORTHE (ROUTE),"431,160,100,000","0,7479300000",2.021E+11,192 268,B01,1,1,0,2,0,0,0,NULL,2.021E+11,254 651,192 268,B01,1,1,4,1,1989,0,2,-1,-1,-1,-1,-1,2.021E+11,3,LANDORTHE (ROUTE),0,NULL,2,2,0,1,24,330,1,NULL,-1,1,0,1,50
2.021E+11,26,11,2021,14:25:00,1,27,27229,2,1,1,7,JOSEPHINE (RUE),"490,230,640,000","11,406,300,000",2.021E+11,192 255,A01,0,1,12,0,1,1,5,NULL,2.021E+11,254 636,192 255,A01,1,1,4,2,2004,5,2,6,-1,0,0,-1,2.021E+11,4,JOSEPHINE (RUE),0,NULL,2,2,0,1,-1,-1,1,NULL,-1,2,0,4,50
2.021E+11,24,11,2021,08:00:00,1,8,8105,2,1,9,3,ARCHES (AVENUE),"497,624,400,000","47,192,400,000",2.021E+11,192 201,B01,1,1,0,0,6,2,5,NULL,2.021E+11,254 565,192 200,A01,1,1,1,1,2001,1,8,0,-1,-1,-1,-1,2.021E+11,3,ARCHES (AVENUE),0,NULL,2,4,1,1,-1,-1,1,NULL,-1,7,2,5,50
2.021E+11,24,11,2021,08:00:00,1,8,8105,2,1,9,3,ARCHES (AVENUE),"497,624,400,000","47,192,400,000",2.021E+11,192 201,B01,1,1,0,0,6,2,5,NULL,2.021E+11,254 566,192 201,B01,1,1,3,1,1966,1,2,8,-1,-1,-1,-1,2.021E+11,3,ARCHES (AVENUE),0,NULL,2,4,1,1,-1,-1,1,NULL,-1,7,2,5,50
2.021E+11,1,12,2021,11:00:00,1,75,75105,2,2,3,3,QUAI DE LA TOURNELLE,"488,511,310,000","23,513,150,000",2.021E+11,192 183,A01,1,1,0,2,8,1,5,NULL,2.021E+11,254 540,192 182,B01,1,1,1,1,1958,9,2,6,-1,0,0,-1,2.021E+11,4,QUAI DE LA TOURNELLE,0,NULL,2,4,1,1,-1,-1,1,NULL,-1,2,0,5,30
2.021E+11,1,12,2021,11:00:00,1,75,75105,2,2,3,3,QUAI DE LA TOURNELLE,"488,511,310,000","23,513,150,000",2.021E+11,192 183,A01,1,1,0,2,8,1,5,NULL,2.021E+11,254 541,192 183,A01,1,1,4,1,1958,9,2,0,-1,0,0,-1,2.021E+11,4,QUAI DE LA TOURNELLE,0,NULL,2,4,1,1,-1,-1,1,NULL,-1,2,0,5,30
2.021E+11,1,12,2021,07:55:00,2,75,75110,2,1,2,3,RUE DU FAUBOURG SAINT DENIS,"488,705,000,000","23,530,570,000",2.021E+11,192 168,A01,1,1,0,2,1,17,5,NULL,2.021E+11,254 522,192 168,A01,1,1,4,2,1991,1,2,0,-1,0,0,-1,2.021E+11,4,RUE DU FAUBOURG SAINT DENIS,0,NULL,2,2,1,1,-1,-1,1,NULL,-1,2,0,5,30
2.021E+11,1,12,2021,07:55:00,2,75,75110,2,1,2,3,RUE DU FAUBOURG SAINT DENIS,"488,705,000,000","23,530,570,000",2.021E+11,192 168,A01,1,1,0,2,1,17,5,NULL,2.021E+11,254 523,192 169,B01,1,1,1,2,1991,4,2,0,-1,0,0,-1,2.021E+11,4,RUE DU FAUBOURG SAINT DENIS,0,NULL,2,2,1,1,-1,-1,1,NULL,-1,2,0,5,30
2.021E+11,2,12,2021,13:30:00,1,60,60338,2,1,1,3,Rue de Bourgogne,"493,564,360,000","27,956,640,000",2.021E+11,192 034,A01,3,1,0,2,1,25,5,NULL,2.021E+11,254 345,192 034,A01,1,1,4,1,2011,2,0,-1,-1,0,0,-1,2.021E+11,4,NULL,-1,NULL,2,2,0,1,-1,-1,1,NULL,5,1,0,1,50