Num_Acc,jour,mois,an,hrmn,lum,dep,com,agg,int,atm,col,adr,lat,long,Num_Acc,id_vehicule,num_veh,senc,catv,obs,obsm,choc,manv,motor,occutc,Num_Acc,id_usager,id_vehicule,num_veh,place,catu,grav,sexe,an_nais,trajet,secu1,secu2,secu3,locp,actp,etatp,Num_Acc,catr,voie,v1,v2,circ,nbv,vosp,prof,pr,pr1,plan,lartpc,larrout,surf,infra,situ,vma
2.021E+11,2,12,2021,13:30:00,1,60,60338,2,1,1,3,Rue de Bourgogne,"493,564,360,000","27,956,640,000",2.021E+11,192 034,A01,3,1,0,2,1,25,5,NULL,2.021E+11,254 346,192 035,B01,1,1,1,1,1996,4,1,-1,-1,0,0,-1,2.021E+11,4,NULL,-1,NULL,2,2,0,1,-1,-1,1,NULL,5,1,0,1,50
2.021E+11,24,9,2021,08:10:00,1,74,74305,2,1,1,1,ROTONDE (RUE DE LA),"462,015,100,000","62,358,700,000",2.021E+11,192 012,B01,2,1,0,2,1,1,0,NULL,2.021E+11,254 321,192 012,B01,1,1,4,2,1979,0,2,0,-1,-1,-1,-1,2.021E+11,4,ROTONDE (RUE DE LA),0,NULL,2,2,0,1,0,1,2,NULL,-1,1,0,1,30
2.021E+11,24,9,2021,08:10:00,1,74,74305,2,1,1,1,ROTONDE (RUE DE LA),"462,015,100,000","62,358,700,000",2.021E+11,192 012,B01,2,1,0,2,1,1,0,NULL,2.021E+11,254 322,192 013,A01,1,1,1,2,1988,5,1,0,-1,-1,-1,-1,2.021E+11,4,ROTONDE (RUE DE LA),0,NULL,2,2,0,1,0,1,2,NULL,-1,1,0,1,30
2.021E+11,29,11,2021,10:15:00,1,974,97411,2,2,1,3,GRIMAUD (EMILE),"-208,927,100,000","554,834,800,000",2.021E+11,192 001,B01,3,1,0,2,1,1,5,NULL,2.021E+11,254 307,192 001,B01,2,1,4,1,1966,0,8,0,-1,-1,-1,-1,2.021E+11,4,GRIMAUD (EMILE),0,NULL,2,4,0,1,0,0,1,NULL,-1,1,0,1,30
2.021E+11,29,11,2021,10:15:00,1,974,97411,2,2,1,3,GRIMAUD (EMILE),"-208,927,100,000","554,834,800,000",2.021E+11,192 001,B01,3,1,0,2,1,1,5,NULL,2.021E+11,254 308,192 002,A01,1,1,1,-1,NULL,-1,-1,-1,-1,-1,-1,-1,2.021E+11,4,GRIMAUD (EMILE),0,NULL,2,4,0,1,0,0,1,NULL,-1,1,0,1,30
2.021E+11,29,11,2021,06:00:00,5,91,91657,2,2,1,6,RUE DE LA LONGUERAIE,"487,161,690,000","24,372,400,000",2.021E+11,191 990,B01,3,1,12,0,1,2,5,NULL,2.021E+11,254 290,191 990,B01,1,1,2,2,1971,1,8,8,-1,-1,-1,-1,2.021E+11,4,RUE DE LA LONGUERAIE,0,NULL,1,1,0,1,0,100,3,NULL,-1,2,5,1,50
2.021E+11,29,11,2021,06:00:00,5,91,91657,2,2,1,6,RUE DE LA LONGUERAIE,"487,161,690,000","24,372,400,000",2.021E+11,191 990,B01,3,1,12,0,1,2,5,NULL,2.021E+11,254 291,191 991,A01,1,1,1,1,1968,0,1,0,-1,-1,-1,-1,2.021E+11,4,RUE DE LA LONGUERAIE,0,NULL,1,1,0,1,0,100,3,NULL,-1,2,5,1,50
2.021E+11,25,11,2021,15:20:00,1,67,67482,2,3,1,3,COLMAR (AVENUE DE),"485,512,500,000","77,428,000,000",2.021E+11,191 972,A01,1,1,0,2,3,5,5,NULL,2.021E+11,254 259,191 971,B01,1,1,1,2,1976,4,1,8,-1,-1,-1,-1,2.021E+11,4,COLMAR (AVENUE DE),0,NULL,1,3,1,1,0,0,1,NULL,-1,1,0,1,50
2.021E+11,25,11,2021,15:20:00,1,67,67482,2,3,1,3,COLMAR (AVENUE DE),"485,512,500,000","77,428,000,000",2.021E+11,191 972,A01,1,1,0,2,3,5,5,NULL,2.021E+11,254 260,191 972,A01,1,1,4,1,1972,0,8,0,-1,-1,-1,-1,2.021E+11,4,COLMAR (AVENUE DE),0,NULL,1,3,1,1,0,0,1,NULL,-1,1,0,1,50
2.021E+11,29,11,2021,13:55:00,1,59,59350,2,1,1,3,CAMBRAI RUE DE N° IMPAIRS,"506,239,400,000","30,783,600,000",2.021E+11,191 959,B01,3,1,0,2,8,9,0,NULL,2.021E+11,254 240,191 958,A01,1,1,1,2,1941,0,1,0,-1,-1,-1,-1,2.021E+11,4,CAMBRAI RUE DE N° IMPAIRS,0,NULL,2,2,1,1,-1,-1,1,NULL,-1,1,0,1,50
2.021E+11,29,11,2021,13:55:00,1,59,59350,2,1,1,3,CAMBRAI RUE DE N° IMPAIRS,"506,239,400,000","30,783,600,000",2.021E+11,191 959,B01,3,1,0,2,8,9,0,NULL,2.021E+11,254 241,191 959,B01,1,1,4,1,1981,0,8,0,-1,-1,-1,-1,2.021E+11,4,CAMBRAI RUE DE N° IMPAIRS,0,NULL,2,2,1,1,-1,-1,1,NULL,-1,1,0,1,50
2.021E+11,29,11,2021,17:30:00,3,35,35238,2,1,1,2,GAYEULLES (AVENUE DES),"481,309,456,465","-16,520,188,898",2.021E+11,191 947,A01,1,1,0,9,2,1,5,NULL,2.021E+11,254 223,191 946,B01,1,1,4,1,2015,5,8,0,-1,-1,-1,-1,2.021E+11,4,GAYEULLES (AVENUE DES),0,NULL,2,2,2,1,-1,-1,1,NULL,-1,2,0,1,30
2.021E+11,29,11,2021,17:30:00,3,35,35238,2,1,1,2,GAYEULLES (AVENUE DES),"481,309,456,465","-16,520,188,898",2.021E+11,191 947,A01,1,1,0,9,2,1,5,NULL,2.021E+11,254 224,191 947,A01,1,1,1,1,2002,2,2,0,-1,-1,-1,-1,2.021E+11,4,GAYEULLES (AVENUE DES),0,NULL,2,2,2,1,-1,-1,1,NULL,-1,2,0,1,30
2.021E+11,28,11,2021,16:45:00,1,14,14167,2,3,1,3,VAILLANT (RUE EDOUARD),"492,022,300,000"," -0,3054500000",2.021E+11,191 934,B01,1,1,0,2,1,1,5,NULL,2.021E+11,254 206,191 934,B01,1,1,4,1,1939,5,8,4,-1,0,0,-1,2.021E+11,3,VAILLANT (RUE EDOUARD),0,NULL,2,2,0,1,1,0,3,NULL,-1,1,0,1,50
2.021E+11,28,11,2021,16:45:00,1,14,14167,2,3,1,3,VAILLANT (RUE EDOUARD),"492,022,300,000"," -0,3054500000",2.021E+11,191 934,B01,1,1,0,2,1,1,5,NULL,2.021E+11,254 207,191 935,A01,1,1,1,1,1962,0,1,-1,-1,0,0,-1,2.021E+11,3,VAILLANT (RUE EDOUARD),0,NULL,2,2,0,1,1,0,3,NULL,-1,1,0,1,50
2.021E+11,30,11,2021,12:00:00,1,75,75106,2,4,1,6,RUE DU FOUR,"488,527,050,000","23,339,380,000",2.021E+11,191 911,A01,2,1,0,1,7,17,5,NULL,2.021E+11,254 173,191 911,A01,10,3,4,2,1978,9,0,-1,-1,3,3,1,2.021E+11,4,RUE DU FOUR,0,NULL,2,2,0,1,-1,-1,1,NULL,-1,1,0,1,30
2.021E+11,30,11,2021,12:00:00,1,75,75106,2,4,1,6,RUE DU FOUR,"488,527,050,000","23,339,380,000",2.021E+11,191 911,A01,2,1,0,1,7,17,5,NULL,2.021E+11,254 174,191 911,A01,1,1,1,1,1994,9,2,0,-1,0,0,-1,2.021E+11,4,RUE DU FOUR,0,NULL,2,2,0,1,-1,-1,1,NULL,-1,1,0,1,30
2.021E+11,30,11,2021,10:30:00,1,75,75107,2,1,8,6,RUE DE LA LEGION D HONNEUR,"488,603,600,000","23,248,890,000",2.021E+11,191 890,A01,1,1,0,0,0,1,5,NULL,2.021E+11,254 141,191 890,A01,1,1,4,2,1961,9,2,0,-1,0,0,-1,2.021E+11,4,RUE DE LA LEGION D HONNEUR,0,NULL,1,1,0,2,-1,-1,1,NULL,-1,2,6,1,20
2.021E+11,30,11,2021,17:55:00,5,94,94041,2,1,8,2,Bd Paul Vaillant Couturier,"488,200,800,000","23,956,700,000",2.021E+11,191 875,B01,1,1,0,2,1,2,5,NULL,2.021E+11,254 122,191 874,A01,1,1,1,1,1992,0,1,0,-1,-1,-1,-1,2.021E+11,3,PAUL VAILLANT COUTURIER (BD),0,NULL,1,0,0,1,1,0,1,NULL,-1,1,0,1,50
2.021E+11,30,11,2021,17:55:00,5,94,94041,2,1,8,2,Bd Paul Vaillant Couturier,"488,200,800,000","23,956,700,000",2.021E+11,191 875,B01,1,1,0,2,1,2,5,NULL,2.021E+11,254 123,191 875,B01,1,1,4,1,1975,0,2,0,-1,-1,-1,-1,2.021E+11,3,PAUL VAILLANT COUTURIER (BD),0,NULL,1,0,0,1,1,0,1,NULL,-1,1,0,1,50
2.021E+11,30,11,2021,10:45:00,1,94,94018,2,1,8,6,PARIS (R DE),"488,227,500,000","24,117,700,000",2.021E+11,191 870,B01,2,1,1,0,1,1,5,NULL,2.021E+11,254 117,191 870,B01,1,1,4,2,1959,5,8,0,-1,-1,-1,-1,2.021E+11,3,PARIS (R DE),0,NULL,2,4,2,1,0,0,1,NULL,-1,2,0,5,30
2.021E+11,30,11,2021,10:45:00,1,94,94018,2,1,8,6,PARIS (R DE),"488,227,500,000","24,117,700,000",2.021E+11,191 870,B01,2,1,1,0,1,1,5,NULL,2.021E+11,254 118,191 871,A01,3,2,1,2,1935,5,8,0,-1,-1,-1,-1,2.021E+11,3,PARIS (R DE),0,NULL,2,4,2,1,0,0,1,NULL,-1,2,0,5,30
2.021E+11,30,11,2021,10:45:00,1,94,94018,2,1,8,6,PARIS (R DE),"488,227,500,000","24,117,700,000",2.021E+11,191 870,B01,2,1,1,0,1,1,5,NULL,2.021E+11,254 119,191 871,A01,1,1,1,1,1969,4,8,0,-1,-1,-1,-1,2.021E+11,3,PARIS (R DE),0,NULL,2,4,2,1,0,0,1,NULL,-1,2,0,5,30
2.021E+11,30,11,2021,09:05:00,1,92,92044,2,1,1,3,VIC. HUGO(RUE)115A149 ET 148A178,"488,977,710,000","22,948,520,000",2.021E+11,191 852,B01,0,1,0,2,3,15,0,NULL,2.021E+11,254 087,191 851,A01,1,1,1,1,1964,4,1,0,-1,-1,-1,-1,2.021E+11,3,909,0,NULL,1,3,0,1,0,0,1,NULL,-1,1,5,6,50
2.021E+11,30,11,2021,09:05:00,1,92,92044,2,1,1,3,VIC. HUGO(RUE)115A149 ET 148A178,"488,977,710,000","22,948,520,000",2.021E+11,191 852,B01,0,1,0,2,3,15,0,NULL,2.021E+11,254 088,191 852,B01,1,1,4,1,1996,0,8,0,-1,-1,-1,-1,2.021E+11,3,909,0,NULL,1,3,0,1,0,0,1,NULL,-1,1,5,6,50
2.021E+11,30,11,2021,18:40:00,5,92,92026,2,1,1,7,BAUDIN,"488,965,801,503","22,528,517,246",2.021E+11,191 848,A01,2,1,0,0,0,0,0,NULL,2.021E+11,254 084,191 848,A01,1,1,4,1,1995,1,8,0,-1,-1,-1,-1,2.021E+11,3,9,0,NULL,2,2,1,1,0,0,1,NULL,-1,1,0,1,50
2.021E+11,30,11,2021,22:20:00,5,92,92012,2,1,1,2,MARECHAL DE LATTRE DE TASSIGNY (AVENUE),"488,408,346,577","22,272,902,727",2.021E+11,191 843,Y01,1,1,1,0,1,14,5,NULL,2.021E+11,254 077,191 842,A01,1,1,1,-1,NULL,-1,-1,-1,-1,-1,-1,-1,2.021E+11,3,907,0,NULL,3,3,2,1,0,0,1,NULL,-1,1,0,1,50
2.021E+11,30,11,2021,22:20:00,5,92,92012,2,1,1,2,MARECHAL DE LATTRE DE TASSIGNY (AVENUE),"488,408,346,577","22,272,902,727",2.021E+11,191 843,Y01,1,1,1,0,1,14,5,NULL,2.021E+11,254 078,191 843,Y01,1,1,4,1,1988,9,8,0,-1,-1,-1,-1,2.021E+11,3,907,0,NULL,3,3,2,1,0,0,1,NULL,-1,1,0,1,50
2.021E+11,30,11,2021,18:00:00,5,65,65304,2,1,1,1,Rue Darricau,"434,690,270,000","0,0346540000",2.021E+11,191 839,A01,1,1,0,2,7,15,5,NULL,2.021E+11,254 073,191 839,A01,1,1,4,1,2008,5,2,-1,-1,0,0,-1,2.021E+11,3,943,-1,NULL,2,2,0,1,7,0,1,NULL,-1,1,0,1,50
2.021E+11,30,11,2021,18:00:00,5,65,65304,2,1,1,1,Rue Darricau,"434,690,270,000","0,0346540000",2.021E+11,191 839,A01,1,1,0,2,7,15,5,NULL,2.021E+11,254 074,191 840,B01,1,1,1,2,1988,9,1,-1,-1,0,0,-1,2.021E+11,3,943,-1,NULL,2,2,0,1,7,0,1,NULL,-1,1,0,1,50
2.021E+11,1,12,2021,04:15:00,3,67,67302,1,1,1,1,D421,"487,430,170,000","74,051,500,000",2.021E+11,191 832,B01,2,1,0,2,7,1,5,NULL,2.021E+11,254 062,191 832,B01,1,1,2,1,1987,1,0,-1,-1,0,0,-1,2.021E+11,3,421,-1,NULL,2,2,0,1,3,0,1,NULL,-1,2,0,1,80
2.021E+11,1,12,2021,04:15:00,3,67,67302,1,1,1,1,D421,"487,430,170,000","74,051,500,000",2.021E+11,191 832,B01,2,1,0,2,7,1,5,NULL,2.021E+11,254 063,191 833,A01,1,1,1,1,1996,1,1,-1,-1,0,0,-1,2.021E+11,3,421,-1,NULL,2,2,0,1,3,0,1,NULL,-1,2,0,1,80
2.021E+11,1,12,2021,04:15:00,3,67,67302,1,1,1,1,D421,"487,430,170,000","74,051,500,000",2.021E+11,191 832,B01,2,1,0,2,7,1,5,NULL,2.021E+11,254 064,191 833,A01,2,2,1,1,1996,1,1,-1,-1,0,0,-1,2.021E+11,3,421,-1,NULL,2,2,0,1,3,0,1,NULL,-1,2,0,1,80
2.021E+11,29,11,2021,15:15:00,1,56,56110,1,1,1,7,le huern l,"480,356,230,000","-32,508,320,000",2.021E+11,191 819,A01,1,1,0,0,0,1,5,NULL,2.021E+11,254 045,191 819,A01,1,1,2,1,1953,5,2,-1,-1,0,0,-1,2.021E+11,3,782,-1,NULL,2,2,0,1,16,650,1,NULL,-1,1,0,1,80
2.021E+11,1,12,2021,11:28:00,1,52,52250,2,2,3,3,CARREFOUR RUE DE LA GENEVROYE ET SAINT-EXUPÉRY,"484,418,350,000","51,518,690,000",2.021E+11,191 799,B01,2,1,0,2,3,19,5,NULL,2.021E+11,254 021,191 799,B01,1,1,2,1,2008,2,0,-1,-1,0,0,-1,2.021E+11,4,NULL,-1,NULL,2,2,0,2,-1,-1,1,NULL,4,2,0,8,50
2.021E+11,1,12,2021,11:28:00,1,52,52250,2,2,3,3,CARREFOUR RUE DE LA GENEVROYE ET SAINT-EXUPÉRY,"484,418,350,000","51,518,690,000",2.021E+11,191 799,B01,2,1,0,2,3,19,5,NULL,2.021E+11,254 022,191 800,A01,1,1,1,1,1993,0,1,-1,-1,0,0,-1,2.021E+11,4,NULL,-1,NULL,2,2,0,2,-1,-1,1,NULL,4,2,0,8,50
2.021E+11,29,11,2021,09:10:00,1,75,75105,2,1,1,3,RUE GAY LUSSAC,"488,433,800,000","23,425,050,000",2.021E+11,191 716,B01,2,1,0,2,3,18,5,NULL,2.021E+11,253 922,191 715,A01,1,1,1,1,1966,9,1,0,-1,0,0,-1,2.021E+11,4,RUE GAY LUSSAC,0,NULL,2,2,0,1,-1,-1,1,NULL,-1,1,0,1,30
2.021E+11,29,11,2021,09:10:00,1,75,75105,2,1,1,3,RUE GAY LUSSAC,"488,433,800,000","23,425,050,000",2.021E+11,191 716,B01,2,1,0,2,3,18,5,NULL,2.021E+11,253 923,191 716,B01,1,1,4,1,1992,9,2,0,-1,0,0,-1,2.021E+11,4,RUE GAY LUSSAC,0,NULL,2,2,0,1,-1,-1,1,NULL,-1,1,0,1,30
2.021E+11,29,11,2021,12:15:00,1,75,75118,2,4,1,3,BOULEVARD DE LA CHAPELLE,"488,842,980,000","23,554,830,000",2.021E+11,191 712,B01,1,1,0,2,3,9,5,NULL,2.021E+11,253 917,191 711,A01,1,1,1,1,1994,9,2,6,-1,0,0,-1,2.021E+11,4,BOULEVARD DE LA CHAPELLE,0,NULL,1,3,1,2,-1,-1,1,NULL,-1,1,0,1,30
2.021E+11,29,11,2021,12:15:00,1,75,75118,2,4,1,3,BOULEVARD DE LA CHAPELLE,"488,842,980,000","23,554,830,000",2.021E+11,191 712,B01,1,1,0,2,3,9,5,NULL,2.021E+11,253 918,191 712,B01,1,1,4,2,1996,9,0,0,-1,0,0,-1,2.021E+11,4,BOULEVARD DE LA CHAPELLE,0,NULL,1,3,1,2,-1,-1,1,NULL,-1,1,0,1,30
2.021E+11,29,11,2021,11:45:00,1,75,75118,2,4,1,6,RUE SIMART,"488,912,750,000","23,473,680,000",2.021E+11,191 710,A01,1,1,0,1,2,1,5,NULL,2.021E+11,253 915,191 710,A01,10,3,4,2,1962,9,0,-1,-1,2,3,1,2.021E+11,4,RUE SIMART,0,NULL,1,1,1,1,-1,-1,1,NULL,-1,1,0,5,30
2.021E+11,29,11,2021,11:45:00,1,75,75118,2,4,1,6,RUE SIMART,"488,912,750,000","23,473,680,000",2.021E+11,191 710,A01,1,1,0,1,2,1,5,NULL,2.021E+11,253 916,191 710,A01,1,1,1,1,1998,1,8,0,-1,0,0,-1,2.021E+11,4,RUE SIMART,0,NULL,1,1,1,1,-1,-1,1,NULL,-1,1,0,5,30
2.021E+11,29,11,2021,19:35:00,5,75,75115,2,2,1,3,QUAI ANDRE CITROEN,"488,460,770,000","22,769,220,000",2.021E+11,191 704,B01,3,1,0,2,8,19,5,NULL,2.021E+11,253 909,191 704,B01,1,1,4,1,1984,1,2,0,-1,0,0,-1,2.021E+11,4,QUAI ANDRE CITROEN,0,NULL,2,3,1,1,-1,-1,1,NULL,-1,1,0,5,30
2.021E+11,29,11,2021,19:35:00,5,75,75115,2,2,1,3,QUAI ANDRE CITROEN,"488,460,770,000","22,769,220,000",2.021E+11,191 704,B01,3,1,0,2,8,19,5,NULL,2.021E+11,253 910,191 705,A01,1,1,1,1,2002,1,2,6,-1,0,0,-1,2.021E+11,4,QUAI ANDRE CITROEN,0,NULL,2,3,1,1,-1,-1,1,NULL,-1,1,0,5,30
2.021E+11,29,11,2021,15:00:00,1,75,75109,2,1,1,3,BOULEVARD DE CLICHY,"488,842,020,000","23,304,230,000",2.021E+11,191 692,B01,3,1,0,2,8,19,5,NULL,2.021E+11,253 896,191 692,B01,1,1,4,2,2002,5,2,0,-1,0,0,-1,2.021E+11,4,BOULEVARD DE CLICHY,0,NULL,1,2,3,1,-1,-1,1,NULL,-1,1,0,6,30
2.021E+11,29,11,2021,15:00:00,1,75,75109,2,1,1,3,BOULEVARD DE CLICHY,"488,842,020,000","23,304,230,000",2.021E+11,191 692,B01,3,1,0,2,8,19,5,NULL,2.021E+11,253 897,191 693,A01,1,1,1,1,1996,4,2,6,-1,0,0,-1,2.021E+11,4,BOULEVARD DE CLICHY,0,NULL,1,2,3,1,-1,-1,1,NULL,-1,1,0,6,30
2.021E+11,29,11,2021,08:10:00,1,75,75107,2,2,1,3,RUE SAINT DOMINIQUE,"488,599,650,000","23,148,380,000",2.021E+11,191 687,A01,1,1,0,2,0,1,5,NULL,2.021E+11,253 890,191 687,A01,1,1,1,1,2000,2,8,0,-1,0,0,-1,2.021E+11,4,RUE SAINT DOMINIQUE,0,NULL,1,1,2,1,-1,-1,1,NULL,-1,1,0,5,30
2.021E+11,29,11,2021,08:10:00,1,75,75107,2,2,1,3,RUE SAINT DOMINIQUE,"488,599,650,000","23,148,380,000",2.021E+11,191 687,A01,1,1,0,2,0,1,5,NULL,2.021E+11,253 891,191 688,B01,1,1,4,2,1978,1,2,6,-1,0,0,-1,2.021E+11,4,RUE SAINT DOMINIQUE,0,NULL,1,1,2,1,-1,-1,1,NULL,-1,1,0,5,30
2.021E+11,24,11,2021,16:45:00,3,57,57505,1,1,1,2,D45,"487,021,810,000","71,199,350,000",2.021E+11,191 638,B01,1,1,0,0,4,1,5,NULL,2.021E+11,253 817,191 637,A01,1,1,1,1,1986,1,1,-1,-1,0,0,-1,2.021E+11,3,45,-1,NULL,2,2,0,1,5,650,1,NULL,-1,1,0,1,80
2.021E+11,24,11,2021,16:45:00,3,57,57505,1,1,1,2,D45,"487,021,810,000","71,199,350,000",2.021E+11,191 638,B01,1,1,0,0,4,1,5,NULL,2.021E+11,253 818,191 638,B01,1,1,3,2,1989,1,2,-1,-1,0,0,-1,2.021E+11,3,45,-1,NULL,2,2,0,1,5,650,1,NULL,-1,1,0,1,80
2.021E+11,30,11,2021,12:00:00,1,5,5087,1,3,1,2,D994,"445,517,780,000","58,645,910,000",2.021E+11,191 625,A01,1,1,0,2,2,15,5,NULL,2.021E+11,253 799,191 624,B01,1,1,1,2,1959,5,1,-1,-1,0,0,-1,2.021E+11,3,994,0,NULL,2,2,0,1,48,450,1,NULL,-1,1,5,1,90
2.021E+11,30,11,2021,12:00:00,1,5,5087,1,3,1,2,D994,"445,517,780,000","58,645,910,000",2.021E+11,191 625,A01,1,1,0,2,2,15,5,NULL,2.021E+11,253 800,191 625,A01,1,1,3,2,1969,0,0,-1,-1,0,0,-1,2.021E+11,3,994,0,NULL,2,2,0,1,48,450,1,NULL,-1,1,5,1,90
2.021E+11,29,11,2021,12:00:00,1,59,59601,2,2,7,3,Rue Chartiaux,"500,566,841,238","41,022,158,676",2.021E+11,191 420,B01,3,1,0,2,1,1,5,NULL,2.021E+11,253 525,191 419,A01,1,1,1,2,1962,0,1,-1,-1,0,0,-1,2.021E+11,4,NULL,-1,NULL,2,2,0,1,-1,-1,1,NULL,5,1,9,1,50
2.021E+11,29,11,2021,12:00:00,1,59,59601,2,2,7,3,Rue Chartiaux,"500,566,841,238","41,022,158,676",2.021E+11,191 420,B01,3,1,0,2,1,1,5,NULL,2.021E+11,253 526,191 420,B01,1,1,3,2,1978,0,0,-1,-1,0,0,-1,2.021E+11,4,NULL,-1,NULL,2,2,0,1,-1,-1,1,NULL,5,1,9,1,50
2.021E+11,26,11,2021,08:30:00,1,91,91027,2,9,8,3,AV JEAN PIERRE BENARD,"487,130,400,000","23,782,500,000",2.021E+11,191 269,B01,2,1,0,2,1,9,0,NULL,2.021E+11,253 325,191 268,A01,1,1,1,1,1989,4,1,0,-1,-1,-1,-1,2.021E+11,3,AV JEAN PIERRE BENARD,0,NULL,1,4,0,1,0,0,1,NULL,-1,1,5,1,50
2.021E+11,26,11,2021,08:30:00,1,91,91027,2,9,8,3,AV JEAN PIERRE BENARD,"487,130,400,000","23,782,500,000",2.021E+11,191 269,B01,2,1,0,2,1,9,0,NULL,2.021E+11,253 326,191 269,B01,1,1,4,1,2007,2,1,0,-1,-1,-1,-1,2.021E+11,3,AV JEAN PIERRE BENARD,0,NULL,1,4,0,1,0,0,1,NULL,-1,1,5,1,50
2.021E+11,21,11,2021,11:50:00,1,78,78015,2,9,2,1,ECLUSE (QUAI DE L'),"489,635,430,000","20,461,670,000",2.021E+11,191 250,A01,0,1,0,2,1,5,0,NULL,2.021E+11,253 298,191 249,B01,1,1,4,1,1973,5,2,6,-1,-1,-1,-1,2.021E+11,4,ECLUSE (QUAI DE L'),0,NULL,2,0,0,1,-1,-1,1,NULL,-1,2,9,1,30
2.021E+11,21,11,2021,11:50:00,1,78,78015,2,9,2,1,ECLUSE (QUAI DE L'),"489,635,430,000","20,461,670,000",2.021E+11,191 249,B01,0,1,0,2,1,5,0,NULL,2.021E+11,253 298,191 249,B01,1,1,4,1,1973,5,2,6,-1,-1,-1,-1,2.021E+11,4,ECLUSE (QUAI DE L'),0,NULL,2,0,0,1,-1,-1,1,NULL,-1,2,9,1,30
2.021E+11,21,11,2021,11:50:00,1,78,78015,2,9,2,1,ECLUSE (QUAI DE L'),"489,635,430,000","20,461,670,000",2.021E+11,191 250,A01,0,1,0,2,1,5,0,NULL,2.021E+11,253 299,191 250,A01,1,1,4,1,1950,5,2,6,-1,-1,-1,-1,2.021E+11,4,ECLUSE (QUAI DE L'),0,NULL,2,0,0,1,-1,-1,1,NULL,-1,2,9,1,30
2.021E+11,21,11,2021,11:50:00,1,78,78015,2,9,2,1,ECLUSE (QUAI DE L'),"489,635,430,000","20,461,670,000",2.021E+11,191 249,B01,0,1,0,2,1,5,0,NULL,2.021E+11,253 299,191 250,A01,1,1,4,1,1950,5,2,6,-1,-1,-1,-1,2.021E+11,4,ECLUSE (QUAI DE L'),0,NULL,2,0,0,1,-1,-1,1,NULL,-1,2,9,1,30
2.021E+11,26,11,2021,20:35:00,5,77,77296,2,6,2,3,D57,"486,290,000,000","25,731,100,000",2.021E+11,191 245,B01,3,1,0,2,5,16,5,NULL,2.021E+11,253 292,191 244,A01,1,1,1,1,1976,0,1,0,-1,-1,-1,-1,2.021E+11,3,RD 57,0,NULL,2,2,0,1,25,461,2,NULL,-1,2,5,1,50
2.021E+11,26,11,2021,20:35:00,5,77,77296,2,6,2,3,D57,"486,290,000,000","25,731,100,000",2.021E+11,191 245,B01,3,1,0,2,5,16,5,NULL,2.021E+11,253 293,191 245,B01,1,1,4,1,1990,1,8,0,-1,-1,-1,-1,2.021E+11,3,RD 57,0,NULL,2,2,0,1,25,461,2,NULL,-1,2,5,1,50
2.021E+11,26,11,2021,20:45:00,5,64,64269,2,1,2,2,BEARN DU,"433,010,300,000"," -0,3066500000",2.021E+11,191 223,A01,3,1,0,2,7,2,5,NULL,2.021E+11,253 265,191 223,A01,1,1,4,1,1996,1,8,0,-1,-1,-1,-1,2.021E+11,4,BEARN DU,0,NULL,2,2,0,1,0,0,1,NULL,-1,2,9,8,50
2.021E+11,26,11,2021,20:45:00,5,64,64269,2,1,2,2,BEARN DU,"433,010,300,000"," -0,3066500000",2.021E+11,191 223,A01,3,1,0,2,7,2,5,NULL,2.021E+11,253 266,191 224,Z01,1,1,1,-1,NULL,-1,-1,-1,-1,-1,-1,-1,2.021E+11,4,BEARN DU,0,NULL,2,2,0,1,0,0,1,NULL,-1,2,9,8,50
2.021E+11,24,11,2021,15:20:00,1,64,64102,2,1,1,3,JUIN (AVENUE DU MARECHAL),"434,904,300,000","-14,614,600,000",2.021E+11,191 218,B01,3,1,0,2,1,1,5,NULL,2.021E+11,253 259,191 218,B01,1,1,4,2,1946,5,8,0,-1,-1,-1,-1,2.021E+11,4,JUIN (AVENUE DU MARECHAL),0,NULL,3,2,2,1,0,0,1,NULL,-1,1,9,5,30
2.021E+11,24,11,2021,15:20:00,1,64,64102,2,1,1,3,JUIN (AVENUE DU MARECHAL),"434,904,300,000","-14,614,600,000",2.021E+11,191 218,B01,3,1,0,2,1,1,5,NULL,2.021E+11,253 260,191 219,A01,1,1,1,2,2003,5,1,0,-1,-1,-1,-1,2.021E+11,4,JUIN (AVENUE DU MARECHAL),0,NULL,3,2,2,1,0,0,1,NULL,-1,1,9,5,30
2.021E+11,25,11,2021,20:00:00,5,63,63075,2,1,1,3,CLAUSSAT (AVENUE JOSEPH),"457,803,900,000","30,629,500,000",2.021E+11,191 216,A01,3,1,0,2,1,1,5,NULL,2.021E+11,253 255,191 215,B01,1,1,1,1,1986,0,1,0,-1,0,0,-1,2.021E+11,7,CLAUSSAT (AVENUE JOSEPH),0,NULL,2,2,0,1,-1,-1,1,NULL,-1,1,0,1,50
2.021E+11,25,11,2021,20:00:00,5,63,63075,2,1,1,3,CLAUSSAT (AVENUE JOSEPH),"457,803,900,000","30,629,500,000",2.021E+11,191 216,A01,3,1,0,2,1,1,5,NULL,2.021E+11,253 256,191 216,A01,1,1,4,1,1989,0,8,0,-1,0,0,-1,2.021E+11,7,CLAUSSAT (AVENUE JOSEPH),0,NULL,2,2,0,1,-1,-1,1,NULL,-1,1,0,1,50