Num_Acc,jour,mois,an,hrmn,lum,dep,com,agg,int,atm,col,adr,lat,long,Num_Acc,id_vehicule,num_veh,senc,catv,obs,obsm,choc,manv,motor,occutc,Num_Acc,id_usager,id_vehicule,num_veh,place,catu,grav,sexe,an_nais,trajet,secu1,secu2,secu3,locp,actp,etatp,Num_Acc,catr,voie,v1,v2,circ,nbv,vosp,prof,pr,pr1,plan,lartpc,larrout,surf,infra,situ,vma
2.021E+11,26,11,2021,08:15:00,2,59,59017,2,1,1,6,LILLE (RUE DE ),"506,843,581,454","28,807,246,685",2.021E+11,191 201,B01,2,1,1,0,1,1,5,NULL,2.021E+11,253 235,191 200,A01,1,1,1,2,1940,3,8,0,-1,-1,-1,-1,2.021E+11,4,LILLE (RUE DE ),0,NULL,2,2,0,1,-1,-1,1,NULL,-1,1,0,1,50
2.021E+11,26,11,2021,08:15:00,2,59,59017,2,1,1,6,LILLE (RUE DE ),"506,843,581,454","28,807,246,685",2.021E+11,191 201,B01,2,1,1,0,1,1,5,NULL,2.021E+11,253 236,191 201,B01,1,1,3,1,2003,2,8,0,-1,-1,-1,-1,2.021E+11,4,LILLE (RUE DE ),0,NULL,2,2,0,1,-1,-1,1,NULL,-1,1,0,1,50
2.021E+11,26,11,2021,20:40:00,5,56,56162,2,1,1,7,Route du Fort Bloqué,"477,326,500,000","-34,840,700,000",2.021E+11,191 195,A01,1,1,14,0,1,13,5,NULL,2.021E+11,253 228,191 195,A01,1,1,4,1,1984,1,2,8,-1,-1,-1,-1,2.021E+11,3,162E,0,NULL,2,2,0,1,2,500,1,NULL,-1,9,0,3,50
2.021E+11,24,11,2021,16:35:00,2,54,54197,1,1,1,3,LUPCOURT (ROUTE DE),"486,262,020,297","62,181,188,076",2.021E+11,191 184,A01,1,1,0,2,1,26,5,NULL,2.021E+11,253 212,191 184,A01,1,1,4,1,1946,5,2,0,-1,0,0,-1,2.021E+11,7,LUPCOURT (ROUTE DE),0,NULL,2,2,0,3,-1,-1,1,NULL,-1,1,0,1,70
2.021E+11,24,11,2021,16:35:00,2,54,54197,1,1,1,3,LUPCOURT (ROUTE DE),"486,262,020,297","62,181,188,076",2.021E+11,191 184,A01,1,1,0,2,1,26,5,NULL,2.021E+11,253 213,191 185,B01,1,1,1,1,1967,0,1,0,-1,0,0,-1,2.021E+11,7,LUPCOURT (ROUTE DE),0,NULL,2,2,0,3,-1,-1,1,NULL,-1,1,0,1,70
2.021E+11,24,11,2021,10:10:00,1,37,37261,2,3,1,3,CHEVALLIER (RUE AUGUSTE),"473,757,735,328","0,6791245937",2.021E+11,191 161,B01,3,1,0,2,1,1,5,NULL,2.021E+11,253 177,191 161,B01,1,1,3,2,1946,3,8,8,-1,-1,-1,-1,2.021E+11,4,CHEVALLIER (RUE AUGUSTE),0,NULL,2,5,2,2,-1,-1,1,NULL,-1,1,5,1,50
2.021E+11,24,11,2021,10:10:00,1,37,37261,2,3,1,3,CHEVALLIER (RUE AUGUSTE),"473,757,735,328","0,6791245937",2.021E+11,191 161,B01,3,1,0,2,1,1,5,NULL,2.021E+11,253 178,191 162,A01,1,1,1,2,1960,5,1,0,-1,-1,-1,-1,2.021E+11,4,CHEVALLIER (RUE AUGUSTE),0,NULL,2,5,2,2,-1,-1,1,NULL,-1,1,5,1,50
2.021E+11,26,11,2021,10:35:00,1,34,34172,2,3,1,3,PROGRES (RUE DU),"436,114,100,000","38,626,200,000",2.021E+11,191 152,B01,3,1,0,2,0,0,5,NULL,2.021E+11,253 159,191 152,B01,1,1,3,1,1958,3,2,0,-1,-1,-1,-1,2.021E+11,4,PROGRES (RUE DU),0,NULL,1,1,0,1,-1,-1,1,NULL,-1,2,0,1,30
2.021E+11,26,11,2021,10:35:00,1,34,34172,2,3,1,3,PROGRES (RUE DU),"436,114,100,000","38,626,200,000",2.021E+11,191 152,B01,3,1,0,2,0,0,5,NULL,2.021E+11,253 160,191 153,Z01,1,1,1,-1,NULL,-1,-1,-1,-1,-1,-1,-1,2.021E+11,4,PROGRES (RUE DU),0,NULL,1,1,0,1,-1,-1,1,NULL,-1,2,0,1,30
2.021E+11,26,11,2021,20:45:00,5,31,31555,2,1,1,3,AV DE GRANDE BRETAGNE,"435,990,600,000","14,171,300,000",2.021E+11,191 139,B01,3,1,0,2,8,1,5,NULL,2.021E+11,253 142,191 138,A01,1,1,1,1,1971,0,1,0,-1,-1,-1,-1,2.021E+11,4,AV DE GRANDE BRETAGNE,0,NULL,2,3,1,1,-1,-1,1,NULL,-1,1,9,5,50
2.021E+11,26,11,2021,20:45:00,5,31,31555,2,1,1,3,AV DE GRANDE BRETAGNE,"435,990,600,000","14,171,300,000",2.021E+11,191 139,B01,3,1,0,2,8,1,5,NULL,2.021E+11,253 143,191 139,B01,1,1,4,1,1990,0,8,0,-1,-1,-1,-1,2.021E+11,4,AV DE GRANDE BRETAGNE,0,NULL,2,3,1,1,-1,-1,1,NULL,-1,1,9,5,50
2.021E+11,27,11,2021,13:45:00,1,27,27229,2,1,2,3,BUFFARDIERE (BOULEVARD DE LA),"490,215,500,000","11,408,300,000",2.021E+11,191 131,B01,0,1,0,2,3,1,5,NULL,2.021E+11,253 134,191 130,A01,1,1,1,-1,NULL,-1,-1,-1,-1,-1,-1,-1,2.021E+11,4,BUFFARDIERE (BOULEVARD DE LA),0,NULL,2,2,0,1,-1,-1,1,NULL,-1,2,0,1,50
2.021E+11,27,11,2021,13:45:00,1,27,27229,2,1,2,3,BUFFARDIERE (BOULEVARD DE LA),"490,215,500,000","11,408,300,000",2.021E+11,191 131,B01,0,1,0,2,3,1,5,NULL,2.021E+11,253 135,191 131,B01,1,1,4,1,2006,5,2,6,-1,0,0,-1,2.021E+11,4,BUFFARDIERE (BOULEVARD DE LA),0,NULL,2,2,0,1,-1,-1,1,NULL,-1,2,0,1,50
2.021E+11,26,11,2021,19:25:00,5,17,17300,2,2,3,3,JOFFRE   BOULEVARD (27-77 et 2-1),"461,579,560,000","-11,423,250,000",2.021E+11,191 125,A01,3,1,0,2,3,9,5,NULL,2.021E+11,253 128,191 124,B01,1,1,3,1,1961,0,0,0,-1,-1,-1,-1,2.021E+11,4,JOFFRE   BOULEVARD (27-77 et 2-1),0,NULL,2,2,0,1,-1,-1,1,NULL,-1,2,5,1,50
2.021E+11,26,11,2021,19:25:00,5,17,17300,2,2,3,3,JOFFRE   BOULEVARD (27-77 et 2-1),"461,579,560,000","-11,423,250,000",2.021E+11,191 124,B01,3,1,0,2,3,9,5,NULL,2.021E+11,253 128,191 124,B01,1,1,3,1,1961,0,0,0,-1,-1,-1,-1,2.021E+11,4,JOFFRE   BOULEVARD (27-77 et 2-1),0,NULL,2,2,0,1,-1,-1,1,NULL,-1,2,5,1,50
2.021E+11,26,11,2021,19:25:00,5,17,17300,2,2,3,3,JOFFRE   BOULEVARD (27-77 et 2-1),"461,579,560,000","-11,423,250,000",2.021E+11,191 125,A01,3,1,0,2,3,9,5,NULL,2.021E+11,253 129,191 125,A01,1,1,1,1,1975,0,0,0,-1,-1,-1,-1,2.021E+11,4,JOFFRE   BOULEVARD (27-77 et 2-1),0,NULL,2,2,0,1,-1,-1,1,NULL,-1,2,5,1,50
2.021E+11,26,11,2021,19:25:00,5,17,17300,2,2,3,3,JOFFRE   BOULEVARD (27-77 et 2-1),"461,579,560,000","-11,423,250,000",2.021E+11,191 124,B01,3,1,0,2,3,9,5,NULL,2.021E+11,253 129,191 125,A01,1,1,1,1,1975,0,0,0,-1,-1,-1,-1,2.021E+11,4,JOFFRE   BOULEVARD (27-77 et 2-1),0,NULL,2,2,0,1,-1,-1,1,NULL,-1,2,5,1,50
2.021E+11,27,11,2021,17:55:00,5,13,13208,2,9,1,3,MAZARGUES (AVENUE DE),"432,608,600,000","53,938,200,000",2.021E+11,191 119,B01,3,1,0,2,7,19,5,NULL,2.021E+11,253 120,191 118,A01,1,1,1,1,1958,5,1,8,-1,-1,-1,-1,2.021E+11,4,MAZARGUES (AVENUE DE),0,NULL,-1,2,0,1,0,0,1,NULL,-1,1,0,1,50
2.021E+11,27,11,2021,17:55:00,5,13,13208,2,9,1,3,MAZARGUES (AVENUE DE),"432,608,600,000","53,938,200,000",2.021E+11,191 119,B01,3,1,0,2,7,19,5,NULL,2.021E+11,253 121,191 119,B01,1,1,4,1,1940,5,8,0,-1,-1,-1,-1,2.021E+11,4,MAZARGUES (AVENUE DE),0,NULL,-1,2,0,1,0,0,1,NULL,-1,1,0,1,50
2.021E+11,27,11,2021,21:30:00,5,75,75115,2,2,2,2,RUE DE LA CONVENTION,"488,399,780,000","22,903,630,000",2.021E+11,191 085,A01,2,1,0,2,1,2,5,NULL,2.021E+11,253 077,191 085,A01,1,1,4,1,2001,4,8,0,-1,0,0,-1,2.021E+11,4,RUE DE LA CONVENTION,0,NULL,2,2,0,1,-1,-1,1,NULL,-1,2,0,1,30
2.021E+11,27,11,2021,21:30:00,5,75,75115,2,2,2,2,RUE DE LA CONVENTION,"488,399,780,000","22,903,630,000",2.021E+11,191 085,A01,2,1,0,2,1,2,5,NULL,2.021E+11,253 078,191 086,B01,1,1,1,1,1999,5,1,0,-1,0,0,-1,2.021E+11,4,RUE DE LA CONVENTION,0,NULL,2,2,0,1,-1,-1,1,NULL,-1,2,0,1,30
2.021E+11,27,11,2021,11:45:00,1,75,75111,2,2,2,3,BOULEVARD VOLTAIRE,"488,660,150,000","23,663,290,000",2.021E+11,191 080,A01,1,1,0,2,3,1,5,NULL,2.021E+11,253 071,191 080,A01,1,1,4,2,1959,9,2,0,-1,0,0,-1,2.021E+11,4,BOULEVARD VOLTAIRE,0,NULL,2,2,1,1,-1,-1,1,NULL,-1,2,0,5,30
2.021E+11,27,11,2021,11:45:00,1,75,75111,2,2,2,3,BOULEVARD VOLTAIRE,"488,660,150,000","23,663,290,000",2.021E+11,191 080,A01,1,1,0,2,3,1,5,NULL,2.021E+11,253 072,191 081,B01,1,1,1,1,1970,4,1,0,-1,0,0,-1,2.021E+11,4,BOULEVARD VOLTAIRE,0,NULL,2,2,1,1,-1,-1,1,NULL,-1,2,0,5,30
2.021E+11,27,11,2021,11:45:00,1,75,75111,2,2,2,3,BOULEVARD VOLTAIRE,"488,660,150,000","23,663,290,000",2.021E+11,191 080,A01,1,1,0,2,3,1,5,NULL,2.021E+11,253 073,191 081,B01,2,2,1,2,1987,9,0,0,-1,0,0,-1,2.021E+11,4,BOULEVARD VOLTAIRE,0,NULL,2,2,1,1,-1,-1,1,NULL,-1,2,0,5,30
2.021E+11,26,11,2021,22:25:00,5,75,75110,2,2,2,3,RUE DU FAUBOURG SAINT MARTIN,"488,838,750,000","23,685,860,000",2.021E+11,191 078,A01,2,1,0,2,9,18,5,NULL,2.021E+11,253 069,191 078,A01,1,1,4,2,1992,9,8,0,-1,0,0,-1,2.021E+11,4,RUE DU FAUBOURG SAINT MARTIN,0,NULL,2,4,0,1,-1,-1,1,NULL,-1,2,0,1,30
2.021E+11,26,11,2021,22:25:00,5,75,75110,2,2,2,3,RUE DU FAUBOURG SAINT MARTIN,"488,838,750,000","23,685,860,000",2.021E+11,191 078,A01,2,1,0,2,9,18,5,NULL,2.021E+11,253 070,191 079,B01,1,1,1,2,1974,1,1,8,-1,0,0,-1,2.021E+11,4,RUE DU FAUBOURG SAINT MARTIN,0,NULL,2,4,0,1,-1,-1,1,NULL,-1,2,0,1,30
2.021E+11,28,11,2021,00:10:00,3,74,74010,2,4,2,3,12 Rue Centrale,"459,065,278,762","61,465,799,510",2.021E+11,191 013,A01,1,1,0,2,1,1,5,NULL,2.021E+11,252 986,191 013,A01,1,1,3,1,1998,5,0,-1,-1,0,0,-1,2.021E+11,4,0,0,C,2,1,0,1,0,0,2,NULL,-1,2,6,1,30
2.021E+11,28,11,2021,00:10:00,3,74,74010,2,4,2,3,12 Rue Centrale,"459,065,278,762","61,465,799,510",2.021E+11,191 013,A01,1,1,0,2,1,1,5,NULL,2.021E+11,252 987,191 014,B01,1,1,1,1,1992,5,1,-1,-1,0,0,-1,2.021E+11,4,0,0,C,2,1,0,1,0,0,2,NULL,-1,2,6,1,30
2.021E+11,27,11,2021,18:30:00,3,49,49035,1,3,2,2,D111,"474,339,410,000"," -0,6140570000",2.021E+11,190 961,B01,3,1,0,2,6,2,5,NULL,2.021E+11,252 909,190 960,A01,1,1,1,1,1948,5,1,-1,-1,0,0,-1,2.021E+11,3,111,0,D,2,2,0,1,5,40,2,NULL,-1,2,5,1,80
2.021E+11,27,11,2021,18:30:00,3,49,49035,1,3,2,2,D111,"474,339,410,000"," -0,6140570000",2.021E+11,190 961,B01,3,1,0,2,6,2,5,NULL,2.021E+11,252 910,190 961,B01,1,1,3,1,1979,5,4,0,-1,0,0,-1,2.021E+11,3,111,0,D,2,2,0,1,5,40,2,NULL,-1,2,5,1,80
2.021E+11,26,11,2021,13:40:00,1,75,75119,2,7,2,3,PLACE AUGUSTE BARON,"489,006,190,000","23,869,620,000",2.021E+11,190 909,B01,3,1,0,2,8,1,5,NULL,2.021E+11,252 846,190 909,B01,1,1,4,1,1988,4,8,0,-1,0,0,-1,2.021E+11,4,PLACE AUGUSTE BARON,0,NULL,2,4,0,1,-1,-1,2,NULL,-1,2,0,1,30
2.021E+11,26,11,2021,13:40:00,1,75,75119,2,7,2,3,PLACE AUGUSTE BARON,"489,006,190,000","23,869,620,000",2.021E+11,190 909,B01,3,1,0,2,8,1,5,NULL,2.021E+11,252 847,190 910,A01,1,1,1,1,1951,5,1,0,-1,0,0,-1,2.021E+11,4,PLACE AUGUSTE BARON,0,NULL,2,4,0,1,-1,-1,2,NULL,-1,2,0,1,30
2.021E+11,26,11,2021,12:55:00,1,75,75119,2,2,2,3,BOULEVARD DE LA VILLETTE,"488,841,790,000","23,685,950,000",2.021E+11,190 906,A01,1,1,0,2,6,18,5,NULL,2.021E+11,252 842,190 905,B01,1,1,4,2,1985,5,2,6,-1,0,0,-1,2.021E+11,4,BOULEVARD DE LA VILLETTE,0,NULL,1,0,0,1,-1,-1,3,NULL,-1,2,0,1,30
2.021E+11,26,11,2021,12:55:00,1,75,75119,2,2,2,3,BOULEVARD DE LA VILLETTE,"488,841,790,000","23,685,950,000",2.021E+11,190 906,A01,1,1,0,2,6,18,5,NULL,2.021E+11,252 843,190 906,A01,1,1,4,1,1994,4,8,0,-1,0,0,-1,2.021E+11,4,BOULEVARD DE LA VILLETTE,0,NULL,1,0,0,1,-1,-1,3,NULL,-1,2,0,1,30
2.021E+11,26,11,2021,14:30:00,1,75,75115,2,7,2,7,PLACE CAMBRONNE,"488,480,210,000","23,017,230,000",2.021E+11,190 902,A01,2,1,0,0,1,1,5,NULL,2.021E+11,252 837,190 902,A01,1,1,4,1,2006,2,8,0,-1,0,0,-1,2.021E+11,4,PLACE CAMBRONNE,0,NULL,1,0,0,1,-1,-1,1,NULL,-1,2,0,1,30
2.021E+11,25,11,2021,09:50:00,1,75,75104,2,2,1,3,QUAI DE L HOTEL DE VILLE,"488,560,740,000","23,506,880,000",2.021E+11,190 893,B01,3,1,0,2,8,5,5,NULL,2.021E+11,252 823,190 892,A01,1,1,1,1,1998,1,8,0,-1,0,0,-1,2.021E+11,4,QUAI DE L HOTEL DE VILLE,0,NULL,2,4,2,1,-1,-1,1,NULL,-1,1,0,1,30
2.021E+11,25,11,2021,09:50:00,1,75,75104,2,2,1,3,QUAI DE L HOTEL DE VILLE,"488,560,740,000","23,506,880,000",2.021E+11,190 893,B01,3,1,0,2,8,5,5,NULL,2.021E+11,252 824,190 893,B01,1,1,4,2,1954,1,8,0,-1,0,0,-1,2.021E+11,4,QUAI DE L HOTEL DE VILLE,0,NULL,2,4,2,1,-1,-1,1,NULL,-1,1,0,1,30
2.021E+11,26,11,2021,07:56:00,2,93,93051,2,3,1,3,MONT D'EST (BD),"488,400,400,000","25,419,500,000",2.021E+11,190 867,B01,3,1,0,2,7,19,5,NULL,2.021E+11,252 791,190 866,A01,1,1,1,2,1972,1,1,0,-1,-1,-1,-1,2.021E+11,3,MONT D'EST (BD),0,NULL,3,5,0,1,0,1,1,NULL,-1,1,0,1,50
2.021E+11,26,11,2021,07:56:00,2,93,93051,2,3,1,3,MONT D'EST (BD),"488,400,400,000","25,419,500,000",2.021E+11,190 867,B01,3,1,0,2,7,19,5,NULL,2.021E+11,252 792,190 867,B01,1,1,2,1,1965,5,8,0,-1,-1,-1,-1,2.021E+11,3,MONT D'EST (BD),0,NULL,3,5,0,1,0,1,1,NULL,-1,1,0,1,50
2.021E+11,26,11,2021,19:45:00,5,92,92046,2,2,2,3,PAIX (AVENUE DE LA),"488,142,144,813","22,782,656,550",2.021E+11,190 856,B01,3,1,0,2,7,1,6,NULL,2.021E+11,252 780,190 856,B01,1,1,4,1,1965,0,2,0,-1,-1,-1,-1,2.021E+11,3,PAIX (AVENUE DE LA),0,NULL,3,2,0,1,0,0,1,NULL,-1,2,0,1,30
2.021E+11,26,11,2021,19:45:00,5,92,92046,2,2,2,3,PAIX (AVENUE DE LA),"488,142,144,813","22,782,656,550",2.021E+11,190 856,B01,3,1,0,2,7,1,6,NULL,2.021E+11,252 781,190 857,A01,1,1,1,1,1970,9,8,0,-1,-1,-1,-1,2.021E+11,3,PAIX (AVENUE DE LA),0,NULL,3,2,0,1,0,0,1,NULL,-1,2,0,1,30
2.021E+11,25,11,2021,15:40:00,1,35,35070,2,4,7,3,6 Rue de l Aunaie,"485,569,440,000","-19,301,390,000",2.021E+11,190 828,B01,2,1,0,0,6,1,5,NULL,2.021E+11,252 741,190 828,B01,1,1,3,1,1952,5,2,-1,-1,0,0,-1,2.021E+11,3,74,-1,NULL,2,2,0,2,6,660,1,NULL,4,1,0,1,50
2.021E+11,25,11,2021,15:40:00,1,35,35070,2,4,7,3,6 Rue de l Aunaie,"485,569,440,000","-19,301,390,000",2.021E+11,190 828,B01,2,1,0,0,6,1,5,NULL,2.021E+11,252 742,190 829,A01,1,1,1,1,1953,5,1,-1,-1,0,0,-1,2.021E+11,3,74,-1,NULL,2,2,0,2,6,660,1,NULL,4,1,0,1,50
2.021E+11,27,11,2021,15:20:00,1,44,44184,2,2,7,1,Rue de Pornichet,"472,678,370,000","-22,220,170,000",2.021E+11,190 797,B01,0,1,0,2,1,1,5,NULL,2.021E+11,252 697,190 796,A01,1,1,1,1,1946,5,1,-1,-1,0,0,-1,2.021E+11,4,0,0,A,2,2,0,1,0,0,1,NULL,-1,2,5,1,50
2.021E+11,27,11,2021,15:20:00,1,44,44184,2,2,7,1,Rue de Pornichet,"472,678,370,000","-22,220,170,000",2.021E+11,190 797,B01,0,1,0,2,1,1,5,NULL,2.021E+11,252 698,190 797,B01,1,1,4,1,2003,5,0,-1,-1,0,0,-1,2.021E+11,4,0,0,A,2,2,0,1,0,0,1,NULL,-1,2,5,1,50
2.021E+11,17,11,2021,12:40:00,1,69,69387,2,1,1,6,JEAN JAURES (AV),"457,417,500,000","48,398,100,000",2.021E+11,190 706,A01,1,1,0,1,1,1,5,NULL,2.021E+11,252 565,190 706,A01,10,3,1,1,1983,9,0,-1,-1,1,3,1,2.021E+11,4,JEAN JAURES                         (AV),0,NULL,2,2,2,1,-1,-1,1,NULL,-1,1,0,1,50
2.021E+11,17,11,2021,12:40:00,1,69,69387,2,1,1,6,JEAN JAURES (AV),"457,417,500,000","48,398,100,000",2.021E+11,190 706,A01,1,1,0,1,1,1,5,NULL,2.021E+11,252 566,190 706,A01,1,1,4,2,1988,1,2,-1,-1,-1,-1,-1,2.021E+11,4,JEAN JAURES                         (AV),0,NULL,2,2,2,1,-1,-1,1,NULL,-1,1,0,1,50
2.021E+11,25,11,2021,17:36:00,5,78,78440,2,6,2,1,BECHEVILLE (RUE DE),"489,874,000,000","19,122,100,000",2.021E+11,190 678,B01,3,1,0,2,8,1,5,NULL,2.021E+11,252 527,190 678,B01,1,1,4,2,1962,5,8,0,-1,-1,-1,-1,2.021E+11,3,NULL,0,NULL,2,4,0,1,4,960,1,NULL,-1,2,5,1,50
2.021E+11,25,11,2021,17:36:00,5,78,78440,2,6,2,1,BECHEVILLE (RUE DE),"489,874,000,000","19,122,100,000",2.021E+11,190 678,B01,3,1,0,2,8,1,5,NULL,2.021E+11,252 528,190 679,A01,1,1,1,2,1962,4,1,0,-1,-1,-1,-1,2.021E+11,3,NULL,0,NULL,2,4,0,1,4,960,1,NULL,-1,2,5,1,50
2.021E+11,24,11,2021,17:55:00,1,49,49007,2,1,1,3,LETANDUERE,"474,517,000,000"," -0,5530400000",2.021E+11,190 642,B01,1,1,0,2,1,1,5,NULL,2.021E+11,252 483,190 642,B01,1,1,4,1,1998,5,8,0,-1,-1,-1,-1,2.021E+11,4,LETANDUERE,0,NULL,2,2,0,1,1,0,1,NULL,-1,1,0,1,30
2.021E+11,24,11,2021,17:55:00,1,49,49007,2,1,1,3,LETANDUERE,"474,517,000,000"," -0,5530400000",2.021E+11,190 642,B01,1,1,0,2,1,1,5,NULL,2.021E+11,252 484,190 643,A01,1,1,1,2,1947,9,1,0,-1,-1,-1,-1,2.021E+11,4,LETANDUERE,0,NULL,2,2,0,1,1,0,1,NULL,-1,1,0,1,30
2.021E+11,24,11,2021,17:55:00,1,49,49007,2,1,1,3,LETANDUERE,"474,517,000,000"," -0,5530400000",2.021E+11,190 642,B01,1,1,0,2,1,1,5,NULL,2.021E+11,252 485,190 643,A01,2,2,1,2,1996,9,1,0,-1,-1,-1,-1,2.021E+11,4,LETANDUERE,0,NULL,2,2,0,1,1,0,1,NULL,-1,1,0,1,30
2.021E+11,24,11,2021,07:29:00,5,49,49007,2,1,1,6,BRIOLLAY ROUTE,"474,922,300,000"," -0,5289840000",2.021E+11,190 641,A01,1,1,0,1,1,25,5,NULL,2.021E+11,252 481,190 641,A01,10,3,1,1,1956,1,0,-1,-1,5,1,1,2.021E+11,4,BRIOLLAY ROUTE,0,NULL,2,2,0,1,1,0,1,NULL,-1,1,0,4,30
2.021E+11,24,11,2021,07:29:00,5,49,49007,2,1,1,6,BRIOLLAY ROUTE,"474,922,300,000"," -0,5289840000",2.021E+11,190 641,A01,1,1,0,1,1,25,5,NULL,2.021E+11,252 482,190 641,A01,1,1,4,1,1986,1,8,0,-1,-1,-1,-1,2.021E+11,4,BRIOLLAY ROUTE,0,NULL,2,2,0,1,1,0,1,NULL,-1,1,0,4,30
2.021E+11,24,11,2021,12:20:00,1,35,35115,2,1,1,3,MITTERAND (AVENUE FRANCOIS),"483,515,800,000","-12,007,400,000",2.021E+11,190 617,B01,1,1,0,1,3,18,5,NULL,2.021E+11,252 446,190 616,A01,1,1,1,1,1998,9,1,0,-1,-1,-1,-1,2.021E+11,4,MITTERAND (AVENUE FRANCOIS),0,NULL,2,2,1,1,-1,-1,1,NULL,-1,1,0,5,50
2.021E+11,24,11,2021,12:20:00,1,35,35115,2,1,1,3,MITTERAND (AVENUE FRANCOIS),"483,515,800,000","-12,007,400,000",2.021E+11,190 617,B01,1,1,0,1,3,18,5,NULL,2.021E+11,252 447,190 617,B01,1,1,4,1,2005,2,2,8,-1,-1,-1,-1,2.021E+11,4,MITTERAND (AVENUE FRANCOIS),0,NULL,2,2,1,1,-1,-1,1,NULL,-1,1,0,5,50
2.021E+11,25,11,2021,17:50:00,5,75,75119,2,3,8,2,RUE MANIN,"488,804,220,000","23,796,280,000",2.021E+11,190 561,A01,1,1,0,2,4,1,5,NULL,2.021E+11,252 366,190 561,A01,1,1,4,2,1986,1,2,0,-1,0,0,-1,2.021E+11,4,RUE MANIN,0,NULL,2,2,0,1,-1,-1,1,NULL,-1,2,0,1,30
2.021E+11,25,11,2021,17:50:00,5,75,75119,2,3,8,2,RUE MANIN,"488,804,220,000","23,796,280,000",2.021E+11,190 561,A01,1,1,0,2,4,1,5,NULL,2.021E+11,252 367,190 562,Z01,1,1,1,-1,NULL,-1,-1,-1,-1,-1,-1,-1,2.021E+11,4,RUE MANIN,0,NULL,2,2,0,1,-1,-1,1,NULL,-1,2,0,1,30
2.021E+11,25,11,2021,18:40:00,5,75,75113,2,5,2,2,BOULEVARD SAINT MARCEL,"488,368,030,000","23,518,670,000",2.021E+11,190 548,A01,2,1,0,2,4,7,5,NULL,2.021E+11,252 353,190 548,A01,1,1,4,1,1966,1,8,0,-1,0,0,-1,2.021E+11,4,BOULEVARD SAINT MARCEL,0,NULL,2,2,3,1,-1,-1,1,NULL,-1,2,-1,6,30
2.021E+11,25,11,2021,18:40:00,5,75,75113,2,5,2,2,BOULEVARD SAINT MARCEL,"488,368,030,000","23,518,670,000",2.021E+11,190 548,A01,2,1,0,2,4,7,5,NULL,2.021E+11,252 354,190 549,Z01,1,1,1,-1,NULL,-1,-1,-1,-1,-1,-1,-1,2.021E+11,4,BOULEVARD SAINT MARCEL,0,NULL,2,2,3,1,-1,-1,1,NULL,-1,2,-1,6,30
2.021E+11,25,11,2021,07:54:00,1,75,75113,2,1,1,3,RUE DE TOLBIAC,"488,266,870,000","23,640,980,000",2.021E+11,190 547,A01,2,1,0,2,1,19,5,NULL,2.021E+11,252 351,190 546,B01,1,1,1,2,1996,5,1,0,-1,0,0,-1,2.021E+11,4,RUE DE TOLBIAC,0,NULL,2,3,2,1,-1,-1,1,NULL,-1,1,0,1,30
2.021E+11,25,11,2021,07:54:00,1,75,75113,2,1,1,3,RUE DE TOLBIAC,"488,266,870,000","23,640,980,000",2.021E+11,190 547,A01,2,1,0,2,1,19,5,NULL,2.021E+11,252 352,190 547,A01,1,1,4,1,1983,5,8,0,-1,0,0,-1,2.021E+11,4,RUE DE TOLBIAC,0,NULL,2,3,2,1,-1,-1,1,NULL,-1,1,0,1,30
2.021E+11,24,11,2021,17:10:00,5,75,75109,2,5,1,6,BOULEVARD DE ROCHECHOUART,"488,832,770,000","23,469,330,000",2.021E+11,190 540,A01,2,1,0,1,1,1,5,NULL,2.021E+11,252 342,190 540,A01,1,1,1,1,1995,4,8,0,-1,0,0,-1,2.021E+11,4,BOULEVARD DE ROCHECHOUART,0,NULL,1,2,3,1,-1,-1,1,NULL,-1,1,-1,5,30
2.021E+11,24,11,2021,17:10:00,5,75,75109,2,5,1,6,BOULEVARD DE ROCHECHOUART,"488,832,770,000","23,469,330,000",2.021E+11,190 540,A01,2,1,0,1,1,1,5,NULL,2.021E+11,252 343,190 540,A01,10,3,4,2,1947,5,0,-1,-1,4,3,1,2.021E+11,4,BOULEVARD DE ROCHECHOUART,0,NULL,1,2,3,1,-1,-1,1,NULL,-1,1,-1,5,30
2.021E+11,25,11,2021,09:12:00,1,75,75108,2,2,1,6,RUE DE MONCEAU,"488,794,300,000","23,142,820,000",2.021E+11,190 539,A01,2,1,0,1,1,1,5,NULL,2.021E+11,252 340,190 539,A01,1,1,4,1,1982,1,8,0,-1,0,0,-1,2.021E+11,4,RUE DE MONCEAU,0,NULL,1,2,1,1,-1,-1,1,NULL,-1,1,0,1,30
2.021E+11,25,11,2021,09:12:00,1,75,75108,2,2,1,6,RUE DE MONCEAU,"488,794,300,000","23,142,820,000",2.021E+11,190 539,A01,2,1,0,1,1,1,5,NULL,2.021E+11,252 341,190 539,A01,10,3,4,2,1985,1,0,-1,-1,4,3,3,2.021E+11,4,RUE DE MONCEAU,0,NULL,1,2,1,1,-1,-1,1,NULL,-1,1,0,1,30
2.021E+11,25,11,2021,06:45:00,5,75,75108,2,1,1,3,BOULEVARD HAUSSMANN,"488,751,090,000","23,110,880,000",2.021E+11,190 538,A01,1,1,0,2,4,7,5,NULL,2.021E+11,252 338,190 537,Z01,1,1,1,-1,NULL,-1,-1,-1,-1,-1,-1,-1,2.021E+11,4,BOULEVARD HAUSSMANN,0,NULL,2,4,3,1,-1,-1,1,NULL,-1,1,-1,6,50
2.021E+11,25,11,2021,06:45:00,5,75,75108,2,1,1,3,BOULEVARD HAUSSMANN,"488,751,090,000","23,110,880,000",2.021E+11,190 538,A01,1,1,0,2,4,7,5,NULL,2.021E+11,252 339,190 538,A01,1,1,4,2,1985,5,2,8,-1,0,0,-1,2.021E+11,4,BOULEVARD HAUSSMANN,0,NULL,2,4,3,1,-1,-1,1,NULL,-1,1,-1,6,50