Num_Acc,jour,mois,an,hrmn,lum,dep,com,agg,int,atm,col,adr,lat,long,Num_Acc,id_vehicule,num_veh,senc,catv,obs,obsm,choc,manv,motor,occutc,Num_Acc,id_usager,id_vehicule,num_veh,place,catu,grav,sexe,an_nais,trajet,secu1,secu2,secu3,locp,actp,etatp,Num_Acc,catr,voie,v1,v2,circ,nbv,vosp,prof,pr,pr1,plan,lartpc,larrout,surf,infra,situ,vma
2.021E+11,4,11,2021,19:45:00,5,56,56260,2,3,1,3,BERNUS(RUE DE),"476,550,360,000","-27,675,310,000",2.021E+11,188 842,A01,1,1,0,2,7,5,5,NULL,2.021E+11,250 139,188 843,B01,1,1,1,1,1971,1,1,0,-1,-1,-1,-1,2.021E+11,4,CARTIER(RUE JACQUES),0,NULL,1,1,0,1,-1,-1,1,NULL,-1,1,0,1,30
2.021E+11,18,11,2021,17:58:00,2,49,49007,2,6,1,3,VILLESICARD RUE ET SQUARE,"474,496,500,000"," -0,5305300000",2.021E+11,188 811,B01,1,1,0,2,2,26,5,NULL,2.021E+11,250 101,188 810,A01,1,1,1,1,1972,1,8,0,-1,-1,-1,-1,2.021E+11,4,VILLESICARD RUE ET SQUARE,0,NULL,1,2,0,1,1,0,2,NULL,-1,1,0,1,30
2.021E+11,18,11,2021,17:58:00,2,49,49007,2,6,1,3,VILLESICARD RUE ET SQUARE,"474,496,500,000"," -0,5305300000",2.021E+11,188 811,B01,1,1,0,2,2,26,5,NULL,2.021E+11,250 102,188 811,B01,1,1,4,1,1983,1,8,0,-1,-1,-1,-1,2.021E+11,4,VILLESICARD RUE ET SQUARE,0,NULL,1,2,0,1,1,0,2,NULL,-1,1,0,1,30
2.021E+11,18,11,2021,16:12:00,1,49,49007,2,3,1,3,RABELAIS,"474,624,600,000"," -0,5474100000",2.021E+11,188 808,A01,1,1,0,2,6,26,5,NULL,2.021E+11,250 099,188 808,A01,1,1,1,1,2006,5,8,0,-1,-1,-1,-1,2.021E+11,4,RABELAIS,0,NULL,2,2,0,1,1,0,1,NULL,-1,1,0,1,30
2.021E+11,18,11,2021,16:12:00,1,49,49007,2,3,1,3,RABELAIS,"474,624,600,000"," -0,5474100000",2.021E+11,188 808,A01,1,1,0,2,6,26,5,NULL,2.021E+11,250 100,188 809,B01,1,1,4,1,1998,5,8,0,-1,-1,-1,-1,2.021E+11,4,RABELAIS,0,NULL,2,2,0,1,1,0,1,NULL,-1,1,0,1,30
2.021E+11,17,11,2021,07:37:00,2,49,49007,2,6,1,3,RICHARD,"474,663,700,000"," -0,5572800000",2.021E+11,188 803,B01,1,1,0,2,1,26,5,NULL,2.021E+11,250 093,188 802,A01,1,1,1,1,1960,9,8,0,-1,-1,-1,-1,2.021E+11,4,RICHARD,0,NULL,2,2,0,1,1,0,1,NULL,-1,1,0,1,30
2.021E+11,17,11,2021,07:37:00,2,49,49007,2,6,1,3,RICHARD,"474,663,700,000"," -0,5572800000",2.021E+11,188 803,B01,1,1,0,2,1,26,5,NULL,2.021E+11,250 094,188 803,B01,1,1,4,2,1996,9,8,0,-1,-1,-1,-1,2.021E+11,4,RICHARD,0,NULL,2,2,0,1,1,0,1,NULL,-1,1,0,1,30
2.021E+11,18,11,2021,07:30:00,5,35,35051,2,6,1,3,BRAY (RUE DE),"481,088,500,000","-16,087,300,000",2.021E+11,188 765,B01,0,1,0,2,1,1,5,NULL,2.021E+11,250 048,188 764,A01,1,1,1,1,1958,0,1,0,-1,-1,-1,-1,2.021E+11,4,BRAY (RUE DE),0,NULL,3,2,1,1,0,0,2,NULL,-1,1,5,1,50
2.021E+11,18,11,2021,07:30:00,5,35,35051,2,6,1,3,BRAY (RUE DE),"481,088,500,000","-16,087,300,000",2.021E+11,188 765,B01,0,1,0,2,1,1,5,NULL,2.021E+11,250 049,188 765,B01,1,1,4,2,1980,0,2,0,-1,-1,-1,-1,2.021E+11,4,BRAY (RUE DE),0,NULL,3,2,1,1,0,0,2,NULL,-1,1,5,1,50
2.021E+11,19,11,2021,17:15:00,2,29,29051,1,1,1,2,Avenue de Garsalec,"480,171,120,000","-40,006,770,000",2.021E+11,188 734,B01,1,1,0,2,4,1,5,NULL,2.021E+11,250 013,188 734,B01,1,1,4,2,1996,1,2,-1,-1,-1,-1,-1,2.021E+11,3,GARSALEC (avenue de),0,NULL,3,2,0,1,5,400,2,NULL,-1,1,3,1,70
2.021E+11,19,11,2021,17:15:00,2,29,29051,1,1,1,2,Avenue de Garsalec,"480,171,120,000","-40,006,770,000",2.021E+11,188 734,B01,1,1,0,2,4,1,5,NULL,2.021E+11,250 014,188 735,A01,1,1,1,1,1951,5,1,-1,-1,-1,-1,-1,2.021E+11,3,GARSALEC (avenue de),0,NULL,3,2,0,1,5,400,2,NULL,-1,1,3,1,70
2.021E+11,18,11,2021,18:00:00,1,29,29019,2,1,1,6,Rue Saint-Exupéry,"483,887,000,000","-45,046,600,000",2.021E+11,188 733,A01,1,1,0,4,1,19,5,NULL,2.021E+11,250 011,188 732,B01,1,1,1,1,1968,4,1,-1,-1,0,0,-1,2.021E+11,4,SAINT EXUPERY (DE 17 A 45 ET 22 A 86),0,NULL,-1,0,0,1,-1,-1,1,NULL,-1,1,0,1,30
2.021E+11,18,11,2021,18:00:00,1,29,29019,2,1,1,6,Rue Saint-Exupéry,"483,887,000,000","-45,046,600,000",2.021E+11,188 733,A01,1,1,0,4,1,19,5,NULL,2.021E+11,250 012,188 733,A01,1,1,4,1,2006,2,8,-1,-1,0,0,-1,2.021E+11,4,SAINT EXUPERY (DE 17 A 45 ET 22 A 86),0,NULL,-1,0,0,1,-1,-1,1,NULL,-1,1,0,1,30
2.021E+11,18,11,2021,10:30:00,1,25,25056,2,1,1,3,LAGRANGE  AVENUE LEO,"472,439,400,000","60,053,300,000",2.021E+11,188 716,B01,2,1,0,2,8,2,0,NULL,2.021E+11,249 989,188 716,B01,1,1,4,1,1993,0,2,8,-1,-1,-1,-1,2.021E+11,3,NULL,0,NULL,3,2,2,1,11,1000,1,NULL,-1,1,0,5,50
2.021E+11,18,11,2021,10:30:00,1,25,25056,2,1,1,3,LAGRANGE  AVENUE LEO,"472,439,400,000","60,053,300,000",2.021E+11,188 716,B01,2,1,0,2,8,2,0,NULL,2.021E+11,249 990,188 717,A01,1,1,1,2,1973,0,1,0,-1,-1,-1,-1,2.021E+11,3,NULL,0,NULL,3,2,2,1,11,1000,1,NULL,-1,1,0,5,50
2.021E+11,19,11,2021,18:05:00,5,6,6088,2,1,1,3,QUAI DES ETATS UNIS,"436,951,650,000","72,731,220,000",2.021E+11,188 673,B01,3,1,0,2,0,19,5,NULL,2.021E+11,249 928,188 672,A01,1,1,4,1,1993,0,8,0,-1,0,0,-1,2.021E+11,4,QUAI DES ETATS UNIS,0,NULL,1,1,1,1,-1,-1,1,NULL,-1,1,6,1,30
2.021E+11,19,11,2021,18:05:00,5,6,6088,2,1,1,3,QUAI DES ETATS UNIS,"436,951,650,000","72,731,220,000",2.021E+11,188 673,B01,3,1,0,2,0,19,5,NULL,2.021E+11,249 929,188 673,B01,1,1,4,2,1966,9,2,8,-1,0,0,-1,2.021E+11,4,QUAI DES ETATS UNIS,0,NULL,1,1,1,1,-1,-1,1,NULL,-1,1,6,1,30
2.021E+11,19,11,2021,19:45:00,5,75,75119,2,7,1,2,AVENUE MATHURIN MOREAU,"488,780,210,000","23,706,900,000",2.021E+11,188 643,B01,2,1,0,2,1,1,5,NULL,2.021E+11,249 893,188 643,B01,1,1,4,1,1991,9,8,0,-1,0,0,-1,2.021E+11,4,AVENUE MATHURIN MOREAU,0,NULL,2,2,0,2,-1,-1,1,NULL,-1,1,0,1,30
2.021E+11,19,11,2021,19:45:00,5,75,75119,2,7,1,2,AVENUE MATHURIN MOREAU,"488,780,210,000","23,706,900,000",2.021E+11,188 643,B01,2,1,0,2,1,1,5,NULL,2.021E+11,249 894,188 644,A01,1,1,1,1,2001,9,2,8,-1,0,0,-1,2.021E+11,4,AVENUE MATHURIN MOREAU,0,NULL,2,2,0,2,-1,-1,1,NULL,-1,1,0,1,30
2.021E+11,19,11,2021,16:05:00,1,75,75114,2,3,1,7,RUE RAYMOND LOSSERAND,"488,291,352,692","23,084,324,598",2.021E+11,188 635,A01,2,1,0,2,0,15,5,NULL,2.021E+11,249 883,188 634,B01,1,1,4,1,1994,1,2,6,-1,0,0,-1,2.021E+11,4,RUE RAYMOND LOSSERAND,0,NULL,1,1,0,1,-1,-1,1,NULL,-1,1,0,1,30
2.021E+11,19,11,2021,16:05:00,1,75,75114,2,3,1,7,RUE RAYMOND LOSSERAND,"488,291,352,692","23,084,324,598",2.021E+11,188 635,A01,2,1,0,2,0,15,5,NULL,2.021E+11,249 884,188 635,A01,1,1,1,1,1948,5,8,0,-1,0,0,-1,2.021E+11,4,RUE RAYMOND LOSSERAND,0,NULL,1,1,0,1,-1,-1,1,NULL,-1,1,0,1,30
2.021E+11,16,11,2021,18:55:00,5,75,75109,2,1,1,3,RUE DROUOT,"488,737,620,000","23,406,730,000",2.021E+11,188 630,B01,2,1,0,2,5,18,5,NULL,2.021E+11,249 877,188 629,A01,1,1,1,1,1970,4,1,0,-1,0,0,-1,2.021E+11,4,RUE DROUOT,0,NULL,1,1,0,1,-1,-1,1,NULL,-1,1,0,1,30
2.021E+11,16,11,2021,18:55:00,5,75,75109,2,1,1,3,RUE DROUOT,"488,737,620,000","23,406,730,000",2.021E+11,188 630,B01,2,1,0,2,5,18,5,NULL,2.021E+11,249 878,188 630,B01,1,1,4,1,1988,5,2,0,-1,0,0,-1,2.021E+11,4,RUE DROUOT,0,NULL,1,1,0,1,-1,-1,1,NULL,-1,1,0,1,30
2.021E+11,19,11,2021,16:30:00,1,75,75107,2,2,1,6,BOULEVARD DE LA TOUR MAUBOURG,"488,580,670,000","23,100,070,000",2.021E+11,188 628,B01,2,1,0,2,1,1,5,NULL,2.021E+11,249 875,188 627,A01,1,1,1,1,1979,4,1,0,-1,0,0,-1,2.021E+11,4,BOULEVARD DE LA TOUR MAUBOURG,0,NULL,1,2,0,1,-1,-1,1,NULL,-1,1,0,1,30
2.021E+11,19,11,2021,16:30:00,1,75,75107,2,2,1,6,BOULEVARD DE LA TOUR MAUBOURG,"488,580,670,000","23,100,070,000",2.021E+11,188 628,B01,2,1,0,2,1,1,5,NULL,2.021E+11,249 876,188 628,B01,1,1,4,1,1949,5,8,0,-1,0,0,-1,2.021E+11,4,BOULEVARD DE LA TOUR MAUBOURG,0,NULL,1,2,0,1,-1,-1,1,NULL,-1,1,0,1,30
2.021E+11,18,11,2021,10:50:00,1,75,75107,2,3,1,3,RUE DE SEVRES,"488,498,200,000","23,232,900,000",2.021E+11,188 623,B01,1,1,0,2,8,1,5,NULL,2.021E+11,249 870,188 622,A01,1,1,1,1,1974,4,1,0,-1,0,0,-1,2.021E+11,4,RUE DE SEVRES,0,NULL,2,2,0,1,-1,-1,1,NULL,-1,1,0,1,30
2.021E+11,18,11,2021,10:50:00,1,75,75107,2,3,1,3,RUE DE SEVRES,"488,498,200,000","23,232,900,000",2.021E+11,188 623,B01,1,1,0,2,8,1,5,NULL,2.021E+11,249 871,188 623,B01,1,1,4,1,1989,9,2,0,-1,0,0,-1,2.021E+11,4,RUE DE SEVRES,0,NULL,2,2,0,1,-1,-1,1,NULL,-1,1,0,1,30
2.021E+11,19,11,2021,07:30:00,5,94,94033,2,6,8,3,Rue de Bir-Hakeim,"488,438,700,000","24,791,500,000",2.021E+11,188 611,A01,2,1,0,2,0,0,5,NULL,2.021E+11,249 857,188 610,B01,1,1,1,1,1985,1,1,0,-1,-1,-1,-1,2.021E+11,3,25 AOUT 1944 (BD DU),0,NULL,2,2,0,1,1,0,1,NULL,-1,2,0,1,30
2.021E+11,19,11,2021,07:30:00,5,94,94033,2,6,8,3,Rue de Bir-Hakeim,"488,438,700,000","24,791,500,000",2.021E+11,188 611,A01,2,1,0,2,0,0,5,NULL,2.021E+11,249 858,188 611,A01,1,1,4,1,1980,1,0,0,-1,-1,-1,-1,2.021E+11,3,25 AOUT 1944 (BD DU),0,NULL,2,2,0,1,1,0,1,NULL,-1,2,0,1,30
2.021E+11,19,11,2021,08:10:00,2,92,92046,2,9,1,3,VALLEE (RUE DE LA),"488,221,118,755","23,057,663,441",2.021E+11,188 580,B01,3,1,0,2,1,19,5,NULL,2.021E+11,249 813,188 580,B01,1,1,4,2,1969,1,2,0,-1,-1,-1,-1,2.021E+11,4,NULL,0,NULL,1,3,2,1,0,0,1,NULL,-1,1,5,1,50
2.021E+11,19,11,2021,08:10:00,2,92,92046,2,9,1,3,VALLEE (RUE DE LA),"488,221,118,755","23,057,663,441",2.021E+11,188 580,B01,3,1,0,2,1,19,5,NULL,2.021E+11,249 814,188 581,A01,1,1,1,1,1992,1,1,0,-1,-1,-1,-1,2.021E+11,4,NULL,0,NULL,1,3,2,1,0,0,1,NULL,-1,1,5,1,50
2.021E+11,18,11,2021,12:05:00,1,92,92072,2,6,1,3,GRANDE RUE,"488,254,423,843","22,158,989,498",2.021E+11,188 579,B01,2,1,0,2,1,1,5,NULL,2.021E+11,249 811,188 578,A01,1,1,1,1,1992,0,8,8,-1,-1,-1,-1,2.021E+11,3,GRANDE RUE,0,NULL,3,4,1,1,0,0,1,NULL,-1,1,0,1,50
2.021E+11,18,11,2021,12:05:00,1,92,92072,2,6,1,3,GRANDE RUE,"488,254,423,843","22,158,989,498",2.021E+11,188 579,B01,2,1,0,2,1,1,5,NULL,2.021E+11,249 812,188 579,B01,1,1,4,2,1961,5,2,8,-1,-1,-1,-1,2.021E+11,3,GRANDE RUE,0,NULL,3,4,1,1,0,0,1,NULL,-1,1,0,1,50
2.021E+11,19,11,2021,12:08:00,1,92,92064,2,1,1,1,DAILLY,"488,434,754,829","22,206,705,809",2.021E+11,188 577,A01,2,1,1,0,2,13,5,NULL,2.021E+11,249 809,188 576,B01,1,1,1,1,1983,0,8,0,-1,-1,-1,-1,2.021E+11,3,907,0,NULL,2,2,0,4,0,0,1,NULL,-1,1,0,1,50
2.021E+11,19,11,2021,12:08:00,1,92,92064,2,1,1,1,DAILLY,"488,434,754,829","22,206,705,809",2.021E+11,188 577,A01,2,1,1,0,2,13,5,NULL,2.021E+11,249 810,188 577,A01,1,1,4,2,1981,0,8,0,-1,-1,-1,-1,2.021E+11,3,907,0,NULL,2,2,0,4,0,0,1,NULL,-1,1,0,1,50
2.021E+11,19,11,2021,13:10:00,1,38,38373,2,1,1,3,71 Route de Chartreuse,"453,588,330,000","55,581,720,000",2.021E+11,188 565,B01,1,1,0,2,8,1,5,NULL,2.021E+11,249 797,188 565,B01,1,1,3,1,1960,5,2,-1,-1,0,0,-1,2.021E+11,3,12,0,NULL,2,2,0,1,3,0,1,NULL,-1,1,0,1,50
2.021E+11,19,11,2021,13:10:00,1,38,38373,2,1,1,3,71 Route de Chartreuse,"453,588,330,000","55,581,720,000",2.021E+11,188 565,B01,1,1,0,2,8,1,5,NULL,2.021E+11,249 798,188 566,A01,1,1,1,1,1993,4,8,-1,-1,0,0,-1,2.021E+11,3,12,0,NULL,2,2,0,1,3,0,1,NULL,-1,1,0,1,50
2.021E+11,13,11,2021,18:10:00,3,973,97303,1,1,1,3,Route nationale 1 / PK 173+500,"54,801,846,230","-532,111,483,812",2.021E+11,188 520,B01,2,1,0,2,1,13,0,NULL,2.021E+11,249 728,188 519,A01,1,1,1,1,1994,4,1,-1,-1,0,0,-1,2.021E+11,2,1,-1,NULL,2,2,0,1,173,500,1,NULL,7,1,0,1,80
2.021E+11,13,11,2021,18:10:00,3,973,97303,1,1,1,3,Route nationale 1 / PK 173+500,"54,801,846,230","-532,111,483,812",2.021E+11,188 520,B01,2,1,0,2,1,13,0,NULL,2.021E+11,249 729,188 520,B01,1,1,3,1,1959,5,0,-1,-1,0,0,-1,2.021E+11,2,1,-1,NULL,2,2,0,1,173,500,1,NULL,7,1,0,1,80
2.021E+11,9,11,2021,21:10:00,5,75,75106,2,1,1,1,RUE DU CHERCHE MIDI,"488,471,650,000","23,280,170,000",2.021E+11,188 463,B01,2,1,0,2,1,1,5,NULL,2.021E+11,249 653,188 462,A01,1,1,1,1,1997,9,2,0,-1,0,0,-1,2.021E+11,4,RUE DU CHERCHE MIDI,0,NULL,-1,1,0,1,-1,-1,1,NULL,-1,1,0,1,30
2.021E+11,9,11,2021,21:10:00,5,75,75106,2,1,1,1,RUE DU CHERCHE MIDI,"488,471,650,000","23,280,170,000",2.021E+11,188 462,A01,1,1,0,2,1,13,5,NULL,2.021E+11,249 653,188 462,A01,1,1,1,1,1997,9,2,0,-1,0,0,-1,2.021E+11,4,RUE DU CHERCHE MIDI,0,NULL,-1,1,0,1,-1,-1,1,NULL,-1,1,0,1,30
2.021E+11,9,11,2021,21:10:00,5,75,75106,2,1,1,1,RUE DU CHERCHE MIDI,"488,471,650,000","23,280,170,000",2.021E+11,188 463,B01,2,1,0,2,1,1,5,NULL,2.021E+11,249 654,188 463,B01,1,1,4,1,1970,9,2,0,-1,0,0,-1,2.021E+11,4,RUE DU CHERCHE MIDI,0,NULL,-1,1,0,1,-1,-1,1,NULL,-1,1,0,1,30
2.021E+11,9,11,2021,21:10:00,5,75,75106,2,1,1,1,RUE DU CHERCHE MIDI,"488,471,650,000","23,280,170,000",2.021E+11,188 462,A01,1,1,0,2,1,13,5,NULL,2.021E+11,249 654,188 463,B01,1,1,4,1,1970,9,2,0,-1,0,0,-1,2.021E+11,4,RUE DU CHERCHE MIDI,0,NULL,-1,1,0,1,-1,-1,1,NULL,-1,1,0,1,30
2.021E+11,17,11,2021,14:15:00,1,75,75120,2,1,1,1,AVENUE GAMBETTA,"488,634,349,223","23,896,336,555",2.021E+11,188 457,A01,2,1,0,2,1,13,5,NULL,2.021E+11,249 644,188 456,B01,1,1,4,2,1989,9,2,8,-1,-1,-1,-1,2.021E+11,4,AVENUE GAMBETTA,0,NULL,2,4,1,2,-1,-1,1,NULL,-1,1,-1,5,30
2.021E+11,17,11,2021,14:15:00,1,75,75120,2,1,1,1,AVENUE GAMBETTA,"488,634,349,223","23,896,336,555",2.021E+11,188 456,B01,1,1,0,2,1,1,5,NULL,2.021E+11,249 644,188 456,B01,1,1,4,2,1989,9,2,8,-1,-1,-1,-1,2.021E+11,4,AVENUE GAMBETTA,0,NULL,2,4,1,2,-1,-1,1,NULL,-1,1,-1,5,30
2.021E+11,17,11,2021,14:15:00,1,75,75120,2,1,1,1,AVENUE GAMBETTA,"488,634,349,223","23,896,336,555",2.021E+11,188 457,A01,2,1,0,2,1,13,5,NULL,2.021E+11,249 645,188 457,A01,1,1,1,2,1996,9,2,8,-1,0,0,-1,2.021E+11,4,AVENUE GAMBETTA,0,NULL,2,4,1,2,-1,-1,1,NULL,-1,1,-1,5,30
2.021E+11,17,11,2021,14:15:00,1,75,75120,2,1,1,1,AVENUE GAMBETTA,"488,634,349,223","23,896,336,555",2.021E+11,188 456,B01,1,1,0,2,1,1,5,NULL,2.021E+11,249 645,188 457,A01,1,1,1,2,1996,9,2,8,-1,0,0,-1,2.021E+11,4,AVENUE GAMBETTA,0,NULL,2,4,1,2,-1,-1,1,NULL,-1,1,-1,5,30
2.021E+11,18,11,2021,09:43:00,1,75,75113,2,1,1,6,RUE NATIONALE,"488,322,690,000","23,627,940,000",2.021E+11,188 452,A01,1,1,0,1,7,1,5,NULL,2.021E+11,249 638,188 452,A01,1,1,1,1,1975,5,2,8,-1,0,0,-1,2.021E+11,4,RUE NATIONALE,0,NULL,2,3,1,1,-1,-1,1,NULL,-1,1,-1,5,30
2.021E+11,18,11,2021,09:43:00,1,75,75113,2,1,1,6,RUE NATIONALE,"488,322,690,000","23,627,940,000",2.021E+11,188 452,A01,1,1,0,1,7,1,5,NULL,2.021E+11,249 639,188 452,A01,10,3,4,1,1945,5,0,-1,-1,2,3,1,2.021E+11,4,RUE NATIONALE,0,NULL,2,3,1,1,-1,-1,1,NULL,-1,1,-1,5,30
2.021E+11,18,11,2021,09:00:00,1,75,75111,2,3,1,2,BOULEVARD RICHARD LENOIR,"488,570,560,000","23,712,030,000",2.021E+11,188 449,A01,1,1,0,2,1,1,5,NULL,2.021E+11,249 634,188 448,B01,1,1,1,1,1960,1,1,0,-1,0,0,-1,2.021E+11,4,BOULEVARD RICHARD LENOIR,0,NULL,1,2,1,1,-1,-1,1,NULL,-1,1,8,1,30
2.021E+11,18,11,2021,09:00:00,1,75,75111,2,3,1,2,BOULEVARD RICHARD LENOIR,"488,570,560,000","23,712,030,000",2.021E+11,188 449,A01,1,1,0,2,1,1,5,NULL,2.021E+11,249 635,188 449,A01,1,1,4,2,1997,9,8,0,-1,0,0,-1,2.021E+11,4,BOULEVARD RICHARD LENOIR,0,NULL,1,2,1,1,-1,-1,1,NULL,-1,1,8,1,30
2.021E+11,18,11,2021,09:50:00,1,75,75107,2,1,1,6,RUE DE LA LEGION D HONNEUR,"488,603,650,000","23,249,700,000",2.021E+11,188 442,A01,3,1,0,1,1,1,5,NULL,2.021E+11,249 626,188 442,A01,10,3,4,2,1969,4,0,-1,-1,5,9,3,2.021E+11,4,RUE DE LA LEGION D HONNEUR,0,NULL,-1,1,3,2,-1,-1,1,NULL,-1,1,6,1,30
2.021E+11,18,11,2021,09:50:00,1,75,75107,2,1,1,6,RUE DE LA LEGION D HONNEUR,"488,603,650,000","23,249,700,000",2.021E+11,188 442,A01,3,1,0,1,1,1,5,NULL,2.021E+11,249 627,188 442,A01,1,1,1,1,1948,9,8,0,-1,0,0,-1,2.021E+11,4,RUE DE LA LEGION D HONNEUR,0,NULL,-1,1,3,2,-1,-1,1,NULL,-1,1,6,1,30
2.021E+11,18,11,2021,08:20:00,1,94,94080,2,3,1,1,Avenue des Minimes,"488,411,700,000","24,329,400,000",2.021E+11,188 439,B01,2,1,0,2,3,0,5,NULL,2.021E+11,249 622,188 438,A01,1,1,1,1,1985,1,1,0,-1,-1,-1,-1,2.021E+11,3,MINIMES (AV DES),0,NULL,2,0,0,1,1,0,1,NULL,-1,1,0,1,30
2.021E+11,18,11,2021,08:20:00,1,94,94080,2,3,1,1,Avenue des Minimes,"488,411,700,000","24,329,400,000",2.021E+11,188 439,B01,2,1,0,2,3,0,5,NULL,2.021E+11,249 623,188 439,B01,1,1,4,1,1969,1,0,0,-1,-1,-1,-1,2.021E+11,3,MINIMES (AV DES),0,NULL,2,0,0,1,1,0,1,NULL,-1,1,0,1,30
2.021E+11,18,11,2021,13:05:00,1,93,93070,2,1,1,3,SAINT-DENIS(RUE),"489,190,496,040","23,338,184,133",2.021E+11,188 424,B01,1,1,0,2,1,2,0,NULL,2.021E+11,249 606,188 424,B01,1,1,4,1,1987,1,8,0,-1,-1,-1,-1,2.021E+11,4,SAINT-DENIS(RUE),0,NULL,2,1,0,1,0,0,1,NULL,-1,1,0,1,50
2.021E+11,18,11,2021,13:05:00,1,93,93070,2,1,1,3,SAINT-DENIS(RUE),"489,190,496,040","23,338,184,133",2.021E+11,188 424,B01,1,1,0,2,1,2,0,NULL,2.021E+11,249 607,188 425,A01,1,1,1,1,1991,5,8,0,-1,-1,-1,-1,2.021E+11,4,SAINT-DENIS(RUE),0,NULL,2,1,0,1,0,0,1,NULL,-1,1,0,1,50
2.021E+11,18,11,2021,13:15:00,1,92,92048,2,6,1,3,Rue de Paris,"488,131,435,089","22,463,876,009",2.021E+11,188 407,B01,2,1,0,2,1,1,5,NULL,2.021E+11,249 585,188 407,B01,1,1,4,2,1980,4,2,0,-1,-1,-1,-1,2.021E+11,4,PARIS (RUE DE) N° 12 A 164,0,NULL,1,1,0,1,0,0,3,NULL,-1,1,0,1,50
2.021E+11,18,11,2021,13:15:00,1,92,92048,2,6,1,3,Rue de Paris,"488,131,435,089","22,463,876,009",2.021E+11,188 407,B01,2,1,0,2,1,1,5,NULL,2.021E+11,249 586,188 408,A01,1,1,1,1,1973,4,1,0,-1,-1,-1,-1,2.021E+11,4,PARIS (RUE DE) N° 12 A 164,0,NULL,1,1,0,1,0,0,3,NULL,-1,1,0,1,50
2.021E+11,18,11,2021,09:50:00,1,92,92044,2,2,1,3,VIC. HUGO(RUE)077A089 ET 090A110,"488,959,151,910","22,964,724,898",2.021E+11,188 406,B01,0,1,0,2,1,1,0,NULL,2.021E+11,249 583,188 405,A01,1,1,1,1,1957,0,1,0,-1,-1,-1,-1,2.021E+11,3,909,0,NULL,2,3,1,1,0,0,1,NULL,-1,1,0,1,50
2.021E+11,18,11,2021,09:50:00,1,92,92044,2,2,1,3,VIC. HUGO(RUE)077A089 ET 090A110,"488,959,151,910","22,964,724,898",2.021E+11,188 406,B01,0,1,0,2,1,1,0,NULL,2.021E+11,249 584,188 406,B01,1,1,4,1,1993,1,8,0,-1,-1,-1,-1,2.021E+11,3,909,0,NULL,2,3,1,1,0,0,1,NULL,-1,1,0,1,50
2.021E+11,18,11,2021,13:45:00,1,44,44030,2,6,1,1,D33,"474,450,110,000","-22,454,380,000",2.021E+11,188 362,B01,1,1,0,2,0,1,5,NULL,2.021E+11,249 531,188 362,B01,1,1,4,2,1960,3,0,-1,-1,0,0,-1,2.021E+11,3,50,0,D,2,2,0,1,2,647,1,NULL,-1,1,5,1,50
2.021E+11,18,11,2021,13:45:00,1,44,44030,2,6,1,1,D33,"474,450,110,000","-22,454,380,000",2.021E+11,188 362,B01,1,1,0,2,0,1,5,NULL,2.021E+11,249 532,188 363,A01,1,1,1,2,1948,3,1,-1,-1,0,0,-1,2.021E+11,3,50,0,D,2,2,0,1,2,647,1,NULL,-1,1,5,1,50
2.021E+11,16,11,2021,15:30:00,1,971,97112,2,4,1,3,N9,"158,870,250,000","-613,153,650,000",2.021E+11,188 326,A01,2,1,0,2,0,1,5,NULL,2.021E+11,249 485,188 325,B01,1,1,1,1,1940,3,8,-1,-1,0,0,-1,2.021E+11,2,9,0,N,2,2,0,2,-1,-1,1,NULL,-1,1,0,1,50
2.021E+11,16,11,2021,15:30:00,1,971,97112,2,4,1,3,N9,"158,870,250,000","-613,153,650,000",2.021E+11,188 326,A01,2,1,0,2,0,1,5,NULL,2.021E+11,249 486,188 326,A01,1,1,3,1,1959,1,0,-1,-1,0,0,-1,2.021E+11,2,9,0,N,2,2,0,2,-1,-1,1,NULL,-1,1,0,1,50
2.021E+11,19,11,2021,13:15:00,1,14,14488,2,3,1,3,D84,"492,801,590,000"," -0,2517580000",2.021E+11,188 296,B01,2,1,0,2,3,16,5,NULL,2.021E+11,249 448,188 295,A01,1,1,1,2,1980,0,1,-1,-1,0,0,-1,2.021E+11,3,84,-1,NULL,2,2,0,1,-1,-1,1,NULL,4,1,0,1,50
2.021E+11,19,11,2021,13:15:00,1,14,14488,2,3,1,3,D84,"492,801,590,000"," -0,2517580000",2.021E+11,188 296,B01,2,1,0,2,3,16,5,NULL,2.021E+11,249 449,188 296,B01,1,1,3,1,2006,5,0,-1,-1,0,0,-1,2.021E+11,3,84,-1,NULL,2,2,0,1,-1,-1,1,NULL,4,1,0,1,50
2.021E+11,18,11,2021,16:00:00,1,22,22081,2,1,1,7,Rue de la Mare Noire,"484,851,970,000","-26,402,000,000",2.021E+11,188 292,A01,0,1,6,0,1,1,5,NULL,2.021E+11,249 445,188 292,A01,1,1,3,1,1947,5,2,-1,-1,0,0,-1,2.021E+11,4,NULL,-1,NULL,-1,2,0,1,-1,-1,1,NULL,4,1,0,1,50
2.021E+11,16,11,2021,15:25:00,1,76,76351,2,1,1,3,REPUBLIQUE (COURS DE LA),"494,923,600,000","0,1238550000",2.021E+11,188 181,B01,3,1,0,2,1,1,5,NULL,2.021E+11,249 301,188 180,A01,1,1,1,2,1996,5,1,-1,-1,-1,-1,-1,2.021E+11,4,REPUBLIQUE (COURS DE LA),0,NULL,3,4,1,1,0,0,1,NULL,-1,1,0,5,50