Num_Acc,jour,mois,an,hrmn,lum,dep,com,agg,int,atm,col,adr,lat,long,Num_Acc,id_vehicule,num_veh,senc,catv,obs,obsm,choc,manv,motor,occutc,Num_Acc,id_usager,id_vehicule,num_veh,place,catu,grav,sexe,an_nais,trajet,secu1,secu2,secu3,locp,actp,etatp,Num_Acc,catr,voie,v1,v2,circ,nbv,vosp,prof,pr,pr1,plan,lartpc,larrout,surf,infra,situ,vma
2.021E+11,31,5,2021,21:20:00,2,74,74010,2,6,1,3,LYCEE (BOULEVARD DU)(BROGNY A PARMELAN),"459,060,000,000","61,261,000,000",2.021E+11,185 779,B01,1,1,0,2,7,2,5,NULL,2.021E+11,246 133,185 779,B01,1,1,4,1,1985,9,8,0,-1,-1,-1,-1,2.021E+11,3,BROGNY (AVENUE DE) (SECTEUR 110),0,NULL,2,2,0,1,0,0,1,NULL,-1,1,5,1,300
2.021E+11,31,5,2021,21:20:00,2,74,74010,2,6,1,3,LYCEE (BOULEVARD DU)(BROGNY A PARMELAN),"459,060,000,000","61,261,000,000",2.021E+11,185 779,B01,1,1,0,2,7,2,5,NULL,2.021E+11,246 134,185 780,A01,1,1,1,1,1988,0,1,8,-1,-1,-1,-1,2.021E+11,3,BROGNY (AVENUE DE) (SECTEUR 110),0,NULL,2,2,0,1,0,0,1,NULL,-1,1,5,1,300
2.021E+11,6,11,2021,11:20:00,1,77,77037,2,3,1,3,VERDUN (RUE DES),"484,710,000,000","27,001,500,000",2.021E+11,185 745,B01,1,1,0,2,0,16,5,NULL,2.021E+11,246 092,185 745,B01,1,1,4,2,1960,0,8,0,-1,-1,-1,-1,2.021E+11,4,VERDUN (RUE DES),0,NULL,-1,2,0,1,0,0,1,NULL,-1,1,0,1,50
2.021E+11,6,11,2021,11:20:00,1,77,77037,2,3,1,3,VERDUN (RUE DES),"484,710,000,000","27,001,500,000",2.021E+11,185 745,B01,1,1,0,2,0,16,5,NULL,2.021E+11,246 093,185 746,A01,1,1,1,2,1964,0,1,0,-1,-1,-1,-1,2.021E+11,4,VERDUN (RUE DES),0,NULL,-1,2,0,1,0,0,1,NULL,-1,1,0,1,50
2.021E+11,7,11,2021,15:45:00,1,75,75119,2,7,1,2,PLACE DE LA BATAILLE DE STALINGRAD,"488,830,180,000","23,695,880,000",2.021E+11,185 695,A01,1,1,0,2,4,11,5,NULL,2.021E+11,246 017,185 695,A01,1,1,4,1,1974,3,8,0,-1,0,0,-1,2.021E+11,4,PLACE DE LA BATAILLE DE STALINGRAD,0,NULL,1,1,1,1,-1,-1,3,NULL,-1,1,-1,5,30
2.021E+11,7,11,2021,15:45:00,1,75,75119,2,7,1,2,PLACE DE LA BATAILLE DE STALINGRAD,"488,830,180,000","23,695,880,000",2.021E+11,185 695,A01,1,1,0,2,4,11,5,NULL,2.021E+11,246 018,185 696,B01,1,1,1,1,1998,9,1,8,-1,0,0,-1,2.021E+11,4,PLACE DE LA BATAILLE DE STALINGRAD,0,NULL,1,1,1,1,-1,-1,3,NULL,-1,1,-1,5,30
2.021E+11,7,11,2021,11:32:00,1,75,75116,2,3,1,3,AVENUE DE VERSAILLES,"488,416,890,000","22,668,650,000",2.021E+11,185 691,A01,2,1,0,2,1,1,5,NULL,2.021E+11,246 011,185 690,Z01,1,1,1,-1,NULL,-1,-1,-1,-1,-1,-1,-1,2.021E+11,4,AVENUE DE VERSAILLES,0,NULL,3,3,3,1,-1,-1,1,NULL,-1,1,0,1,50
2.021E+11,7,11,2021,11:32:00,1,75,75116,2,3,1,3,AVENUE DE VERSAILLES,"488,416,890,000","22,668,650,000",2.021E+11,185 691,A01,2,1,0,2,1,1,5,NULL,2.021E+11,246 012,185 691,A01,1,1,4,1,1987,5,2,4,-1,0,0,-1,2.021E+11,4,AVENUE DE VERSAILLES,0,NULL,3,3,3,1,-1,-1,1,NULL,-1,1,0,1,50
2.021E+11,7,11,2021,16:50:00,2,75,75112,2,1,1,3,ROUTE DOM PERIGNON,"488,281,230,000","24,096,820,000",2.021E+11,185 686,A01,3,1,0,2,1,17,5,NULL,2.021E+11,246 007,185 686,A01,1,1,1,2,1993,5,8,0,-1,0,0,-1,2.021E+11,4,ROUTE DOM PERIGNON,0,NULL,2,1,0,1,-1,-1,1,NULL,-1,1,0,1,30
2.021E+11,7,11,2021,16:50:00,2,75,75112,2,1,1,3,ROUTE DOM PERIGNON,"488,281,230,000","24,096,820,000",2.021E+11,185 686,A01,3,1,0,2,1,17,5,NULL,2.021E+11,246 008,185 687,B01,1,1,4,1,2011,5,8,0,-1,0,0,-1,2.021E+11,4,ROUTE DOM PERIGNON,0,NULL,2,1,0,1,-1,-1,1,NULL,-1,1,0,1,30
2.021E+11,7,11,2021,01:30:00,5,75,75112,2,3,1,3,BOULEVARD PONIATOWSKI,"488,291,900,000","23,902,620,000",2.021E+11,185 684,A01,2,1,0,2,1,19,5,NULL,2.021E+11,246 005,185 684,A01,1,1,4,2,1996,9,8,0,-1,0,0,-1,2.021E+11,4,BOULEVARD PONIATOWSKI,0,NULL,2,2,0,1,-1,-1,1,NULL,-1,1,0,1,50
2.021E+11,7,11,2021,01:30:00,5,75,75112,2,3,1,3,BOULEVARD PONIATOWSKI,"488,291,900,000","23,902,620,000",2.021E+11,185 684,A01,2,1,0,2,1,19,5,NULL,2.021E+11,246 006,185 685,Z01,1,1,1,-1,NULL,-1,-1,-1,-1,-1,-1,-1,2.021E+11,4,BOULEVARD PONIATOWSKI,0,NULL,2,2,0,1,-1,-1,1,NULL,-1,1,0,1,50
2.021E+11,7,11,2021,22:45:00,5,75,75103,2,2,1,3,BOULEVARD DE SEBASTOPOL,"488,652,420,000","23,519,780,000",2.021E+11,185 681,B01,2,1,0,2,1,16,5,NULL,2.021E+11,246 001,185 680,A01,1,1,1,1,1992,4,2,6,-1,0,0,-1,2.021E+11,4,BOULEVARD DE SEBASTOPOL,0,NULL,1,3,1,1,-1,-1,1,NULL,-1,1,0,1,30
2.021E+11,7,11,2021,22:45:00,5,75,75103,2,2,1,3,BOULEVARD DE SEBASTOPOL,"488,652,420,000","23,519,780,000",2.021E+11,185 681,B01,2,1,0,2,1,16,5,NULL,2.021E+11,246 002,185 681,B01,1,1,4,1,1981,9,8,0,-1,0,0,-1,2.021E+11,4,BOULEVARD DE SEBASTOPOL,0,NULL,1,3,1,1,-1,-1,1,NULL,-1,1,0,1,30
2.021E+11,7,11,2021,10:30:00,1,94,94033,2,1,2,3,Avenue Louison Bobet,"488,523,800,000","24,863,200,000",2.021E+11,185 676,A01,1,1,0,2,2,19,5,NULL,2.021E+11,245 997,185 676,A01,1,1,4,1,2002,9,0,0,-1,-1,-1,-1,2.021E+11,3,LOUISON BOBET (AV),0,NULL,3,4,2,1,1,0,1,NULL,-1,2,0,1,50
2.021E+11,7,11,2021,10:30:00,1,94,94033,2,1,2,3,Avenue Louison Bobet,"488,523,800,000","24,863,200,000",2.021E+11,185 676,A01,1,1,0,2,2,19,5,NULL,2.021E+11,245 998,185 677,B01,1,1,1,2,1982,3,1,0,-1,-1,-1,-1,2.021E+11,3,LOUISON BOBET (AV),0,NULL,3,4,2,1,1,0,1,NULL,-1,2,0,1,50
2.021E+11,8,11,2021,16:00:00,1,51,51146,1,2,1,3,D5,"488,936,820,000","42,363,510,000",2.021E+11,185 651,B01,0,1,0,2,2,1,5,NULL,2.021E+11,245 960,185 650,A01,1,1,1,1,2000,1,1,-1,-1,0,0,-1,2.021E+11,3,5,-1,D,2,2,0,1,7,800,1,NULL,-1,1,0,1,80
2.021E+11,8,11,2021,16:00:00,1,51,51146,1,2,1,3,D5,"488,936,820,000","42,363,510,000",2.021E+11,185 651,B01,0,1,0,2,2,1,5,NULL,2.021E+11,245 961,185 651,B01,1,1,4,1,1948,5,4,2,-1,0,0,-1,2.021E+11,3,5,-1,D,2,2,0,1,7,800,1,NULL,-1,1,0,1,80
2.021E+11,13,10,2021,17:00:00,1,14,14740,1,1,1,1,1795 Route des Monts,"490,050,730,000","0,3965690000",2.021E+11,185 629,B01,2,1,0,2,1,1,5,NULL,2.021E+11,245 924,185 629,B01,1,1,4,1,1975,5,2,-1,-1,0,0,-1,2.021E+11,3,130A,-1,NULL,2,2,0,1,7,0,1,NULL,-1,1,0,1,80
2.021E+11,13,10,2021,17:00:00,1,14,14740,1,1,1,1,1795 Route des Monts,"490,050,730,000","0,3965690000",2.021E+11,185 629,B01,2,1,0,2,1,1,5,NULL,2.021E+11,245 925,185 630,A01,1,1,1,1,1966,0,0,-1,-1,0,0,-1,2.021E+11,3,130A,-1,NULL,2,2,0,1,7,0,1,NULL,-1,1,0,1,80
2.021E+11,5,11,2021,16:50:00,2,40,40317,2,4,1,1,Avenue du Général de Gaulle,"436,868,840,000","-13,347,990,000",2.021E+11,185 610,B01,2,1,0,2,0,1,5,NULL,2.021E+11,245 902,185 610,B01,1,1,4,1,1957,5,0,-1,-1,0,0,-1,2.021E+11,3,652,-1,NULL,2,2,0,1,118,-1,3,NULL,-1,1,5,1,50
2.021E+11,5,11,2021,16:50:00,2,40,40317,2,4,1,1,Avenue du Général de Gaulle,"436,868,840,000","-13,347,990,000",2.021E+11,185 610,B01,2,1,0,2,0,1,5,NULL,2.021E+11,245 903,185 611,A01,1,1,1,1,1988,1,1,-1,-1,0,0,-1,2.021E+11,3,652,-1,NULL,2,2,0,1,118,-1,3,NULL,-1,1,5,1,50
2.021E+11,8,11,2021,13:45:00,1,69,69244,2,6,1,3,CLARISSES (DES) (RDPT),"457,657,890,000","47,516,750,000",2.021E+11,185 601,B01,1,1,0,2,1,1,5,NULL,2.021E+11,245 889,185 601,B01,1,1,3,1,1954,5,2,6,-1,0,0,-1,2.021E+11,7,NULL,-1,NULL,1,1,0,1,0,1,2,NULL,4,1,9,1,50
2.021E+11,8,11,2021,13:45:00,1,69,69244,2,6,1,3,CLARISSES (DES) (RDPT),"457,657,890,000","47,516,750,000",2.021E+11,185 601,B01,1,1,0,2,1,1,5,NULL,2.021E+11,245 890,185 602,A01,1,1,1,1,2002,4,1,-1,-1,0,0,-1,2.021E+11,7,NULL,-1,NULL,1,1,0,1,0,1,2,NULL,4,1,9,1,50
2.021E+11,5,11,2021,21:50:00,3,973,97302,2,9,2,3,FELIX EBOUE(ROCADE),"49,286,400,000","-523,166,800,000",2.021E+11,185 497,B01,1,1,0,0,0,0,0,NULL,2.021E+11,245 744,185 497,B01,1,1,4,1,1969,9,8,0,-1,-1,-1,-1,2.021E+11,3,FELIX EBOUE(ROCADE),0,NULL,2,4,0,1,1,700,1,NULL,-1,2,8,1,50
2.021E+11,5,11,2021,21:50:00,3,973,97302,2,9,2,3,FELIX EBOUE(ROCADE),"49,286,400,000","-523,166,800,000",2.021E+11,185 497,B01,1,1,0,0,0,0,0,NULL,2.021E+11,245 745,185 498,A01,1,1,1,-1,NULL,-1,-1,-1,-1,-1,-1,-1,2.021E+11,3,FELIX EBOUE(ROCADE),0,NULL,2,4,0,1,1,700,1,NULL,-1,2,8,1,50
2.021E+11,6,11,2021,02:40:00,5,37,37233,2,6,1,1,BONNIN (AVENUE JEAN),"473,957,377,514","0,7107000083",2.021E+11,185 448,A01,3,1,0,2,1,5,5,NULL,2.021E+11,245 675,185 447,B01,1,1,1,2,1982,5,1,8,-1,-1,-1,-1,2.021E+11,4,BONNIN (AVENUE JEAN),0,NULL,1,4,0,1,-1,-1,2,NULL,-1,1,5,1,50
2.021E+11,6,11,2021,02:40:00,5,37,37233,2,6,1,1,BONNIN (AVENUE JEAN),"473,957,377,514","0,7107000083",2.021E+11,185 448,A01,3,1,0,2,1,5,5,NULL,2.021E+11,245 676,185 448,A01,1,1,4,1,1980,5,8,0,-1,-1,-1,-1,2.021E+11,4,BONNIN (AVENUE JEAN),0,NULL,1,4,0,1,-1,-1,2,NULL,-1,1,5,1,50
2.021E+11,6,11,2021,11:00:00,1,34,34172,2,2,1,3,CARRIEU (RUE MARIUS),"436,163,200,000","38,411,400,000",2.021E+11,185 445,B01,3,1,0,2,8,1,5,NULL,2.021E+11,245 671,185 444,Z01,1,1,1,1,1986,0,8,0,-1,-1,-1,-1,2.021E+11,4,CARRIEU (RUE MARIUS),0,NULL,2,2,0,2,-1,-1,2,NULL,-1,1,0,1,50
2.021E+11,6,11,2021,11:00:00,1,34,34172,2,2,1,3,CARRIEU (RUE MARIUS),"436,163,200,000","38,411,400,000",2.021E+11,185 445,B01,3,1,0,2,8,1,5,NULL,2.021E+11,245 672,185 445,B01,1,1,3,2,1968,5,8,0,-1,-1,-1,-1,2.021E+11,4,CARRIEU (RUE MARIUS),0,NULL,2,2,0,2,-1,-1,2,NULL,-1,1,0,1,50
2.021E+11,5,11,2021,07:30:00,1,13,13004,2,6,1,3,AV DES ARCHES,"436,650,600,000","46,471,000,000",2.021E+11,185 419,B01,3,1,0,2,7,1,0,NULL,2.021E+11,245 638,185 419,B01,1,1,3,2,1990,0,8,0,-1,-1,-1,-1,2.021E+11,3,AV DES ARCHES,0,NULL,1,2,0,1,10,0,2,NULL,-1,1,5,1,50
2.021E+11,5,11,2021,07:30:00,1,13,13004,2,6,1,3,AV DES ARCHES,"436,650,600,000","46,471,000,000",2.021E+11,185 419,B01,3,1,0,2,7,1,0,NULL,2.021E+11,245 639,185 420,A01,1,1,1,1,1990,0,8,0,-1,-1,-1,-1,2.021E+11,3,AV DES ARCHES,0,NULL,1,2,0,1,10,0,2,NULL,-1,1,5,1,50
2.021E+11,6,11,2021,01:50:00,5,75,75116,2,7,1,3,PLACE CHARLES DE GAULLE,"488,732,940,000","22,955,390,000",2.021E+11,185 411,B01,1,1,0,2,1,1,5,NULL,2.021E+11,245 628,185 411,B01,1,1,4,1,1997,9,8,0,-1,0,0,-1,2.021E+11,4,PLACE CHARLES DE GAULLE,0,NULL,1,5,0,1,-1,-1,2,NULL,-1,1,0,1,50
2.021E+11,6,11,2021,01:50:00,5,75,75116,2,7,1,3,PLACE CHARLES DE GAULLE,"488,732,940,000","22,955,390,000",2.021E+11,185 411,B01,1,1,0,2,1,1,5,NULL,2.021E+11,245 629,185 412,A01,1,1,1,1,1998,9,1,8,-1,0,0,-1,2.021E+11,4,PLACE CHARLES DE GAULLE,0,NULL,1,5,0,1,-1,-1,2,NULL,-1,1,0,1,50
2.021E+11,6,11,2021,00:55:00,5,75,75113,2,1,1,7,QUAI D AUSTERLITZ,"488,402,500,000","23,702,150,000",2.021E+11,185 408,A01,2,1,0,0,0,1,5,NULL,2.021E+11,245 625,185 408,A01,1,1,4,1,1992,5,8,0,-1,0,0,-1,2.021E+11,4,QUAI D AUSTERLITZ,0,NULL,2,4,1,2,-1,-1,1,NULL,-1,1,-1,5,30
2.021E+11,6,11,2021,09:20:00,1,92,92064,2,6,7,3,COLONEL DE ROCHEBRUNE,"488,547,248,354","21,980,434,656",2.021E+11,185 385,B01,1,1,0,2,7,1,5,NULL,2.021E+11,245 594,185 384,A01,1,1,1,2,1955,0,1,0,-1,-1,-1,-1,2.021E+11,3,180,0,NULL,2,2,0,1,0,0,2,NULL,-1,1,5,1,50
2.021E+11,6,11,2021,09:20:00,1,92,92064,2,6,7,3,COLONEL DE ROCHEBRUNE,"488,547,248,354","21,980,434,656",2.021E+11,185 385,B01,1,1,0,2,7,1,5,NULL,2.021E+11,245 595,185 385,B01,1,1,4,1,1995,0,8,0,-1,-1,-1,-1,2.021E+11,3,180,0,NULL,2,2,0,1,0,0,2,NULL,-1,1,5,1,50
2.021E+11,10,10,2021,09:00:00,1,57,57124,1,9,7,3,D56,"494,019,780,000","62,484,470,000",2.021E+11,185 308,B01,2,1,0,2,3,1,5,NULL,2.021E+11,245 479,185 308,B01,1,1,3,1,1955,5,2,-1,-1,0,0,-1,2.021E+11,3,56,0,NULL,2,2,0,1,17,200,2,NULL,-1,1,0,1,50
2.021E+11,10,10,2021,09:00:00,1,57,57124,1,9,7,3,D56,"494,019,780,000","62,484,470,000",2.021E+11,185 308,B01,2,1,0,2,3,1,5,NULL,2.021E+11,245 480,185 309,A01,1,1,1,1,1948,9,1,-1,-1,0,0,-1,2.021E+11,3,56,0,NULL,2,2,0,1,17,200,2,NULL,-1,1,0,1,50
2.021E+11,5,11,2021,11:50:00,1,69,69382,2,2,1,3,PRESIDENT CARNOT (DU) (R),"457,611,244,740","48,362,797,762",2.021E+11,185 248,B01,3,1,0,2,6,1,5,NULL,2.021E+11,245 399,185 248,B01,1,1,4,2,1985,1,8,-1,-1,-1,-1,-1,2.021E+11,4,PRESIDENT CARNOT (DU)               (R ),0,NULL,1,1,2,1,-1,-1,1,NULL,-1,1,0,1,30
2.021E+11,5,11,2021,11:50:00,1,69,69382,2,2,1,3,PRESIDENT CARNOT (DU) (R),"457,611,244,740","48,362,797,762",2.021E+11,185 248,B01,3,1,0,2,6,1,5,NULL,2.021E+11,245 400,185 249,A01,1,1,1,1,1995,5,1,-1,-1,-1,-1,-1,2.021E+11,4,PRESIDENT CARNOT (DU)               (R ),0,NULL,1,1,2,1,-1,-1,1,NULL,-1,1,0,1,30
2.021E+11,5,11,2021,19:43:00,5,971,97101,2,1,1,3,Frédéric JALTON,"162,795,720,542","-614,978,653,193",2.021E+11,185 246,B01,1,1,0,2,0,19,5,NULL,2.021E+11,245 392,185 245,Z01,1,1,1,-1,NULL,-1,-1,-1,-1,-1,-1,-1,2.021E+11,3,Frédéric JALTON,0,NULL,2,1,0,1,-1,-1,1,NULL,-1,1,6,1,50
2.021E+11,5,11,2021,19:43:00,5,971,97101,2,1,1,3,Frédéric JALTON,"162,795,720,542","-614,978,653,193",2.021E+11,185 246,B01,1,1,0,2,0,19,5,NULL,2.021E+11,245 393,185 246,B01,1,1,4,1,2007,0,8,0,-1,-1,-1,-1,2.021E+11,3,Frédéric JALTON,0,NULL,2,1,0,1,-1,-1,1,NULL,-1,1,6,1,50
2.021E+11,5,11,2021,19:05:00,5,971,97101,1,1,1,3,TERRAIN SONIS,"162,403,000,000","-615,285,800,000",2.021E+11,185 244,B01,3,1,0,2,1,16,5,NULL,2.021E+11,245 390,185 243,A01,1,1,1,1,1985,5,1,8,-1,-1,-1,-1,2.021E+11,9,TERRAIN SONIS,0,NULL,-1,1,0,1,-1,-1,1,NULL,-1,1,0,1,15
2.021E+11,5,11,2021,19:05:00,5,971,97101,1,1,1,3,TERRAIN SONIS,"162,403,000,000","-615,285,800,000",2.021E+11,185 244,B01,3,1,0,2,1,16,5,NULL,2.021E+11,245 391,185 244,B01,1,1,4,1,2005,5,8,0,-1,-1,-1,-1,2.021E+11,9,TERRAIN SONIS,0,NULL,-1,1,0,1,-1,-1,1,NULL,-1,1,0,1,15
2.021E+11,4,11,2021,14:20:00,1,67,67482,2,3,1,3,JULES VERNE (RUE),"485,952,900,000","77,186,900,000",2.021E+11,185 208,B01,2,1,0,2,2,19,5,NULL,2.021E+11,245 338,185 208,B01,1,1,4,2,2002,0,8,0,-1,-1,-1,-1,2.021E+11,4,JULES VERNE (RUE),0,NULL,2,4,1,1,0,0,1,NULL,-1,1,0,1,50
2.021E+11,4,11,2021,14:20:00,1,67,67482,2,3,1,3,JULES VERNE (RUE),"485,952,900,000","77,186,900,000",2.021E+11,185 208,B01,2,1,0,2,2,19,5,NULL,2.021E+11,245 339,185 209,A01,1,1,1,2,1985,0,1,8,-1,-1,-1,-1,2.021E+11,4,JULES VERNE (RUE),0,NULL,2,4,1,1,0,0,1,NULL,-1,1,0,1,50
2.021E+11,5,11,2021,13:07:00,1,65,65440,2,9,3,6,REFFYE (COURS),"432,323,360,000","0,0712930000",2.021E+11,185 206,A01,1,1,0,1,0,25,5,NULL,2.021E+11,245 334,185 206,A01,10,3,4,1,2016,2,0,-1,-1,5,9,2,2.021E+11,9,REFFYE (COURS),0,NULL,-1,0,0,1,-1,-1,1,NULL,-1,2,0,4,-1
2.021E+11,5,11,2021,13:07:00,1,65,65440,2,9,3,6,REFFYE (COURS),"432,323,360,000","0,0712930000",2.021E+11,185 206,A01,1,1,0,1,0,25,5,NULL,2.021E+11,245 335,185 206,A01,1,1,1,1,1993,1,8,-1,-1,0,0,-1,2.021E+11,9,REFFYE (COURS),0,NULL,-1,0,0,1,-1,-1,1,NULL,-1,2,0,4,-1
2.021E+11,5,11,2021,16:30:00,1,44,44114,2,1,1,2,AVENUE DE LA MORLIERE,"472,529,800,000","-15,974,400,000",2.021E+11,185 185,B01,0,1,0,2,4,2,5,NULL,2.021E+11,245 304,185 184,A01,1,1,1,2,1967,0,1,0,-1,-1,-1,-1,2.021E+11,4,AVENUE DE LA MORLIERE,0,NULL,2,0,0,1,-1,-1,1,NULL,-1,1,0,1,50
2.021E+11,5,11,2021,16:30:00,1,44,44114,2,1,1,2,AVENUE DE LA MORLIERE,"472,529,800,000","-15,974,400,000",2.021E+11,185 185,B01,0,1,0,2,4,2,5,NULL,2.021E+11,245 305,185 185,B01,1,1,3,1,2001,0,8,0,-1,-1,-1,-1,2.021E+11,4,AVENUE DE LA MORLIERE,0,NULL,2,0,0,1,-1,-1,1,NULL,-1,1,0,1,50
2.021E+11,5,11,2021,05:00:00,5,37,37261,2,1,8,3,FEBVOTTE (RUE),"473,756,468,417","0,6798729300",2.021E+11,185 178,B01,1,1,0,2,8,23,5,NULL,2.021E+11,245 297,185 178,B01,1,1,4,2,1965,1,8,4,-1,-1,-1,-1,2.021E+11,4,FEBVOTTE (RUE),0,NULL,2,3,0,2,-1,-1,1,NULL,-1,2,0,1,50
2.021E+11,5,11,2021,05:00:00,5,37,37261,2,1,8,3,FEBVOTTE (RUE),"473,756,468,417","0,6798729300",2.021E+11,185 178,B01,1,1,0,2,8,23,5,NULL,2.021E+11,245 298,185 179,A01,2,2,1,2,1965,5,1,0,-1,-1,-1,-1,2.021E+11,4,FEBVOTTE (RUE),0,NULL,2,3,0,2,-1,-1,1,NULL,-1,2,0,1,50
2.021E+11,5,11,2021,05:00:00,5,37,37261,2,1,8,3,FEBVOTTE (RUE),"473,756,468,417","0,6798729300",2.021E+11,185 178,B01,1,1,0,2,8,23,5,NULL,2.021E+11,245 299,185 179,A01,1,1,1,1,1996,5,1,0,-1,-1,-1,-1,2.021E+11,4,FEBVOTTE (RUE),0,NULL,2,3,0,2,-1,-1,1,NULL,-1,2,0,1,50
2.021E+11,5,11,2021,22:22:00,5,35,35238,2,5,1,3,ROOSEVELT (BD FRANKLIN),"480,972,360,000","-16,579,080,000",2.021E+11,185 176,A01,2,1,9,2,7,1,5,NULL,2.021E+11,245 295,185 176,A01,1,1,4,2,1993,0,8,0,-1,-1,-1,-1,2.021E+11,4,ROOSEVELT (BD FRANKLIN),0,NULL,2,2,2,2,-1,-1,1,NULL,-1,1,5,1,50
2.021E+11,5,11,2021,22:22:00,5,35,35238,2,5,1,3,ROOSEVELT (BD FRANKLIN),"480,972,360,000","-16,579,080,000",2.021E+11,185 176,A01,2,1,9,2,7,1,5,NULL,2.021E+11,245 296,185 177,B01,1,1,1,-1,NULL,-1,-1,-1,-1,-1,-1,-1,2.021E+11,4,ROOSEVELT (BD FRANKLIN),0,NULL,2,2,2,2,-1,-1,1,NULL,-1,1,5,1,50
2.021E+11,5,11,2021,17:26:00,2,10,10333,2,2,1,3,CROIX BLANCHE (RUE DE LA ),"482,761,900,000","40,563,900,000",2.021E+11,185 123,A01,1,1,0,2,7,1,5,NULL,2.021E+11,245 234,185 123,A01,1,1,4,1,2005,0,8,0,-1,-1,-1,-1,2.021E+11,4,CROIX BLANCHE (RUE DE LA ),0,NULL,2,4,0,1,-1,-1,1,NULL,-1,1,0,1,50
2.021E+11,5,11,2021,17:26:00,2,10,10333,2,2,1,3,CROIX BLANCHE (RUE DE LA ),"482,761,900,000","40,563,900,000",2.021E+11,185 123,A01,1,1,0,2,7,1,5,NULL,2.021E+11,245 235,185 124,B01,1,1,1,1,1972,0,1,0,-1,-1,-1,-1,2.021E+11,4,CROIX BLANCHE (RUE DE LA ),0,NULL,2,4,0,1,-1,-1,1,NULL,-1,1,0,1,50
2.021E+11,4,11,2021,09:00:00,1,75,75103,2,7,8,3,PLACE DE LA REPUBLIQUE,"488,664,660,000","23,647,780,000",2.021E+11,185 108,B01,1,1,0,2,4,1,5,NULL,2.021E+11,245 216,185 107,A01,1,1,1,1,1963,4,1,0,-1,0,0,-1,2.021E+11,4,PLACE DE LA REPUBLIQUE,0,NULL,2,4,1,1,-1,-1,3,NULL,-1,2,-1,5,30
2.021E+11,4,11,2021,09:00:00,1,75,75103,2,7,8,3,PLACE DE LA REPUBLIQUE,"488,664,660,000","23,647,780,000",2.021E+11,185 108,B01,1,1,0,2,4,1,5,NULL,2.021E+11,245 217,185 108,B01,1,1,2,1,1990,9,2,0,-1,0,0,-1,2.021E+11,4,PLACE DE LA REPUBLIQUE,0,NULL,2,4,1,1,-1,-1,3,NULL,-1,2,-1,5,30
2.021E+11,5,11,2021,13:30:00,1,75,75119,2,1,1,6,BOULEVARD MACDONALD,"488,988,990,000","23,809,590,000",2.021E+11,185 105,A01,1,1,0,1,2,1,5,NULL,2.021E+11,245 212,185 105,A01,1,1,1,1,1975,1,2,6,-1,0,0,-1,2.021E+11,4,BOULEVARD MACDONALD,0,NULL,1,1,1,1,-1,-1,1,NULL,-1,1,-1,5,30
2.021E+11,5,11,2021,13:30:00,1,75,75119,2,1,1,6,BOULEVARD MACDONALD,"488,988,990,000","23,809,590,000",2.021E+11,185 105,A01,1,1,0,1,2,1,5,NULL,2.021E+11,245 213,185 105,A01,10,3,4,2,2011,5,0,-1,-1,2,3,2,2.021E+11,4,BOULEVARD MACDONALD,0,NULL,1,1,1,1,-1,-1,1,NULL,-1,1,-1,5,30
2.021E+11,5,11,2021,08:20:00,1,75,75118,2,1,8,2,AVENUE DE LA PORTE DE MONTMARTRE,"488,999,160,000","23,358,180,000",2.021E+11,185 101,B01,1,1,0,2,4,13,5,NULL,2.021E+11,245 207,185 100,A01,1,1,1,2,1971,1,1,0,-1,0,0,-1,2.021E+11,4,AVENUE DE LA PORTE DE MONTMARTRE,0,NULL,2,4,0,2,-1,-1,1,NULL,-1,1,0,1,30
2.021E+11,5,11,2021,08:20:00,1,75,75118,2,1,8,2,AVENUE DE LA PORTE DE MONTMARTRE,"488,999,160,000","23,358,180,000",2.021E+11,185 101,B01,1,1,0,2,4,13,5,NULL,2.021E+11,245 208,185 101,B01,1,1,4,2,1966,1,8,0,-1,0,0,-1,2.021E+11,4,AVENUE DE LA PORTE DE MONTMARTRE,0,NULL,2,4,0,2,-1,-1,1,NULL,-1,1,0,1,30
2.021E+11,5,11,2021,10:00:00,1,75,75111,2,4,8,3,AVENUE DE LA REPUBLIQUE,"488,666,400,000","23,673,120,000",2.021E+11,185 090,B01,2,1,0,2,1,1,5,NULL,2.021E+11,245 193,185 089,A01,1,1,1,1,1964,4,1,8,-1,0,0,-1,2.021E+11,4,AVENUE DE LA REPUBLIQUE,0,NULL,2,4,1,1,-1,-1,1,NULL,-1,1,-1,5,30
2.021E+11,5,11,2021,10:00:00,1,75,75111,2,4,8,3,AVENUE DE LA REPUBLIQUE,"488,666,400,000","23,673,120,000",2.021E+11,185 090,B01,2,1,0,2,1,1,5,NULL,2.021E+11,245 194,185 090,B01,1,1,4,1,1992,9,2,0,-1,0,0,-1,2.021E+11,4,AVENUE DE LA REPUBLIQUE,0,NULL,2,4,1,1,-1,-1,1,NULL,-1,1,-1,5,30
2.021E+11,3,11,2021,19:00:00,5,75,75104,2,3,1,1,RUE DE RIVOLI,"488,582,290,000","23,491,020,000",2.021E+11,185 088,B01,1,1,0,2,1,1,5,NULL,2.021E+11,245 191,185 087,A01,1,1,1,1,1983,4,2,0,-1,0,0,-1,2.021E+11,4,RUE DE RIVOLI,0,NULL,2,4,1,1,-1,-1,1,NULL,-1,1,-1,5,30