Num_Acc,jour,mois,an,hrmn,lum,dep,com,agg,int,atm,col,adr,lat,long,Num_Acc,id_vehicule,num_veh,senc,catv,obs,obsm,choc,manv,motor,occutc,Num_Acc,id_usager,id_vehicule,num_veh,place,catu,grav,sexe,an_nais,trajet,secu1,secu2,secu3,locp,actp,etatp,Num_Acc,catr,voie,v1,v2,circ,nbv,vosp,prof,pr,pr1,plan,lartpc,larrout,surf,infra,situ,vma
2.021E+11,3,11,2021,19:00:00,5,75,75104,2,3,1,1,RUE DE RIVOLI,"488,582,290,000","23,491,020,000",2.021E+11,185 088,B01,1,1,0,2,1,1,5,NULL,2.021E+11,245 192,185 088,B01,1,1,4,2,1978,5,2,0,-1,0,0,-1,2.021E+11,4,RUE DE RIVOLI,0,NULL,2,4,1,1,-1,-1,1,NULL,-1,1,-1,5,30
2.021E+11,3,11,2021,17:11:00,2,75,75101,2,2,1,6,BOULEVARD DE SEBASTOPOL,"488,585,080,000","23,482,160,000",2.021E+11,185 086,Z01,1,1,0,1,1,1,5,NULL,2.021E+11,245 189,185 086,Z01,10,3,4,2,1979,5,8,8,-1,4,3,1,2.021E+11,4,BOULEVARD DE SEBASTOPOL,0,NULL,2,5,1,1,-1,-1,1,NULL,-1,1,-1,5,30
2.021E+11,3,11,2021,17:11:00,2,75,75101,2,2,1,6,BOULEVARD DE SEBASTOPOL,"488,585,080,000","23,482,160,000",2.021E+11,185 086,Z01,1,1,0,1,1,1,5,NULL,2.021E+11,245 190,185 086,Z01,1,1,1,-1,NULL,-1,-1,-1,-1,-1,-1,-1,2.021E+11,4,BOULEVARD DE SEBASTOPOL,0,NULL,2,5,1,1,-1,-1,1,NULL,-1,1,-1,5,30
2.021E+11,3,11,2021,16:00:00,1,92,92025,2,1,1,3,ESTIENNE D'ORVES (RUE),"489,157,270,000","22,424,050,000",2.021E+11,185 031,B01,1,1,0,2,3,19,5,NULL,2.021E+11,245 121,185 031,B01,1,1,3,1,2003,9,8,8,-1,-1,-1,-1,2.021E+11,4,NULL,0,NULL,1,1,0,1,0,0,1,NULL,-1,1,0,1,30
2.021E+11,3,11,2021,16:00:00,1,92,92025,2,1,1,3,ESTIENNE D'ORVES (RUE),"489,157,270,000","22,424,050,000",2.021E+11,185 031,B01,1,1,0,2,3,19,5,NULL,2.021E+11,245 122,185 032,A01,1,1,4,1,1997,9,8,8,-1,-1,-1,-1,2.021E+11,4,NULL,0,NULL,1,1,0,1,0,0,1,NULL,-1,1,0,1,30
2.021E+11,5,11,2021,14:10:00,1,49,49030,1,1,1,2,D206,"473,622,070,000"," -0,0407940000",2.021E+11,185 016,B01,1,1,0,2,5,1,5,NULL,2.021E+11,245 103,185 016,B01,1,1,3,1,2003,5,2,-1,-1,0,0,-1,2.021E+11,3,206,0,D,2,2,0,1,5,500,1,NULL,-1,1,0,1,80
2.021E+11,5,11,2021,14:10:00,1,49,49030,1,1,1,2,D206,"473,622,070,000"," -0,0407940000",2.021E+11,185 016,B01,1,1,0,2,5,1,5,NULL,2.021E+11,245 104,185 017,A01,1,1,1,-1,NULL,-1,-1,-1,-1,-1,-1,-1,2.021E+11,3,206,0,D,2,2,0,1,5,500,1,NULL,-1,1,0,1,80
2.021E+11,5,11,2021,07:30:00,2,68,68287,2,3,2,3,4 Rue du Nord,"479,603,730,000","73,057,560,000",2.021E+11,184 960,B01,1,1,0,0,7,1,5,NULL,2.021E+11,245 031,184 959,A01,1,1,1,1,1979,1,1,-1,-1,0,0,-1,2.021E+11,4,NULL,-1,NULL,2,2,0,1,-1,-1,1,NULL,6,2,0,1,50
2.021E+11,5,11,2021,07:30:00,2,68,68287,2,3,2,3,4 Rue du Nord,"479,603,730,000","73,057,560,000",2.021E+11,184 960,B01,1,1,0,0,7,1,5,NULL,2.021E+11,245 032,184 960,B01,1,1,3,2,1963,1,0,-1,-1,0,0,-1,2.021E+11,4,NULL,-1,NULL,2,2,0,1,-1,-1,1,NULL,6,2,0,1,50
2.021E+11,5,11,2021,17:25:00,1,22,22008,1,1,7,3,Rue des Fougères,"484,139,030,000","-20,963,230,000",2.021E+11,184 953,B01,3,1,0,0,8,1,5,NULL,2.021E+11,245 018,184 953,B01,1,1,3,1,1945,5,0,-1,-1,0,0,-1,2.021E+11,4,NULL,-1,NULL,2,2,0,1,-1,-1,1,NULL,5,1,0,1,80
2.021E+11,5,11,2021,17:25:00,1,22,22008,1,1,7,3,Rue des Fougères,"484,139,030,000","-20,963,230,000",2.021E+11,184 953,B01,3,1,0,0,8,1,5,NULL,2.021E+11,245 019,184 954,A01,1,1,1,1,1982,1,1,-1,-1,0,0,-1,2.021E+11,4,NULL,-1,NULL,2,2,0,1,-1,-1,1,NULL,5,1,0,1,80
2.021E+11,10,8,2021,14:55:00,1,75,75116,2,1,1,6,AVENUE MOZART,"488,502,330,000","22,669,750,000",2.021E+11,184 911,A01,2,1,0,1,1,1,5,NULL,2.021E+11,244 959,184 911,A01,1,1,1,2,1972,3,2,0,-1,0,0,-1,2.021E+11,4,AVENUE MOZART,0,NULL,1,2,0,4,-1,-1,1,NULL,-1,1,0,1,50
2.021E+11,10,8,2021,14:55:00,1,75,75116,2,1,1,6,AVENUE MOZART,"488,502,330,000","22,669,750,000",2.021E+11,184 911,A01,2,1,0,1,1,1,5,NULL,2.021E+11,244 960,184 911,A01,10,3,2,1,1933,5,0,-1,-1,2,4,1,2.021E+11,4,AVENUE MOZART,0,NULL,1,2,0,4,-1,-1,1,NULL,-1,1,0,1,50
2.021E+11,4,11,2021,15:50:00,1,972,97209,2,1,7,3,BATTERIE (RUE DE LA),"146,279,500,000","-610,549,200,000",2.021E+11,184 887,B01,3,1,0,2,1,19,5,NULL,2.021E+11,244 928,184 887,B01,1,1,4,1,2008,5,8,0,-1,-1,-1,-1,2.021E+11,4,BATTERIE (RUE DE LA),0,NULL,2,2,0,1,0,0,1,NULL,-1,1,0,1,50
2.021E+11,4,11,2021,15:50:00,1,972,97209,2,1,7,3,BATTERIE (RUE DE LA),"146,279,500,000","-610,549,200,000",2.021E+11,184 887,B01,3,1,0,2,1,19,5,NULL,2.021E+11,244 929,184 888,A01,1,1,1,2,1932,5,1,0,-1,-1,-1,-1,2.021E+11,4,BATTERIE (RUE DE LA),0,NULL,2,2,0,1,0,0,1,NULL,-1,1,0,1,50
2.021E+11,3,11,2021,11:15:00,1,83,83069,2,1,1,2,JUIN ( BOULEVARD DU MARECHAL ),"431,162,000,000","61,133,000,000",2.021E+11,184 873,B01,1,1,0,2,4,1,5,NULL,2.021E+11,244 911,184 873,B01,1,1,4,1,1948,5,2,0,-1,-1,-1,-1,2.021E+11,7,JUIN ( BOULEVARD DU MARECHAL ),0,NULL,2,2,0,1,1,300,1,NULL,-1,1,0,1,50
2.021E+11,3,11,2021,11:15:00,1,83,83069,2,1,1,2,JUIN ( BOULEVARD DU MARECHAL ),"431,162,000,000","61,133,000,000",2.021E+11,184 873,B01,1,1,0,2,4,1,5,NULL,2.021E+11,244 912,184 874,A01,1,1,1,1,1966,0,1,-1,-1,-1,-1,-1,2.021E+11,7,JUIN ( BOULEVARD DU MARECHAL ),0,NULL,2,2,0,1,1,300,1,NULL,-1,1,0,1,50
2.021E+11,2,11,2021,09:00:00,1,80,80021,2,1,1,3,LAMARCK (RUE),"498,902,200,000","22,982,600,000",2.021E+11,184 872,B01,2,1,1,0,1,1,0,NULL,2.021E+11,244 909,184 871,A01,1,1,1,2,1987,0,8,-1,-1,0,0,-1,2.021E+11,4,LAMARCK (RUE),0,NULL,1,1,0,1,-1,-1,1,NULL,-1,1,0,1,30
2.021E+11,2,11,2021,09:00:00,1,80,80021,2,1,1,3,LAMARCK (RUE),"498,902,200,000","22,982,600,000",2.021E+11,184 872,B01,2,1,1,0,1,1,0,NULL,2.021E+11,244 910,184 872,B01,1,1,4,1,1983,0,8,0,-1,-1,-1,-1,2.021E+11,4,LAMARCK (RUE),0,NULL,1,1,0,1,-1,-1,1,NULL,-1,1,0,1,30
2.021E+11,4,11,2021,08:55:00,1,74,74012,2,1,1,3,BONNEVILLE (ROUTE DE),"461,841,700,000","62,425,200,000",2.021E+11,184 862,B01,1,1,0,2,3,15,5,NULL,2.021E+11,244 897,184 861,A01,1,1,1,1,1984,1,1,8,-1,-1,-1,-1,2.021E+11,4,BONNEVILLE (ROUTE DE),0,NULL,-1,2,1,1,0,1,1,NULL,-1,2,0,1,50
2.021E+11,4,11,2021,08:55:00,1,74,74012,2,1,1,3,BONNEVILLE (ROUTE DE),"461,841,700,000","62,425,200,000",2.021E+11,184 862,B01,1,1,0,2,3,15,5,NULL,2.021E+11,244 898,184 862,B01,1,1,4,1,1981,0,8,0,-1,-1,-1,-1,2.021E+11,4,BONNEVILLE (ROUTE DE),0,NULL,-1,2,1,1,0,1,1,NULL,-1,2,0,1,50
2.021E+11,4,11,2021,17:40:00,5,35,35238,2,3,1,3,VERN (DE),"480,978,200,000","-16,552,300,000",2.021E+11,184 832,B01,3,1,0,2,1,1,5,NULL,2.021E+11,244 861,184 831,A01,1,1,1,1,1967,5,1,0,-1,-1,-1,-1,2.021E+11,4,VERN (DE),0,NULL,2,4,1,1,-1,-1,1,NULL,-1,2,0,1,50
2.021E+11,4,11,2021,17:40:00,5,35,35238,2,3,1,3,VERN (DE),"480,978,200,000","-16,552,300,000",2.021E+11,184 832,B01,3,1,0,2,1,1,5,NULL,2.021E+11,244 862,184 832,B01,1,1,4,1,1977,5,2,0,-1,-1,-1,-1,2.021E+11,4,VERN (DE),0,NULL,2,4,1,1,-1,-1,1,NULL,-1,2,0,1,50
2.021E+11,3,11,2021,07:42:00,2,33,33119,2,4,2,3,Boulevard André Ricard,"448,602,570,418"," -0,5382946651",2.021E+11,184 826,B01,1,1,0,2,0,1,5,NULL,2.021E+11,244 852,184 825,A01,1,1,1,2,1986,1,8,-1,-1,-1,-1,-1,2.021E+11,4,RICARD (BD ANDRE),0,NULL,2,2,1,1,-1,-1,3,NULL,-1,2,0,1,50
2.021E+11,3,11,2021,07:42:00,2,33,33119,2,4,2,3,Boulevard André Ricard,"448,602,570,418"," -0,5382946651",2.021E+11,184 826,B01,1,1,0,2,0,1,5,NULL,2.021E+11,244 853,184 826,B01,1,1,4,1,1993,0,8,-1,-1,-1,-1,-1,2.021E+11,4,RICARD (BD ANDRE),0,NULL,2,2,1,1,-1,-1,3,NULL,-1,2,0,1,50
2.021E+11,4,11,2021,17:30:00,5,26,26198,2,1,1,1,39 Avenue de Gournier,"445,312,890,000","47,445,910,000",2.021E+11,184 819,B01,1,1,0,2,0,1,5,NULL,2.021E+11,244 845,184 819,B01,1,1,4,1,1986,1,2,6,-1,0,0,-1,2.021E+11,2,GOURNIER (Avenue de),0,NULL,2,2,1,1,92,990,1,NULL,-1,1,0,1,50
2.021E+11,4,11,2021,17:30:00,5,26,26198,2,1,1,1,39 Avenue de Gournier,"445,312,890,000","47,445,910,000",2.021E+11,184 819,B01,1,1,0,2,0,1,5,NULL,2.021E+11,244 846,184 820,A01,1,1,1,2,1973,9,1,-1,-1,0,0,-1,2.021E+11,2,GOURNIER (Avenue de),0,NULL,2,2,1,1,92,990,1,NULL,-1,1,0,1,50
2.021E+11,4,11,2021,17:23:00,3,75,75105,2,2,2,3,BOULEVARD DE PORT ROYAL,"488,376,940,000","23,455,070,000",2.021E+11,184 794,B01,1,1,0,2,0,19,5,NULL,2.021E+11,244 811,184 794,B01,1,1,1,1,1958,1,8,0,-1,0,0,-1,2.021E+11,4,BOULEVARD DE PORT ROYAL,0,NULL,2,4,0,1,-1,-1,1,NULL,-1,2,0,1,30
2.021E+11,4,11,2021,17:23:00,3,75,75105,2,2,2,3,BOULEVARD DE PORT ROYAL,"488,376,940,000","23,455,070,000",2.021E+11,184 794,B01,1,1,0,2,0,19,5,NULL,2.021E+11,244 812,184 795,A01,1,1,4,2,1989,4,2,6,-1,0,0,-1,2.021E+11,4,BOULEVARD DE PORT ROYAL,0,NULL,2,4,0,1,-1,-1,1,NULL,-1,2,0,1,30
2.021E+11,4,11,2021,17:00:00,2,75,75115,2,3,3,7,BOULEVARD VICTOR,"488,326,990,000","22,883,630,000",2.021E+11,184 792,A01,2,1,0,0,0,1,5,NULL,2.021E+11,244 809,184 792,A01,1,1,4,1,1972,1,8,0,-1,0,0,-1,2.021E+11,4,BOULEVARD VICTOR,0,NULL,1,1,1,1,-1,-1,1,NULL,-1,2,-1,5,30
2.021E+11,4,11,2021,08:45:00,1,75,75114,2,1,8,6,BOULEVARD JOURDAN,"488,228,390,000","23,275,960,000",2.021E+11,184 791,A01,1,1,9,0,1,1,5,NULL,2.021E+11,244 808,184 791,A01,1,1,4,1,1961,1,8,0,-1,0,0,-1,2.021E+11,4,BOULEVARD JOURDAN,0,NULL,2,8,1,1,-1,-1,1,NULL,-1,2,-1,5,50
2.021E+11,4,11,2021,14:05:00,1,75,75111,2,2,8,6,BOULEVARD RICHARD LENOIR,"488,577,990,000","23,709,400,000",2.021E+11,184 788,A01,1,1,0,0,0,21,5,NULL,2.021E+11,244 804,184 788,A01,1,1,4,1,1985,9,8,0,-1,0,0,-1,2.021E+11,4,BOULEVARD RICHARD LENOIR,0,NULL,1,2,1,1,-1,-1,1,NULL,-1,1,-1,5,30
2.021E+11,4,11,2021,17:20:00,2,94,94076,2,1,2,2,Boulevard Maxime Gorki,"487,908,400,000","23,695,900,000",2.021E+11,184 776,A01,1,1,0,2,4,23,5,NULL,2.021E+11,244 789,184 775,B01,1,1,1,-1,NULL,-1,-1,-1,-1,-1,-1,-1,2.021E+11,3,MAXIME GORKI (BD),0,NULL,1,4,3,1,1,0,1,NULL,-1,2,0,3,50
2.021E+11,4,11,2021,17:20:00,2,94,94076,2,1,2,2,Boulevard Maxime Gorki,"487,908,400,000","23,695,900,000",2.021E+11,184 776,A01,1,1,0,2,4,23,5,NULL,2.021E+11,244 790,184 776,A01,1,1,4,2,1994,9,0,0,-1,-1,-1,-1,2.021E+11,3,MAXIME GORKI (BD),0,NULL,1,4,3,1,1,0,1,NULL,-1,2,0,3,50
2.021E+11,4,11,2021,21:45:00,5,62,62502,2,1,3,2,Route de Béthune,"506,145,150,000","26,888,930,000",2.021E+11,184 724,A01,1,1,0,0,4,2,5,NULL,2.021E+11,244 723,184 724,A01,1,1,4,1,2000,5,9,-1,-1,0,0,-1,2.021E+11,3,845,-1,NULL,2,2,2,1,8,525,1,NULL,-1,2,0,5,50
2.021E+11,4,11,2021,21:45:00,5,62,62502,2,1,3,2,Route de Béthune,"506,145,150,000","26,888,930,000",2.021E+11,184 724,A01,1,1,0,0,4,2,5,NULL,2.021E+11,244 724,184 725,B01,1,1,1,1,1966,1,1,-1,-1,0,0,-1,2.021E+11,3,845,-1,NULL,2,2,2,1,8,525,1,NULL,-1,2,0,5,50
2.021E+11,4,11,2021,10:37:00,1,44,44154,2,2,1,3,Avenue de la Combe des Bondres,"472,214,092,436","-21,612,864,733",2.021E+11,184 704,B01,0,1,0,2,1,2,6,NULL,2.021E+11,244 699,184 704,B01,1,1,3,2,1945,0,0,-1,-1,0,0,-1,2.021E+11,4,NULL,-1,NULL,2,2,0,1,-1,-1,1,NULL,5,2,0,1,50
2.021E+11,4,11,2021,10:37:00,1,44,44154,2,2,1,3,Avenue de la Combe des Bondres,"472,214,092,436","-21,612,864,733",2.021E+11,184 704,B01,0,1,0,2,1,2,6,NULL,2.021E+11,244 700,184 705,A01,1,1,1,2,1952,9,1,-1,-1,0,0,-1,2.021E+11,4,NULL,-1,NULL,2,2,0,1,-1,-1,1,NULL,5,2,0,1,50
2.021E+11,31,10,2021,17:10:00,1,56,56098,2,1,1,3,JAURES (RUE  JEAN ),"477,641,300,000","-33,603,600,000",2.021E+11,184 567,B01,1,1,1,0,1,1,5,NULL,2.021E+11,244 525,184 566,A01,1,1,1,1,1996,5,8,0,-1,-1,-1,-1,2.021E+11,3,724,0,NULL,2,2,0,1,103,178,1,NULL,-1,1,0,5,50
2.021E+11,31,10,2021,17:10:00,1,56,56098,2,1,1,3,JAURES (RUE  JEAN ),"477,641,300,000","-33,603,600,000",2.021E+11,184 567,B01,1,1,1,0,1,1,5,NULL,2.021E+11,244 526,184 567,B01,1,1,4,1,1994,4,2,0,-1,-1,-1,-1,2.021E+11,3,724,0,NULL,2,2,0,1,103,178,1,NULL,-1,1,0,5,50
2.021E+11,2,11,2021,10:00:00,1,10,10333,2,6,8,3,ECHENILLY (RUE),"482,743,653,347","40,401,488,541",2.021E+11,184 527,B01,3,1,0,2,7,1,0,NULL,2.021E+11,244 478,184 527,B01,1,1,4,1,1993,9,8,0,-1,-1,-1,-1,2.021E+11,3,ECHENILLY (RUE),0,NULL,2,2,0,1,1,10,1,NULL,-1,2,5,5,50
2.021E+11,2,11,2021,10:00:00,1,10,10333,2,6,8,3,ECHENILLY (RUE),"482,743,653,347","40,401,488,541",2.021E+11,184 527,B01,3,1,0,2,7,1,0,NULL,2.021E+11,244 479,184 528,A01,1,1,1,1,1950,9,1,0,-1,-1,-1,-1,2.021E+11,3,ECHENILLY (RUE),0,NULL,2,2,0,1,1,10,1,NULL,-1,2,5,5,50
2.021E+11,13,10,2021,09:43:00,1,75,75108,2,1,1,3,AVENUE WINSTON CHURCHILL,"488,662,790,000","23,138,420,000",2.021E+11,177 796,B01,1,1,0,2,1,1,5,NULL,2.021E+11,235 521,177 796,B01,1,1,4,2,1966,9,8,0,-1,0,0,-1,2.021E+11,4,AVENUE WINSTON CHURCHILL,0,NULL,2,5,1,1,-1,-1,1,NULL,-1,1,-1,5,30
2.021E+11,13,10,2021,09:43:00,1,75,75108,2,1,1,3,AVENUE WINSTON CHURCHILL,"488,662,790,000","23,138,420,000",2.021E+11,177 796,B01,1,1,0,2,1,1,5,NULL,2.021E+11,235 522,177 797,A01,1,1,1,1,1993,4,1,0,-1,0,0,-1,2.021E+11,4,AVENUE WINSTON CHURCHILL,0,NULL,2,5,1,1,-1,-1,1,NULL,-1,1,-1,5,30
2.021E+11,5,10,2021,18:44:00,2,63,63113,2,1,1,3,PAULINES (AVENUE DES),"457,756,500,000","30,965,100,000",2.021E+11,176 952,B01,3,1,0,2,8,19,5,NULL,2.021E+11,234 479,176 952,B01,1,1,4,1,2001,0,2,0,-1,0,0,-1,2.021E+11,4,PAULINES (AVENUE DES),0,NULL,3,4,0,1,-1,-1,1,NULL,-1,1,0,1,50
2.021E+11,5,10,2021,18:44:00,2,63,63113,2,1,1,3,PAULINES (AVENUE DES),"457,756,500,000","30,965,100,000",2.021E+11,176 952,B01,3,1,0,2,8,19,5,NULL,2.021E+11,234 480,176 953,A01,1,1,1,2,1980,0,1,0,-1,0,0,-1,2.021E+11,4,PAULINES (AVENUE DES),0,NULL,3,4,0,1,-1,-1,1,NULL,-1,1,0,1,50
2.021E+11,9,10,2021,14:15:00,1,59,59350,2,2,1,2,ERFURT PONT,"506,400,470,000","30,768,790,000",2.021E+11,176 384,B01,3,1,0,2,4,15,5,NULL,2.021E+11,233 710,176 384,B01,1,1,4,1,1975,5,2,0,-1,-1,-1,-1,2.021E+11,4,ERFURT PONT,0,NULL,2,2,1,1,-1,-1,2,NULL,-1,1,2,1,50
2.021E+11,9,10,2021,14:15:00,1,59,59350,2,2,1,2,ERFURT PONT,"506,400,470,000","30,768,790,000",2.021E+11,176 384,B01,3,1,0,2,4,15,5,NULL,2.021E+11,233 711,176 385,A01,1,1,1,1,1990,5,1,0,-1,-1,-1,-1,2.021E+11,4,ERFURT PONT,0,NULL,2,2,1,1,-1,-1,2,NULL,-1,1,2,1,50
2.021E+11,2,10,2021,16:00:00,1,38,38185,2,3,1,3,JEUX OLYMPIQUES (AV. DES),"451,741,300,000","57,430,200,000",2.021E+11,173 844,B01,3,1,0,2,4,15,5,NULL,2.021E+11,230 435,173 843,A01,1,1,1,1,1977,0,8,0,-1,-1,-1,-1,2.021E+11,4,JEUX OLYMPIQUES (AV. DES),0,NULL,2,3,0,1,-1,-1,1,NULL,-1,1,0,1,30
2.021E+11,2,10,2021,16:00:00,1,38,38185,2,3,1,3,JEUX OLYMPIQUES (AV. DES),"451,741,300,000","57,430,200,000",2.021E+11,173 844,B01,3,1,0,2,4,15,5,NULL,2.021E+11,230 436,173 844,B01,1,1,3,1,2010,0,8,0,-1,-1,-1,-1,2.021E+11,4,JEUX OLYMPIQUES (AV. DES),0,NULL,2,3,0,1,-1,-1,1,NULL,-1,1,0,1,30
2.021E+11,29,9,2021,08:10:00,1,92,92004,2,1,1,3,MARNE   ( AVENUE DE LA ),"489,093,863,095","22,860,165,126",2.021E+11,173 114,B01,2,1,0,2,1,1,5,NULL,2.021E+11,229 491,173 114,B01,1,1,4,1,2006,0,1,0,-1,-1,-1,-1,2.021E+11,3,9,0,NULL,2,2,0,1,0,0,1,NULL,-1,1,0,1,50
2.021E+11,29,9,2021,08:10:00,1,92,92004,2,1,1,3,MARNE   ( AVENUE DE LA ),"489,093,863,095","22,860,165,126",2.021E+11,173 114,B01,2,1,0,2,1,1,5,NULL,2.021E+11,229 492,173 115,A01,1,1,1,2,1964,0,1,8,-1,-1,-1,-1,2.021E+11,3,9,0,NULL,2,2,0,1,0,0,1,NULL,-1,1,0,1,50
2.021E+11,3,9,2021,20:35:00,5,971,97101,1,9,1,6,PETIT PEROU,"162,531,362,408","-615,143,389,595",2.021E+11,171 582,B01,1,1,0,2,4,26,5,NULL,2.021E+11,227 474,171 581,A01,1,1,1,1,1991,5,8,8,-1,-1,-1,-1,2.021E+11,3,PETIT PEROU,0,NULL,-1,2,0,2,-1,-1,1,NULL,-1,1,0,8,70
2.021E+11,3,9,2021,20:35:00,5,971,97101,1,9,1,6,PETIT PEROU,"162,531,362,408","-615,143,389,595",2.021E+11,171 582,B01,1,1,0,2,4,26,5,NULL,2.021E+11,227 475,171 581,A01,2,2,1,1,1985,5,1,0,-1,-1,-1,-1,2.021E+11,3,PETIT PEROU,0,NULL,-1,2,0,2,-1,-1,1,NULL,-1,1,0,8,70
2.021E+11,3,9,2021,20:35:00,5,971,97101,1,9,1,6,PETIT PEROU,"162,531,362,408","-615,143,389,595",2.021E+11,171 582,B01,1,1,0,2,4,26,5,NULL,2.021E+11,227 476,171 582,B01,1,1,4,1,1979,1,2,0,-1,-1,-1,-1,2.021E+11,3,PETIT PEROU,0,NULL,-1,2,0,2,-1,-1,1,NULL,-1,1,0,8,70
2.021E+11,16,9,2021,11:30:00,1,67,67482,2,1,1,3,ALTKIRCH (RUE D ),"485,599,420,000","77,676,540,000",2.021E+11,168 870,A01,1,1,8,2,3,1,5,NULL,2.021E+11,223 905,168 869,Z01,1,1,1,-1,NULL,-1,-1,-1,-1,-1,-1,-1,2.021E+11,4,NULL,0,NULL,2,2,0,1,0,0,1,NULL,-1,1,0,1,50
2.021E+11,16,9,2021,11:30:00,1,67,67482,2,1,1,3,ALTKIRCH (RUE D ),"485,599,420,000","77,676,540,000",2.021E+11,168 870,A01,1,1,8,2,3,1,5,NULL,2.021E+11,223 906,168 870,A01,1,1,4,1,1985,4,8,0,-1,-1,-1,-1,2.021E+11,4,NULL,0,NULL,2,2,0,1,0,0,1,NULL,-1,1,0,1,50
2.021E+11,15,9,2021,08:50:00,1,37,37261,2,1,1,6,PAILHOU (PLACE GASTON),"473,926,382,075","0,6805434536",2.021E+11,168 431,B01,2,1,0,2,8,2,5,NULL,2.021E+11,223 332,168 430,A01,1,1,1,1,1984,2,1,0,-1,-1,-1,-1,2.021E+11,4,PAILHOU (PLACE GASTON),0,NULL,1,1,0,1,-1,-1,3,NULL,-1,1,0,1,50
2.021E+11,15,9,2021,08:50:00,1,37,37261,2,1,1,6,PAILHOU (PLACE GASTON),"473,926,382,075","0,6805434536",2.021E+11,168 431,B01,2,1,0,2,8,2,5,NULL,2.021E+11,223 333,168 431,B01,1,1,4,2,1937,5,2,0,-1,-1,-1,-1,2.021E+11,4,PAILHOU (PLACE GASTON),0,NULL,1,1,0,1,-1,-1,3,NULL,-1,1,0,1,50
2.021E+11,29,8,2021,11:25:00,1,29,29233,2,1,1,1,41 Rue de Quimper,"478,751,680,000","-35,471,040,000",2.021E+11,164 490,B01,2,1,0,2,1,1,5,NULL,2.021E+11,218 230,164 490,B01,1,1,4,1,1962,5,2,-1,-1,0,0,-1,2.021E+11,4,765,0,D,2,2,0,2,-1,-1,1,NULL,-1,1,0,1,50
2.021E+11,29,8,2021,11:25:00,1,29,29233,2,1,1,1,41 Rue de Quimper,"478,751,680,000","-35,471,040,000",2.021E+11,164 490,B01,2,1,0,2,1,1,5,NULL,2.021E+11,218 231,164 491,A01,1,1,1,2,1983,0,1,-1,-1,0,0,-1,2.021E+11,4,765,0,D,2,2,0,2,-1,-1,1,NULL,-1,1,0,1,50
2.021E+11,27,8,2021,06:40:00,2,54,54157,2,1,1,3,3 Rue Serge Mangon,"488,391,150,000","60,578,690,000",2.021E+11,161 365,B01,3,1,0,2,8,15,5,NULL,2.021E+11,214 059,161 364,A01,1,1,1,1,1982,4,8,-1,-1,0,0,-1,2.021E+11,4,NULL,0,NULL,2,2,0,1,-1,-1,1,NULL,6,1,0,1,50
2.021E+11,27,8,2021,06:40:00,2,54,54157,2,1,1,3,3 Rue Serge Mangon,"488,391,150,000","60,578,690,000",2.021E+11,161 365,B01,3,1,0,2,8,15,5,NULL,2.021E+11,214 060,161 365,B01,1,1,3,1,1963,5,0,-1,-1,0,0,-1,2.021E+11,4,NULL,0,NULL,2,2,0,1,-1,-1,1,NULL,6,1,0,1,50
2.021E+11,21,8,2021,19:45:00,1,93,93010,2,1,1,3,GUESDES (RUE JULES),"489,038,580,000","24,752,720,000",2.021E+11,160 244,A01,1,1,0,1,1,1,5,NULL,2.021E+11,212 554,160 244,A01,10,3,4,2,1952,0,0,-1,-1,4,3,1,2.021E+11,4,GUESDES (RUE JULES),0,NULL,2,2,0,1,1,0,1,NULL,-1,1,0,1,30
2.021E+11,21,8,2021,19:45:00,1,93,93010,2,1,1,3,GUESDES (RUE JULES),"489,038,580,000","24,752,720,000",2.021E+11,160 244,A01,1,1,0,1,1,1,5,NULL,2.021E+11,212 555,160 244,A01,1,1,1,1,1986,0,8,0,-1,0,0,-1,2.021E+11,4,GUESDES (RUE JULES),0,NULL,2,2,0,1,1,0,1,NULL,-1,1,0,1,30
2.021E+11,16,8,2021,15:45:00,1,85,85194,2,1,1,6,AV POMPIDOU,"464,998,000,000","-17,800,500,000",2.021E+11,159 513,A01,3,1,0,2,7,15,5,NULL,2.021E+11,211 519,159 512,B01,1,1,4,2,2003,0,2,8,-1,-1,-1,-1,2.021E+11,4,AV POMPIDOU,0,NULL,2,2,0,1,0,0,1,NULL,-1,1,0,1,50
2.021E+11,16,8,2021,15:45:00,1,85,85194,2,1,1,6,AV POMPIDOU,"464,998,000,000","-17,800,500,000",2.021E+11,159 513,A01,3,1,0,2,7,15,5,NULL,2.021E+11,211 520,159 513,A01,1,1,1,1,1992,0,8,0,-1,-1,-1,-1,2.021E+11,4,AV POMPIDOU,0,NULL,2,2,0,1,0,0,1,NULL,-1,1,0,1,50
2.021E+11,1,8,2021,13:50:00,1,68,68201,2,1,1,6,17 Route Joffre,"477,762,160,000","70,000,340,000",2.021E+11,154 874,A01,2,1,8,0,1,1,5,NULL,2.021E+11,205 030,154 874,A01,1,1,2,1,1972,5,2,-1,-1,0,0,-1,2.021E+11,3,14,0,B,2,2,0,2,0,135,1,NULL,-1,2,0,4,50
2.021E+11,20,7,2021,12:00:00,1,44,44109,2,6,1,3,PLACE VICTOR MANGIN,"472,010,200,000","-15,443,760,000",2.021E+11,151 804,B01,0,1,0,0,0,1,5,NULL,2.021E+11,200 832,151 803,A01,1,1,1,1,2002,0,2,0,-1,-1,-1,-1,2.021E+11,4,PLACE VICTOR MANGIN,0,NULL,1,2,1,1,-1,0,1,NULL,-1,1,0,5,30