Num_Acc,jour,mois,an,hrmn,lum,dep,com,agg,int,atm,col,adr,lat,long,Num_Acc,id_vehicule,num_veh,senc,catv,obs,obsm,choc,manv,motor,occutc,Num_Acc,id_usager,id_vehicule,num_veh,place,catu,grav,sexe,an_nais,trajet,secu1,secu2,secu3,locp,actp,etatp,Num_Acc,catr,voie,v1,v2,circ,nbv,vosp,prof,pr,pr1,plan,lartpc,larrout,surf,infra,situ,vma
2.021E+11,20,7,2021,12:00:00,1,44,44109,2,6,1,3,PLACE VICTOR MANGIN,"472,010,200,000","-15,443,760,000",2.021E+11,151 803,A01,0,1,0,2,1,17,5,NULL,2.021E+11,200 832,151 803,A01,1,1,1,1,2002,0,2,0,-1,-1,-1,-1,2.021E+11,4,PLACE VICTOR MANGIN,0,NULL,1,2,1,1,-1,0,1,NULL,-1,1,0,5,30
2.021E+11,20,7,2021,12:00:00,1,44,44109,2,6,1,3,PLACE VICTOR MANGIN,"472,010,200,000","-15,443,760,000",2.021E+11,151 804,B01,0,1,0,0,0,1,5,NULL,2.021E+11,200 833,151 804,B01,1,1,4,1,1929,0,2,0,-1,-1,-1,-1,2.021E+11,4,PLACE VICTOR MANGIN,0,NULL,1,2,1,1,-1,0,1,NULL,-1,1,0,5,30
2.021E+11,20,7,2021,12:00:00,1,44,44109,2,6,1,3,PLACE VICTOR MANGIN,"472,010,200,000","-15,443,760,000",2.021E+11,151 803,A01,0,1,0,2,1,17,5,NULL,2.021E+11,200 833,151 804,B01,1,1,4,1,1929,0,2,0,-1,-1,-1,-1,2.021E+11,4,PLACE VICTOR MANGIN,0,NULL,1,2,1,1,-1,0,1,NULL,-1,1,0,5,30
2.021E+11,17,7,2021,06:05:00,2,42,42323,2,1,8,3,Avenue du Général de Gaulle,"455,612,020,000","42,771,580,000",2.021E+11,150 990,B01,3,1,0,0,6,15,5,NULL,2.021E+11,199 732,150 989,A01,1,1,1,1,1994,0,8,-1,-1,0,0,-1,2.021E+11,3,1082,0,D,2,2,0,1,49,700,1,NULL,-1,1,0,1,50
2.021E+11,17,7,2021,06:05:00,2,42,42323,2,1,8,3,Avenue du Général de Gaulle,"455,612,020,000","42,771,580,000",2.021E+11,150 990,B01,3,1,0,0,6,15,5,NULL,2.021E+11,199 733,150 990,B01,1,1,3,1,2008,3,0,-1,-1,0,0,-1,2.021E+11,3,1082,0,D,2,2,0,1,49,700,1,NULL,-1,1,0,1,50
2.021E+11,2,7,2021,06:40:00,1,39,39126,1,3,7,3,NULL,"465,890,360,000","59,471,230,000",2.021E+11,145 538,B01,1,1,0,2,1,1,5,NULL,2.021E+11,192 226,145 538,B01,1,1,3,1,1982,1,2,-1,-1,0,0,-1,2.021E+11,3,330,-1,NULL,2,2,0,1,0,865,1,NULL,-1,1,0,1,70
2.021E+11,2,7,2021,06:40:00,1,39,39126,1,3,7,3,NULL,"465,890,360,000","59,471,230,000",2.021E+11,145 538,B01,1,1,0,2,1,1,5,NULL,2.021E+11,192 227,145 539,A01,1,1,1,1,1972,4,0,-1,-1,0,0,-1,2.021E+11,3,330,-1,NULL,2,2,0,1,0,865,1,NULL,-1,1,0,1,70
2.021E+11,29,6,2021,13:15:00,1,31,31149,2,1,1,3,QUERCY (ALLEE DU),"436,116,600,000","13,332,600,000",2.021E+11,145 092,A01,0,1,0,2,1,19,5,NULL,2.021E+11,191 651,145 091,B01,1,1,1,2,1960,1,1,0,-1,-1,-1,-1,2.021E+11,4,QUERCY (ALLEE DU),0,NULL,-1,1,0,1,-1,-1,1,NULL,-1,1,0,1,50
2.021E+11,29,6,2021,13:15:00,1,31,31149,2,1,1,3,QUERCY (ALLEE DU),"436,116,600,000","13,332,600,000",2.021E+11,145 092,A01,0,1,0,2,1,19,5,NULL,2.021E+11,191 652,145 092,A01,1,1,3,1,2007,9,2,8,-1,-1,-1,-1,2.021E+11,4,QUERCY (ALLEE DU),0,NULL,-1,1,0,1,-1,-1,1,NULL,-1,1,0,1,50
2.021E+11,23,6,2021,08:15:00,1,75,75113,2,2,2,3,BOULEVARD KELLERMANN,"488,191,470,000","23,594,910,000",2.021E+11,143 642,B01,1,1,0,2,3,13,5,NULL,2.021E+11,189 690,143 641,A01,1,1,4,2,1994,1,2,0,-1,0,0,-1,2.021E+11,4,BOULEVARD KELLERMANN,0,NULL,3,2,1,2,-1,-1,3,NULL,-1,2,0,5,30
2.021E+11,23,6,2021,08:15:00,1,75,75113,2,2,2,3,BOULEVARD KELLERMANN,"488,191,470,000","23,594,910,000",2.021E+11,143 641,A01,1,1,0,2,2,17,5,NULL,2.021E+11,189 690,143 641,A01,1,1,4,2,1994,1,2,0,-1,0,0,-1,2.021E+11,4,BOULEVARD KELLERMANN,0,NULL,3,2,1,2,-1,-1,3,NULL,-1,2,0,5,30
2.021E+11,23,6,2021,08:15:00,1,75,75113,2,2,2,3,BOULEVARD KELLERMANN,"488,191,470,000","23,594,910,000",2.021E+11,143 642,B01,1,1,0,2,3,13,5,NULL,2.021E+11,189 691,143 642,B01,1,1,1,1,1960,5,2,0,-1,0,0,-1,2.021E+11,4,BOULEVARD KELLERMANN,0,NULL,3,2,1,2,-1,-1,3,NULL,-1,2,0,5,30
2.021E+11,23,6,2021,08:15:00,1,75,75113,2,2,2,3,BOULEVARD KELLERMANN,"488,191,470,000","23,594,910,000",2.021E+11,143 641,A01,1,1,0,2,2,17,5,NULL,2.021E+11,189 691,143 642,B01,1,1,1,1,1960,5,2,0,-1,0,0,-1,2.021E+11,4,BOULEVARD KELLERMANN,0,NULL,3,2,1,2,-1,-1,3,NULL,-1,2,0,5,30
2.021E+11,13,6,2021,10:35:00,1,73,73091,2,9,1,3,D914 - route du bord du lac,"457,951,620,000","58,181,620,000",2.021E+11,139 801,B01,2,1,0,2,1,1,5,NULL,2.021E+11,184 705,139 801,B01,1,1,3,1,1968,5,2,-1,-1,0,0,-1,2.021E+11,3,914,0,NULL,2,2,0,2,4,370,2,NULL,-1,1,9,1,50
2.021E+11,13,6,2021,10:35:00,1,73,73091,2,9,1,3,D914 - route du bord du lac,"457,951,620,000","58,181,620,000",2.021E+11,139 801,B01,2,1,0,2,1,1,5,NULL,2.021E+11,184 706,139 802,A01,1,1,1,1,1991,5,1,-1,-1,0,0,-1,2.021E+11,3,914,0,NULL,2,2,0,2,4,370,2,NULL,-1,1,9,1,50
2.021E+11,10,6,2021,16:48:00,1,53,53062,2,3,1,3,Chemin du Moulinet,"478,282,180,000"," -0,7233270000",2.021E+11,138 052,A01,0,1,0,2,1,15,5,NULL,2.021E+11,182 381,138 051,B01,1,1,1,2,1973,2,1,-1,-1,0,0,-1,2.021E+11,4,NULL,-1,NULL,2,1,0,2,-1,-1,1,NULL,3,1,0,1,50
2.021E+11,10,6,2021,16:48:00,1,53,53062,2,3,1,3,Chemin du Moulinet,"478,282,180,000"," -0,7233270000",2.021E+11,138 052,A01,0,1,0,2,1,15,5,NULL,2.021E+11,182 382,138 052,A01,1,1,3,1,2006,5,0,-1,-1,0,0,-1,2.021E+11,4,NULL,-1,NULL,2,1,0,2,-1,-1,1,NULL,3,1,0,1,50
2.021E+11,22,5,2021,17:35:00,1,35,35131,1,2,1,3,D125,"481,300,970,000","-18,051,430,000",2.021E+11,135 366,A01,1,1,0,2,1,1,5,NULL,2.021E+11,178 931,135 366,A01,1,1,4,1,1952,5,2,-1,-1,0,0,-1,2.021E+11,7,125,-1,NULL,2,2,0,2,33,355,3,NULL,-1,1,5,1,50
2.021E+11,22,5,2021,17:35:00,1,35,35131,1,2,1,3,D125,"481,300,970,000","-18,051,430,000",2.021E+11,135 366,A01,1,1,0,2,1,1,5,NULL,2.021E+11,178 932,135 367,B01,1,1,1,1,1965,5,1,-1,-1,0,0,-1,2.021E+11,7,125,-1,NULL,2,2,0,2,33,355,3,NULL,-1,1,5,1,50
2.021E+11,27,5,2021,08:10:00,1,67,67482,2,1,1,6,LAZARET (RUE DU),"485,640,406,399","77,552,675,289",2.021E+11,134 156,B01,1,1,1,0,1,1,5,NULL,2.021E+11,177 325,134 155,A01,1,1,1,1,1972,4,8,0,-1,-1,-1,-1,2.021E+11,4,LAZARET (RUE DU),0,NULL,2,3,0,1,0,0,3,NULL,-1,1,0,1,50
2.021E+11,27,5,2021,08:10:00,1,67,67482,2,1,1,6,LAZARET (RUE DU),"485,640,406,399","77,552,675,289",2.021E+11,134 156,B01,1,1,1,0,1,1,5,NULL,2.021E+11,177 326,134 156,B01,1,1,4,1,1996,1,8,0,-1,-1,-1,-1,2.021E+11,4,LAZARET (RUE DU),0,NULL,2,3,0,1,0,0,3,NULL,-1,1,0,1,50
2.021E+11,22,5,2021,12:00:00,1,67,67447,2,1,8,3,GENERAL DE GAULLE (ROUTE DU),"486,086,154,096","77,348,227,573",2.021E+11,133 421,A01,1,1,0,2,0,19,5,NULL,2.021E+11,176 398,133 420,B01,1,1,4,1,1972,0,2,6,-1,-1,-1,-1,2.021E+11,7,GENERAL DE GAULLE (ROUTE DU),0,NULL,3,2,1,1,-1,-1,1,NULL,-1,1,0,1,50
2.021E+11,22,5,2021,12:00:00,1,67,67447,2,1,8,3,GENERAL DE GAULLE (ROUTE DU),"486,086,154,096","77,348,227,573",2.021E+11,133 421,A01,1,1,0,2,0,19,5,NULL,2.021E+11,176 399,133 420,B01,2,2,4,2,1972,0,2,6,-1,-1,-1,-1,2.021E+11,7,GENERAL DE GAULLE (ROUTE DU),0,NULL,3,2,1,1,-1,-1,1,NULL,-1,1,0,1,50
2.021E+11,22,5,2021,12:00:00,1,67,67447,2,1,8,3,GENERAL DE GAULLE (ROUTE DU),"486,086,154,096","77,348,227,573",2.021E+11,133 421,A01,1,1,0,2,0,19,5,NULL,2.021E+11,176 400,133 421,A01,1,1,1,1,2013,5,8,0,-1,-1,-1,-1,2.021E+11,7,GENERAL DE GAULLE (ROUTE DU),0,NULL,3,2,1,1,-1,-1,1,NULL,-1,1,0,1,50
2.021E+11,28,4,2021,17:45:00,1,17,17347,2,1,1,1,Boulevard Joseph Lair,"459,461,770,000"," -0,5221910000",2.021E+11,130 716,B01,0,1,0,2,1,1,5,NULL,2.021E+11,172 840,130 716,B01,1,1,3,1,1963,5,0,-1,-1,0,0,-1,2.021E+11,4,NULL,-1,NULL,-1,2,0,1,-1,-1,1,NULL,-1,1,0,1,50
2.021E+11,28,4,2021,17:45:00,1,17,17347,2,1,1,1,Boulevard Joseph Lair,"459,461,770,000"," -0,5221910000",2.021E+11,130 716,B01,0,1,0,2,1,1,5,NULL,2.021E+11,172 841,130 717,A01,1,1,1,1,1972,3,1,-1,-1,0,0,-1,2.021E+11,4,NULL,-1,NULL,-1,2,0,1,-1,-1,1,NULL,-1,1,0,1,50
2.021E+11,13,5,2021,23:40:00,5,69,69387,2,3,1,3,MARCEL MERIEUX (R),"457,266,100,000","48,305,000,000",2.021E+11,130 042,B01,3,1,0,2,0,0,0,NULL,2.021E+11,171 900,130 041,Z01,1,1,1,-1,NULL,-1,8,-1,-1,-1,-1,-1,2.021E+11,4,MARCEL MERIEUX                      (R ),0,NULL,1,2,1,1,-1,-1,1,NULL,-1,1,0,1,50
2.021E+11,13,5,2021,23:40:00,5,69,69387,2,3,1,3,MARCEL MERIEUX (R),"457,266,100,000","48,305,000,000",2.021E+11,130 042,B01,3,1,0,2,0,0,0,NULL,2.021E+11,171 901,130 042,B01,1,1,4,1,1998,0,8,-1,-1,-1,-1,-1,2.021E+11,4,MARCEL MERIEUX                      (R ),0,NULL,1,2,1,1,-1,-1,1,NULL,-1,1,0,1,50
2.021E+11,13,4,2021,15:15:00,1,69,69382,2,2,1,3,JULES COURMONT (Q),"457,601,600,000","48,379,400,000",2.021E+11,122 814,B01,3,1,0,2,8,1,5,NULL,2.021E+11,162 529,122 813,A01,1,1,1,-1,NULL,-1,8,-1,-1,-1,-1,-1,2.021E+11,4,JULES COURMONT                      (QU),0,NULL,3,8,1,1,-1,-1,1,NULL,-1,1,0,1,50
2.021E+11,13,4,2021,15:15:00,1,69,69382,2,2,1,3,JULES COURMONT (Q),"457,601,600,000","48,379,400,000",2.021E+11,122 814,B01,3,1,0,2,8,1,5,NULL,2.021E+11,162 530,122 814,B01,1,1,4,2,1992,5,8,-1,-1,-1,-1,-1,2.021E+11,4,JULES COURMONT                      (QU),0,NULL,3,8,1,1,-1,-1,1,NULL,-1,1,0,1,50
2.021E+11,9,4,2021,11:00:00,1,75,75117,2,2,1,4,AVENUE DE CLICHY,"488,915,610,000","23,184,860,000",2.021E+11,122 012,B01,2,1,0,2,8,16,5,NULL,2.021E+11,161 469,122 011,C01,1,1,4,1,2001,5,8,8,-1,0,0,-1,2.021E+11,4,AVENUE DE CLICHY,0,NULL,2,5,1,1,-1,-1,1,NULL,-1,1,0,1,50
2.021E+11,9,4,2021,11:00:00,1,75,75117,2,2,1,4,AVENUE DE CLICHY,"488,915,610,000","23,184,860,000",2.021E+11,122 012,B01,2,1,0,2,8,16,5,NULL,2.021E+11,161 470,122 012,B01,1,1,4,2,2000,5,8,8,-1,0,0,-1,2.021E+11,4,AVENUE DE CLICHY,0,NULL,2,5,1,1,-1,-1,1,NULL,-1,1,0,1,50
2.021E+11,9,4,2021,11:00:00,1,75,75117,2,2,1,4,AVENUE DE CLICHY,"488,915,610,000","23,184,860,000",2.021E+11,122 012,B01,2,1,0,2,8,16,5,NULL,2.021E+11,161 471,122 013,A01,1,1,1,1,1986,4,1,8,-1,0,0,-1,2.021E+11,4,AVENUE DE CLICHY,0,NULL,2,5,1,1,-1,-1,1,NULL,-1,1,0,1,50
2.021E+11,9,4,2021,13:15:00,1,75,75113,2,1,1,3,AVENUE D ITALIE,"488,276,770,000","23,568,080,000",2.021E+11,122 008,B01,2,1,0,2,1,1,5,NULL,2.021E+11,161 464,122 007,A01,1,1,1,1,1982,4,2,6,-1,0,0,-1,2.021E+11,4,AVENUE D ITALIE,0,NULL,2,6,1,1,-1,-1,1,NULL,-1,1,-1,5,50
2.021E+11,9,4,2021,13:15:00,1,75,75113,2,1,1,3,AVENUE D ITALIE,"488,276,770,000","23,568,080,000",2.021E+11,122 008,B01,2,1,0,2,1,1,5,NULL,2.021E+11,161 465,122 008,B01,1,1,4,1,1978,5,8,0,-1,0,0,-1,2.021E+11,4,AVENUE D ITALIE,0,NULL,2,6,1,1,-1,-1,1,NULL,-1,1,-1,5,50
2.021E+11,27,3,2021,16:30:00,1,63,63368,1,1,1,3,Lieu-dit Les coins,"456,998,727,392","33,351,786,732",2.021E+11,118 784,B01,2,1,0,2,8,2,0,NULL,2.021E+11,157 246,118 783,A01,1,1,1,1,1967,5,1,-1,-1,0,0,-1,2.021E+11,3,D14,0,NULL,2,2,0,1,-1,-1,1,NULL,-1,1,0,1,80
2.021E+11,27,3,2021,16:30:00,1,63,63368,1,1,1,3,Lieu-dit Les coins,"456,998,727,392","33,351,786,732",2.021E+11,118 784,B01,2,1,0,2,8,2,0,NULL,2.021E+11,157 247,118 784,B01,1,1,3,1,1970,5,2,-1,-1,0,0,-1,2.021E+11,3,D14,0,NULL,2,2,0,1,-1,-1,1,NULL,-1,1,0,1,80
2.021E+11,24,3,2021,15:30:00,1,33,33449,2,6,1,3,Rue Maurice Lestage,"448,811,710,000"," -0,6971960000",2.021E+11,118 035,B01,3,1,0,2,2,15,5,NULL,2.021E+11,156 317,118 034,A01,1,1,1,2,1955,9,1,-1,-1,0,0,-1,2.021E+11,4,NULL,-1,NULL,2,2,0,1,-1,-1,2,NULL,-1,1,9,1,30
2.021E+11,24,3,2021,15:30:00,1,33,33449,2,6,1,3,Rue Maurice Lestage,"448,811,710,000"," -0,6971960000",2.021E+11,118 035,B01,3,1,0,2,2,15,5,NULL,2.021E+11,156 318,118 035,B01,1,1,3,1,2006,3,0,-1,-1,0,0,-1,2.021E+11,4,NULL,-1,NULL,2,2,0,1,-1,-1,2,NULL,-1,1,9,1,30
2.021E+11,6,3,2021,09:35:00,1,37,37261,2,1,1,6,MAGINOT (AV. ANDRE),"474,223,848,961","0,6967928412",2.021E+11,116 409,B01,2,1,0,2,1,1,5,NULL,2.021E+11,154 232,116 409,B01,1,1,4,1,1991,5,2,6,-1,-1,-1,-1,2.021E+11,4,MAGINOT (AV. ANDRE),0,NULL,2,3,1,1,-1,-1,1,NULL,-1,1,0,5,50
2.021E+11,6,3,2021,09:35:00,1,37,37261,2,1,1,6,MAGINOT (AV. ANDRE),"474,223,848,961","0,6967928412",2.021E+11,116 409,B01,2,1,0,2,1,1,5,NULL,2.021E+11,154 233,116 410,A01,1,1,1,1,1989,4,1,5,-1,-1,-1,-1,2.021E+11,4,MAGINOT (AV. ANDRE),0,NULL,2,3,1,1,-1,-1,1,NULL,-1,1,0,5,50
2.021E+11,15,2,2021,15:10:00,1,9,9185,2,2,1,6,Av du Mal de Lattre de Tassigny,"432,538,010,000","16,809,320,000",2.021E+11,109 663,A01,2,1,2,0,1,11,5,NULL,2.021E+11,145 549,109 663,A01,1,1,3,1,2004,5,0,-1,-1,0,0,-1,2.021E+11,3,14,-1,NULL,2,2,0,2,3,670,1,NULL,-1,1,0,3,50
2.021E+11,5,2,2021,09:55:00,1,10,10333,2,6,2,3,ROBERT GALLEY (RUE),"482,894,900,000","40,676,670,000",2.021E+11,107 960,B01,3,1,0,2,5,9,5,NULL,2.021E+11,143 302,107 960,B01,1,1,4,1,2001,2,2,0,-1,-1,-1,-1,2.021E+11,4,ROBERT GALLEY (RUE),0,NULL,1,2,1,1,-1,-1,2,NULL,-1,2,0,5,50
2.021E+11,5,2,2021,09:55:00,1,10,10333,2,6,2,3,ROBERT GALLEY (RUE),"482,894,900,000","40,676,670,000",2.021E+11,107 960,B01,3,1,0,2,5,9,5,NULL,2.021E+11,143 303,107 961,A01,1,1,1,2,1952,1,1,8,-1,-1,-1,-1,2.021E+11,4,ROBERT GALLEY (RUE),0,NULL,1,2,1,1,-1,-1,2,NULL,-1,2,0,5,50
2.021E+11,5,2,2021,13:40:00,1,4,4049,1,1,1,2,RN 85,"440,869,530,000","60,101,440,000",2.021E+11,107 669,B01,2,1,0,0,4,1,5,NULL,2.021E+11,142 932,107 668,A01,1,1,1,2,1967,9,1,-1,-1,0,0,-1,2.021E+11,2,85,-1,NULL,2,2,0,1,21,420,1,NULL,-1,1,0,1,80
2.021E+11,5,2,2021,13:40:00,1,4,4049,1,1,1,2,RN 85,"440,869,530,000","60,101,440,000",2.021E+11,107 669,B01,2,1,0,0,4,1,5,NULL,2.021E+11,142 933,107 669,B01,1,1,3,1,1982,5,0,-1,-1,0,0,-1,2.021E+11,2,85,-1,NULL,2,2,0,1,21,420,1,NULL,-1,1,0,1,80
2.021E+11,22,1,2021,13:45:00,1,974,97422,2,1,3,7,Rue Jean de Fos du Rau,"-212,219,660,000","555,527,010,000",2.021E+11,106 029,A01,2,1,0,2,0,0,5,NULL,2.021E+11,140 818,106 028,B01,1,1,1,1,1950,0,1,-1,-1,0,0,-1,2.021E+11,2,3,-1,NULL,2,2,0,2,-1,-1,4,NULL,-1,2,0,1,50
2.021E+11,22,1,2021,13:45:00,1,974,97422,2,1,3,7,Rue Jean de Fos du Rau,"-212,219,660,000","555,527,010,000",2.021E+11,106 029,A01,2,1,0,2,0,0,5,NULL,2.021E+11,140 819,106 029,A01,1,1,3,1,1988,5,2,-1,-1,0,0,-1,2.021E+11,2,3,-1,NULL,2,2,0,2,-1,-1,4,NULL,-1,2,0,1,50
2.021E+11,12,1,2021,18:45:00,5,94,94046,2,1,2,3,LEON BLUM (AV),"488,022,400,000","24,352,500,000",2.021E+11,102 872,FA01,2,1,0,2,8,19,5,NULL,2.021E+11,136 506,102 871,B01,1,1,1,-1,NULL,-1,-1,-1,-1,-1,-1,-1,2.021E+11,3,LEON BLUM (AV),0,NULL,1,1,1,1,1,0,1,NULL,-1,2,0,5,30
2.021E+11,12,1,2021,18:45:00,5,94,94046,2,1,2,3,LEON BLUM (AV),"488,022,400,000","24,352,500,000",2.021E+11,102 872,FA01,2,1,0,2,8,19,5,NULL,2.021E+11,136 507,102 872,FA01,1,1,4,2,1993,1,2,0,-1,-1,-1,-1,2.021E+11,3,LEON BLUM (AV),0,NULL,1,1,1,1,1,0,1,NULL,-1,2,0,5,30
2.021E+11,6,1,2021,12:30:00,1,94,94034,2,3,1,1,JEAN JAURES (BD),"487,550,300,000","23,186,400,000",2.021E+11,101 651,A01,1,1,0,2,1,1,5,NULL,2.021E+11,134 898,101 650,B01,1,1,1,2,1986,2,8,0,-1,-1,-1,-1,2.021E+11,4,JEAN JAURES (BD),0,NULL,2,2,0,2,0,0,2,NULL,-1,1,0,1,50
2.021E+11,6,1,2021,12:30:00,1,94,94034,2,3,1,1,JEAN JAURES (BD),"487,550,300,000","23,186,400,000",2.021E+11,101 651,A01,1,1,0,2,1,1,5,NULL,2.021E+11,134 899,101 651,A01,1,1,4,2,1979,4,8,0,-1,-1,-1,-1,2.021E+11,4,JEAN JAURES (BD),0,NULL,2,2,0,2,0,0,2,NULL,-1,1,0,1,50
2.021E+11,29,10,2021,09:50:00,1,75,75116,2,3,1,2,AVENUE DE NEW YORK,"488,579,300,000","22,879,140,000",2.021E+11,183 209,A01,1,1,0,2,4,19,5,NULL,2.021E+11,242 606,183 209,A01,1,1,1,1,2004,9,2,0,-1,0,0,-1,2.021E+11,4,AVENUE DE NEW YORK,0,NULL,1,3,0,1,-1,-1,1,NULL,-1,1,0,1,30
2.021E+11,29,10,2021,09:50:00,1,75,75116,2,3,1,2,AVENUE DE NEW YORK,"488,579,300,000","22,879,140,000",2.021E+11,183 209,A01,1,1,0,2,4,19,5,NULL,2.021E+11,242 607,183 210,B01,1,1,4,1,1971,9,2,6,-1,0,0,-1,2.021E+11,4,AVENUE DE NEW YORK,0,NULL,1,3,0,1,-1,-1,1,NULL,-1,1,0,1,30
2.021E+11,27,10,2021,16:40:00,1,86,86183,1,1,1,2,D58,"469,519,790,000","0,6466357000",2.021E+11,182 497,B01,1,1,0,2,4,2,5,NULL,2.021E+11,241 656,182 496,A01,1,1,1,2,1984,0,1,-1,-1,0,0,-1,2.021E+11,3,58,0, -,2,2,0,1,4,250,1,NULL,-1,1,0,1,80
2.021E+11,27,10,2021,16:40:00,1,86,86183,1,1,1,2,D58,"469,519,790,000","0,6466357000",2.021E+11,182 497,B01,1,1,0,2,4,2,5,NULL,2.021E+11,241 657,182 497,B01,1,1,3,1,1949,5,2,-1,-1,0,0,-1,2.021E+11,3,58,0, -,2,2,0,1,4,250,1,NULL,-1,1,0,1,80
2.021E+11,21,10,2021,00:01:00,5,75,75114,2,2,6,7,RUE EMILE FAGUET,"488,221,670,000","23,303,680,000",2.021E+11,180 540,A01,3,1,0,0,0,1,5,NULL,2.021E+11,239 098,180 540,A01,1,1,4,2,2000,5,8,0,-1,0,0,-1,2.021E+11,4,RUE EMILE FAGUET,0,NULL,2,2,0,1,-1,-1,1,NULL,-1,2,0,1,30
2.021E+11,17,10,2021,11:30:00,1,17,17051,2,2,1,3,Rue de Bel-Air,"461,910,500,000","-13,698,070,000",2.021E+11,178 889,B01,3,1,0,2,1,0,5,NULL,2.021E+11,236 943,178 889,B01,1,1,3,1,1961,0,0,-1,-1,0,0,-1,2.021E+11,4,NULL,0,NULL,-1,2,0,1,-1,-1,1,NULL,4,1,0,1,50
2.021E+11,17,10,2021,11:30:00,1,17,17051,2,2,1,3,Rue de Bel-Air,"461,910,500,000","-13,698,070,000",2.021E+11,178 889,B01,3,1,0,2,1,0,5,NULL,2.021E+11,236 944,178 890,A01,1,1,1,2,1947,0,1,-1,-1,0,0,-1,2.021E+11,4,NULL,0,NULL,-1,2,0,1,-1,-1,1,NULL,4,1,0,1,50
2.021E+11,16,10,2021,13:00:00,1,75,75112,2,2,1,2,AVENUE DU TREMBLAY,"488,270,570,000","24,645,480,000",2.021E+11,178 712,B01,3,1,0,2,1,1,5,NULL,2.021E+11,236 705,178 712,B01,1,1,4,1,1956,9,2,0,-1,0,0,-1,2.021E+11,4,AVENUE DU TREMBLAY,0,NULL,3,2,0,1,-1,-1,1,NULL,-1,1,0,1,50
2.021E+11,16,10,2021,13:00:00,1,75,75112,2,2,1,2,AVENUE DU TREMBLAY,"488,270,570,000","24,645,480,000",2.021E+11,178 712,B01,3,1,0,2,1,1,5,NULL,2.021E+11,236 706,178 713,A01,1,1,1,2,1977,9,1,0,-1,0,0,-1,2.021E+11,4,AVENUE DU TREMBLAY,0,NULL,3,2,0,1,-1,-1,1,NULL,-1,1,0,1,50
2.021E+11,11,9,2021,18:43:00,1,92,92046,2,1,1,3,RAYMOND DAVID,"488,162,882,821","22,952,623,862",2.021E+11,166 726,A01,3,1,0,2,8,19,5,NULL,2.021E+11,221 133,166 725,B01,1,1,4,1,1978,0,2,0,-1,-1,-1,-1,2.021E+11,3,63,0,NULL,2,2,0,1,0,0,1,NULL,-1,1,0,1,50
2.021E+11,11,9,2021,18:43:00,1,92,92046,2,1,1,3,RAYMOND DAVID,"488,162,882,821","22,952,623,862",2.021E+11,166 725,B01,2,1,0,2,1,1,5,NULL,2.021E+11,221 133,166 725,B01,1,1,4,1,1978,0,2,0,-1,-1,-1,-1,2.021E+11,3,63,0,NULL,2,2,0,1,0,0,1,NULL,-1,1,0,1,50
2.021E+11,11,9,2021,18:43:00,1,92,92046,2,1,1,3,RAYMOND DAVID,"488,162,882,821","22,952,623,862",2.021E+11,166 726,A01,3,1,0,2,8,19,5,NULL,2.021E+11,221 134,166 726,A01,1,1,3,2,1982,5,8,0,-1,-1,-1,-1,2.021E+11,3,63,0,NULL,2,2,0,1,0,0,1,NULL,-1,1,0,1,50
2.021E+11,11,9,2021,18:43:00,1,92,92046,2,1,1,3,RAYMOND DAVID,"488,162,882,821","22,952,623,862",2.021E+11,166 725,B01,2,1,0,2,1,1,5,NULL,2.021E+11,221 134,166 726,A01,1,1,3,2,1982,5,8,0,-1,-1,-1,-1,2.021E+11,3,63,0,NULL,2,2,0,1,0,0,1,NULL,-1,1,0,1,50
2.021E+11,10,9,2021,11:02:00,1,6,6123,2,6,1,3,AICARD AVENUE,"436,829,650,000","71,887,160,000",2.021E+11,166 400,B01,3,1,0,2,3,1,5,NULL,2.021E+11,220 715,166 400,B01,1,1,3,1,1968,5,2,0,-1,0,0,-1,2.021E+11,7,POMPIDOU GEORGES BOULEVARD,0,NULL,2,2,0,1,-1,-1,2,NULL,-1,1,0,1,30
2.021E+11,10,9,2021,11:02:00,1,6,6123,2,6,1,3,AICARD AVENUE,"436,829,650,000","71,887,160,000",2.021E+11,166 400,B01,3,1,0,2,3,1,5,NULL,2.021E+11,220 716,166 401,A01,1,1,1,2,1956,5,1,0,-1,0,0,-1,2.021E+11,7,POMPIDOU GEORGES BOULEVARD,0,NULL,2,2,0,1,-1,-1,2,NULL,-1,1,0,1,30
2.021E+11,12,8,2021,18:15:00,1,17,17291,2,3,1,1,GUYENNE   RUE DE,"461,863,700,000","-11,214,800,000",2.021E+11,158 256,Z01,3,1,0,2,8,19,5,NULL,2.021E+11,209 756,158 256,Z01,1,1,3,1,2010,5,8,0,-1,-1,-1,-1,2.021E+11,4,GUYENNE   RUE DE,0,NULL,2,2,0,1,-1,-1,1,NULL,-1,1,0,1,50
2.021E+11,12,8,2021,18:15:00,1,17,17291,2,3,1,1,GUYENNE   RUE DE,"461,863,700,000","-11,214,800,000",2.021E+11,158 256,Z01,3,1,0,2,8,19,5,NULL,2.021E+11,209 757,158 257,A01,1,1,1,1,1952,5,1,0,-1,-1,-1,-1,2.021E+11,4,GUYENNE   RUE DE,0,NULL,2,2,0,1,-1,-1,1,NULL,-1,1,0,1,50