Num_Acc,jour,mois,an,hrmn,lum,dep,com,agg,int,atm,col,adr,lat,long,Num_Acc,id_vehicule,num_veh,senc,catv,obs,obsm,choc,manv,motor,occutc,Num_Acc,id_usager,id_vehicule,num_veh,place,catu,grav,sexe,an_nais,trajet,secu1,secu2,secu3,locp,actp,etatp,Num_Acc,catr,voie,v1,v2,circ,nbv,vosp,prof,pr,pr1,plan,lartpc,larrout,surf,infra,situ,vma
2.021E+11,12,8,2021,11:05:00,1,34,34169,1,1,1,2,D.17,"436,685,240,000","38,682,820,000",2.021E+11,157 579,B01,1,1,1,0,1,1,5,NULL,2.021E+11,208 850,157 578,A01,1,1,1,1,1963,3,0,-1,-1,0,0,-1,2.021E+11,7,17,0,NULL,2,2,2,1,7,277,1,NULL,-1,1,0,5,70
2.021E+11,12,8,2021,11:05:00,1,34,34169,1,1,1,2,D.17,"436,685,240,000","38,682,820,000",2.021E+11,157 579,B01,1,1,1,0,1,1,5,NULL,2.021E+11,208 851,157 579,B01,1,1,2,1,1951,5,2,-1,-1,0,0,-1,2.021E+11,7,17,0,NULL,2,2,2,1,7,277,1,NULL,-1,1,0,5,70
2.021E+11,20,7,2021,18:45:00,1,22,22353,2,1,1,1,Route de Poull Palud,"488,253,160,000","-34,926,330,000",2.021E+11,151 552,B01,1,1,0,2,1,1,5,NULL,2.021E+11,200 502,151 551,A01,1,1,1,2,1951,5,1,-1,-1,0,0,-1,2.021E+11,3,788,-1,D,2,2,0,1,16,-1,1,NULL,-1,1,0,3,50
2.021E+11,20,7,2021,18:45:00,1,22,22353,2,1,1,1,Route de Poull Palud,"488,253,160,000","-34,926,330,000",2.021E+11,151 552,B01,1,1,0,2,1,1,5,NULL,2.021E+11,200 503,151 552,B01,1,1,3,1,1955,5,0,-1,-1,0,0,-1,2.021E+11,3,788,-1,D,2,2,0,1,16,-1,1,NULL,-1,1,0,3,50
2.021E+11,28,6,2021,18:00:00,1,69,69389,2,1,1,3,BOURBONNAIS (DU) (R),"457,735,700,000","47,942,300,000",2.021E+11,146 767,B01,2,1,0,2,1,1,5,NULL,2.021E+11,193 915,146 767,B01,1,1,3,1,1992,0,8,-1,-1,-1,-1,-1,2.021E+11,4,BOURBONNAIS (DU)                    (R ),0,NULL,1,1,0,2,-1,-1,1,NULL,-1,1,0,4,50
2.021E+11,28,6,2021,18:00:00,1,69,69389,2,1,1,3,BOURBONNAIS (DU) (R),"457,735,700,000","47,942,300,000",2.021E+11,146 767,B01,2,1,0,2,1,1,5,NULL,2.021E+11,193 916,146 768,A01,1,1,1,1,1994,0,1,-1,-1,-1,-1,-1,2.021E+11,4,BOURBONNAIS (DU)                    (R ),0,NULL,1,1,0,2,-1,-1,1,NULL,-1,1,0,4,50
2.021E+11,20,6,2021,17:05:00,1,35,35238,2,1,1,3,VILLEBOIS MAREUIL (BD),"481,044,000,000","-16,501,600,000",2.021E+11,142 431,B01,0,1,0,2,0,0,5,NULL,2.021E+11,188 147,142 431,B01,1,1,4,1,1996,5,2,-1,-1,-1,-1,-1,2.021E+11,4,VILLEBOIS MAREUIL (BD),0,NULL,2,2,2,1,-1,-1,1,NULL,-1,1,0,5,50
2.021E+11,20,6,2021,17:05:00,1,35,35238,2,1,1,3,VILLEBOIS MAREUIL (BD),"481,044,000,000","-16,501,600,000",2.021E+11,142 431,B01,0,1,0,2,0,0,5,NULL,2.021E+11,188 148,142 432,A01,1,1,1,2,1940,5,1,-1,-1,-1,-1,-1,2.021E+11,4,VILLEBOIS MAREUIL (BD),0,NULL,2,2,2,1,-1,-1,1,NULL,-1,1,0,5,50
2.021E+11,16,6,2021,10:23:00,1,38,38540,2,1,1,3,D1532,"452,682,180,000","56,203,570,000",2.021E+11,142 290,B01,3,1,0,2,3,19,5,NULL,2.021E+11,187 949,142 289,A01,1,1,1,1,1994,4,1,-1,-1,0,0,-1,2.021E+11,7,1532,0,D,4,3,0,1,44,96,1,NULL,-1,1,5,1,50
2.021E+11,16,6,2021,10:23:00,1,38,38540,2,1,1,3,D1532,"452,682,180,000","56,203,570,000",2.021E+11,142 290,B01,3,1,0,2,3,19,5,NULL,2.021E+11,187 950,142 290,B01,1,1,4,1,1952,5,2,-1,-1,0,0,-1,2.021E+11,7,1532,0,D,4,3,0,1,44,96,1,NULL,-1,1,5,1,50
2.021E+11,11,6,2021,13:00:00,1,93,93048,2,2,1,3,Avenue Pasteur / Rue des Lilas,"488,693,400,000","24,324,500,000",2.021E+11,138 981,B01,1,1,0,2,8,1,5,NULL,2.021E+11,183 600,138 980,A01,1,1,1,1,1970,0,1,0,-1,0,-1,-1,2.021E+11,3,PASTEUR S2  (AVENUE),0,NULL,3,4,1,1,1,1,1,NULL,-1,1,0,5,50
2.021E+11,11,6,2021,13:00:00,1,93,93048,2,2,1,3,Avenue Pasteur / Rue des Lilas,"488,693,400,000","24,324,500,000",2.021E+11,138 981,B01,1,1,0,2,8,1,5,NULL,2.021E+11,183 601,138 981,B01,1,1,3,1,1988,0,2,0,-1,-1,-1,-1,2.021E+11,3,PASTEUR S2  (AVENUE),0,NULL,3,4,1,1,1,1,1,NULL,-1,1,0,5,50
2.021E+11,9,6,2021,18:00:00,1,75,75104,2,2,1,3,RUE DU PONT LOUIS PHILIPPE,"488,558,170,000","23,563,600,000",2.021E+11,138 555,A01,1,1,0,2,7,1,5,NULL,2.021E+11,183 027,138 554,B01,1,1,1,2,1995,5,2,0,-1,0,0,-1,2.021E+11,4,RUE DU PONT LOUIS PHILIPPE,0,NULL,2,2,0,1,-1,-1,1,NULL,-1,1,0,1,30
2.021E+11,9,6,2021,18:00:00,1,75,75104,2,2,1,3,RUE DU PONT LOUIS PHILIPPE,"488,558,170,000","23,563,600,000",2.021E+11,138 554,B01,1,1,0,2,8,13,5,NULL,2.021E+11,183 027,138 554,B01,1,1,1,2,1995,5,2,0,-1,0,0,-1,2.021E+11,4,RUE DU PONT LOUIS PHILIPPE,0,NULL,2,2,0,1,-1,-1,1,NULL,-1,1,0,1,30
2.021E+11,9,6,2021,18:00:00,1,75,75104,2,2,1,3,RUE DU PONT LOUIS PHILIPPE,"488,558,170,000","23,563,600,000",2.021E+11,138 555,A01,1,1,0,2,7,1,5,NULL,2.021E+11,183 028,138 555,A01,1,1,4,2,1995,5,2,0,-1,0,0,-1,2.021E+11,4,RUE DU PONT LOUIS PHILIPPE,0,NULL,2,2,0,1,-1,-1,1,NULL,-1,1,0,1,30
2.021E+11,9,6,2021,18:00:00,1,75,75104,2,2,1,3,RUE DU PONT LOUIS PHILIPPE,"488,558,170,000","23,563,600,000",2.021E+11,138 554,B01,1,1,0,2,8,13,5,NULL,2.021E+11,183 028,138 555,A01,1,1,4,2,1995,5,2,0,-1,0,0,-1,2.021E+11,4,RUE DU PONT LOUIS PHILIPPE,0,NULL,2,2,0,1,-1,-1,1,NULL,-1,1,0,1,30
2.021E+11,23,5,2021,14:50:00,1,85,85002,1,1,1,3,La Guitelière,"466,565,500,000","-18,508,300,000",2.021E+11,132 432,A01,3,1,0,2,1,16,5,NULL,2.021E+11,175 057,132 431,B01,1,1,1,1,1990,5,1,-1,-1,0,0,-1,2.021E+11,5,NULL,-1,NULL,2,2,0,1,-1,-1,3,NULL,-1,1,0,1,-1
2.021E+11,23,5,2021,14:50:00,1,85,85002,1,1,1,3,La Guitelière,"466,565,500,000","-18,508,300,000",2.021E+11,132 432,A01,3,1,0,2,1,16,5,NULL,2.021E+11,175 058,132 431,B01,2,2,1,2,1992,5,1,-1,-1,0,0,-1,2.021E+11,5,NULL,-1,NULL,2,2,0,1,-1,-1,3,NULL,-1,1,0,1,-1
2.021E+11,23,5,2021,14:50:00,1,85,85002,1,1,1,3,La Guitelière,"466,565,500,000","-18,508,300,000",2.021E+11,132 432,A01,3,1,0,2,1,16,5,NULL,2.021E+11,175 059,132 431,B01,7,2,1,1,2015,5,3,-1,-1,0,0,-1,2.021E+11,5,NULL,-1,NULL,2,2,0,1,-1,-1,3,NULL,-1,1,0,1,-1
2.021E+11,23,5,2021,14:50:00,1,85,85002,1,1,1,3,La Guitelière,"466,565,500,000","-18,508,300,000",2.021E+11,132 432,A01,3,1,0,2,1,16,5,NULL,2.021E+11,175 060,132 431,B01,9,2,1,2,2019,5,3,-1,-1,0,0,-1,2.021E+11,5,NULL,-1,NULL,2,2,0,1,-1,-1,3,NULL,-1,1,0,1,-1
2.021E+11,23,5,2021,14:50:00,1,85,85002,1,1,1,3,La Guitelière,"466,565,500,000","-18,508,300,000",2.021E+11,132 432,A01,3,1,0,2,1,16,5,NULL,2.021E+11,175 061,132 432,A01,1,1,3,1,1981,5,2,6,-1,0,0,-1,2.021E+11,5,NULL,-1,NULL,2,2,0,1,-1,-1,3,NULL,-1,1,0,1,-1
2.021E+11,19,5,2021,14:10:00,1,973,97302,2,1,2,2,CABASSOU (ROUTE DE),"49,203,700,000","-523,207,700,000",2.021E+11,131 445,Z01,1,1,0,9,4,1,5,NULL,2.021E+11,173 768,131 444,A01,1,1,4,1,2004,5,8,0,-1,-1,-1,-1,2.021E+11,3,CABASSOU (ROUTE DE),0,NULL,2,2,2,1,0,100,1,NULL,-1,2,0,1,50
2.021E+11,19,5,2021,14:10:00,1,973,97302,2,1,2,2,CABASSOU (ROUTE DE),"49,203,700,000","-523,207,700,000",2.021E+11,131 445,Z01,1,1,0,9,4,1,5,NULL,2.021E+11,173 769,131 445,Z01,1,1,1,-1,NULL,-1,-1,-1,-1,-1,-1,-1,2.021E+11,3,CABASSOU (ROUTE DE),0,NULL,2,2,2,1,0,100,1,NULL,-1,2,0,1,50
2.021E+11,14,5,2021,17:40:00,1,74,74012,2,7,1,3,CLOS FLEURY (RUE DU),"461,922,200,000","62,320,000,000",2.021E+11,130 416,B01,2,1,0,2,0,0,5,NULL,2.021E+11,172 431,130 415,A01,2,2,1,2,1983,0,1,0,-1,-1,-1,-1,2.021E+11,4,CLOS FLEURY (RUE DU),0,NULL,2,2,1,1,0,1,1,NULL,-1,1,0,5,50
2.021E+11,14,5,2021,17:40:00,1,74,74012,2,7,1,3,CLOS FLEURY (RUE DU),"461,922,200,000","62,320,000,000",2.021E+11,130 416,B01,2,1,0,2,0,0,5,NULL,2.021E+11,172 432,130 415,A01,1,1,1,1,1993,0,1,0,-1,-1,-1,-1,2.021E+11,4,CLOS FLEURY (RUE DU),0,NULL,2,2,1,1,0,1,1,NULL,-1,1,0,5,50
2.021E+11,14,5,2021,17:40:00,1,74,74012,2,7,1,3,CLOS FLEURY (RUE DU),"461,922,200,000","62,320,000,000",2.021E+11,130 416,B01,2,1,0,2,0,0,5,NULL,2.021E+11,172 433,130 416,B01,1,1,4,1,1999,0,8,0,-1,-1,-1,-1,2.021E+11,4,CLOS FLEURY (RUE DU),0,NULL,2,2,1,1,0,1,1,NULL,-1,1,0,5,50
2.021E+11,27,4,2021,19:30:00,1,92,92014,2,3,1,2,MARECHAL JOFFRE (BD DU) (1 A 41 - 2 A 56,"487,824,656,822","23,147,892,952",2.021E+11,125 877,A01,1,1,0,2,1,1,5,NULL,2.021E+11,166 460,125 876,B01,1,1,1,2,1965,9,1,0,-1,-1,-1,-1,2.021E+11,3,MARECHAL JOFFRE (BD DU) (1 A 41 - 2 A 56,0,NULL,1,2,0,2,0,0,1,NULL,-1,1,0,1,50
2.021E+11,27,4,2021,19:30:00,1,92,92014,2,3,1,2,MARECHAL JOFFRE (BD DU) (1 A 41 - 2 A 56,"487,824,656,822","23,147,892,952",2.021E+11,125 877,A01,1,1,0,2,1,1,5,NULL,2.021E+11,166 461,125 877,A01,1,1,4,1,1971,0,8,0,-1,-1,-1,-1,2.021E+11,3,MARECHAL JOFFRE (BD DU) (1 A 41 - 2 A 56,0,NULL,1,2,0,2,0,0,1,NULL,-1,1,0,1,50
2.021E+11,24,4,2021,15:45:00,1,75,75101,2,5,1,2,RUE DE ROHAN,"488,631,640,000","23,355,330,000",2.021E+11,125 291,B01,1,1,0,2,4,12,5,NULL,2.021E+11,165 718,125 290,A01,1,1,1,1,1999,9,1,0,-1,0,0,-1,2.021E+11,4,RUE DE ROHAN,0,NULL,-1,0,0,1,-1,-1,3,NULL,-1,1,0,1,50
2.021E+11,24,4,2021,15:45:00,1,75,75101,2,5,1,2,RUE DE ROHAN,"488,631,640,000","23,355,330,000",2.021E+11,125 291,B01,1,1,0,2,4,12,5,NULL,2.021E+11,165 719,125 291,B01,1,1,4,2,1984,9,8,0,-1,0,0,-1,2.021E+11,4,RUE DE ROHAN,0,NULL,-1,0,0,1,-1,-1,3,NULL,-1,1,0,1,50
2.021E+11,17,4,2021,12:15:00,1,76,76305,2,3,1,2,SAINT LAURENT (ROUTE DE),"495,236,700,000","0,2252100000",2.021E+11,124 034,B01,1,1,0,2,6,15,5,NULL,2.021E+11,164 101,124 033,A01,1,1,3,1,1945,5,8,0,-1,-1,-1,-1,2.021E+11,3,SAINT LAURENT (ROUTE DE),0,NULL,2,2,0,1,40,150,1,NULL,-1,1,0,1,50
2.021E+11,17,4,2021,12:15:00,1,76,76305,2,3,1,2,SAINT LAURENT (ROUTE DE),"495,236,700,000","0,2252100000",2.021E+11,124 033,A01,1,1,0,2,1,17,5,NULL,2.021E+11,164 101,124 033,A01,1,1,3,1,1945,5,8,0,-1,-1,-1,-1,2.021E+11,3,SAINT LAURENT (ROUTE DE),0,NULL,2,2,0,1,40,150,1,NULL,-1,1,0,1,50
2.021E+11,17,4,2021,12:15:00,1,76,76305,2,3,1,2,SAINT LAURENT (ROUTE DE),"495,236,700,000","0,2252100000",2.021E+11,124 034,B01,1,1,0,2,6,15,5,NULL,2.021E+11,164 102,124 034,B01,1,1,1,1,1976,5,2,8,-1,-1,-1,-1,2.021E+11,3,SAINT LAURENT (ROUTE DE),0,NULL,2,2,0,1,40,150,1,NULL,-1,1,0,1,50
2.021E+11,17,4,2021,12:15:00,1,76,76305,2,3,1,2,SAINT LAURENT (ROUTE DE),"495,236,700,000","0,2252100000",2.021E+11,124 033,A01,1,1,0,2,1,17,5,NULL,2.021E+11,164 102,124 034,B01,1,1,1,1,1976,5,2,8,-1,-1,-1,-1,2.021E+11,3,SAINT LAURENT (ROUTE DE),0,NULL,2,2,0,1,40,150,1,NULL,-1,1,0,1,50
2.021E+11,18,4,2021,15:00:00,1,56,56041,1,1,1,7,Lieu-dit KERROPERT,"481,169,870,000","-30,361,000,000",2.021E+11,123 775,A01,3,1,0,0,0,1,5,NULL,2.021E+11,163 749,123 775,A01,1,1,3,2,1949,5,0,-1,-1,0,0,-1,2.021E+11,4,NULL,-1,NULL,2,2,0,2,-1,-1,1,NULL,-1,1,0,1,70
2.021E+11,2,4,2021,10:10:00,1,34,34299,1,1,7,3,D64,"432,646,130,000","32,842,250,000",2.021E+11,120 960,B01,1,1,0,2,3,2,0,NULL,2.021E+11,160 098,120 959,A01,1,1,1,2,1996,5,8,-1,-1,0,0,-1,2.021E+11,3,64,-1,NULL,2,2,0,1,6,400,1,NULL,-1,1,0,1,90
2.021E+11,2,4,2021,10:10:00,1,34,34299,1,1,7,3,D64,"432,646,130,000","32,842,250,000",2.021E+11,120 960,B01,1,1,0,2,3,2,0,NULL,2.021E+11,160 099,120 960,B01,1,1,4,2,1949,5,2,-1,-1,0,0,-1,2.021E+11,3,64,-1,NULL,2,2,0,1,6,400,1,NULL,-1,1,0,1,90
2.021E+11,25,3,2021,08:45:00,1,75,75110,2,1,2,3,RUE DU FAUBOURG DU TEMPLE,"488,717,970,000","23,762,470,000",2.021E+11,118 387,B01,2,1,0,2,8,18,5,NULL,2.021E+11,156 758,118 387,B01,1,1,4,1,1987,1,2,0,-1,0,0,-1,2.021E+11,4,RUE DU FAUBOURG DU TEMPLE,0,NULL,1,2,0,1,-1,-1,1,NULL,-1,2,0,1,50
2.021E+11,25,3,2021,08:45:00,1,75,75110,2,1,2,3,RUE DU FAUBOURG DU TEMPLE,"488,717,970,000","23,762,470,000",2.021E+11,118 387,B01,2,1,0,2,8,18,5,NULL,2.021E+11,156 759,118 388,A01,1,1,1,1,1984,4,1,0,-1,0,0,-1,2.021E+11,4,RUE DU FAUBOURG DU TEMPLE,0,NULL,1,2,0,1,-1,-1,1,NULL,-1,2,0,1,50
2.021E+11,23,3,2021,17:15:00,1,37,37261,2,1,1,7,FRANCE (PLACE ANATOLE),"473,966,817,456","0,6861305236",2.021E+11,118 196,A01,3,1,0,0,0,1,5,NULL,2.021E+11,156 516,118 195,B01,1,1,1,1,2005,2,8,0,-1,-1,-1,-1,2.021E+11,4,FRANCE (PLACE ANATOLE),0,NULL,-1,2,0,1,-1,-1,1,NULL,-1,1,0,4,50
2.021E+11,23,3,2021,17:15:00,1,37,37261,2,1,1,7,FRANCE (PLACE ANATOLE),"473,966,817,456","0,6861305236",2.021E+11,118 195,B01,3,1,0,0,0,1,5,NULL,2.021E+11,156 516,118 195,B01,1,1,1,1,2005,2,8,0,-1,-1,-1,-1,2.021E+11,4,FRANCE (PLACE ANATOLE),0,NULL,-1,2,0,1,-1,-1,1,NULL,-1,1,0,4,50
2.021E+11,23,3,2021,17:15:00,1,37,37261,2,1,1,7,FRANCE (PLACE ANATOLE),"473,966,817,456","0,6861305236",2.021E+11,118 196,A01,3,1,0,0,0,1,5,NULL,2.021E+11,156 517,118 196,A01,1,1,4,1,2009,2,8,0,-1,-1,-1,-1,2.021E+11,4,FRANCE (PLACE ANATOLE),0,NULL,-1,2,0,1,-1,-1,1,NULL,-1,1,0,4,50
2.021E+11,23,3,2021,17:15:00,1,37,37261,2,1,1,7,FRANCE (PLACE ANATOLE),"473,966,817,456","0,6861305236",2.021E+11,118 195,B01,3,1,0,0,0,1,5,NULL,2.021E+11,156 517,118 196,A01,1,1,4,1,2009,2,8,0,-1,-1,-1,-1,2.021E+11,4,FRANCE (PLACE ANATOLE),0,NULL,-1,2,0,1,-1,-1,1,NULL,-1,1,0,4,50
2.021E+11,17,3,2021,13:57:00,1,63,63113,2,2,1,3,CHAMPRATEL (RUE DE),"458,101,800,000","31,141,500,000",2.021E+11,116 871,B01,1,1,0,2,2,1,5,NULL,2.021E+11,154 814,116 870,A01,1,1,1,2,1964,1,1,0,-1,0,0,-1,2.021E+11,4,CHAMPRATEL (RUE DE),0,NULL,2,2,0,1,-1,-1,1,NULL,-1,1,0,1,50
2.021E+11,17,3,2021,13:57:00,1,63,63113,2,2,1,3,CHAMPRATEL (RUE DE),"458,101,800,000","31,141,500,000",2.021E+11,116 871,B01,1,1,0,2,2,1,5,NULL,2.021E+11,154 815,116 871,B01,1,1,4,1,1968,0,8,0,-1,0,0,-1,2.021E+11,4,CHAMPRATEL (RUE DE),0,NULL,2,2,0,1,-1,-1,1,NULL,-1,1,0,1,50
2.021E+11,10,3,2021,08:15:00,1,64,64024,2,6,1,3,MONTAURY (ROND POINT DU PARC),"434,803,100,000","-15,091,500,000",2.021E+11,115 245,B01,3,1,0,2,6,1,5,NULL,2.021E+11,152 707,115 245,B01,1,1,4,1,1993,1,8,0,-1,-1,-1,-1,2.021E+11,4,MONTAURY (ROND POINT DU PARC),0,NULL,2,2,0,1,0,0,2,NULL,-1,1,0,1,50
2.021E+11,10,3,2021,08:15:00,1,64,64024,2,6,1,3,MONTAURY (ROND POINT DU PARC),"434,803,100,000","-15,091,500,000",2.021E+11,115 245,B01,3,1,0,2,6,1,5,NULL,2.021E+11,152 708,115 246,Z01,1,1,1,-1,NULL,-1,-1,-1,-1,-1,-1,-1,2.021E+11,4,MONTAURY (ROND POINT DU PARC),0,NULL,2,2,0,1,0,0,2,NULL,-1,1,0,1,50
2.021E+11,2,3,2021,12:25:00,1,65,65440,2,6,1,2,FERRE (PLACE),"432,283,520,000","0,0754210000",2.021E+11,113 298,A01,1,1,0,2,1,2,5,NULL,2.021E+11,150 223,113 297,B01,1,1,1,1,1964,4,1,-1,-1,0,0,-1,2.021E+11,4,FERRE (PLACE),0,NULL,1,1,0,1,-1,-1,3,NULL,-1,1,5,1,50
2.021E+11,2,3,2021,12:25:00,1,65,65440,2,6,1,2,FERRE (PLACE),"432,283,520,000","0,0754210000",2.021E+11,113 298,A01,1,1,0,2,1,2,5,NULL,2.021E+11,150 224,113 298,A01,1,1,4,1,1979,5,8,0,-1,0,0,-1,2.021E+11,4,FERRE (PLACE),0,NULL,1,1,0,1,-1,-1,3,NULL,-1,1,5,1,50
2.021E+11,16,2,2021,10:50:00,1,63,63113,2,1,1,3,AGRICULTURE (AVENUE DE L'),"457,793,900,000","31,224,400,000",2.021E+11,110 219,B01,1,1,0,2,4,1,5,NULL,2.021E+11,146 292,110 218,A01,1,1,1,1,1953,0,1,0,-1,0,0,-1,2.021E+11,7,AGRICULTURE (AVENUE DE L'),0,NULL,3,6,0,1,-1,-1,1,NULL,-1,1,0,1,50
2.021E+11,16,2,2021,10:50:00,1,63,63113,2,1,1,3,AGRICULTURE (AVENUE DE L'),"457,793,900,000","31,224,400,000",2.021E+11,110 219,B01,1,1,0,2,4,1,5,NULL,2.021E+11,146 293,110 219,B01,1,1,4,1,1955,0,2,0,-1,0,0,-1,2.021E+11,7,AGRICULTURE (AVENUE DE L'),0,NULL,3,6,0,1,-1,-1,1,NULL,-1,1,0,1,50
2.021E+11,4,2,2021,21:00:00,5,75,75102,2,1,1,6,BOULEVARD POISSONNIERE,"488,712,380,000","23,445,430,000",2.021E+11,107 745,A01,2,1,0,1,2,1,5,NULL,2.021E+11,143 022,107 745,A01,1,1,1,1,1998,4,8,0,-1,0,0,-1,2.021E+11,4,BOULEVARD POISSONNIERE,0,NULL,2,5,1,1,-1,-1,1,NULL,-1,1,-1,5,10
2.021E+11,4,2,2021,21:00:00,5,75,75102,2,1,1,6,BOULEVARD POISSONNIERE,"488,712,380,000","23,445,430,000",2.021E+11,107 745,A01,2,1,0,1,2,1,5,NULL,2.021E+11,143 023,107 745,A01,10,3,4,1,1964,9,0,-1,-1,1,9,1,2.021E+11,4,BOULEVARD POISSONNIERE,0,NULL,2,5,1,1,-1,-1,1,NULL,-1,1,-1,5,10
2.021E+11,26,1,2021,16:45:00,1,75,75101,2,2,1,7,AVENUE VICTORIA,"488,577,280,000","23,477,920,000",2.021E+11,105 864,A01,1,1,0,2,0,21,5,NULL,2.021E+11,140 601,105 864,A01,1,1,4,1,1957,9,2,0,-1,0,0,-1,2.021E+11,4,AVENUE VICTORIA,0,NULL,1,2,0,1,-1,-1,1,NULL,-1,1,-1,5,30
2.021E+11,24,1,2021,17:35:00,2,46,46200,1,3,2,1,Zone Artisanale du Moulin d'Iches,"446,298,140,000","12,193,320,000",2.021E+11,105 247,A01,3,1,0,2,1,15,5,NULL,2.021E+11,139 742,105 247,A01,1,1,3,1,1975,5,0,-1,-1,0,0,-1,2.021E+11,3,673,-1, -,2,2,0,1,97,300,1,NULL,-1,2,0,1,80
2.021E+11,24,1,2021,17:35:00,2,46,46200,1,3,2,1,Zone Artisanale du Moulin d'Iches,"446,298,140,000","12,193,320,000",2.021E+11,105 247,A01,3,1,0,2,1,15,5,NULL,2.021E+11,139 743,105 248,B01,1,1,1,1,1996,1,1,-1,-1,0,0,-1,2.021E+11,3,673,-1, -,2,2,0,1,97,300,1,NULL,-1,2,0,1,80
2.021E+11,18,1,2021,14:25:00,1,93,93029,2,9,1,7,CHARLES GIDE,"489,182,990,618","24,434,806,282",2.021E+11,104 161,A01,2,1,0,0,0,1,5,NULL,2.021E+11,138 242,104 161,A01,1,1,4,2,2000,9,8,0,-1,-1,-1,-1,2.021E+11,4,CHARLES GIDE,0,NULL,2,1,0,1,0,0,1,NULL,-1,1,0,1,50
2.021E+11,12,1,2021,21:40:00,5,86,86194,2,1,1,2,Rue du Faubourg du Pont Neuf,"465,779,630,000","0,3510941000",2.021E+11,103 464,B01,3,1,0,2,4,2,0,NULL,2.021E+11,137 292,103 463,Z01,1,1,1,-1,NULL,-1,-1,-1,-1,-1,-1,-1,2.021E+11,4,FAUBOURG PONT NEUF (RUE DU),0,NULL,2,4,0,1,-1,-1,1,NULL,-1,1,0,1,50
2.021E+11,12,1,2021,21:40:00,5,86,86194,2,1,1,2,Rue du Faubourg du Pont Neuf,"465,779,630,000","0,3510941000",2.021E+11,103 464,B01,3,1,0,2,4,2,0,NULL,2.021E+11,137 293,103 464,B01,1,1,3,1,1987,4,2,4,-1,-1,-1,-1,2.021E+11,4,FAUBOURG PONT NEUF (RUE DU),0,NULL,2,4,0,1,-1,-1,1,NULL,-1,1,0,1,50
2.021E+11,19,10,2021,18:50:00,2,92,92035,2,6,1,3,Charlebourg ( rue de ),"489,070,574,263","22,403,901,815",2.021E+11,179 781,B01,3,1,0,2,3,9,5,NULL,2.021E+11,238 120,179 781,B01,1,1,4,2,1998,9,8,0,-1,-1,-1,-1,2.021E+11,3,908,0,NULL,1,1,0,1,0,0,3,NULL,-1,1,0,5,50
2.021E+11,19,10,2021,18:50:00,2,92,92035,2,6,1,3,Charlebourg ( rue de ),"489,070,574,263","22,403,901,815",2.021E+11,179 781,B01,3,1,0,2,3,9,5,NULL,2.021E+11,238 121,179 782,A01,1,1,4,1,1993,4,2,6,-1,-1,-1,-1,2.021E+11,3,908,0,NULL,1,1,0,1,0,0,3,NULL,-1,1,0,5,50
2.021E+11,5,10,2021,12:25:00,1,41,41018,2,1,1,3,BELLE JARDINIERE (AVENUE DE LA),"475,677,600,000","13,256,300,000",2.021E+11,175 247,B01,2,1,0,2,1,5,5,NULL,2.021E+11,232 263,175 246,A01,1,1,1,1,1995,0,1,0,-1,-1,-1,-1,2.021E+11,3,BELLE JARDINIERE (AVENUE DE LA),0,NULL,2,2,1,1,33,654,1,NULL,-1,2,0,1,50
2.021E+11,5,10,2021,12:25:00,1,41,41018,2,1,1,3,BELLE JARDINIERE (AVENUE DE LA),"475,677,600,000","13,256,300,000",2.021E+11,175 247,B01,2,1,0,2,1,5,5,NULL,2.021E+11,232 264,175 247,B01,1,1,4,2,1968,2,8,0,-1,-1,-1,-1,2.021E+11,3,BELLE JARDINIERE (AVENUE DE LA),0,NULL,2,2,1,1,33,654,1,NULL,-1,2,0,1,50
2.021E+11,1,10,2021,15:15:00,1,7,7281,1,1,1,3,C.D. 287 (VERS ST ROMAIN DE LERPS),"449,517,499,329","48,252,445,161",2.021E+11,173 734,B01,1,1,0,2,8,2,5,NULL,2.021E+11,230 294,173 734,B01,1,1,3,1,1956,5,2,8,-1,-1,-1,-1,2.021E+11,3,C.D. 287 (VERS ST ROMAIN DE LERPS),0,NULL,2,2,0,2,19,799,3,NULL,-1,1,0,1,80
2.021E+11,1,10,2021,15:15:00,1,7,7281,1,1,1,3,C.D. 287 (VERS ST ROMAIN DE LERPS),"449,517,499,329","48,252,445,161",2.021E+11,173 734,B01,1,1,0,2,8,2,5,NULL,2.021E+11,230 295,173 735,A01,1,1,1,1,1981,4,1,0,-1,-1,-1,-1,2.021E+11,3,C.D. 287 (VERS ST ROMAIN DE LERPS),0,NULL,2,2,0,2,19,799,3,NULL,-1,1,0,1,80
2.021E+11,27,9,2021,07:10:00,3,9,9103,1,1,1,3,D919,"430,275,840,000","15,752,080,000",2.021E+11,171 733,B01,2,1,0,0,3,2,5,NULL,2.021E+11,227 680,171 732,A01,1,1,1,1,1969,1,0,-1,-1,0,0,-1,2.021E+11,3,919,-1,NULL,2,2,0,2,39,593,1,NULL,-1,1,0,1,80
2.021E+11,27,9,2021,07:10:00,3,9,9103,1,1,1,3,D919,"430,275,840,000","15,752,080,000",2.021E+11,171 733,B01,2,1,0,0,3,2,5,NULL,2.021E+11,227 681,171 733,B01,1,1,3,2,1988,1,4,-1,-1,0,0,-1,2.021E+11,3,919,-1,NULL,2,2,0,2,39,593,1,NULL,-1,1,0,1,80