Num_Acc,jour,mois,an,hrmn,lum,dep,com,agg,int,atm,col,adr,lat,long,Num_Acc,id_vehicule,num_veh,senc,catv,obs,obsm,choc,manv,motor,occutc,Num_Acc,id_usager,id_vehicule,num_veh,place,catu,grav,sexe,an_nais,trajet,secu1,secu2,secu3,locp,actp,etatp,Num_Acc,catr,voie,v1,v2,circ,nbv,vosp,prof,pr,pr1,plan,lartpc,larrout,surf,infra,situ,vma
2.021E+11,25,9,2021,14:44:00,1,45,45208,2,6,1,3,Place Victor Hugo,"479,949,900,000","27,324,400,000",2.021E+11,171 385,B01,0,1,0,2,0,19,5,NULL,2.021E+11,227 204,171 384,A01,1,1,1,1,1958,0,1,0,-1,-1,-1,-1,2.021E+11,4,CHINCHON (BOULEVARD DU),0,NULL,1,1,0,1,-1,-1,1,NULL,-1,1,0,1,30
2.021E+11,25,9,2021,14:44:00,1,45,45208,2,6,1,3,Place Victor Hugo,"479,949,900,000","27,324,400,000",2.021E+11,171 385,B01,0,1,0,2,0,19,5,NULL,2.021E+11,227 205,171 385,B01,1,1,4,1,1956,0,8,0,-1,0,0,-1,2.021E+11,4,CHINCHON (BOULEVARD DU),0,NULL,1,1,0,1,-1,-1,1,NULL,-1,1,0,1,30
2.021E+11,13,9,2021,08:15:00,1,38,38562,2,6,1,3,Vizille,"450,826,570,000","57,661,490,000",2.021E+11,169 311,B01,0,1,0,2,8,19,5,NULL,2.021E+11,224 502,169 310,A01,1,1,1,1,1990,3,1,-1,-1,0,0,-1,2.021E+11,4,NULL,-1,NULL,2,2,3,1,-1,-1,3,NULL,-1,1,0,6,50
2.021E+11,13,9,2021,08:15:00,1,38,38562,2,6,1,3,Vizille,"450,826,570,000","57,661,490,000",2.021E+11,169 311,B01,0,1,0,2,8,19,5,NULL,2.021E+11,224 503,169 311,B01,1,1,3,1,1978,1,0,-1,-1,0,0,-1,2.021E+11,4,NULL,-1,NULL,2,2,3,1,-1,-1,3,NULL,-1,1,0,6,50
2.021E+11,19,9,2021,22:00:00,5,10,10387,2,2,1,3,DAMPIERRE (QUAI),"482,990,000,000","40,760,000,000",2.021E+11,169 142,A01,2,1,0,2,1,15,5,NULL,2.021E+11,224 275,169 141,B01,1,1,4,1,1991,0,2,0,0,0,0,-1,2.021E+11,4,DAMPIERRE (QUAI),0,NULL,2,2,0,1,-1,-1,1,NULL,-1,1,0,1,50
2.021E+11,19,9,2021,22:00:00,5,10,10387,2,2,1,3,DAMPIERRE (QUAI),"482,990,000,000","40,760,000,000",2.021E+11,169 142,A01,2,1,0,2,1,15,5,NULL,2.021E+11,224 276,169 142,A01,1,1,4,1,2000,5,2,0,-1,-1,-1,-1,2.021E+11,4,DAMPIERRE (QUAI),0,NULL,2,2,0,1,-1,-1,1,NULL,-1,1,0,1,50
2.021E+11,28,8,2021,19:50:00,2,74,74299,2,9,1,3,73 Rte d Annecy,"458,956,920,000","61,660,030,000",2.021E+11,162 358,B01,2,1,0,2,1,1,5,NULL,2.021E+11,215 424,162 358,B01,1,1,4,1,1965,5,2,-1,-1,0,0,-1,2.021E+11,3,909,-1,NULL,-1,2,1,3,-1,-1,1,NULL,-1,1,0,5,50
2.021E+11,28,8,2021,19:50:00,2,74,74299,2,9,1,3,73 Rte d Annecy,"458,956,920,000","61,660,030,000",2.021E+11,162 358,B01,2,1,0,2,1,1,5,NULL,2.021E+11,215 425,162 359,A01,1,1,1,1,1957,9,1,-1,-1,0,0,-1,2.021E+11,3,909,-1,NULL,-1,2,1,3,-1,-1,1,NULL,-1,1,0,5,50
2.021E+11,23,8,2021,13:47:00,1,66,66136,2,3,1,3,DALBIEZ (AVENUE VICTOR),"426,934,574,987","28,878,527,032",2.021E+11,161 198,A01,2,1,0,2,7,1,5,NULL,2.021E+11,213 844,161 198,A01,1,1,4,2,1979,0,8,0,-1,-1,-1,-1,2.021E+11,4,DALBIEZ (AVENUE VICTOR),0,NULL,2,4,0,1,0,0,1,NULL,-1,1,0,1,50
2.021E+11,23,8,2021,13:47:00,1,66,66136,2,3,1,3,DALBIEZ (AVENUE VICTOR),"426,934,574,987","28,878,527,032",2.021E+11,161 198,A01,2,1,0,2,7,1,5,NULL,2.021E+11,213 845,161 199,B01,1,1,1,1,1982,0,1,8,-1,-1,-1,-1,2.021E+11,4,DALBIEZ (AVENUE VICTOR),0,NULL,2,4,0,1,0,0,1,NULL,-1,1,0,1,50
2.021E+11,30,7,2021,09:35:00,1,75,75110,2,4,1,3,RUE RENE BOULANGER,"488,692,700,000","23,567,980,000",2.021E+11,154 623,A01,2,1,0,2,0,1,0,NULL,2.021E+11,204 686,154 622,Z01,1,1,1,-1,NULL,-1,-1,-1,-1,-1,-1,-1,2.021E+11,4,RUE RENE BOULANGER,0,NULL,1,1,1,1,-1,-1,1,NULL,-1,1,0,5,30
2.021E+11,30,7,2021,09:35:00,1,75,75110,2,4,1,3,RUE RENE BOULANGER,"488,692,700,000","23,567,980,000",2.021E+11,154 623,A01,2,1,0,2,0,1,0,NULL,2.021E+11,204 687,154 623,A01,1,1,4,2,1967,1,2,0,-1,0,0,-1,2.021E+11,4,RUE RENE BOULANGER,0,NULL,1,1,1,1,-1,-1,1,NULL,-1,1,0,5,30
2.021E+11,11,7,2021,08:30:00,1,76,76660,1,1,1,3,pont de normandie,"494,526,208,982","0,2713590860",2.021E+11,148 726,B01,1,1,0,2,3,2,5,NULL,2.021E+11,196 515,148 726,B01,1,1,4,1,1953,5,2,4,-1,0,0,-1,2.021E+11,2,1029,0,A,3,4,2,2,4,500,1,NULL,-1,1,2,5,70
2.021E+11,11,7,2021,08:30:00,1,76,76660,1,1,1,3,pont de normandie,"494,526,208,982","0,2713590860",2.021E+11,148 726,B01,1,1,0,2,3,2,5,NULL,2.021E+11,196 516,148 727,A01,1,1,1,1,1990,4,1,-1,-1,0,0,-1,2.021E+11,2,1029,0,A,3,4,2,2,4,500,1,NULL,-1,1,2,5,70
2.021E+11,6,7,2021,15:05:00,1,44,44109,2,1,1,3,FOSSE ( QUAI DE LA ),"472,103,400,000","-15,630,300,000",2.021E+11,147 480,B01,0,1,0,0,0,1,5,NULL,2.021E+11,194 862,147 480,B01,1,1,3,1,1982,9,2,0,-1,-1,-1,-1,2.021E+11,7,FOSSE ( QUAI DE LA ),0,NULL,1,1,1,1,-1,-1,1,NULL,-1,1,0,1,30
2.021E+11,6,7,2021,15:05:00,1,44,44109,2,1,1,3,FOSSE ( QUAI DE LA ),"472,103,400,000","-15,630,300,000",2.021E+11,147 480,B01,0,1,0,0,0,1,5,NULL,2.021E+11,194 863,147 481,A01,1,1,1,1,1993,9,1,0,-1,-1,-1,-1,2.021E+11,7,FOSSE ( QUAI DE LA ),0,NULL,1,1,1,1,-1,-1,1,NULL,-1,1,0,1,30
2.021E+11,9,6,2021,15:45:00,1,69,69383,2,2,1,3,GAMBETTA (CR),"457,562,644,102","48,403,546,214",2.021E+11,138 339,A01,2,1,0,2,1,1,5,NULL,2.021E+11,182 765,138 339,A01,1,1,4,2,1995,0,0,-1,-1,-1,-1,-1,2.021E+11,4,GAMBETTA                            (CO),0,NULL,1,4,1,1,-1,-1,1,NULL,-1,1,2,1,50
2.021E+11,9,6,2021,15:45:00,1,69,69383,2,2,1,3,GAMBETTA (CR),"457,562,644,102","48,403,546,214",2.021E+11,138 339,A01,2,1,0,2,1,1,5,NULL,2.021E+11,182 766,138 340,B01,1,1,1,1,1969,4,2,6,-1,-1,-1,-1,2.021E+11,4,GAMBETTA                            (CO),0,NULL,1,4,1,1,-1,-1,1,NULL,-1,1,2,1,50
2.021E+11,5,6,2021,22:05:00,5,92,92044,2,1,1,3,VIC. HUGO(RUE)001A067 ET002A078,"488,936,367,110","22,993,470,648",2.021E+11,136 821,B01,1,1,0,2,1,1,5,NULL,2.021E+11,180 807,136 820,A01,1,1,1,-1,NULL,-1,-1,-1,-1,-1,-1,-1,2.021E+11,3,909,0,NULL,2,3,0,1,0,0,1,NULL,-1,1,0,1,50
2.021E+11,5,6,2021,22:05:00,5,92,92044,2,1,1,3,VIC. HUGO(RUE)001A067 ET002A078,"488,936,367,110","22,993,470,648",2.021E+11,136 821,B01,1,1,0,2,1,1,5,NULL,2.021E+11,180 808,136 821,B01,1,1,4,1,1971,0,8,0,-1,-1,-1,-1,2.021E+11,3,909,0,NULL,2,3,0,1,0,0,1,NULL,-1,1,0,1,50
2.021E+11,26,5,2021,07:55:00,1,35,35238,2,2,2,3,NANTES (RUE DE),"480,945,400,000","-16,903,600,000",2.021E+11,133 392,B01,1,1,0,2,8,2,5,NULL,2.021E+11,176 360,133 391,A01,1,1,1,-1,NULL,-1,-1,-1,-1,-1,-1,-1,2.021E+11,7,NANTES (RUE DE),0,NULL,2,2,0,1,12,380,1,NULL,-1,2,0,1,50
2.021E+11,26,5,2021,07:55:00,1,35,35238,2,2,2,3,NANTES (RUE DE),"480,945,400,000","-16,903,600,000",2.021E+11,133 392,B01,1,1,0,2,8,2,5,NULL,2.021E+11,176 361,133 392,B01,1,1,4,1,1946,5,8,8,-1,-1,-1,-1,2.021E+11,7,NANTES (RUE DE),0,NULL,2,2,0,1,12,380,1,NULL,-1,2,0,1,50
2.021E+11,16,5,2021,11:10:00,1,71,71060,1,3,3,3,"le carge, PK 09+600","463,059,640,000","41,469,180,000",2.021E+11,130 290,A01,2,1,0,2,2,15,5,NULL,2.021E+11,172 244,130 290,A01,1,1,4,1,2006,5,2,6,9,0,0,-1,2.021E+11,3,174,-1,NULL,2,1,0,1,9,600,1,NULL,-1,2,0,1,80
2.021E+11,16,5,2021,11:10:00,1,71,71060,1,3,3,3,"le carge, PK 09+600","463,059,640,000","41,469,180,000",2.021E+11,130 290,A01,2,1,0,2,2,15,5,NULL,2.021E+11,172 245,130 291,B01,1,1,1,2,1969,4,1,-1,-1,0,0,-1,2.021E+11,3,174,-1,NULL,2,1,0,1,9,600,1,NULL,-1,2,0,1,80
2.021E+11,11,5,2021,14:45:00,1,30,30179,2,1,1,6,avenue du général de Gaulle,"438,741,100,000","45,924,990,000",2.021E+11,129 372,B01,3,1,0,2,4,1,5,NULL,2.021E+11,171 008,129 371,A01,1,1,1,1,1988,0,1,-1,-1,0,0,-1,2.021E+11,9,NULL,-1,NULL,2,2,0,1,-1,-1,1,NULL,-1,1,0,1,50
2.021E+11,11,5,2021,14:45:00,1,30,30179,2,1,1,6,avenue du général de Gaulle,"438,741,100,000","45,924,990,000",2.021E+11,129 372,B01,3,1,0,2,4,1,5,NULL,2.021E+11,171 009,129 372,B01,1,1,3,1,1938,0,2,-1,-1,0,0,-1,2.021E+11,9,NULL,-1,NULL,2,2,0,1,-1,-1,1,NULL,-1,1,0,1,50
2.021E+11,8,5,2021,18:15:00,1,75,75115,2,3,1,3,RUE MAUBLANC,"488,392,810,000","23,003,880,000",2.021E+11,128 739,B01,1,1,0,2,7,1,5,NULL,2.021E+11,170 165,128 739,B01,1,1,4,2,1997,9,2,0,-1,0,0,-1,2.021E+11,4,RUE MAUBLANC,0,NULL,1,2,1,1,-1,-1,1,NULL,-1,1,0,5,50
2.021E+11,8,5,2021,18:15:00,1,75,75115,2,3,1,3,RUE MAUBLANC,"488,392,810,000","23,003,880,000",2.021E+11,128 739,B01,1,1,0,2,7,1,5,NULL,2.021E+11,170 166,128 740,A01,1,1,1,1,1980,9,1,0,-1,0,0,-1,2.021E+11,4,RUE MAUBLANC,0,NULL,1,2,1,1,-1,-1,1,NULL,-1,1,0,5,50
2.021E+11,9,5,2021,09:35:00,1,95,95039,2,1,1,6,22 Rue de Pontoise,"490,696,085,427","21,406,134,646",2.021E+11,128 641,A01,1,1,1,0,1,26,5,NULL,2.021E+11,170 025,128 641,A01,1,1,3,1,1986,5,2,6,-1,0,0,-1,2.021E+11,3,4,0,D,2,2,0,1,3,375,1,NULL,-1,1,0,1,50
2.021E+11,12,3,2021,19:50:00,2,75,75120,2,2,2,3,RUE DES RASSELINS,"488,547,790,000","24,089,710,000",2.021E+11,115 684,B01,2,1,0,2,8,1,5,NULL,2.021E+11,153 284,115 683,Z01,1,1,1,-1,NULL,-1,-1,-1,-1,-1,-1,-1,2.021E+11,4,RUE DE LA CROIX SAINT SIMON,0,NULL,1,1,0,1,-1,-1,1,NULL,-1,2,0,1,50
2.021E+11,12,3,2021,19:50:00,2,75,75120,2,2,2,3,RUE DES RASSELINS,"488,547,790,000","24,089,710,000",2.021E+11,115 684,B01,2,1,0,2,8,1,5,NULL,2.021E+11,153 285,115 684,B01,1,1,4,1,2000,9,8,0,-1,0,0,-1,2.021E+11,4,RUE DE LA CROIX SAINT SIMON,0,NULL,1,1,0,1,-1,-1,1,NULL,-1,2,0,1,50
2.021E+11,13,3,2021,10:48:00,1,71,71135,2,2,1,3,Rue des Carrieres,"464,335,260,000","48,307,520,000",2.021E+11,115 373,B01,1,1,0,0,8,23,5,NULL,2.021E+11,152 868,115 372,A01,1,1,1,1,2003,5,2,6,-1,0,0,-1,2.021E+11,3,403,-1,B,2,2,0,1,0,675,1,NULL,-1,1,0,3,50
2.021E+11,13,3,2021,10:48:00,1,71,71135,2,2,1,3,Rue des Carrieres,"464,335,260,000","48,307,520,000",2.021E+11,115 373,B01,1,1,0,0,8,23,5,NULL,2.021E+11,152 869,115 373,B01,1,1,3,2,1962,5,2,-1,-1,0,0,-1,2.021E+11,3,403,-1,B,2,2,0,1,0,675,1,NULL,-1,1,0,3,50
2.021E+11,4,2,2021,09:20:00,1,45,45302,2,6,1,3,Rue Henri Ferchaud,"479,294,820,470","18,915,119,613",2.021E+11,107 799,B01,3,1,0,2,7,0,5,NULL,2.021E+11,143 092,107 798,A01,1,1,1,2,1953,5,1,0,-1,-1,-1,-1,2.021E+11,4,FERCHAUD (RUE HENRI),0,NULL,2,2,0,1,-1,-1,1,NULL,-1,1,0,1,50
2.021E+11,4,2,2021,09:20:00,1,45,45302,2,6,1,3,Rue Henri Ferchaud,"479,294,820,470","18,915,119,613",2.021E+11,107 799,B01,3,1,0,2,7,0,5,NULL,2.021E+11,143 093,107 799,B01,1,1,4,2,2000,1,8,0,-1,-1,-1,-1,2.021E+11,4,FERCHAUD (RUE HENRI),0,NULL,2,2,0,1,-1,-1,1,NULL,-1,1,0,1,50
2.021E+11,21,1,2021,06:20:00,1,974,97416,2,6,1,3,PONGAMES (CITE),"-213,471,200,000","554,908,000,000",2.021E+11,104 902,B01,3,1,0,2,1,1,5,NULL,2.021E+11,139 252,104 901,A01,1,1,1,2,1965,0,1,0,-1,-1,-1,-1,2.021E+11,4,PONGAMES (CITE),0,NULL,-1,2,0,1,0,0,1,NULL,-1,1,0,1,30
2.021E+11,21,1,2021,06:20:00,1,974,97416,2,6,1,3,PONGAMES (CITE),"-213,471,200,000","554,908,000,000",2.021E+11,104 902,B01,3,1,0,2,1,1,5,NULL,2.021E+11,139 253,104 902,B01,1,1,4,1,1990,1,2,8,-1,-1,-1,-1,2.021E+11,4,PONGAMES (CITE),0,NULL,-1,2,0,1,0,0,1,NULL,-1,1,0,1,30
2.021E+11,20,1,2021,08:30:00,2,83,83137,2,1,8,6,ESTIENNE D'ORVES (AVE),"431,266,600,000","59,129,900,000",2.021E+11,104 674,A01,1,1,0,2,8,7,0,NULL,2.021E+11,138 925,104 673,B01,1,1,4,1,1982,1,2,6,-1,-1,-1,-1,2.021E+11,7,ESTIENNE D'ORVES (AVE),0,NULL,1,1,1,2,27,600,3,NULL,-1,2,9,6,50
2.021E+11,20,1,2021,08:30:00,2,83,83137,2,1,8,6,ESTIENNE D'ORVES (AVE),"431,266,600,000","59,129,900,000",2.021E+11,104 674,A01,1,1,0,2,8,7,0,NULL,2.021E+11,138 926,104 674,A01,1,1,4,1,1968,1,8,0,-1,-1,-1,-1,2.021E+11,7,ESTIENNE D'ORVES (AVE),0,NULL,1,1,1,2,27,600,3,NULL,-1,2,9,6,50
2.021E+11,20,1,2021,08:15:00,2,75,75104,2,1,1,6,QUAI DES CELESTINS,"488,524,720,000","23,602,090,000",2.021E+11,104 591,A01,1,1,8,0,1,1,5,NULL,2.021E+11,138 819,104 591,A01,1,1,4,1,2008,2,2,0,-1,0,0,-1,2.021E+11,4,QUAI DES CELESTINS,0,NULL,2,4,1,1,-1,-1,1,NULL,-1,1,-1,5,50
2.021E+11,19,1,2021,16:30:00,1,92,92004,2,1,1,6,MARNE   ( AVENUE DE LA ),"489,090,384,327","22,855,052,080",2.021E+11,104 360,A01,1,1,0,1,1,1,5,NULL,2.021E+11,138 506,104 360,A01,1,1,1,1,1992,0,2,0,-1,-1,-1,-1,2.021E+11,3,MARNE   ( AVENUE DE LA ),0,NULL,2,2,0,1,0,0,1,NULL,-1,1,0,1,50
2.021E+11,19,1,2021,16:30:00,1,92,92004,2,1,1,6,MARNE   ( AVENUE DE LA ),"489,090,384,327","22,855,052,080",2.021E+11,104 360,A01,1,1,0,1,1,1,5,NULL,2.021E+11,138 507,104 360,A01,10,3,4,1,2020,5,0,-1,-1,4,3,2,2.021E+11,3,MARNE   ( AVENUE DE LA ),0,NULL,2,2,0,1,0,0,1,NULL,-1,1,0,1,50
2.021E+11,15,10,2021,15:50:00,1,38,38061,1,9,1,1,2022 Route de Grenoble,"453,163,170,000","56,220,500,000",2.021E+11,178 183,B01,1,1,0,2,7,1,5,NULL,2.021E+11,236 020,178 183,B01,1,1,4,1,1966,5,2,6,-1,0,0,-1,2.021E+11,3,1075,0,D,2,2,0,1,71,800,1,NULL,-1,1,0,1,70
2.021E+11,15,10,2021,15:50:00,1,38,38061,1,9,1,1,2022 Route de Grenoble,"453,163,170,000","56,220,500,000",2.021E+11,178 183,B01,1,1,0,2,7,1,5,NULL,2.021E+11,236 021,178 184,A01,1,1,1,1,1981,2,1,-1,-1,0,0,-1,2.021E+11,3,1075,0,D,2,2,0,1,71,800,1,NULL,-1,1,0,1,70
2.021E+11,6,10,2021,13:54:00,1,34,34172,2,1,1,5,BLUM (RUE LEON),"436,080,090,000","38,905,890,000",2.021E+11,176 014,A01,0,1,0,2,1,19,5,NULL,2.021E+11,233 223,176 014,A01,1,1,3,1,2000,5,8,0,-1,-1,-1,-1,2.021E+11,4,BLUM (RUE LEON),0,NULL,1,2,0,1,-1,-1,1,NULL,-1,1,0,1,30
2.021E+11,6,10,2021,13:54:00,1,34,34172,2,1,1,5,BLUM (RUE LEON),"436,080,090,000","38,905,890,000",2.021E+11,176 014,A01,0,1,0,2,1,19,5,NULL,2.021E+11,233 224,176 015,B01,1,1,3,1,2000,4,2,8,-1,-1,-1,-1,2.021E+11,4,BLUM (RUE LEON),0,NULL,1,2,0,1,-1,-1,1,NULL,-1,1,0,1,30
2.021E+11,6,10,2021,13:54:00,1,34,34172,2,1,1,5,BLUM (RUE LEON),"436,080,090,000","38,905,890,000",2.021E+11,176 014,A01,0,1,0,2,1,19,5,NULL,2.021E+11,233 225,176 016,C01,1,1,1,1,1997,1,2,8,-1,-1,-1,-1,2.021E+11,4,BLUM (RUE LEON),0,NULL,1,2,0,1,-1,-1,1,NULL,-1,1,0,1,30
2.021E+11,25,8,2021,09:00:00,1,84,84068,2,6,7,2,Rond-point D27 / D943,"437,651,200,000","53,654,480,000",2.021E+11,174 384,A01,1,1,0,0,4,2,5,NULL,2.021E+11,231 148,174 384,A01,1,1,3,1,1943,5,2,6,-1,0,0,-1,2.021E+11,3,943,0,D,2,2,0,1,54,850,2,NULL,-1,1,0,1,50
2.021E+11,25,8,2021,09:00:00,1,84,84068,2,6,7,2,Rond-point D27 / D943,"437,651,200,000","53,654,480,000",2.021E+11,174 384,A01,1,1,0,0,4,2,5,NULL,2.021E+11,231 149,174 385,B01,1,1,1,1,1985,5,1,-1,-1,0,0,-1,2.021E+11,3,943,0,D,2,2,0,1,54,850,2,NULL,-1,1,0,1,50
2.021E+11,19,9,2021,18:40:00,2,75,75101,2,3,1,1,RUE DE RIVOLI,"488,605,034,015","23,421,397,805",2.021E+11,169 398,A01,1,1,0,2,1,13,5,NULL,2.021E+11,224 628,169 398,A01,1,1,4,1,1985,5,2,0,-1,0,0,-1,2.021E+11,4,RUE DE RIVOLI,0,NULL,2,4,1,1,-1,-1,1,NULL,-1,1,0,5,30
2.021E+11,19,9,2021,18:40:00,2,75,75101,2,3,1,1,RUE DE RIVOLI,"488,605,034,015","23,421,397,805",2.021E+11,169 398,A01,1,1,0,2,1,13,5,NULL,2.021E+11,224 629,169 399,B01,1,1,4,1,2002,9,2,0,-1,0,0,-1,2.021E+11,4,RUE DE RIVOLI,0,NULL,2,4,1,1,-1,-1,1,NULL,-1,1,0,5,30
2.021E+11,11,9,2021,17:45:00,1,54,54339,2,1,1,6,VIEUX PONT DE PIERRE,"487,061,800,000","61,843,800,000",2.021E+11,166 813,Z01,1,1,0,1,1,25,5,NULL,2.021E+11,221 250,166 813,Z01,10,3,4,1,1950,0,8,8,-1,5,9,1,2.021E+11,4,VIEUX PONT DE PIERRE,0,NULL,2,2,0,3,-1,-1,1,NULL,-1,1,0,1,50
2.021E+11,11,9,2021,17:45:00,1,54,54339,2,1,1,6,VIEUX PONT DE PIERRE,"487,061,800,000","61,843,800,000",2.021E+11,166 813,Z01,1,1,0,1,1,25,5,NULL,2.021E+11,221 251,166 813,Z01,1,1,1,-1,NULL,-1,-1,-1,-1,-1,-1,-1,2.021E+11,4,VIEUX PONT DE PIERRE,0,NULL,2,2,0,3,-1,-1,1,NULL,-1,1,0,1,50
2.021E+11,8,9,2021,14:05:00,1,92,92040,2,1,1,6,ARISTIDE BRIAND,"488,232,426,977","22,703,397,274",2.021E+11,166 335,B01,3,1,1,0,0,0,0,NULL,2.021E+11,220 630,166 334,A01,1,1,1,2,1942,9,8,0,-1,-1,-1,-1,2.021E+11,3,989,0,NULL,1,2,0,1,0,0,1,NULL,-1,1,0,1,50
2.021E+11,8,9,2021,14:05:00,1,92,92040,2,1,1,6,ARISTIDE BRIAND,"488,232,426,977","22,703,397,274",2.021E+11,166 335,B01,3,1,1,0,0,0,0,NULL,2.021E+11,220 631,166 335,B01,1,1,4,1,2001,0,1,0,-1,-1,-1,-1,2.021E+11,3,989,0,NULL,1,2,0,1,0,0,1,NULL,-1,1,0,1,50
2.021E+11,8,9,2021,14:00:00,1,92,92064,2,3,1,3,PORTE JAUNE,"488,417,600,000","21,992,300,000",2.021E+11,165 639,B01,3,1,0,2,8,19,5,NULL,2.021E+11,219 747,165 638,A01,1,1,1,1,1969,5,1,0,-1,-1,-1,-1,2.021E+11,3,180,0,NULL,2,2,0,1,0,0,1,NULL,-1,1,0,1,50
2.021E+11,8,9,2021,14:00:00,1,92,92064,2,3,1,3,PORTE JAUNE,"488,417,600,000","21,992,300,000",2.021E+11,165 639,B01,3,1,0,2,8,19,5,NULL,2.021E+11,219 748,165 639,B01,1,1,4,1,2010,2,2,0,-1,-1,-1,-1,2.021E+11,3,180,0,NULL,2,2,0,1,0,0,1,NULL,-1,1,0,1,50
2.021E+11,24,8,2021,06:50:00,2,31,31557,2,1,1,1,MARQUISAT (AV DU),"435,780,300,000","13,519,400,000",2.021E+11,160 984,B01,1,1,0,2,1,1,5,NULL,2.021E+11,213 566,160 984,B01,1,1,3,1,1969,1,8,0,-1,-1,-1,-1,2.021E+11,7,MARQUISAT (AV DU),0,NULL,2,2,1,2,32,260,2,NULL,-1,1,0,5,20
2.021E+11,24,8,2021,06:50:00,2,31,31557,2,1,1,1,MARQUISAT (AV DU),"435,780,300,000","13,519,400,000",2.021E+11,160 984,B01,1,1,0,2,1,1,5,NULL,2.021E+11,213 567,160 985,A01,1,1,4,1,1996,5,2,0,-1,-1,-1,-1,2.021E+11,7,MARQUISAT (AV DU),0,NULL,2,2,1,2,32,260,2,NULL,-1,1,0,5,20
2.021E+11,19,8,2021,17:25:00,1,45,45210,2,3,1,3,D93,"478,570,760,000","28,246,280,000",2.021E+11,160 746,A01,1,1,0,2,6,1,5,NULL,2.021E+11,213 240,160 746,A01,1,1,4,1,1952,5,2,-1,-1,0,0,-1,2.021E+11,3,93,-1,NULL,2,2,0,2,15,300,3,NULL,3,1,0,1,50
2.021E+11,19,8,2021,17:25:00,1,45,45210,2,3,1,3,D93,"478,570,760,000","28,246,280,000",2.021E+11,160 746,A01,1,1,0,2,6,1,5,NULL,2.021E+11,213 241,160 747,B01,1,1,1,2,1990,3,8,-1,-1,0,0,-1,2.021E+11,3,93,-1,NULL,2,2,0,2,15,300,3,NULL,3,1,0,1,50
2.021E+11,12,8,2021,22:30:00,5,67,67482,2,1,1,7,FRERES MATTHIS (PONT DES),"485,782,100,000","77,344,100,000",2.021E+11,158 310,B01,1,1,0,2,0,11,5,NULL,2.021E+11,209 826,158 309,A01,1,1,3,1,1987,0,2,8,-1,-1,-1,-1,2.021E+11,4,NULL,0,NULL,2,4,0,2,0,0,1,NULL,-1,1,2,1,50
2.021E+11,12,8,2021,22:30:00,5,67,67482,2,1,1,7,FRERES MATTHIS (PONT DES),"485,782,100,000","77,344,100,000",2.021E+11,158 310,B01,1,1,0,2,0,11,5,NULL,2.021E+11,209 827,158 310,B01,1,1,1,2,2005,0,8,0,-1,-1,-1,-1,2.021E+11,4,NULL,0,NULL,2,4,0,2,0,0,1,NULL,-1,1,2,1,50
2.021E+11,13,8,2021,08:35:00,1,92,92076,2,1,1,6,JARDY,"488,319,600,000","21,528,000,000",2.021E+11,158 184,Y01,0,1,4,0,1,1,5,NULL,2.021E+11,209 653,158 184,Y01,1,1,4,1,1968,1,2,0,-1,-1,-1,-1,2.021E+11,3,182,0,NULL,1,2,0,1,0,0,1,NULL,-1,1,2,4,30
2.021E+11,1,8,2021,15:14:00,1,71,71123,1,1,1,3,Le Moulin Bailly,"462,300,920,000","39,503,090,000",2.021E+11,154 816,A01,0,1,0,2,3,13,5,NULL,2.021E+11,204 941,154 816,A01,1,1,3,2,2011,5,0,-1,-1,0,0,-1,2.021E+11,4,4,-1,NULL,2,2,0,1,-1,-1,3,NULL,-1,1,0,1,80
2.021E+11,1,8,2021,15:14:00,1,71,71123,1,1,1,3,Le Moulin Bailly,"462,300,920,000","39,503,090,000",2.021E+11,154 816,A01,0,1,0,2,3,13,5,NULL,2.021E+11,204 942,154 817,B01,1,1,1,1,1988,5,1,-1,-1,0,0,-1,2.021E+11,4,4,-1,NULL,2,2,0,1,-1,-1,3,NULL,-1,1,0,1,80
2.021E+11,1,8,2021,15:14:00,1,71,71123,1,1,1,3,Le Moulin Bailly,"462,300,920,000","39,503,090,000",2.021E+11,154 816,A01,0,1,0,2,3,13,5,NULL,2.021E+11,204 943,154 817,B01,2,2,1,2,1985,5,1,-1,-1,0,0,-1,2.021E+11,4,4,-1,NULL,2,2,0,1,-1,-1,3,NULL,-1,1,0,1,80
2.021E+11,20,7,2021,17:55:00,1,64,64483,2,6,1,3,RD810,"434,123,200,000","-16,179,300,000",2.021E+11,151 827,B01,2,1,0,2,8,1,0,NULL,2.021E+11,200 859,151 827,B01,1,1,1,1,1998,0,2,0,-1,-1,-1,-1,2.021E+11,3,RD810,0,NULL,2,2,0,1,21,500,3,NULL,-1,1,5,8,50
2.021E+11,20,7,2021,17:55:00,1,64,64483,2,6,1,3,RD810,"434,123,200,000","-16,179,300,000",2.021E+11,151 827,B01,2,1,0,2,8,1,0,NULL,2.021E+11,200 860,151 828,A01,1,1,3,1,1951,0,2,6,-1,-1,-1,-1,2.021E+11,3,RD810,0,NULL,2,2,0,1,21,500,3,NULL,-1,1,5,8,50
2.021E+11,19,7,2021,08:38:00,1,66,66136,2,2,1,3,MAS-PALEGRY (CHEMIN DU),"426,601,200,000","28,856,100,000",2.021E+11,151 453,B01,0,1,0,2,8,1,5,NULL,2.021E+11,200 376,151 453,B01,1,1,4,1,1957,0,2,8,-1,-1,-1,-1,2.021E+11,4,MAS-PALEGRY (CHEMIN DU),0,NULL,2,2,0,1,0,0,1,NULL,-1,1,0,1,50