Num_Acc,jour,mois,an,hrmn,lum,dep,com,agg,int,atm,col,adr,lat,long,Num_Acc,id_vehicule,num_veh,senc,catv,obs,obsm,choc,manv,motor,occutc,Num_Acc,id_usager,id_vehicule,num_veh,place,catu,grav,sexe,an_nais,trajet,secu1,secu2,secu3,locp,actp,etatp,Num_Acc,catr,voie,v1,v2,circ,nbv,vosp,prof,pr,pr1,plan,lartpc,larrout,surf,infra,situ,vma
2.021E+11,23,7,2021,20:40:00,1,64,64490,2,1,1,1,Le Hameau d Exave,"432,373,600,000","-13,108,170,000",2.021E+11,152 676,A01,2,1,0,2,1,13,5,NULL,2.021E+11,201 973,152 676,A01,1,1,4,1,2009,5,0,-1,-1,0,0,-1,2.021E+11,3,608,0,D,2,2,0,2,0,500,2,NULL,-1,1,0,1,50
2.021E+11,23,7,2021,20:40:00,1,64,64490,2,1,1,1,Le Hameau d Exave,"432,373,600,000","-13,108,170,000",2.021E+11,152 676,A01,2,1,0,2,1,13,5,NULL,2.021E+11,201 974,152 677,B01,1,1,1,1,1999,1,1,-1,-1,0,0,-1,2.021E+11,3,608,0,D,2,2,0,2,0,500,2,NULL,-1,1,0,1,50
2.021E+11,22,7,2021,15:30:00,1,67,67374,1,3,1,3,cd 31 pfettisheim pr 10,"486,582,370,000","76,509,530,000",2.021E+11,152 383,A01,1,1,0,2,1,1,5,NULL,2.021E+11,201 594,152 383,A01,1,1,4,1,1971,5,2,-1,-1,0,0,-1,2.021E+11,3,31,0,A,2,2,1,1,9,400,1,NULL,-1,1,0,5,90
2.021E+11,22,7,2021,15:30:00,1,67,67374,1,3,1,3,cd 31 pfettisheim pr 10,"486,582,370,000","76,509,530,000",2.021E+11,152 383,A01,1,1,0,2,1,1,5,NULL,2.021E+11,201 595,152 384,B01,1,1,1,1,1981,4,9,-1,-1,0,0,-1,2.021E+11,3,31,0,A,2,2,1,1,9,400,1,NULL,-1,1,0,5,90
2.021E+11,19,7,2021,18:30:00,1,45,45234,2,1,1,1,Passage des Azalées,"478,875,823,315","19,114,977,121",2.021E+11,151 421,A01,2,1,0,2,1,16,5,NULL,2.021E+11,200 331,151 421,A01,1,1,4,1,2013,5,2,0,-1,-1,-1,-1,2.021E+11,4,AZALEES (PASSAGE DES),0,NULL,2,2,0,1,-1,-1,3,NULL,-1,1,0,1,30
2.021E+11,19,7,2021,18:30:00,1,45,45234,2,1,1,1,Passage des Azalées,"478,875,823,315","19,114,977,121",2.021E+11,151 421,A01,2,1,0,2,1,16,5,NULL,2.021E+11,200 332,151 422,B01,1,1,1,2,1998,5,8,0,-1,-1,-1,-1,2.021E+11,4,AZALEES (PASSAGE DES),0,NULL,2,2,0,1,-1,-1,3,NULL,-1,1,0,1,30
2.021E+11,17,7,2021,12:09:00,1,49,49007,2,2,1,1,SAINT JULIEN RUE ET IMPASSE,"474,702,200,000"," -0,5519200000",2.021E+11,150 833,B01,1,1,0,2,3,26,5,NULL,2.021E+11,199 495,150 832,A01,1,1,1,1,1964,5,1,0,-1,-1,-1,-1,2.021E+11,4,SAINT JULIEN RUE ET IMPASSE,0,NULL,1,1,2,1,1,0,1,NULL,-1,1,0,1,30
2.021E+11,17,7,2021,12:09:00,1,49,49007,2,2,1,1,SAINT JULIEN RUE ET IMPASSE,"474,702,200,000"," -0,5519200000",2.021E+11,150 833,B01,1,1,0,2,3,26,5,NULL,2.021E+11,199 496,150 833,B01,1,1,4,2,1963,9,8,0,-1,-1,-1,-1,2.021E+11,4,SAINT JULIEN RUE ET IMPASSE,0,NULL,1,1,2,1,1,0,1,NULL,-1,1,0,1,30
2.021E+11,7,7,2021,16:40:00,1,69,69275,2,2,1,3,EMILE ZOLA (R),"457,639,674,833","49,559,803,865",2.021E+11,147 850,B01,1,1,0,2,0,19,0,NULL,2.021E+11,195 360,147 849,A01,1,1,1,1,1962,1,1,-1,-1,-1,-1,-1,2.021E+11,4,EMILE ZOLA                          (R ),0,NULL,2,2,1,1,-1,-1,1,NULL,-1,1,0,1,50
2.021E+11,7,7,2021,16:40:00,1,69,69275,2,2,1,3,EMILE ZOLA (R),"457,639,674,833","49,559,803,865",2.021E+11,147 850,B01,1,1,0,2,0,19,0,NULL,2.021E+11,195 361,147 850,B01,1,1,4,1,2007,5,8,-1,-1,-1,-1,-1,2.021E+11,4,EMILE ZOLA                          (R ),0,NULL,2,2,1,1,-1,-1,1,NULL,-1,1,0,1,50
2.021E+11,5,7,2021,15:10:00,1,75,75116,2,3,1,3,ALLEE DU BORD DE L EAU,"488,533,500,000","22,264,240,000",2.021E+11,147 059,B01,3,1,0,2,1,1,5,NULL,2.021E+11,194 311,147 059,B01,1,1,4,1,1981,4,2,0,-1,0,0,-1,2.021E+11,4,ALLEE DU BORD DE L EAU,0,NULL,2,2,1,1,-1,-1,1,NULL,-1,1,0,5,50
2.021E+11,5,7,2021,15:10:00,1,75,75116,2,3,1,3,ALLEE DU BORD DE L EAU,"488,533,500,000","22,264,240,000",2.021E+11,147 059,B01,3,1,0,2,1,1,5,NULL,2.021E+11,194 312,147 060,A01,1,1,1,1,1980,9,1,0,-1,0,0,-1,2.021E+11,4,ALLEE DU BORD DE L EAU,0,NULL,2,2,1,1,-1,-1,1,NULL,-1,1,0,5,50
2.021E+11,4,7,2021,14:30:00,1,75,75116,2,1,2,3,ALLEE DE LA REINE MARGUERITE,"488,631,820,000","22,479,330,000",2.021E+11,146 606,A01,1,1,0,2,6,10,5,NULL,2.021E+11,193 677,146 605,B01,1,1,1,1,1991,1,2,0,-1,0,0,-1,2.021E+11,4,ALLEE DE LA REINE MARGUERITE,0,NULL,2,2,0,1,-1,-1,1,NULL,-1,2,0,1,50
2.021E+11,4,7,2021,14:30:00,1,75,75116,2,1,2,3,ALLEE DE LA REINE MARGUERITE,"488,631,820,000","22,479,330,000",2.021E+11,146 606,A01,1,1,0,2,6,10,5,NULL,2.021E+11,193 678,146 606,A01,1,1,4,1,1947,5,2,0,-1,0,0,-1,2.021E+11,4,ALLEE DE LA REINE MARGUERITE,0,NULL,2,2,0,1,-1,-1,1,NULL,-1,2,0,1,50
2.021E+11,2,7,2021,18:40:00,1,92,92023,2,1,1,3,LAZARE CARNOT (RUE),"488,094,900,000","22,712,300,000",2.021E+11,145 733,B01,2,1,1,0,2,1,5,NULL,2.021E+11,192 504,145 732,A01,1,1,1,1,1994,4,8,0,-1,-1,-1,-1,2.021E+11,4,NULL,0,NULL,2,2,0,1,0,0,1,NULL,-1,1,0,1,30
2.021E+11,2,7,2021,18:40:00,1,92,92023,2,1,1,3,LAZARE CARNOT (RUE),"488,094,900,000","22,712,300,000",2.021E+11,145 733,B01,2,1,1,0,2,1,5,NULL,2.021E+11,192 505,145 733,B01,1,1,4,1,1976,1,8,0,-1,-1,-1,-1,2.021E+11,4,NULL,0,NULL,2,2,0,1,0,0,1,NULL,-1,1,0,1,30
2.021E+11,16,6,2021,12:00:00,1,75,75107,2,1,1,3,RUE DUVIVIER,"488,575,580,000","23,066,730,000",2.021E+11,140 792,B01,1,1,0,2,7,1,5,NULL,2.021E+11,185 978,140 792,B01,1,1,4,1,1999,9,2,0,-1,0,0,-1,2.021E+11,4,RUE DUVIVIER,0,NULL,2,2,0,1,-1,-1,1,NULL,-1,1,0,1,30
2.021E+11,16,6,2021,12:00:00,1,75,75107,2,1,1,3,RUE DUVIVIER,"488,575,580,000","23,066,730,000",2.021E+11,140 792,B01,1,1,0,2,7,1,5,NULL,2.021E+11,185 979,140 793,A01,1,1,1,2,1969,5,2,6,-1,0,0,-1,2.021E+11,4,RUE DUVIVIER,0,NULL,2,2,0,1,-1,-1,1,NULL,-1,1,0,1,30
2.021E+11,6,6,2021,17:00:00,1,94,94033,2,2,1,2,Avenue Louison Bobet,"488,525,740,000","24,907,850,000",2.021E+11,140 781,B01,2,1,0,2,4,0,5,NULL,2.021E+11,185 961,140 781,B01,1,1,4,1,1966,4,8,4,-1,-1,-1,-1,2.021E+11,3,LOUISON BOBET (AV),0,NULL,-1,2,0,1,1,0,1,NULL,-1,1,0,1,30
2.021E+11,6,6,2021,17:00:00,1,94,94033,2,2,1,2,Avenue Louison Bobet,"488,525,740,000","24,907,850,000",2.021E+11,140 781,B01,2,1,0,2,4,0,5,NULL,2.021E+11,185 962,140 782,A01,1,1,1,1,2000,0,1,0,-1,-1,-1,-1,2.021E+11,3,LOUISON BOBET (AV),0,NULL,-1,2,0,1,1,0,1,NULL,-1,1,0,1,30
2.021E+11,6,6,2021,17:00:00,1,94,94033,2,2,1,2,Avenue Louison Bobet,"488,525,740,000","24,907,850,000",2.021E+11,140 781,B01,2,1,0,2,4,0,5,NULL,2.021E+11,185 963,140 782,A01,2,2,1,1,1959,0,1,0,-1,-1,-1,-1,2.021E+11,3,LOUISON BOBET (AV),0,NULL,-1,2,0,1,1,0,1,NULL,-1,1,0,1,30
2.021E+11,6,6,2021,17:00:00,1,94,94033,2,2,1,2,Avenue Louison Bobet,"488,525,740,000","24,907,850,000",2.021E+11,140 781,B01,2,1,0,2,4,0,5,NULL,2.021E+11,185 964,140 782,A01,3,2,1,2,1966,0,1,0,-1,-1,-1,-1,2.021E+11,3,LOUISON BOBET (AV),0,NULL,-1,2,0,1,1,0,1,NULL,-1,1,0,1,30
2.021E+11,15,6,2021,08:45:00,1,69,69381,2,3,1,3,SAINT VINCENT (Q),"457,684,500,000","48,260,200,000",2.021E+11,140 577,B01,3,1,0,2,0,0,5,NULL,2.021E+11,185 696,140 577,B01,1,1,4,1,1994,1,8,-1,-1,-1,-1,-1,2.021E+11,4,ST VINCENT                          (QU),0,NULL,1,1,3,1,-1,-1,1,NULL,-1,1,5,1,50
2.021E+11,15,6,2021,08:45:00,1,69,69381,2,3,1,3,SAINT VINCENT (Q),"457,684,500,000","48,260,200,000",2.021E+11,140 577,B01,3,1,0,2,0,0,5,NULL,2.021E+11,185 697,140 578,A01,1,1,1,2,1974,1,1,-1,-1,-1,-1,-1,2.021E+11,4,ST VINCENT                          (QU),0,NULL,1,1,3,1,-1,-1,1,NULL,-1,1,5,1,50
2.021E+11,6,6,2021,12:03:00,1,87,87050,2,1,1,6,LIMOGES (AVENUE DE),"458,764,400,000","12,378,100,000",2.021E+11,137 933,B01,2,1,0,2,1,1,5,NULL,2.021E+11,182 230,137 933,B01,1,1,3,1,1972,5,8,0,-1,-1,-1,-1,2.021E+11,4,LIMOGES (AVENUE DE),0,NULL,2,2,0,1,0,0,1,NULL,-1,1,0,1,50
2.021E+11,6,6,2021,12:03:00,1,87,87050,2,1,1,6,LIMOGES (AVENUE DE),"458,764,400,000","12,378,100,000",2.021E+11,137 933,B01,2,1,0,2,1,1,5,NULL,2.021E+11,182 231,137 934,A01,1,1,1,1,1987,9,8,0,-1,-1,-1,-1,2.021E+11,4,LIMOGES (AVENUE DE),0,NULL,2,2,0,1,0,0,1,NULL,-1,1,0,1,50
2.021E+11,1,6,2021,18:20:00,1,75,75108,2,7,1,7,PLACE DE LA CONCORDE,"488,640,780,000","23,201,430,000",2.021E+11,135 467,A01,3,1,12,0,7,14,5,NULL,2.021E+11,179 053,135 467,A01,1,1,4,2,1963,1,8,0,-1,0,0,-1,2.021E+11,4,PLACE DE LA CONCORDE,0,NULL,1,4,1,1,-1,-1,1,NULL,-1,1,0,5,30
2.021E+11,29,5,2021,18:30:00,1,63,63470,1,1,1,2,D986,"458,705,290,000","30,257,250,000",2.021E+11,133 865,B01,1,1,0,2,4,2,5,NULL,2.021E+11,176 968,133 865,B01,1,1,3,1,1977,5,2,-1,-1,0,0,-1,2.021E+11,3,986,0,A,3,4,0,2,8,100,2,NULL,-1,1,0,1,80
2.021E+11,29,5,2021,18:30:00,1,63,63470,1,1,1,2,D986,"458,705,290,000","30,257,250,000",2.021E+11,133 865,B01,1,1,0,2,4,2,5,NULL,2.021E+11,176 969,133 866,A01,1,1,1,2,1994,5,1,-1,-1,0,0,-1,2.021E+11,3,986,0,A,3,4,0,2,8,100,2,NULL,-1,1,0,1,80
2.021E+11,17,5,2021,14:50:00,1,80,80021,2,1,1,2,JULES FERRY (CHAUSSEE),"498,810,100,000","23,308,000,000",2.021E+11,131 416,A01,0,1,0,2,1,2,5,NULL,2.021E+11,173 730,131 415,B01,1,1,1,1,1951,0,1,-1,-1,0,0,-1,2.021E+11,4,JULES FERRY (CHAUSSEE),0,NULL,2,2,0,2,-1,-1,1,NULL,-1,1,0,1,50
2.021E+11,17,5,2021,14:50:00,1,80,80021,2,1,1,2,JULES FERRY (CHAUSSEE),"498,810,100,000","23,308,000,000",2.021E+11,131 416,A01,0,1,0,2,1,2,5,NULL,2.021E+11,173 731,131 416,A01,1,1,4,1,2000,4,2,-1,-1,0,0,-1,2.021E+11,4,JULES FERRY (CHAUSSEE),0,NULL,2,2,0,2,-1,-1,1,NULL,-1,1,0,1,50
2.021E+11,19,5,2021,17:15:00,1,69,69266,2,3,1,3,GEORGE SAND (R),"457,555,700,000","48,901,300,000",2.021E+11,131 404,A01,3,1,0,2,3,19,5,NULL,2.021E+11,173 717,131 403,B01,1,1,3,1,1998,1,0,-1,-1,-1,-1,-1,2.021E+11,4,GEORGE SAND                          (R ,0,NULL,1,1,1,1,-1,-1,1,NULL,-1,1,0,5,30
2.021E+11,19,5,2021,17:15:00,1,69,69266,2,3,1,3,GEORGE SAND (R),"457,555,700,000","48,901,300,000",2.021E+11,131 404,A01,3,1,0,2,3,19,5,NULL,2.021E+11,173 718,131 404,A01,1,1,1,1,1985,4,0,-1,-1,-1,-1,-1,2.021E+11,4,GEORGE SAND                          (R ,0,NULL,1,1,1,1,-1,-1,1,NULL,-1,1,0,5,30
2.021E+11,7,5,2021,16:45:00,1,80,80186,2,1,7,2,Rue de Picardie,"498,190,360,000","27,933,760,000",2.021E+11,128 355,B01,0,1,15,2,4,2,5,NULL,2.021E+11,169 675,128 354,A01,2,2,1,2,2004,5,1,-1,-1,0,0,-1,2.021E+11,3,337,0,D,2,2,0,1,14,200,1,NULL,-1,1,0,1,50
2.021E+11,7,5,2021,16:45:00,1,80,80186,2,1,7,2,Rue de Picardie,"498,190,360,000","27,933,760,000",2.021E+11,128 355,B01,0,1,15,2,4,2,5,NULL,2.021E+11,169 676,128 354,A01,1,1,3,2,1947,5,1,-1,-1,0,0,-1,2.021E+11,3,337,0,D,2,2,0,1,14,200,1,NULL,-1,1,0,1,50
2.021E+11,7,5,2021,16:45:00,1,80,80186,2,1,7,2,Rue de Picardie,"498,190,360,000","27,933,760,000",2.021E+11,128 355,B01,0,1,15,2,4,2,5,NULL,2.021E+11,169 677,128 355,B01,1,1,3,1,2005,2,0,-1,-1,0,0,-1,2.021E+11,3,337,0,D,2,2,0,1,14,200,1,NULL,-1,1,0,1,50
2.021E+11,30,4,2021,19:05:00,1,29,29019,2,1,1,3,Quai Commandant Malbert,"483,790,897,328","-44,859,745,176",2.021E+11,128 122,B01,1,1,0,2,1,1,5,NULL,2.021E+11,169 347,128 121,A01,1,1,4,1,1985,4,1,-1,-1,0,0,-1,2.021E+11,4,COMMANDANT MALBERT,0,NULL,1,1,0,1,-1,-1,1,NULL,-1,1,0,1,50
2.021E+11,30,4,2021,19:05:00,1,29,29019,2,1,1,3,Quai Commandant Malbert,"483,790,897,328","-44,859,745,176",2.021E+11,128 122,B01,1,1,0,2,1,1,5,NULL,2.021E+11,169 348,128 122,B01,1,1,1,1,1961,5,2,-1,-1,0,0,-1,2.021E+11,4,COMMANDANT MALBERT,0,NULL,1,1,0,1,-1,-1,1,NULL,-1,1,0,1,50
2.021E+11,23,4,2021,16:20:00,1,64,64445,2,3,1,3,TOURASSE,"433,084,400,000"," -0,3402400000",2.021E+11,125 071,B01,1,1,0,2,8,1,5,NULL,2.021E+11,165 430,125 071,B01,1,1,3,1,1942,9,2,8,-1,-1,-1,-1,2.021E+11,4,TOURASSE,0,NULL,2,2,1,1,0,0,1,NULL,-1,1,0,1,50
2.021E+11,23,4,2021,16:20:00,1,64,64445,2,3,1,3,TOURASSE,"433,084,400,000"," -0,3402400000",2.021E+11,125 071,B01,1,1,0,2,8,1,5,NULL,2.021E+11,165 431,125 072,Z01,1,1,1,-1,NULL,-1,-1,-1,-1,-1,-1,-1,2.021E+11,4,TOURASSE,0,NULL,2,2,1,1,0,0,1,NULL,-1,1,0,1,50
2.021E+11,4,4,2021,09:26:00,1,87,87085,2,6,1,7,SCHUMAN (BOULEVARD ROBERT),"458,568,600,000","12,700,400,000",2.021E+11,121 635,A01,2,1,0,0,0,1,5,NULL,2.021E+11,160 979,121 635,A01,1,1,4,1,1969,5,2,0,-1,-1,-1,-1,2.021E+11,4,SCHUMAN (BOULEVARD ROBERT),0,NULL,3,4,3,1,3,0,1,NULL,-1,1,5,1,50
2.021E+11,2,4,2021,18:55:00,1,71,71306,2,1,1,3,MACON (RUE DE),"466,736,100,000","43,742,300,000",2.021E+11,120 636,A01,3,1,0,2,1,19,5,NULL,2.021E+11,159 643,120 635,B01,1,1,1,2,1967,9,1,0,-1,0,0,-1,2.021E+11,4,NULL,0,NULL,2,2,0,1,-1,-1,1,NULL,-1,1,0,1,50
2.021E+11,2,4,2021,18:55:00,1,71,71306,2,1,1,3,MACON (RUE DE),"466,736,100,000","43,742,300,000",2.021E+11,120 636,A01,3,1,0,2,1,19,5,NULL,2.021E+11,159 644,120 636,A01,1,1,4,1,2001,5,8,0,-1,0,0,-1,2.021E+11,4,NULL,0,NULL,2,2,0,1,-1,-1,1,NULL,-1,1,0,1,50
2.021E+11,2,4,2021,12:25:00,1,13,13015,2,2,1,1,avenue pierre de brossolette,"434,573,580,000","54,130,790,000",2.021E+11,120 405,B01,1,1,0,2,1,1,5,NULL,2.021E+11,159 350,120 405,B01,1,1,3,1,1987,5,2,-1,-1,0,0,-1,2.021E+11,7,NULL,-1,NULL,2,2,0,2,5,100,4,NULL,-1,1,0,1,50
2.021E+11,2,4,2021,12:25:00,1,13,13015,2,2,1,1,avenue pierre de brossolette,"434,573,580,000","54,130,790,000",2.021E+11,120 405,B01,1,1,0,2,1,1,5,NULL,2.021E+11,159 351,120 406,A01,1,1,1,2,1952,5,1,-1,-1,0,0,-1,2.021E+11,7,NULL,-1,NULL,2,2,0,2,5,100,4,NULL,-1,1,0,1,50
2.021E+11,29,3,2021,17:20:00,1,75,75105,2,1,1,3,RUE BUFFON,"488,427,320,000","23,619,500,000",2.021E+11,119 295,A01,2,1,0,2,1,1,5,NULL,2.021E+11,157 923,119 294,B01,1,1,4,2,1987,5,8,0,-1,0,0,-1,2.021E+11,4,RUE BUFFON,0,NULL,-1,2,1,1,-1,-1,1,NULL,-1,1,-1,5,30
2.021E+11,29,3,2021,17:20:00,1,75,75105,2,1,1,3,RUE BUFFON,"488,427,320,000","23,619,500,000",2.021E+11,119 294,B01,3,1,0,2,7,9,5,NULL,2.021E+11,157 923,119 294,B01,1,1,4,2,1987,5,8,0,-1,0,0,-1,2.021E+11,4,RUE BUFFON,0,NULL,-1,2,1,1,-1,-1,1,NULL,-1,1,-1,5,30
2.021E+11,29,3,2021,17:20:00,1,75,75105,2,1,1,3,RUE BUFFON,"488,427,320,000","23,619,500,000",2.021E+11,119 295,A01,2,1,0,2,1,1,5,NULL,2.021E+11,157 924,119 295,A01,1,1,1,1,1980,9,8,0,-1,0,0,-1,2.021E+11,4,RUE BUFFON,0,NULL,-1,2,1,1,-1,-1,1,NULL,-1,1,-1,5,30
2.021E+11,29,3,2021,17:20:00,1,75,75105,2,1,1,3,RUE BUFFON,"488,427,320,000","23,619,500,000",2.021E+11,119 294,B01,3,1,0,2,7,9,5,NULL,2.021E+11,157 924,119 295,A01,1,1,1,1,1980,9,8,0,-1,0,0,-1,2.021E+11,4,RUE BUFFON,0,NULL,-1,2,1,1,-1,-1,1,NULL,-1,1,-1,5,30
2.021E+11,28,3,2021,10:45:00,1,66,66099,1,1,1,1,D615,"425,483,540,000","27,530,840,000",2.021E+11,118 733,B01,2,1,0,2,1,17,5,NULL,2.021E+11,157 183,118 733,B01,1,1,2,1,1943,5,2,-1,-1,0,0,-1,2.021E+11,3,615,-1,NULL,2,2,0,2,22,460,1,NULL,-1,1,0,1,80
2.021E+11,28,3,2021,10:45:00,1,66,66099,1,1,1,1,D615,"425,483,540,000","27,530,840,000",2.021E+11,118 733,B01,2,1,0,2,1,17,5,NULL,2.021E+11,157 184,118 734,A01,1,1,3,1,1962,5,2,-1,-1,0,0,-1,2.021E+11,3,615,-1,NULL,2,2,0,2,22,460,1,NULL,-1,1,0,1,80
2.021E+11,24,3,2021,17:25:00,1,92,92073,2,1,1,2,PONT DE SURESNES,"488,669,915,941","22,291,007,638",2.021E+11,118 104,A01,3,1,0,2,1,2,5,NULL,2.021E+11,156 403,118 103,B01,5,2,4,1,1986,0,1,8,-1,-1,-1,-1,2.021E+11,3,3,0,NULL,3,6,0,2,1,0,1,NULL,-1,1,2,1,50
2.021E+11,24,3,2021,17:25:00,1,92,92073,2,1,1,2,PONT DE SURESNES,"488,669,915,941","22,291,007,638",2.021E+11,118 104,A01,3,1,0,2,1,2,5,NULL,2.021E+11,156 404,118 103,B01,1,1,1,1,1992,0,1,8,-1,-1,-1,-1,2.021E+11,3,3,0,NULL,3,6,0,2,1,0,1,NULL,-1,1,2,1,50
2.021E+11,24,3,2021,17:25:00,1,92,92073,2,1,1,2,PONT DE SURESNES,"488,669,915,941","22,291,007,638",2.021E+11,118 104,A01,3,1,0,2,1,2,5,NULL,2.021E+11,156 405,118 104,A01,1,1,4,1,2001,0,2,8,-1,-1,-1,-1,2.021E+11,3,3,0,NULL,3,6,0,2,1,0,1,NULL,-1,1,2,1,50
2.021E+11,23,3,2021,15:30:00,1,38,38229,2,1,1,7,chemin des pépinières,"452,033,660,000","57,692,490,000",2.021E+11,117 604,A01,0,1,0,0,0,0,5,NULL,2.021E+11,155 776,117 604,A01,1,1,3,1,1998,0,0,-1,-1,0,0,-1,2.021E+11,4,NULL,-1,NULL,1,1,1,2,-1,50,2,NULL,-1,1,0,1,30
2.021E+11,16,3,2021,14:42:00,1,35,35238,2,1,1,6,MITTERAND (MAIL FRANCOIS),"481,083,995,175","-16,961,391,270",2.021E+11,116 318,A01,2,1,12,0,0,0,5,NULL,2.021E+11,154 115,116 318,A01,1,1,4,2,1953,0,8,-1,-1,-1,-1,-1,2.021E+11,4,MITTERAND (MAIL FRANCOIS),0,NULL,2,3,1,1,-1,-1,1,NULL,-1,1,0,5,50
2.021E+11,3,3,2021,17:30:00,1,75,75110,2,2,1,6,BOULEVARD DE STRASBOURG,"488,722,610,000","23,559,190,000",2.021E+11,113 432,Z01,2,1,0,1,0,1,5,NULL,2.021E+11,150 392,113 432,Z01,10,3,4,1,1946,3,8,8,-1,4,3,1,2.021E+11,4,BOULEVARD DE STRASBOURG,0,NULL,1,3,1,1,-1,-1,1,NULL,-1,1,-1,5,30
2.021E+11,3,3,2021,17:30:00,1,75,75110,2,2,1,6,BOULEVARD DE STRASBOURG,"488,722,610,000","23,559,190,000",2.021E+11,113 432,Z01,2,1,0,1,0,1,5,NULL,2.021E+11,150 393,113 432,Z01,1,1,1,-1,NULL,-1,-1,-1,-1,-1,-1,-1,2.021E+11,4,BOULEVARD DE STRASBOURG,0,NULL,1,3,1,1,-1,-1,1,NULL,-1,1,-1,5,30
2.021E+11,26,2,2021,18:10:00,1,60,60513,2,1,1,1,Rue de Blaincourt,"492,099,427,328","23,709,797,501",2.021E+11,112 170,B01,3,1,0,2,2,19,5,NULL,2.021E+11,148 781,112 170,B01,1,1,4,1,2009,5,2,-1,-1,0,0,-1,2.021E+11,3,44,0,D,2,2,0,1,-1,-1,1,NULL,-1,1,0,1,50
2.021E+11,26,2,2021,18:10:00,1,60,60513,2,1,1,1,Rue de Blaincourt,"492,099,427,328","23,709,797,501",2.021E+11,112 170,B01,3,1,0,2,2,19,5,NULL,2.021E+11,148 782,112 171,A01,1,1,1,2,1998,1,1,-1,-1,0,0,-1,2.021E+11,3,44,0,D,2,2,0,1,-1,-1,1,NULL,-1,1,0,1,50
2.021E+11,21,2,2021,16:40:00,1,71,71076,2,2,1,1,NIEPCE (AVENUE NICEPHORE),"467,790,462,131","48,499,806,043",2.021E+11,111 291,B01,2,1,0,2,1,1,5,NULL,2.021E+11,147 653,111 291,B01,1,1,3,1,1954,5,2,0,-1,-1,-1,-1,2.021E+11,4,NIEPCE (AVENUE NICEPHORE),0,NULL,2,2,0,1,-1,-1,1,NULL,-1,1,5,1,50
2.021E+11,21,2,2021,16:40:00,1,71,71076,2,2,1,1,NIEPCE (AVENUE NICEPHORE),"467,790,462,131","48,499,806,043",2.021E+11,111 291,B01,2,1,0,2,1,1,5,NULL,2.021E+11,147 654,111 292,A01,1,1,1,1,1970,5,1,0,-1,-1,-1,-1,2.021E+11,4,NIEPCE (AVENUE NICEPHORE),0,NULL,2,2,0,1,-1,-1,1,NULL,-1,1,5,1,50
2.021E+11,19,2,2021,10:00:00,1,31,31232,2,6,1,3,Avenue de Guiraudis - D29,"437,703,270,000","12,864,950,000",2.021E+11,110 859,B01,1,1,0,2,7,1,5,NULL,2.021E+11,147 089,110 858,A01,1,1,1,1,1994,5,8,-1,-1,0,0,-1,2.021E+11,3,D29,-1,NULL,2,2,0,1,23,100,1,NULL,-1,1,0,1,50
2.021E+11,19,2,2021,10:00:00,1,31,31232,2,6,1,3,Avenue de Guiraudis - D29,"437,703,270,000","12,864,950,000",2.021E+11,110 859,B01,1,1,0,2,7,1,5,NULL,2.021E+11,147 090,110 859,B01,1,1,3,1,1962,5,2,6,-1,0,0,-1,2.021E+11,3,D29,-1,NULL,2,2,0,1,23,100,1,NULL,-1,1,0,1,50
2.021E+11,19,1,2021,13:30:00,1,37,37261,2,1,1,1,PINGUET GUINDON (RUE),"474,140,815,867","0,6842483018",2.021E+11,104 447,B01,1,1,0,2,1,1,5,NULL,2.021E+11,138 620,104 446,A01,1,1,1,2,1965,5,1,8,-1,-1,-1,-1,2.021E+11,4,PINGUET GUINDON (RUE),0,NULL,1,1,2,1,-1,-1,1,NULL,-1,1,0,1,50
2.021E+11,19,1,2021,13:30:00,1,37,37261,2,1,1,1,PINGUET GUINDON (RUE),"474,140,815,867","0,6842483018",2.021E+11,104 447,B01,1,1,0,2,1,1,5,NULL,2.021E+11,138 621,104 447,B01,1,1,4,1,1988,5,2,0,-1,-1,-1,-1,2.021E+11,4,PINGUET GUINDON (RUE),0,NULL,1,1,2,1,-1,-1,1,NULL,-1,1,0,1,50
2.021E+11,8,1,2021,08:30:00,1,38,38151,2,2,1,3,Avenue de Grugliasco,"451,492,600,000","57,204,700,000",2.021E+11,102 135,B01,3,1,0,2,1,19,5,NULL,2.021E+11,135 518,102 134,A01,1,1,1,2,1977,0,1,0,-1,-1,-1,-1,2.021E+11,4,AVENUE DE GRUGLIASCO,0,NULL,2,2,0,1,-1,-1,1,NULL,-1,1,0,1,50
2.021E+11,8,1,2021,08:30:00,1,38,38151,2,2,1,3,Avenue de Grugliasco,"451,492,600,000","57,204,700,000",2.021E+11,102 135,B01,3,1,0,2,1,19,5,NULL,2.021E+11,135 519,102 135,B01,1,1,4,2,1991,0,8,0,-1,-1,-1,-1,2.021E+11,4,AVENUE DE GRUGLIASCO,0,NULL,2,2,0,1,-1,-1,1,NULL,-1,1,0,1,50
2.021E+11,23,10,2021,05:50:00,5,75,75104,2,3,1,7,BOULEVARD HENRI IV,"488,510,400,000","23,622,460,000",2.021E+11,181 297,A01,1,1,0,0,1,1,5,NULL,2.021E+11,240 101,181 297,A01,1,1,4,1,1982,9,2,0,-1,0,0,-1,2.021E+11,4,BOULEVARD HENRI IV,0,NULL,2,3,1,1,-1,-1,1,NULL,-1,1,0,5,30