Num_Acc,jour,mois,an,hrmn,lum,dep,com,agg,int,atm,col,adr,lat,long,Num_Acc,id_vehicule,num_veh,senc,catv,obs,obsm,choc,manv,motor,occutc,Num_Acc,id_usager,id_vehicule,num_veh,place,catu,grav,sexe,an_nais,trajet,secu1,secu2,secu3,locp,actp,etatp,Num_Acc,catr,voie,v1,v2,circ,nbv,vosp,prof,pr,pr1,plan,lartpc,larrout,surf,infra,situ,vma
2.021E+11,22,10,2021,14:45:00,1,75,75119,2,5,1,3,AVENUE SECRETAN,"488,801,410,000","23,756,820,000",2.021E+11,180 925,B01,1,1,0,2,1,18,5,NULL,2.021E+11,239 600,180 925,B01,1,1,4,2,1993,1,2,0,-1,0,0,-1,2.021E+11,4,AVENUE SECRETAN,0,NULL,1,1,0,2,-1,-1,1,NULL,-1,1,0,1,30
2.021E+11,22,10,2021,14:45:00,1,75,75119,2,5,1,3,AVENUE SECRETAN,"488,801,410,000","23,756,820,000",2.021E+11,180 925,B01,1,1,0,2,1,18,5,NULL,2.021E+11,239 601,180 926,A01,1,1,1,1,1986,4,1,0,-1,0,0,-1,2.021E+11,4,AVENUE SECRETAN,0,NULL,1,1,0,2,-1,-1,1,NULL,-1,1,0,1,30
2.021E+11,20,10,2021,14:20:00,1,75,75101,2,1,1,3,RUE SAINT HONORE,"488,641,890,000","23,334,810,000",2.021E+11,180 167,B01,2,1,0,2,1,1,5,NULL,2.021E+11,238 631,180 166,A01,1,1,1,1,1984,1,1,0,-1,0,0,-1,2.021E+11,4,RUE SAINT HONORE,0,NULL,1,1,0,1,-1,-1,1,NULL,-1,1,0,1,30
2.021E+11,20,10,2021,14:20:00,1,75,75101,2,1,1,3,RUE SAINT HONORE,"488,641,890,000","23,334,810,000",2.021E+11,180 167,B01,2,1,0,2,1,1,5,NULL,2.021E+11,238 632,180 167,B01,1,1,4,1,1979,1,8,0,-1,0,0,-1,2.021E+11,4,RUE SAINT HONORE,0,NULL,1,1,0,1,-1,-1,1,NULL,-1,1,0,1,30
2.021E+11,21,9,2021,17:35:00,1,75,75119,2,2,1,3,RUE DE LA VILLETTE,"488,763,140,000","23,876,200,000",2.021E+11,170 035,B01,2,1,0,2,1,1,5,NULL,2.021E+11,225 457,170 034,A01,1,1,1,1,2004,9,2,0,-1,0,0,-1,2.021E+11,4,RUE DE LA VILLETTE,0,NULL,2,2,1,1,-1,-1,1,NULL,-1,1,0,5,30
2.021E+11,21,9,2021,17:35:00,1,75,75119,2,2,1,3,RUE DE LA VILLETTE,"488,763,140,000","23,876,200,000",2.021E+11,170 035,B01,2,1,0,2,1,1,5,NULL,2.021E+11,225 458,170 035,B01,1,1,4,1,1992,9,2,0,-1,0,0,-1,2.021E+11,4,RUE DE LA VILLETTE,0,NULL,2,2,1,1,-1,-1,1,NULL,-1,1,0,5,30
2.021E+11,16,9,2021,11:30:00,1,2B,2B283,1,2,1,1,RT10,"419,057,110,000","93,892,870,000",2.021E+11,168 309,B01,1,1,0,2,8,13,5,NULL,2.021E+11,223 180,168 309,B01,1,1,3,1,1950,5,0,-1,-1,0,0,-1,2.021E+11,2,10,0,NULL,2,2,0,1,18,500,1,NULL,7,1,0,1,70
2.021E+11,16,9,2021,11:30:00,1,2B,2B283,1,2,1,1,RT10,"419,057,110,000","93,892,870,000",2.021E+11,168 309,B01,1,1,0,2,8,13,5,NULL,2.021E+11,223 181,168 310,A01,1,1,1,1,1961,5,1,-1,-1,0,0,-1,2.021E+11,2,10,0,NULL,2,2,0,1,18,500,1,NULL,7,1,0,1,70
2.021E+11,8,9,2021,12:00:00,1,77,77186,2,3,1,3,GEORGES CLEMENCEAU (PLACE),"484,106,882,968","27,013,741,381",2.021E+11,166 147,B01,1,1,0,2,1,13,6,NULL,2.021E+11,220 392,166 147,B01,1,1,4,2,1987,2,2,4,-1,-1,-1,-1,2.021E+11,4,GEORGES CLEMENCEAU (PLACE),0,NULL,2,0,0,1,0,0,3,NULL,-1,1,0,1,50
2.021E+11,8,9,2021,12:00:00,1,77,77186,2,3,1,3,GEORGES CLEMENCEAU (PLACE),"484,106,882,968","27,013,741,381",2.021E+11,166 147,B01,1,1,0,2,1,13,6,NULL,2.021E+11,220 393,166 148,A01,1,1,1,1,1957,1,1,8,-1,-1,-1,-1,2.021E+11,4,GEORGES CLEMENCEAU (PLACE),0,NULL,2,0,0,1,0,0,3,NULL,-1,1,0,1,50
2.021E+11,7,9,2021,21:18:00,3,77,77462,1,1,1,2,D83,"490,063,300,000","26,634,600,000",2.021E+11,165 446,B01,3,1,0,2,4,0,0,NULL,2.021E+11,219 486,165 446,B01,1,1,2,1,1953,1,8,0,-1,-1,-1,-1,2.021E+11,3,TROIS VILLES (RUE DES),0,NULL,2,2,0,1,0,399,1,NULL,-1,1,0,1,80
2.021E+11,7,9,2021,21:18:00,3,77,77462,1,1,1,2,D83,"490,063,300,000","26,634,600,000",2.021E+11,165 446,B01,3,1,0,2,4,0,0,NULL,2.021E+11,219 487,165 447,A01,1,1,1,1,1994,1,1,0,-1,-1,-1,-1,2.021E+11,3,TROIS VILLES (RUE DES),0,NULL,2,2,0,1,0,399,1,NULL,-1,1,0,1,80
2.021E+11,7,9,2021,15:00:00,1,75,75112,2,1,1,6,BOULEVARD PONIATOWSKI,"488,300,750,000","23,925,330,000",2.021E+11,165 296,A01,2,1,0,1,1,25,5,NULL,2.021E+11,219 292,165 296,A01,1,1,1,1,1961,5,8,0,-1,0,0,-1,2.021E+11,4,BOULEVARD PONIATOWSKI,0,NULL,2,4,0,1,-1,-1,1,NULL,-1,1,0,4,50
2.021E+11,7,9,2021,15:00:00,1,75,75112,2,1,1,6,BOULEVARD PONIATOWSKI,"488,300,750,000","23,925,330,000",2.021E+11,165 296,A01,2,1,0,1,1,25,5,NULL,2.021E+11,219 293,165 296,A01,10,3,4,2,1972,9,0,-1,-1,5,2,1,2.021E+11,4,BOULEVARD PONIATOWSKI,0,NULL,2,4,0,1,-1,-1,1,NULL,-1,1,0,4,50
2.021E+11,27,8,2021,19:20:00,3,973,97305,1,1,1,5,CD5,"49,823,070,000","-524,691,050,000",2.021E+11,161 662,B01,2,1,0,0,4,2,5,NULL,2.021E+11,214 433,161 660,C01,1,1,4,1,1967,1,0,-1,-1,0,0,-1,2.021E+11,3,CD5,-1,NULL,2,2,0,1,35,500,1,NULL,-1,1,0,1,80
2.021E+11,27,8,2021,19:20:00,3,973,97305,1,1,1,5,CD5,"49,823,070,000","-524,691,050,000",2.021E+11,161 660,C01,2,1,0,0,4,2,5,NULL,2.021E+11,214 433,161 660,C01,1,1,4,1,1967,1,0,-1,-1,0,0,-1,2.021E+11,3,CD5,-1,NULL,2,2,0,1,35,500,1,NULL,-1,1,0,1,80
2.021E+11,27,8,2021,19:20:00,3,973,97305,1,1,1,5,CD5,"49,823,070,000","-524,691,050,000",2.021E+11,161 662,B01,2,1,0,0,4,2,5,NULL,2.021E+11,214 434,161 661,A01,1,1,1,1,1989,1,1,-1,-1,0,0,-1,2.021E+11,3,CD5,-1,NULL,2,2,0,1,35,500,1,NULL,-1,1,0,1,80
2.021E+11,27,8,2021,19:20:00,3,973,97305,1,1,1,5,CD5,"49,823,070,000","-524,691,050,000",2.021E+11,161 660,C01,2,1,0,0,4,2,5,NULL,2.021E+11,214 434,161 661,A01,1,1,1,1,1989,1,1,-1,-1,0,0,-1,2.021E+11,3,CD5,-1,NULL,2,2,0,1,35,500,1,NULL,-1,1,0,1,80
2.021E+11,27,8,2021,19:20:00,3,973,97305,1,1,1,5,CD5,"49,823,070,000","-524,691,050,000",2.021E+11,161 662,B01,2,1,0,0,4,2,5,NULL,2.021E+11,214 435,161 662,B01,1,1,3,1,1975,1,0,-1,-1,0,0,-1,2.021E+11,3,CD5,-1,NULL,2,2,0,1,35,500,1,NULL,-1,1,0,1,80
2.021E+11,27,8,2021,19:20:00,3,973,97305,1,1,1,5,CD5,"49,823,070,000","-524,691,050,000",2.021E+11,161 660,C01,2,1,0,0,4,2,5,NULL,2.021E+11,214 435,161 662,B01,1,1,3,1,1975,1,0,-1,-1,0,0,-1,2.021E+11,3,CD5,-1,NULL,2,2,0,1,35,500,1,NULL,-1,1,0,1,80
2.021E+11,12,8,2021,12:57:00,1,64,64065,2,9,1,2,Route Departementale 918,"433,598,610,000","-16,343,340,000",2.021E+11,159 097,B01,1,1,0,0,0,17,5,NULL,2.021E+11,210 954,159 096,A01,1,1,1,1,1969,4,1,-1,-1,0,0,-1,2.021E+11,3,918,-1,NULL,2,2,0,1,4,500,1,NULL,-1,1,0,1,50
2.021E+11,12,8,2021,12:57:00,1,64,64065,2,9,1,2,Route Departementale 918,"433,598,610,000","-16,343,340,000",2.021E+11,159 097,B01,1,1,0,0,0,17,5,NULL,2.021E+11,210 955,159 097,B01,1,1,3,2,1946,5,0,-1,-1,0,0,-1,2.021E+11,3,918,-1,NULL,2,2,0,1,4,500,1,NULL,-1,1,0,1,50
2.021E+11,14,8,2021,17:50:00,1,62,62439,1,9,1,3,888 Route du Ventu,"507,990,050,000","18,722,520,000",2.021E+11,158 671,B01,1,1,0,2,1,0,5,NULL,2.021E+11,210 362,158 670,A01,1,1,1,1,1987,5,1,-1,-1,0,0,-1,2.021E+11,3,191,-1,NULL,2,2,0,2,36,878,1,NULL,-1,1,0,1,80
2.021E+11,14,8,2021,17:50:00,1,62,62439,1,9,1,3,888 Route du Ventu,"507,990,050,000","18,722,520,000",2.021E+11,158 671,B01,1,1,0,2,1,0,5,NULL,2.021E+11,210 363,158 671,B01,1,1,3,1,1984,5,0,-1,-1,0,0,-1,2.021E+11,3,191,-1,NULL,2,2,0,2,36,878,1,NULL,-1,1,0,1,80
2.021E+11,29,7,2021,16:00:00,1,40,40192,2,1,1,1,NAHUQUES (ALLEES DE),"438,908,200,000"," -0,4735600000",2.021E+11,157 414,A01,3,1,0,1,1,5,5,NULL,2.021E+11,208 614,157 414,A01,1,1,1,1,2002,5,8,0,-1,-1,-1,-1,2.021E+11,4,NAHUQUES (ALLEES DE),0,NULL,1,1,0,2,0,0,1,NULL,-1,1,0,1,50
2.021E+11,29,7,2021,16:00:00,1,40,40192,2,1,1,1,NAHUQUES (ALLEES DE),"438,908,200,000"," -0,4735600000",2.021E+11,157 414,A01,3,1,0,1,1,5,5,NULL,2.021E+11,208 615,157 414,A01,10,3,4,1,2016,5,0,-1,-1,1,3,1,2.021E+11,4,NAHUQUES (ALLEES DE),0,NULL,1,1,0,2,0,0,1,NULL,-1,1,0,1,50
2.021E+11,1,8,2021,16:45:00,1,75,75101,2,3,1,3,RUE DE RIVOLI,"488,627,320,000","23,352,450,000",2.021E+11,155 435,B01,2,1,0,2,1,1,5,NULL,2.021E+11,205 847,155 434,A01,1,1,1,1,1959,1,1,0,-1,0,0,-1,2.021E+11,4,RUE DE RIVOLI,0,NULL,2,3,1,1,-1,-1,1,NULL,-1,1,0,1,30
2.021E+11,1,8,2021,16:45:00,1,75,75101,2,3,1,3,RUE DE RIVOLI,"488,627,320,000","23,352,450,000",2.021E+11,155 435,B01,2,1,0,2,1,1,5,NULL,2.021E+11,205 848,155 435,B01,1,1,4,2,1991,1,8,0,-1,0,0,-1,2.021E+11,4,RUE DE RIVOLI,0,NULL,2,3,1,1,-1,-1,1,NULL,-1,1,0,1,30
2.021E+11,20,7,2021,09:45:00,1,93,93066,2,1,1,3,Rue Clovis Hugues,"489,428,650,000","23,749,020,000",2.021E+11,151 690,B01,1,1,0,2,3,1,5,NULL,2.021E+11,200 694,151 689,A01,1,1,1,1,1959,1,1,0,-1,-1,-1,-1,2.021E+11,4,HUGUES CLOVIS,0,NULL,2,2,0,1,0,0,1,NULL,-1,1,0,1,50
2.021E+11,20,7,2021,09:45:00,1,93,93066,2,1,1,3,Rue Clovis Hugues,"489,428,650,000","23,749,020,000",2.021E+11,151 690,B01,1,1,0,2,3,1,5,NULL,2.021E+11,200 695,151 690,B01,1,1,3,1,1967,3,8,0,-1,-1,-1,-1,2.021E+11,4,HUGUES CLOVIS,0,NULL,2,2,0,1,0,0,1,NULL,-1,1,0,1,50
2.021E+11,15,7,2021,08:30:00,1,64,64445,2,1,1,3,CARNOT,"433,008,500,000"," -0,3694500000",2.021E+11,150 211,A01,1,1,0,2,1,18,5,NULL,2.021E+11,198 607,150 211,A01,1,1,4,1,1975,1,8,0,-1,-1,-1,-1,2.021E+11,4,CARNOT,0,NULL,1,2,1,1,0,0,1,NULL,-1,1,0,1,30
2.021E+11,15,7,2021,08:30:00,1,64,64445,2,1,1,3,CARNOT,"433,008,500,000"," -0,3694500000",2.021E+11,150 211,A01,1,1,0,2,1,18,5,NULL,2.021E+11,198 608,150 212,B01,1,1,1,1,1956,9,1,0,-1,-1,-1,-1,2.021E+11,4,CARNOT,0,NULL,1,2,1,1,0,0,1,NULL,-1,1,0,1,30
2.021E+11,8,7,2021,18:55:00,1,75,75113,2,1,1,3,AVENUE DE LA PORTE DE VITRY,"488,217,770,000","23,786,840,000",2.021E+11,148 138,B01,2,1,0,2,2,1,5,NULL,2.021E+11,195 724,148 138,B01,1,1,4,1,1974,1,8,0,-1,0,0,-1,2.021E+11,4,AVENUE DE LA PORTE DE VITRY,0,NULL,2,4,0,1,-1,-1,1,NULL,-1,1,0,1,50
2.021E+11,8,7,2021,18:55:00,1,75,75113,2,1,1,3,AVENUE DE LA PORTE DE VITRY,"488,217,770,000","23,786,840,000",2.021E+11,148 138,B01,2,1,0,2,2,1,5,NULL,2.021E+11,195 725,148 139,A01,1,1,1,1,1990,1,1,0,-1,0,0,-1,2.021E+11,4,AVENUE DE LA PORTE DE VITRY,0,NULL,2,4,0,1,-1,-1,1,NULL,-1,1,0,1,50
2.021E+11,6,7,2021,20:00:00,1,75,75119,2,3,1,2,RUE DE CRIMEE,"488,885,520,000","23,792,260,000",2.021E+11,147 416,A01,2,1,0,2,4,15,5,NULL,2.021E+11,194 775,147 416,A01,1,1,4,2,1987,9,8,0,-1,0,0,-1,2.021E+11,4,RUE DE CRIMEE,0,NULL,1,1,1,1,-1,-1,1,NULL,-1,1,2,5,50
2.021E+11,6,7,2021,20:00:00,1,75,75119,2,3,1,2,RUE DE CRIMEE,"488,885,520,000","23,792,260,000",2.021E+11,147 416,A01,2,1,0,2,4,15,5,NULL,2.021E+11,194 776,147 417,Z01,1,1,1,-1,NULL,-1,-1,-1,-1,-1,-1,-1,2.021E+11,4,RUE DE CRIMEE,0,NULL,1,1,1,1,-1,-1,1,NULL,-1,1,2,5,50
2.021E+11,4,7,2021,00:30:00,3,30,30223,1,1,1,3,Popnt d'avène,"442,105,590,000","41,456,410,000",2.021E+11,145 879,A01,2,1,0,2,4,0,5,NULL,2.021E+11,192 687,145 879,A01,1,1,3,1,1993,5,8,-1,-1,0,0,-1,2.021E+11,3,904,-1,NULL,2,3,0,2,15,500,1,NULL,-1,1,0,1,90
2.021E+11,4,7,2021,00:30:00,3,30,30223,1,1,1,3,Popnt d'avène,"442,105,590,000","41,456,410,000",2.021E+11,145 879,A01,2,1,0,2,4,0,5,NULL,2.021E+11,192 688,145 880,B01,1,1,1,2,1973,5,1,-1,-1,0,0,-1,2.021E+11,3,904,-1,NULL,2,3,0,2,15,500,1,NULL,-1,1,0,1,90
2.021E+11,15,6,2021,09:30:00,1,1,1143,2,1,1,3,390 Rue d Arbère,"463,477,740,000","61,281,260,000",2.021E+11,140 732,B01,3,1,0,2,1,1,5,NULL,2.021E+11,185 896,140 731,A01,1,1,1,2,1949,0,1,-1,-1,0,0,-1,2.021E+11,4,NULL,0,NULL,2,2,0,1,-1,-1,1,NULL,"5,5",1,8,1,30
2.021E+11,15,6,2021,09:30:00,1,1,1143,2,1,1,3,390 Rue d Arbère,"463,477,740,000","61,281,260,000",2.021E+11,140 732,B01,3,1,0,2,1,1,5,NULL,2.021E+11,185 897,140 732,B01,1,1,3,1,1950,5,2,-1,-1,0,0,-1,2.021E+11,4,NULL,0,NULL,2,2,0,1,-1,-1,1,NULL,"5,5",1,8,1,30
2.021E+11,1,6,2021,17:15:00,1,33,33063,2,3,1,3,Cours de l’Yser,"448,232,500,000"," -0,5707200000",2.021E+11,135 544,A01,0,1,0,2,1,15,5,NULL,2.021E+11,179 144,135 544,A01,1,1,4,2,2005,0,8,-1,-1,-1,-1,-1,2.021E+11,4,CRS DE L'YSER,0,NULL,2,2,1,1,-1,-1,1,NULL,-1,1,0,1,50
2.021E+11,1,6,2021,17:15:00,1,33,33063,2,3,1,3,Cours de l’Yser,"448,232,500,000"," -0,5707200000",2.021E+11,135 544,A01,0,1,0,2,1,15,5,NULL,2.021E+11,179 145,135 545,Z01,1,1,1,-1,NULL,-1,-1,-1,-1,-1,-1,-1,2.021E+11,4,CRS DE L'YSER,0,NULL,2,2,1,1,-1,-1,1,NULL,-1,1,0,1,50
2.021E+11,24,5,2021,07:40:00,2,28,28280,2,1,2,1,Place du 11 Aout,"483,222,490,000","0,8170120000",2.021E+11,132 910,B01,3,1,0,2,1,9,5,NULL,2.021E+11,175 726,132 909,A01,1,1,1,-1,NULL,-1,-1,-1,-1,-1,-1,-1,2.021E+11,6,NULL,-1,NULL,-1,2,0,1,0,0,3,NULL,0,2,0,1,50
2.021E+11,24,5,2021,07:40:00,2,28,28280,2,1,2,1,Place du 11 Aout,"483,222,490,000","0,8170120000",2.021E+11,132 910,B01,3,1,0,2,1,9,5,NULL,2.021E+11,175 727,132 910,B01,1,1,4,1,2002,1,0,-1,-1,0,0,-1,2.021E+11,6,NULL,-1,NULL,-1,2,0,1,0,0,3,NULL,0,2,0,1,50
2.021E+11,20,5,2021,08:00:00,1,91,91461,2,1,1,6,Rue de la Maison Rouge,"485,955,040,000","22,274,350,000",2.021E+11,131 219,B01,1,1,0,2,1,0,5,NULL,2.021E+11,173 486,131 219,B01,1,1,4,1,2008,2,0,-1,-1,0,0,-1,2.021E+11,3,NULL,-1,NULL,2,1,1,1,1,2,3,NULL,4,1,0,5,30
2.021E+11,20,5,2021,08:00:00,1,91,91461,2,1,1,6,Rue de la Maison Rouge,"485,955,040,000","22,274,350,000",2.021E+11,131 219,B01,1,1,0,2,1,0,5,NULL,2.021E+11,173 487,131 220,A01,1,1,1,1,1969,1,1,-1,-1,0,0,-1,2.021E+11,3,NULL,-1,NULL,2,1,1,1,1,2,3,NULL,4,1,0,5,30
2.021E+11,17,5,2021,17:15:00,1,75,75111,2,2,1,6,RUE DE LA ROQUETTE,"488,543,430,000","23,714,640,000",2.021E+11,130 787,A01,1,1,0,1,1,1,5,NULL,2.021E+11,172 925,130 787,A01,10,3,4,2,1999,5,0,-1,-1,0,0,-1,2.021E+11,4,RUE DE LA ROQUETTE,0,NULL,1,1,0,1,-1,-1,1,NULL,-1,2,0,1,30
2.021E+11,17,5,2021,17:15:00,1,75,75111,2,2,1,6,RUE DE LA ROQUETTE,"488,543,430,000","23,714,640,000",2.021E+11,130 787,A01,1,1,0,1,1,1,5,NULL,2.021E+11,172 926,130 787,A01,1,1,1,1,2003,5,8,0,-1,0,0,-1,2.021E+11,4,RUE DE LA ROQUETTE,0,NULL,1,1,0,1,-1,-1,1,NULL,-1,2,0,1,30
2.021E+11,9,5,2021,15:30:00,1,95,95019,2,1,1,3,JAURES JEAN (RUE),"489,949,300,000","24,193,800,000",2.021E+11,129 046,A01,3,1,0,2,1,25,5,NULL,2.021E+11,170 587,129 046,A01,1,1,4,2,2005,5,0,-1,-1,-1,0,-1,2.021E+11,4,JAURES JEAN (RUE),0,NULL,2,0,0,1,-1,-1,1,NULL,-1,1,0,4,50
2.021E+11,9,5,2021,15:30:00,1,95,95019,2,1,1,3,JAURES JEAN (RUE),"489,949,300,000","24,193,800,000",2.021E+11,129 046,A01,3,1,0,2,1,25,5,NULL,2.021E+11,170 588,129 047,B01,1,1,1,2,1985,5,1,0,-1,-1,0,-1,2.021E+11,4,JAURES JEAN (RUE),0,NULL,2,0,0,1,-1,-1,1,NULL,-1,1,0,4,50
2.021E+11,9,5,2021,15:30:00,1,95,95019,2,1,1,3,JAURES JEAN (RUE),"489,949,300,000","24,193,800,000",2.021E+11,129 046,A01,3,1,0,2,1,25,5,NULL,2.021E+11,170 589,129 047,B01,3,2,1,1,2019,5,3,-1,-1,-1,0,-1,2.021E+11,4,JAURES JEAN (RUE),0,NULL,2,0,0,1,-1,-1,1,NULL,-1,1,0,4,50
2.021E+11,8,5,2021,15:15:00,1,51,51559,2,1,1,1,Avenue du Général de Gaulle,"491,213,900,000","45,424,820,000",2.021E+11,128 710,B01,0,1,0,2,1,26,5,NULL,2.021E+11,170 124,128 710,B01,1,1,1,1,2004,5,0,-1,-1,0,0,-1,2.021E+11,4,NULL,-1,NULL,-1,2,0,1,-1,-1,1,NULL,7,1,9,3,-1
2.021E+11,8,5,2021,15:15:00,1,51,51559,2,1,1,1,Avenue du Général de Gaulle,"491,213,900,000","45,424,820,000",2.021E+11,128 710,B01,0,1,0,2,1,26,5,NULL,2.021E+11,170 125,128 711,A01,1,1,3,1,2006,5,2,6,-1,0,0,-1,2.021E+11,4,NULL,-1,NULL,-1,2,0,1,-1,-1,1,NULL,7,1,9,3,-1
2.021E+11,27,4,2021,20:00:00,1,93,93066,2,9,1,3,SAINT JUST (ALLEE),"489,085,279,601","23,615,913,099",2.021E+11,125 896,B01,3,1,0,2,8,1,5,NULL,2.021E+11,166 488,125 895,A01,2,2,1,1,1975,9,2,0,-1,-1,-1,-1,2.021E+11,4,SAINT JUST (ALLEE),0,NULL,2,2,0,1,0,1,1,NULL,-1,1,0,1,50
2.021E+11,27,4,2021,20:00:00,1,93,93066,2,9,1,3,SAINT JUST (ALLEE),"489,085,279,601","23,615,913,099",2.021E+11,125 896,B01,3,1,0,2,8,1,5,NULL,2.021E+11,166 489,125 895,A01,1,1,1,1,1993,0,2,8,-1,-1,-1,-1,2.021E+11,4,SAINT JUST (ALLEE),0,NULL,2,2,0,1,0,1,1,NULL,-1,1,0,1,50
2.021E+11,27,4,2021,20:00:00,1,93,93066,2,9,1,3,SAINT JUST (ALLEE),"489,085,279,601","23,615,913,099",2.021E+11,125 896,B01,3,1,0,2,8,1,5,NULL,2.021E+11,166 490,125 896,B01,1,1,4,1,2009,0,1,0,-1,-1,-1,-1,2.021E+11,4,SAINT JUST (ALLEE),0,NULL,2,2,0,1,0,1,1,NULL,-1,1,0,1,50
2.021E+11,18,4,2021,14:53:00,1,32,32458,1,2,1,3,RD 231,"437,350,080,000"," -0,0135920000",2.021E+11,123 603,B01,1,1,0,2,3,1,5,NULL,2.021E+11,163 546,123 603,B01,1,1,3,1,1951,5,2,-1,-1,0,0,-1,2.021E+11,3,231,0,NULL,2,2,0,1,0,850,1,NULL,-1,1,4,1,80
2.021E+11,18,4,2021,14:53:00,1,32,32458,1,2,1,3,RD 231,"437,350,080,000"," -0,0135920000",2.021E+11,123 603,B01,1,1,0,2,3,1,5,NULL,2.021E+11,163 547,123 604,A01,1,1,1,1,1993,4,1,-1,-1,0,0,-1,2.021E+11,3,231,0,NULL,2,2,0,1,0,850,1,NULL,-1,1,4,1,80
2.021E+11,18,4,2021,17:30:00,1,76,76522,1,1,1,1,54 Rue des Chataîgniers,"495,279,500,000","0,4085900000",2.021E+11,123 550,A01,1,1,0,2,6,9,5,NULL,2.021E+11,163 477,123 550,A01,1,1,3,1,2008,5,0,-1,-1,0,0,-1,2.021E+11,3,81,-1,NULL,2,2,0,1,4,331,1,NULL,-1,1,0,1,70
2.021E+11,18,4,2021,17:30:00,1,76,76522,1,1,1,1,54 Rue des Chataîgniers,"495,279,500,000","0,4085900000",2.021E+11,123 550,A01,1,1,0,2,6,9,5,NULL,2.021E+11,163 478,123 551,B01,1,1,1,1,1970,3,1,-1,-1,0,0,-1,2.021E+11,3,81,-1,NULL,2,2,0,1,4,331,1,NULL,-1,1,0,1,70
2.021E+11,10,4,2021,11:35:00,1,54,54547,2,4,1,3,PASTEUR (RUE),"486,552,500,000","61,629,000,000",2.021E+11,122 225,A01,1,1,0,2,1,16,5,NULL,2.021E+11,161 773,122 225,A01,1,1,4,1,1977,0,2,0,-1,0,0,-1,2.021E+11,4,NULL,0,NULL,2,2,0,3,-1,-1,1,NULL,-1,1,0,1,30
2.021E+11,10,4,2021,11:35:00,1,54,54547,2,4,1,3,PASTEUR (RUE),"486,552,500,000","61,629,000,000",2.021E+11,122 225,A01,1,1,0,2,1,16,5,NULL,2.021E+11,161 774,122 226,B01,1,1,1,2,1948,5,1,0,-1,0,0,-1,2.021E+11,4,NULL,0,NULL,2,2,0,3,-1,-1,1,NULL,-1,1,0,1,30
2.021E+11,6,4,2021,09:58:00,1,95,95394,2,1,1,3,rue molière,"490,617,650,695","21,758,744,631",2.021E+11,121 163,B01,3,1,0,2,1,16,5,NULL,2.021E+11,160 367,121 162,A01,1,1,1,2,1958,1,1,-1,-1,0,0,-1,2.021E+11,4,RD,0,A,1,1,0,1,-1,-1,1,NULL,-1,1,0,1,30
2.021E+11,6,4,2021,09:58:00,1,95,95394,2,1,1,3,rue molière,"490,617,650,695","21,758,744,631",2.021E+11,121 163,B01,3,1,0,2,1,16,5,NULL,2.021E+11,160 368,121 163,B01,1,1,4,1,1942,5,2,-1,-1,0,0,-1,2.021E+11,4,RD,0,A,1,1,0,1,-1,-1,1,NULL,-1,1,0,1,30
2.021E+11,30,3,2021,19:50:00,1,75,75102,2,1,1,7,RUE SAINT MARC,"488,706,830,000","23,386,920,000",2.021E+11,119 887,A01,1,1,0,0,0,21,5,NULL,2.021E+11,158 677,119 887,A01,1,1,4,1,1969,9,2,0,-1,0,0,-1,2.021E+11,4,RUE SAINT MARC,0,NULL,2,2,1,1,-1,-1,1,NULL,-1,1,-1,5,50
2.021E+11,1,4,2021,18:05:00,1,55,55132,2,1,1,1,Rue Derriere l'Isle,"486,116,980,000","50,849,110,000",2.021E+11,119 809,B01,3,1,0,2,1,1,5,NULL,2.021E+11,158 573,119 808,A01,1,1,1,1,1991,5,1,-1,-1,0,0,-1,2.021E+11,4,0,0,NULL,2,2,0,1,0,0,3,NULL,-1,1,0,1,50
2.021E+11,1,4,2021,18:05:00,1,55,55132,2,1,1,1,Rue Derriere l'Isle,"486,116,980,000","50,849,110,000",2.021E+11,119 809,B01,3,1,0,2,1,1,5,NULL,2.021E+11,158 574,119 809,B01,1,1,3,1,1975,1,0,-1,-1,0,0,-1,2.021E+11,4,0,0,NULL,2,2,0,1,0,0,3,NULL,-1,1,0,1,50
2.021E+11,28,3,2021,17:46:00,1,94,94046,2,9,1,3,PROFESSEUR CADIOT (AV DU),"488,043,900,000","24,325,200,000",2.021E+11,119 282,A01,3,1,0,2,8,19,5,NULL,2.021E+11,157 910,119 281,B01,1,1,1,1,1985,0,1,0,-1,-1,-1,-1,2.021E+11,3,PROFESSEUR CADIOT (AV DU),0,NULL,2,4,0,1,0,0,1,NULL,-1,1,0,1,50
2.021E+11,28,3,2021,17:46:00,1,94,94046,2,9,1,3,PROFESSEUR CADIOT (AV DU),"488,043,900,000","24,325,200,000",2.021E+11,119 282,A01,3,1,0,2,8,19,5,NULL,2.021E+11,157 911,119 282,A01,1,1,4,1,2006,5,2,0,-1,-1,-1,-1,2.021E+11,3,PROFESSEUR CADIOT (AV DU),0,NULL,2,4,0,1,0,0,1,NULL,-1,1,0,1,50
2.021E+11,23,3,2021,10:45:00,1,69,69386,2,3,1,3,VITTON (CR),"457,700,800,000","48,591,500,000",2.021E+11,118 248,B01,2,1,0,2,1,1,5,NULL,2.021E+11,156 579,118 248,B01,1,1,3,1,1999,3,8,-1,-1,-1,-1,-1,2.021E+11,4,VITTON                              (CO),0,NULL,2,4,2,1,-1,-1,1,NULL,-1,1,0,1,50