Num_Acc,jour,mois,an,hrmn,lum,dep,com,agg,int,atm,col,adr,lat,long,Num_Acc,id_vehicule,num_veh,senc,catv,obs,obsm,choc,manv,motor,occutc,Num_Acc,id_usager,id_vehicule,num_veh,place,catu,grav,sexe,an_nais,trajet,secu1,secu2,secu3,locp,actp,etatp,Num_Acc,catr,voie,v1,v2,circ,nbv,vosp,prof,pr,pr1,plan,lartpc,larrout,surf,infra,situ,vma
2.021E+11,23,3,2021,10:45:00,1,69,69386,2,3,1,3,VITTON (CR),"457,700,800,000","48,591,500,000",2.021E+11,118 248,B01,2,1,0,2,1,1,5,NULL,2.021E+11,156 580,118 249,A01,1,1,1,1,2002,5,1,-1,-1,-1,-1,-1,2.021E+11,4,VITTON                              (CO),0,NULL,2,4,2,1,-1,-1,1,NULL,-1,1,0,1,50
2.021E+11,3,3,2021,09:33:00,1,75,75120,2,2,1,3,RUE BELGRAND,"488,645,590,000","24,073,410,000",2.021E+11,113 684,B01,1,1,0,2,8,1,5,NULL,2.021E+11,150 702,113 683,A01,1,1,1,1,1973,1,1,0,-1,0,0,-1,2.021E+11,4,RUE BELGRAND,0,NULL,2,2,1,4,-1,-1,1,NULL,-1,1,-1,5,50
2.021E+11,3,3,2021,09:33:00,1,75,75120,2,2,1,3,RUE BELGRAND,"488,645,590,000","24,073,410,000",2.021E+11,113 684,B01,1,1,0,2,8,1,5,NULL,2.021E+11,150 703,113 684,B01,1,1,4,1,1973,1,2,6,-1,0,0,-1,2.021E+11,4,RUE BELGRAND,0,NULL,2,2,1,4,-1,-1,1,NULL,-1,1,-1,5,50
2.021E+11,2,2,2021,07:55:00,5,86,86041,2,1,2,3,Avenue de l’Entraide,"465,963,750,000","0,3530680000",2.021E+11,108 058,B01,2,1,0,2,8,19,5,NULL,2.021E+11,143 425,108 058,B01,1,1,4,1,1970,0,8,0,-1,-1,-1,-1,2.021E+11,4,ENTRAIDE (AVENUE DE L'),0,NULL,1,1,0,1,-1,-1,1,NULL,-1,2,0,1,30
2.021E+11,2,2,2021,07:55:00,5,86,86041,2,1,2,3,Avenue de l’Entraide,"465,963,750,000","0,3530680000",2.021E+11,108 058,B01,2,1,0,2,8,19,5,NULL,2.021E+11,143 426,108 059,A01,1,1,1,1,1977,4,1,0,-1,-1,-1,-1,2.021E+11,4,ENTRAIDE (AVENUE DE L'),0,NULL,1,1,0,1,-1,-1,1,NULL,-1,2,0,1,30
2.021E+11,3,2,2021,07:50:00,5,87,87085,2,1,2,6,QUINET (RUE EDGAR),"458,227,000,000","12,400,300,000",2.021E+11,107 842,A01,1,1,0,1,1,18,5,NULL,2.021E+11,143 159,107 842,A01,1,1,4,1,1963,1,8,0,-1,-1,-1,-1,2.021E+11,4,QUINET (RUE EDGAR),0,NULL,2,2,0,1,0,0,1,NULL,-1,2,0,1,50
2.021E+11,3,2,2021,07:50:00,5,87,87085,2,1,2,6,QUINET (RUE EDGAR),"458,227,000,000","12,400,300,000",2.021E+11,107 842,A01,1,1,0,1,1,18,5,NULL,2.021E+11,143 160,107 842,A01,10,3,1,2,2010,2,8,8,-1,8,7,1,2.021E+11,4,QUINET (RUE EDGAR),0,NULL,2,2,0,1,0,0,1,NULL,-1,2,0,1,50
2.021E+11,14,1,2021,17:00:00,5,75,75105,2,3,2,3,QUAI SAINT BERNARD,"488,468,450,000","23,609,710,000",2.021E+11,103 645,A01,2,1,0,2,7,17,5,NULL,2.021E+11,137 534,103 644,B01,1,1,4,1,1963,5,8,8,-1,0,0,-1,2.021E+11,4,QUAI SAINT BERNARD,0,NULL,2,4,1,1,-1,-1,1,NULL,-1,2,-1,5,50
2.021E+11,14,1,2021,17:00:00,5,75,75105,2,3,2,3,QUAI SAINT BERNARD,"488,468,450,000","23,609,710,000",2.021E+11,103 644,B01,2,1,0,2,8,13,5,NULL,2.021E+11,137 534,103 644,B01,1,1,4,1,1963,5,8,8,-1,0,0,-1,2.021E+11,4,QUAI SAINT BERNARD,0,NULL,2,4,1,1,-1,-1,1,NULL,-1,2,-1,5,50
2.021E+11,14,1,2021,17:00:00,5,75,75105,2,3,2,3,QUAI SAINT BERNARD,"488,468,450,000","23,609,710,000",2.021E+11,103 645,A01,2,1,0,2,7,17,5,NULL,2.021E+11,137 535,103 645,A01,1,1,1,1,1964,9,8,8,-1,0,0,-1,2.021E+11,4,QUAI SAINT BERNARD,0,NULL,2,4,1,1,-1,-1,1,NULL,-1,2,-1,5,50
2.021E+11,14,1,2021,17:00:00,5,75,75105,2,3,2,3,QUAI SAINT BERNARD,"488,468,450,000","23,609,710,000",2.021E+11,103 644,B01,2,1,0,2,8,13,5,NULL,2.021E+11,137 535,103 645,A01,1,1,1,1,1964,9,8,8,-1,0,0,-1,2.021E+11,4,QUAI SAINT BERNARD,0,NULL,2,4,1,1,-1,-1,1,NULL,-1,2,-1,5,50
2.021E+11,10,1,2021,02:00:00,5,69,69388,2,3,1,2,PIERRE DELORE (R),"457,340,100,000","48,578,900,000",2.021E+11,102 761,B01,1,1,0,2,0,15,0,NULL,2.021E+11,136 363,102 760,A01,1,1,1,-1,NULL,-1,8,-1,-1,-1,-1,-1,2.021E+11,4,PIERRE DELORE                       (R ),0,NULL,2,4,1,1,-1,-1,1,NULL,-1,1,8,1,30
2.021E+11,10,1,2021,02:00:00,5,69,69388,2,3,1,2,PIERRE DELORE (R),"457,340,100,000","48,578,900,000",2.021E+11,102 761,B01,1,1,0,2,0,15,0,NULL,2.021E+11,136 364,102 761,B01,1,1,3,2,1994,5,8,0,-1,-1,-1,-1,2.021E+11,4,PIERRE DELORE                       (R ),0,NULL,2,4,1,1,-1,-1,1,NULL,-1,1,8,1,30
2.021E+11,14,10,2021,03:05:00,5,75,75112,2,1,1,6,RUE DE CHARENTON,"488,378,160,000","23,905,980,000",2.021E+11,177 955,A01,2,1,1,0,2,13,5,NULL,2.021E+11,235 721,177 955,A01,1,1,4,1,1980,9,8,0,-1,0,0,-1,2.021E+11,4,RUE DE CHARENTON,0,NULL,-1,2,0,1,-1,-1,1,NULL,-1,1,0,1,50
2.021E+11,12,10,2021,18:30:00,1,93,93008,2,9,1,3,SEMARD (RUE PIERRE),"489,086,470,410","24,454,772,472",2.021E+11,177 762,B01,1,1,0,2,8,19,5,NULL,2.021E+11,235 477,177 762,B01,1,1,3,1,2007,5,8,0,-1,-1,-1,-1,2.021E+11,3,SEMARD (RUE PIERRE),0,NULL,1,2,0,1,0,1,1,NULL,-1,1,6,1,50
2.021E+11,12,10,2021,18:30:00,1,93,93008,2,9,1,3,SEMARD (RUE PIERRE),"489,086,470,410","24,454,772,472",2.021E+11,177 762,B01,1,1,0,2,8,19,5,NULL,2.021E+11,235 478,177 763,A01,1,1,1,2,1965,5,1,0,-1,-1,-1,-1,2.021E+11,3,SEMARD (RUE PIERRE),0,NULL,1,2,0,1,0,1,1,NULL,-1,1,6,1,50
2.021E+11,7,10,2021,10:40:00,1,69,69264,2,1,1,3,THIZY DE (R),"459,870,500,000","47,143,900,000",2.021E+11,176 066,B01,1,1,0,2,8,3,0,NULL,2.021E+11,233 294,176 065,A01,1,1,1,1,1950,5,1,-1,-1,-1,-1,-1,2.021E+11,3,THIZY  RUE DE,0,NULL,1,3,0,1,56,500,1,NULL,-1,1,0,1,50
2.021E+11,7,10,2021,10:40:00,1,69,69264,2,1,1,3,THIZY DE (R),"459,870,500,000","47,143,900,000",2.021E+11,176 066,B01,1,1,0,2,8,3,0,NULL,2.021E+11,233 295,176 066,B01,1,1,4,1,1944,5,8,-1,-1,-1,-1,-1,2.021E+11,3,THIZY  RUE DE,0,NULL,1,3,0,1,56,500,1,NULL,-1,1,0,1,50
2.021E+11,7,10,2021,10:15:00,1,75,75104,2,3,1,3,BOULEVARD BEAUMARCHAIS,"488,548,070,000","23,687,430,000",2.021E+11,175 543,B01,1,1,0,2,3,7,5,NULL,2.021E+11,232 633,175 542,A01,1,1,1,1,1951,5,1,0,-1,0,0,-1,2.021E+11,4,BOULEVARD BEAUMARCHAIS,0,NULL,2,4,3,1,-1,-1,1,NULL,-1,1,0,6,30
2.021E+11,7,10,2021,10:15:00,1,75,75104,2,3,1,3,BOULEVARD BEAUMARCHAIS,"488,548,070,000","23,687,430,000",2.021E+11,175 543,B01,1,1,0,2,3,7,5,NULL,2.021E+11,232 634,175 543,B01,1,1,4,2,1960,9,2,0,-1,0,0,-1,2.021E+11,4,BOULEVARD BEAUMARCHAIS,0,NULL,2,4,3,1,-1,-1,1,NULL,-1,1,0,6,30
2.021E+11,4,10,2021,14:35:00,1,49,49099,1,1,1,3,RD 752,"470,751,700,000"," -0,9008800000",2.021E+11,174 819,B01,1,1,0,2,8,1,5,NULL,2.021E+11,231 691,174 819,B01,1,1,4,2,1965,5,8,0,-1,-1,-1,-1,2.021E+11,3,RD 752,0,NULL,3,4,0,1,36,500,1,NULL,-1,1,0,1,90
2.021E+11,4,10,2021,14:35:00,1,49,49099,1,1,1,3,RD 752,"470,751,700,000"," -0,9008800000",2.021E+11,174 819,B01,1,1,0,2,8,1,5,NULL,2.021E+11,231 692,174 820,A01,1,1,1,1,1948,3,1,8,-1,-1,-1,-1,2.021E+11,3,RD 752,0,NULL,3,4,0,1,36,500,1,NULL,-1,1,0,1,90
2.021E+11,2,10,2021,11:30:00,1,11,11262,2,9,1,6,SOURCE (AVENUE DE ST JEAN DE LA),"431,876,500,000","29,804,600,000",2.021E+11,174 730,B01,1,1,0,2,1,1,5,NULL,2.021E+11,231 574,174 730,B01,1,1,4,1,1945,9,2,8,-1,-1,-1,-1,2.021E+11,4,SOURCE (AVENUE DE ST JEAN DE LA),0,NULL,2,2,0,1,0,0,1,NULL,-1,1,0,1,50
2.021E+11,2,10,2021,11:30:00,1,11,11262,2,9,1,6,SOURCE (AVENUE DE ST JEAN DE LA),"431,876,500,000","29,804,600,000",2.021E+11,174 730,B01,1,1,0,2,1,1,5,NULL,2.021E+11,231 575,174 731,A01,1,1,1,1,1929,9,1,8,-1,-1,-1,-1,2.021E+11,4,SOURCE (AVENUE DE ST JEAN DE LA),0,NULL,2,2,0,1,0,0,1,NULL,-1,1,0,1,50
2.021E+11,3,10,2021,12:30:00,1,75,75117,2,1,2,2,BOULEVARD PEREIRE,"488,826,210,000","22,932,420,000",2.021E+11,174 264,A01,2,1,0,2,1,1,5,NULL,2.021E+11,230 983,174 263,Z01,1,1,1,-1,NULL,-1,-1,-1,-1,-1,-1,-1,2.021E+11,4,BOULEVARD PEREIRE,0,NULL,1,1,0,1,-1,-1,1,NULL,-1,2,0,1,30
2.021E+11,3,10,2021,12:30:00,1,75,75117,2,1,2,2,BOULEVARD PEREIRE,"488,826,210,000","22,932,420,000",2.021E+11,174 264,A01,2,1,0,2,1,1,5,NULL,2.021E+11,230 984,174 264,A01,1,1,4,1,1992,4,2,8,-1,0,0,-1,2.021E+11,4,BOULEVARD PEREIRE,0,NULL,1,1,0,1,-1,-1,1,NULL,-1,2,0,1,30
2.021E+11,24,9,2021,13:15:00,1,75,75111,2,2,1,3,RUE DU CHEMIN VERT,"488,615,760,000","23,825,880,000",2.021E+11,171 132,B01,3,1,0,2,1,1,5,NULL,2.021E+11,226 893,171 132,B01,1,1,4,1,1969,9,2,0,-1,0,0,-1,2.021E+11,4,RUE DU CHEMIN VERT,0,NULL,1,1,0,1,-1,-1,1,NULL,-1,1,0,1,30
2.021E+11,24,9,2021,13:15:00,1,75,75111,2,2,1,3,RUE DU CHEMIN VERT,"488,615,760,000","23,825,880,000",2.021E+11,171 132,B01,3,1,0,2,1,1,5,NULL,2.021E+11,226 894,171 133,A01,1,1,1,1,1963,9,1,0,-1,0,0,-1,2.021E+11,4,RUE DU CHEMIN VERT,0,NULL,1,1,0,1,-1,-1,1,NULL,-1,1,0,1,30
2.021E+11,10,9,2021,18:55:00,1,94,94068,2,3,2,3,PIE (QU DE LA),"487,870,600,000","24,774,800,000",2.021E+11,166 368,A01,1,1,0,1,1,1,5,NULL,2.021E+11,220 670,166 368,A01,1,1,4,1,1976,1,8,0,-1,-1,-1,-1,2.021E+11,3,PIE (QU DE LA),0,NULL,2,1,1,1,0,0,1,NULL,-1,2,0,5,30
2.021E+11,10,9,2021,18:55:00,1,94,94068,2,3,2,3,PIE (QU DE LA),"487,870,600,000","24,774,800,000",2.021E+11,166 368,A01,1,1,0,1,1,1,5,NULL,2.021E+11,220 671,166 368,A01,10,3,4,1,1983,5,0,-1,-1,3,3,1,2.021E+11,3,PIE (QU DE LA),0,NULL,2,1,1,1,0,0,1,NULL,-1,2,0,5,30
2.021E+11,27,8,2021,09:35:00,1,94,94041,2,2,1,3,VERDUN (AV DE),"488,134,200,000","23,705,400,000",2.021E+11,161 763,A01,3,1,0,2,1,15,0,NULL,2.021E+11,214 584,161 762,B01,1,1,1,1,1996,1,1,0,-1,-1,-1,-1,2.021E+11,3,VERDUN (AV DE),0,NULL,2,6,0,1,0,0,1,NULL,-1,1,5,1,50
2.021E+11,27,8,2021,09:35:00,1,94,94041,2,2,1,3,VERDUN (AV DE),"488,134,200,000","23,705,400,000",2.021E+11,161 763,A01,3,1,0,2,1,15,0,NULL,2.021E+11,214 585,161 763,A01,1,1,4,1,1992,0,8,0,-1,-1,-1,-1,2.021E+11,3,VERDUN (AV DE),0,NULL,2,6,0,1,0,0,1,NULL,-1,1,5,1,50
2.021E+11,2,8,2021,15:00:00,1,64,64260,2,1,1,2,CORNICHE (ROUTE DE LA),"433,751,000,000","-17,609,300,000",2.021E+11,160 421,A01,1,1,0,2,1,1,5,NULL,2.021E+11,212 791,160 420,B01,1,1,1,1,1962,0,1,0,-1,-1,-1,-1,2.021E+11,3,CORNICHE (ROUTE DE LA),0,NULL,2,2,1,2,10,500,1,NULL,-1,1,9,5,50
2.021E+11,2,8,2021,15:00:00,1,64,64260,2,1,1,2,CORNICHE (ROUTE DE LA),"433,751,000,000","-17,609,300,000",2.021E+11,160 421,A01,1,1,0,2,1,1,5,NULL,2.021E+11,212 792,160 421,A01,1,1,4,1,2006,0,2,0,-1,-1,-1,-1,2.021E+11,3,CORNICHE (ROUTE DE LA),0,NULL,2,2,1,2,10,500,1,NULL,-1,1,9,5,50
2.021E+11,3,8,2021,06:45:00,2,94,94037,2,1,2,3,PAUL VAILLANT COUTURIER (AV),"488,164,090,000","23,399,930,000",2.021E+11,155 612,B01,2,1,1,0,7,1,0,NULL,2.021E+11,206 099,155 612,B01,1,1,4,1,1989,1,2,0,-1,-1,-1,-1,2.021E+11,4,PAUL VAILLANT COUTURIER (AV),0,NULL,2,2,0,1,0,0,1,NULL,-1,2,0,1,50
2.021E+11,3,8,2021,06:45:00,2,94,94037,2,1,2,3,PAUL VAILLANT COUTURIER (AV),"488,164,090,000","23,399,930,000",2.021E+11,155 612,B01,2,1,1,0,7,1,0,NULL,2.021E+11,206 100,155 613,A01,1,1,1,1,1972,9,8,0,-1,-1,-1,-1,2.021E+11,4,PAUL VAILLANT COUTURIER (AV),0,NULL,2,2,0,1,0,0,1,NULL,-1,2,0,1,50
2.021E+11,30,7,2021,21:30:00,3,39,39299,1,1,1,2,NULL,"469,463,400,000","53,556,850,000",2.021E+11,154 552,B01,1,1,0,2,5,1,5,NULL,2.021E+11,204 581,154 551,A01,1,1,1,1,1958,1,1,-1,-1,0,0,-1,2.021E+11,3,13,0,D,2,2,0,1,9,30,1,NULL,-1,1,0,1,80
2.021E+11,30,7,2021,21:30:00,3,39,39299,1,1,1,2,NULL,"469,463,400,000","53,556,850,000",2.021E+11,154 552,B01,1,1,0,2,5,1,5,NULL,2.021E+11,204 582,154 552,B01,1,1,3,2,2004,5,0,-1,-1,0,0,-1,2.021E+11,3,13,0,D,2,2,0,1,9,30,1,NULL,-1,1,0,1,80
2.021E+11,11,7,2021,19:40:00,1,67,67029,1,6,1,3,D340,"488,824,410,000","71,498,680,000",2.021E+11,154 262,B01,2,1,0,2,6,16,5,NULL,2.021E+11,204 199,154 262,B01,1,1,4,1,1967,0,2,-1,-1,0,0,-1,2.021E+11,3,340,0,NULL,2,2,0,1,4,-1,1,NULL,-1,1,0,1,80
2.021E+11,11,7,2021,19:40:00,1,67,67029,1,6,1,3,D340,"488,824,410,000","71,498,680,000",2.021E+11,154 262,B01,2,1,0,2,6,16,5,NULL,2.021E+11,204 200,154 263,A01,1,1,1,1,1987,0,1,-1,-1,0,0,-1,2.021E+11,3,340,0,NULL,2,2,0,1,4,-1,1,NULL,-1,1,0,1,80
2.021E+11,27,7,2021,13:30:00,1,7,7198,1,1,1,7,D265A,"447,995,050,000","47,239,710,000",2.021E+11,153 448,A01,0,1,16,0,1,1,5,NULL,2.021E+11,203 103,153 448,A01,1,1,3,1,1969,5,0,-1,-1,0,0,-1,2.021E+11,3,265,0,A,2,2,0,2,3,900,4,NULL,-1,1,0,1,70
2.021E+11,18,7,2021,09:40:00,1,35,35227,1,6,1,2,giratoire D68,"481,759,740,000","-19,259,330,000",2.021E+11,150 709,B01,1,1,0,2,4,1,5,NULL,2.021E+11,199 305,150 709,B01,1,1,3,1,1985,5,2,-1,-1,0,0,-1,2.021E+11,3,68,-1,NULL,1,1,0,3,16,743,1,NULL,-1,1,5,1,80
2.021E+11,18,7,2021,09:40:00,1,35,35227,1,6,1,2,giratoire D68,"481,759,740,000","-19,259,330,000",2.021E+11,150 709,B01,1,1,0,2,4,1,5,NULL,2.021E+11,199 306,150 710,A01,1,1,1,1,1991,5,1,-1,-1,0,0,-1,2.021E+11,3,68,-1,NULL,1,1,0,3,16,743,1,NULL,-1,1,5,1,80
2.021E+11,18,7,2021,12:10:00,1,84,84017,1,1,1,1,le jas de perrache,"441,201,950,000","52,333,660,000",2.021E+11,150 706,A01,2,1,0,2,1,13,5,NULL,2.021E+11,199 297,150 706,A01,1,1,3,1,1997,5,2,-1,-1,0,0,-1,2.021E+11,3,974,-1,NULL,2,2,0,2,25,300,2,NULL,-1,1,0,1,80
2.021E+11,18,7,2021,12:10:00,1,84,84017,1,1,1,1,le jas de perrache,"441,201,950,000","52,333,660,000",2.021E+11,150 706,A01,2,1,0,2,1,13,5,NULL,2.021E+11,199 298,150 707,B01,1,1,1,1,1977,4,1,-1,-1,0,0,-1,2.021E+11,3,974,-1,NULL,2,2,0,2,25,300,2,NULL,-1,1,0,1,80
2.021E+11,18,7,2021,12:10:00,1,84,84017,1,1,1,1,le jas de perrache,"441,201,950,000","52,333,660,000",2.021E+11,150 706,A01,2,1,0,2,1,13,5,NULL,2.021E+11,199 299,150 707,B01,2,2,1,2,1985,4,1,-1,-1,0,0,-1,2.021E+11,3,974,-1,NULL,2,2,0,2,25,300,2,NULL,-1,1,0,1,80
2.021E+11,2,7,2021,16:00:00,1,75,75111,2,5,1,6,RUE DU FAUBOURG SAINT ANTOINE,"488,533,380,000","23,703,370,000",2.021E+11,145 787,A01,1,1,0,1,1,1,5,NULL,2.021E+11,192 572,145 787,A01,1,1,1,1,1960,9,2,0,-1,0,0,-1,2.021E+11,4,RUE DU FAUBOURG SAINT ANTOINE,0,NULL,2,3,1,1,-1,-1,1,NULL,-1,1,0,5,50
2.021E+11,2,7,2021,16:00:00,1,75,75111,2,5,1,6,RUE DU FAUBOURG SAINT ANTOINE,"488,533,380,000","23,703,370,000",2.021E+11,145 787,A01,1,1,0,1,1,1,5,NULL,2.021E+11,192 573,145 787,A01,10,3,4,2,1935,5,8,8,-1,4,4,1,2.021E+11,4,RUE DU FAUBOURG SAINT ANTOINE,0,NULL,2,3,1,1,-1,-1,1,NULL,-1,1,0,5,50
2.021E+11,28,6,2021,17:45:00,1,14,14399,1,1,1,7,D286,"492,612,080,000","0,2444700000",2.021E+11,144 496,A01,2,1,0,0,0,1,5,NULL,2.021E+11,190 851,144 496,A01,1,1,3,1,1998,5,2,-1,-1,0,0,-1,2.021E+11,3,303,0,NULL,2,2,0,2,2,0,1,NULL,-1,1,0,3,80
2.021E+11,25,6,2021,16:36:00,1,84,84141,1,1,1,2,avenue charles de gaulle,"439,677,570,000","49,214,950,000",2.021E+11,143 843,A01,2,1,0,2,4,26,5,NULL,2.021E+11,189 938,143 842,B01,1,1,1,1,1982,1,1,-1,-1,0,0,-1,2.021E+11,3,6,-1,NULL,2,1,0,1,-1,-1,1,NULL,-1,1,0,1,80
2.021E+11,25,6,2021,16:36:00,1,84,84141,1,1,1,2,avenue charles de gaulle,"439,677,570,000","49,214,950,000",2.021E+11,143 843,A01,2,1,0,2,4,26,5,NULL,2.021E+11,189 939,143 843,A01,1,1,3,1,1975,5,2,-1,-1,0,0,-1,2.021E+11,3,6,-1,NULL,2,1,0,1,-1,-1,1,NULL,-1,1,0,1,80
2.021E+11,16,6,2021,18:05:00,1,59,59350,2,1,1,2,FLANDRES PONT,"506,364,200,000","30,770,500,000",2.021E+11,143 723,A01,1,1,0,2,4,1,5,NULL,2.021E+11,189 784,143 722,Z01,1,1,1,-1,NULL,-1,-1,-1,-1,-1,-1,-1,2.021E+11,4,FLANDRES PONT,0,NULL,3,6,2,1,-1,-1,1,NULL,-1,1,0,5,50
2.021E+11,16,6,2021,18:05:00,1,59,59350,2,1,1,2,FLANDRES PONT,"506,364,200,000","30,770,500,000",2.021E+11,143 723,A01,1,1,0,2,4,1,5,NULL,2.021E+11,189 785,143 723,A01,1,1,4,1,1978,1,8,0,-1,-1,-1,-1,2.021E+11,4,FLANDRES PONT,0,NULL,3,6,2,1,-1,-1,1,NULL,-1,1,0,5,50
2.021E+11,6,6,2021,16:30:00,1,13,13203,2,1,1,3,MIRABEAU (BOULEVARD),"433,139,721,491","53,685,856,175",2.021E+11,137 197,B01,1,1,0,2,8,1,5,NULL,2.021E+11,181 297,137 197,B01,1,1,4,1,1960,5,2,0,-1,-1,-1,-1,2.021E+11,4,MIRABEAU (BOULEVARD),0,NULL,2,2,0,1,0,0,1,NULL,-1,1,0,1,50
2.021E+11,6,6,2021,16:30:00,1,13,13203,2,1,1,3,MIRABEAU (BOULEVARD),"433,139,721,491","53,685,856,175",2.021E+11,137 197,B01,1,1,0,2,8,1,5,NULL,2.021E+11,181 298,137 198,A01,1,1,1,1,1970,0,8,0,-1,-1,-1,-1,2.021E+11,4,MIRABEAU (BOULEVARD),0,NULL,2,2,0,1,0,0,1,NULL,-1,1,0,1,50
2.021E+11,3,5,2021,08:00:00,1,14,14020,2,6,7,3,Rue de la Gare,"491,210,890,000"," -0,1741440000",2.021E+11,127 044,A01,1,1,0,2,3,25,5,NULL,2.021E+11,167 963,127 043,B01,1,1,1,1,1962,4,1,-1,-1,0,0,-1,2.021E+11,3,80,0,NULL,2,2,0,1,-1,-1,2,NULL,-1,1,5,1,50
2.021E+11,3,5,2021,08:00:00,1,14,14020,2,6,7,3,Rue de la Gare,"491,210,890,000"," -0,1741440000",2.021E+11,127 044,A01,1,1,0,2,3,25,5,NULL,2.021E+11,167 964,127 044,A01,1,1,4,1,2007,2,0,-1,-1,0,0,-1,2.021E+11,3,80,0,NULL,2,2,0,1,-1,-1,2,NULL,-1,1,5,1,50
2.021E+11,28,4,2021,14:00:00,1,92,92051,2,1,1,3,"CHARLES DE GAULLE (AVENUE,N°118 A 192 +","488,829,150,991","22,664,384,544",2.021E+11,126 139,B01,1,1,0,2,8,1,5,NULL,2.021E+11,166 794,126 138,A01,1,1,1,2,1968,0,1,0,-1,-1,-1,-1,2.021E+11,2,13,0,NULL,1,2,2,1,0,0,1,NULL,-1,1,0,1,50
2.021E+11,28,4,2021,14:00:00,1,92,92051,2,1,1,3,"CHARLES DE GAULLE (AVENUE,N°118 A 192 +","488,829,150,991","22,664,384,544",2.021E+11,126 139,B01,1,1,0,2,8,1,5,NULL,2.021E+11,166 795,126 139,B01,1,1,4,1,1959,0,8,0,-1,-1,-1,-1,2.021E+11,2,13,0,NULL,1,2,2,1,0,0,1,NULL,-1,1,0,1,50
2.021E+11,10,4,2021,21:35:00,5,75,75114,2,4,3,6,AVENUE DU MAINE,"488,385,553,098","23,226,102,324",2.021E+11,122 184,B01,2,1,0,2,1,1,5,NULL,2.021E+11,161 720,122 184,B01,1,1,4,1,2003,4,2,0,-1,0,0,-1,2.021E+11,4,AVENUE DU MAINE,0,NULL,2,4,0,1,-1,-1,1,NULL,-1,2,0,1,50
2.021E+11,10,4,2021,21:35:00,5,75,75114,2,4,3,6,AVENUE DU MAINE,"488,385,553,098","23,226,102,324",2.021E+11,122 184,B01,2,1,0,2,1,1,5,NULL,2.021E+11,161 721,122 185,A01,1,1,1,1,1970,1,1,0,-1,0,0,-1,2.021E+11,4,AVENUE DU MAINE,0,NULL,2,4,0,1,-1,-1,1,NULL,-1,2,0,1,50
2.021E+11,26,3,2021,21:21:00,5,971,97113,1,9,1,6,RN4 - SECTION RIVIERA,"162,135,400,000","-614,775,500,000",2.021E+11,121 445,B01,1,1,0,2,0,0,5,NULL,2.021E+11,160 740,121 445,B01,1,1,4,1,2005,0,8,0,-1,-1,-1,-1,2.021E+11,2,RN4 - SECTION RIVIERA,0,NULL,3,6,0,1,-1,-1,2,NULL,-1,1,5,1,50
2.021E+11,26,3,2021,21:21:00,5,971,97113,1,9,1,6,RN4 - SECTION RIVIERA,"162,135,400,000","-614,775,500,000",2.021E+11,121 445,B01,1,1,0,2,0,0,5,NULL,2.021E+11,160 741,121 446,A01,1,1,1,2,1968,0,1,8,-1,-1,-1,-1,2.021E+11,2,RN4 - SECTION RIVIERA,0,NULL,3,6,0,1,-1,-1,2,NULL,-1,1,5,1,50
2.021E+11,5,4,2021,13:10:00,1,29,29019,2,6,1,3,Rue Sébastopol,"484,016,354,766","-44,671,051,204",2.021E+11,121 241,B01,1,1,0,2,0,1,5,NULL,2.021E+11,160 474,121 241,B01,1,1,4,1,2000,5,0,-1,-1,0,0,-1,2.021E+11,4,SEBASTOPOL,0,NULL,2,2,0,1,-1,-1,3,NULL,-1,1,5,1,30
2.021E+11,5,4,2021,13:10:00,1,29,29019,2,6,1,3,Rue Sébastopol,"484,016,354,766","-44,671,051,204",2.021E+11,121 241,B01,1,1,0,2,0,1,5,NULL,2.021E+11,160 475,121 242,A01,1,1,1,1,1991,5,1,-1,-1,0,0,-1,2.021E+11,4,SEBASTOPOL,0,NULL,2,2,0,1,-1,-1,3,NULL,-1,1,5,1,30
2.021E+11,31,3,2021,17:40:00,1,51,51454,2,1,7,6,Route de Cormontreuil,"492,302,798,631","40,506,988,764",2.021E+11,119 963,A01,1,1,12,0,1,14,5,NULL,2.021E+11,158 772,119 963,A01,1,1,4,1,1959,5,2,6,-1,-1,-1,-1,2.021E+11,3,CORMONTREUIL (CHAUSSEE DE),0,NULL,2,2,0,1,1,340,3,NULL,-1,1,0,1,50
2.021E+11,25,3,2021,20:30:00,5,75,75111,2,1,1,2,BOULEVARD BEAUMARCHAIS,"488,579,192,999","23,679,874,976",2.021E+11,118 892,A01,1,1,0,2,4,2,5,NULL,2.021E+11,157 375,118 891,B01,1,1,4,1,1993,9,2,6,-1,0,0,-1,2.021E+11,4,BOULEVARD BEAUMARCHAIS,0,NULL,2,4,1,1,-1,-1,1,NULL,-1,1,-1,5,50
2.021E+11,25,3,2021,20:30:00,5,75,75111,2,1,1,2,BOULEVARD BEAUMARCHAIS,"488,579,192,999","23,679,874,976",2.021E+11,118 892,A01,1,1,0,2,4,2,5,NULL,2.021E+11,157 376,118 892,A01,1,1,3,1,2003,9,2,0,-1,0,0,-1,2.021E+11,4,BOULEVARD BEAUMARCHAIS,0,NULL,2,4,1,1,-1,-1,1,NULL,-1,1,-1,5,50