Num_Acc,jour,mois,an,hrmn,lum,dep,com,agg,int,atm,col,adr,lat,long,Num_Acc,id_vehicule,num_veh,senc,catv,obs,obsm,choc,manv,motor,occutc,Num_Acc,id_usager,id_vehicule,num_veh,place,catu,grav,sexe,an_nais,trajet,secu1,secu2,secu3,locp,actp,etatp,Num_Acc,catr,voie,v1,v2,circ,nbv,vosp,prof,pr,pr1,plan,lartpc,larrout,surf,infra,situ,vma
2.021E+11,26,3,2021,17:45:00,1,59,59350,2,2,1,3,NATIONALE RUE N°RESTE IMPAIRS,"506,326,523,472","30,521,677,985",2.021E+11,118 638,A01,2,1,0,2,1,13,6,NULL,2.021E+11,157 069,118 638,A01,1,1,4,1,2004,5,8,0,-1,-1,-1,-1,2.021E+11,4,NATIONALE RUE N°RESTE IMPAIRS,0,NULL,2,3,1,1,-1,-1,1,NULL,-1,1,5,1,50
2.021E+11,26,3,2021,17:45:00,1,59,59350,2,2,1,3,NATIONALE RUE N°RESTE IMPAIRS,"506,326,523,472","30,521,677,985",2.021E+11,118 638,A01,2,1,0,2,1,13,6,NULL,2.021E+11,157 070,118 639,B01,1,1,1,1,1997,5,1,0,-1,-1,-1,-1,2.021E+11,4,NATIONALE RUE N°RESTE IMPAIRS,0,NULL,2,3,1,1,-1,-1,1,NULL,-1,1,5,1,50
2.021E+11,19,3,2021,13:45:00,1,29,29039,1,4,1,3,Rue de Lanriec,"478,692,000,000","-38,945,600,000",2.021E+11,117 112,B01,2,1,0,2,1,1,5,NULL,2.021E+11,155 114,117 112,B01,1,1,4,1,1960,5,4,9,-1,0,-1,-1,2.021E+11,3,RD 783,0,NULL,1,1,0,4,1,160,3,NULL,-1,1,3,8,50
2.021E+11,19,3,2021,13:45:00,1,29,29039,1,4,1,3,Rue de Lanriec,"478,692,000,000","-38,945,600,000",2.021E+11,117 112,B01,2,1,0,2,1,1,5,NULL,2.021E+11,155 115,117 113,A01,1,1,1,2,1970,1,1,-1,-1,0,0,-1,2.021E+11,3,RD 783,0,NULL,1,1,0,4,1,160,3,NULL,-1,1,3,8,50
2.021E+11,7,1,2021,17:30:00,2,88,88481,2,3,9,3,départementale 44 rue du cone,"480,990,175,406","63,899,713,755",2.021E+11,115 608,B01,3,1,0,2,1,26,0,NULL,2.021E+11,153 177,115 607,A01,1,1,1,2,1999,5,1,-1,-1,0,0,-1,2.021E+11,3,NULL,0,D,2,2,0,1,14,800,1,NULL,-1,2,0,1,70
2.021E+11,7,1,2021,17:30:00,2,88,88481,2,3,9,3,départementale 44 rue du cone,"480,990,175,406","63,899,713,755",2.021E+11,115 608,B01,3,1,0,2,1,26,0,NULL,2.021E+11,153 178,115 608,B01,1,1,3,1,2006,5,0,-1,-1,0,0,-1,2.021E+11,3,NULL,0,D,2,2,0,1,14,800,1,NULL,-1,2,0,1,70
2.021E+11,26,2,2021,12:00:00,1,56,56224,1,1,1,7,D147 LEZERAN,"477,940,610,000","-23,145,480,000",2.021E+11,111 900,A01,1,1,0,0,0,1,5,NULL,2.021E+11,148 408,111 900,A01,1,1,2,1,1946,5,8,-1,-1,0,0,-1,2.021E+11,3,147,0,D,2,2,0,3,11,170,1,NULL,-1,1,0,1,80
2.021E+11,24,2,2021,14:25:00,1,75,75115,2,3,1,3,RUE DE VAUGIRARD,"488,354,950,000","22,927,660,000",2.021E+11,111 678,B01,2,1,0,2,1,1,5,NULL,2.021E+11,148 134,111 678,B01,1,1,4,2,2001,1,8,0,-1,0,0,-1,2.021E+11,4,RUE DE VAUGIRARD,0,NULL,1,4,1,1,-1,-1,1,NULL,-1,1,-1,5,50
2.021E+11,24,2,2021,14:25:00,1,75,75115,2,3,1,3,RUE DE VAUGIRARD,"488,354,950,000","22,927,660,000",2.021E+11,111 678,B01,2,1,0,2,1,1,5,NULL,2.021E+11,148 135,111 679,A01,1,1,1,1,1974,4,1,0,-1,0,0,-1,2.021E+11,4,RUE DE VAUGIRARD,0,NULL,1,4,1,1,-1,-1,1,NULL,-1,1,-1,5,50
2.021E+11,19,2,2021,16:25:00,1,69,69386,2,2,1,3,MARECHAL FOCH (DU)                  (AV),"457,694,762,856","48,437,240,124",2.021E+11,110 775,A01,2,1,0,2,7,19,5,NULL,2.021E+11,146 989,110 774,B01,1,1,1,1,1960,4,8,-1,-1,-1,-1,-1,2.021E+11,4,MARECHAL FOCH (DU)                  (AV),0,NULL,2,3,3,1,-1,-1,1,NULL,-1,1,0,1,50
2.021E+11,19,2,2021,16:25:00,1,69,69386,2,2,1,3,MARECHAL FOCH (DU)                  (AV),"457,694,762,856","48,437,240,124",2.021E+11,110 775,A01,2,1,0,2,7,19,5,NULL,2.021E+11,146 990,110 775,A01,1,1,4,1,1999,1,8,-1,-1,-1,-1,-1,2.021E+11,4,MARECHAL FOCH (DU)                  (AV),0,NULL,2,3,3,1,-1,-1,1,NULL,-1,1,0,1,50
2.021E+11,2,2,2021,13:22:00,1,27,27229,2,3,2,6,MONDUIT (RUE HENRI),"490,292,429,000","11,428,976,000",2.021E+11,107 564,A01,0,1,6,0,1,17,5,NULL,2.021E+11,142 798,107 564,A01,1,1,3,1,1953,0,2,6,-1,0,0,-1,2.021E+11,4,MONDUIT (RUE HENRI),0,NULL,2,2,0,2,-1,-1,2,NULL,-1,2,0,1,50
2.021E+11,28,1,2021,10:40:00,1,75,75112,2,1,8,3,AVENUE DE NOGENT,"488,444,210,000","24,411,050,000",2.021E+11,106 353,B01,2,1,0,2,8,1,5,NULL,2.021E+11,141 234,106 353,B01,1,1,4,1,1954,5,2,0,-1,0,0,-1,2.021E+11,4,AVENUE DE NOGENT,0,NULL,2,4,1,1,-1,-1,1,NULL,-1,2,-1,5,50
2.021E+11,28,1,2021,10:40:00,1,75,75112,2,1,8,3,AVENUE DE NOGENT,"488,444,210,000","24,411,050,000",2.021E+11,106 353,B01,2,1,0,2,8,1,5,NULL,2.021E+11,141 235,106 354,A01,1,1,1,1,1979,1,1,0,-1,0,0,-1,2.021E+11,4,AVENUE DE NOGENT,0,NULL,2,4,1,1,-1,-1,1,NULL,-1,2,-1,5,50
2.021E+11,26,1,2021,08:10:00,2,75,75111,2,2,1,3,BOULEVARD VOLTAIRE,"488,621,320,000","23,728,560,000",2.021E+11,105 866,B01,2,1,0,2,8,1,5,NULL,2.021E+11,140 602,105 865,A01,1,1,1,-1,NULL,-1,-1,-1,-1,-1,-1,-1,2.021E+11,4,BOULEVARD VOLTAIRE,0,NULL,2,2,1,1,-1,-1,1,NULL,-1,1,-1,5,50
2.021E+11,26,1,2021,08:10:00,2,75,75111,2,2,1,3,BOULEVARD VOLTAIRE,"488,621,320,000","23,728,560,000",2.021E+11,105 866,B01,2,1,0,2,8,1,5,NULL,2.021E+11,140 603,105 866,B01,1,1,4,1,2004,2,8,0,-1,0,0,-1,2.021E+11,4,BOULEVARD VOLTAIRE,0,NULL,2,2,1,1,-1,-1,1,NULL,-1,1,-1,5,50
2.021E+11,12,1,2021,14:15:00,1,973,97302,2,1,2,3,SPATULES (RUE DES) CITE EAU LISETTE,"49,263,000,000","-523,230,500,000",2.021E+11,103 023,A01,1,1,0,2,7,19,0,NULL,2.021E+11,136 724,103 023,A01,1,1,3,1,2007,0,2,0,-1,-1,-1,-1,2.021E+11,4,SPATULES (RUE DES) CITE EAU LISETTE,0,NULL,2,1,0,1,0,0,1,NULL,-1,2,0,1,50
2.021E+11,12,1,2021,14:15:00,1,973,97302,2,1,2,3,SPATULES (RUE DES) CITE EAU LISETTE,"49,263,000,000","-523,230,500,000",2.021E+11,103 023,A01,1,1,0,2,7,19,0,NULL,2.021E+11,136 725,103 024,B01,1,1,1,1,1932,9,1,0,-1,-1,-1,-1,2.021E+11,4,SPATULES (RUE DES) CITE EAU LISETTE,0,NULL,2,1,0,1,0,0,1,NULL,-1,2,0,1,50
2.021E+11,11,1,2021,12:00:00,1,75,75108,2,7,1,7,PLACE DE LA CONCORDE,"488,643,610,000","23,203,380,000",2.021E+11,102 587,A01,0,1,14,0,0,1,5,NULL,2.021E+11,136 127,102 587,A01,1,1,4,1,1938,3,2,0,-1,0,0,-1,2.021E+11,4,PLACE DE LA CONCORDE,0,NULL,1,4,1,1,-1,-1,1,NULL,-1,1,-1,5,50
2.021E+11,20,10,2021,16:50:00,1,69,69383,2,1,1,3,ETIENNE RICHERAND (R),"457,575,563,113","48,658,047,616",2.021E+11,180 322,B01,0,1,0,2,0,0,-1,NULL,2.021E+11,238 824,180 321,A01,1,1,1,1,1996,4,1,-1,-1,-1,-1,-1,2.021E+11,4,ETIENNE RICHERAND                   (R ),0,NULL,1,1,0,1,-1,-1,1,NULL,-1,1,0,1,50
2.021E+11,20,10,2021,16:50:00,1,69,69383,2,1,1,3,ETIENNE RICHERAND (R),"457,575,563,113","48,658,047,616",2.021E+11,180 322,B01,0,1,0,2,0,0,-1,NULL,2.021E+11,238 825,180 322,B01,1,1,4,1,2008,2,8,-1,-1,-1,-1,-1,2.021E+11,4,ETIENNE RICHERAND                   (R ),0,NULL,1,1,0,1,-1,-1,1,NULL,-1,1,0,1,50
2.021E+11,18,10,2021,11:30:00,1,69,69386,2,1,1,3,DUGUESCLIN (R),"457,640,352,491","48,482,108,116",2.021E+11,179 577,B01,1,1,0,2,1,1,0,NULL,2.021E+11,237 877,179 577,B01,1,1,4,2,1961,0,8,0,-1,-1,-1,-1,2.021E+11,4,DUGUESCLIN                          (R ),0,NULL,2,2,1,1,-1,-1,1,NULL,-1,1,0,1,30
2.021E+11,18,10,2021,11:30:00,1,69,69386,2,1,1,3,DUGUESCLIN (R),"457,640,352,491","48,482,108,116",2.021E+11,179 577,B01,1,1,0,2,1,1,0,NULL,2.021E+11,237 878,179 578,A01,1,1,1,1,1943,0,1,-1,-1,-1,-1,-1,2.021E+11,4,DUGUESCLIN                          (R ),0,NULL,2,2,1,1,-1,-1,1,NULL,-1,1,0,1,30
2.021E+11,11,10,2021,09:27:00,1,75,75119,2,2,1,3,AVENUE DE FLANDRE,"488,883,820,000","23,741,570,000",2.021E+11,176 869,B01,2,1,0,2,8,21,5,NULL,2.021E+11,234 372,176 869,B01,1,1,4,2,1994,1,2,8,-1,0,0,-1,2.021E+11,4,AVENUE DE FLANDRE,0,NULL,2,6,1,1,-1,-1,1,NULL,-1,1,-1,5,30
2.021E+11,11,10,2021,09:27:00,1,75,75119,2,2,1,3,AVENUE DE FLANDRE,"488,883,820,000","23,741,570,000",2.021E+11,176 869,B01,2,1,0,2,8,21,5,NULL,2.021E+11,234 373,176 870,A01,1,1,1,1,1999,2,2,6,-1,0,0,-1,2.021E+11,4,AVENUE DE FLANDRE,0,NULL,2,6,1,1,-1,-1,1,NULL,-1,1,-1,5,30
2.021E+11,10,10,2021,18:15:00,1,7,7160,1,1,1,1,NULL,"452,008,940,000","45,073,880,000",2.021E+11,176 572,A01,3,1,0,2,8,1,5,NULL,2.021E+11,233 976,176 572,A01,1,1,4,1,1982,5,2,-1,-1,0,0,-1,2.021E+11,4,570,-1,B,2,2,0,2,-1,-1,3,NULL,-1,1,0,1,80
2.021E+11,10,10,2021,18:15:00,1,7,7160,1,1,1,1,NULL,"452,008,940,000","45,073,880,000",2.021E+11,176 572,A01,3,1,0,2,8,1,5,NULL,2.021E+11,233 977,176 573,B01,1,1,1,1,1948,5,1,-1,-1,0,0,-1,2.021E+11,4,570,-1,B,2,2,0,2,-1,-1,3,NULL,-1,1,0,1,80
2.021E+11,10,10,2021,18:15:00,1,7,7160,1,1,1,1,NULL,"452,008,940,000","45,073,880,000",2.021E+11,176 572,A01,3,1,0,2,8,1,5,NULL,2.021E+11,233 978,176 573,B01,9,2,1,2,1954,5,1,-1,-1,0,0,-1,2.021E+11,4,570,-1,B,2,2,0,2,-1,-1,3,NULL,-1,1,0,1,80
2.021E+11,10,10,2021,18:15:00,1,7,7160,1,1,1,1,NULL,"452,008,940,000","45,073,880,000",2.021E+11,176 572,A01,3,1,0,2,8,1,5,NULL,2.021E+11,233 979,176 573,B01,2,2,1,2,1950,5,1,-1,-1,0,0,-1,2.021E+11,4,570,-1,B,2,2,0,2,-1,-1,3,NULL,-1,1,0,1,80
2.021E+11,9,10,2021,19:30:00,5,75,75115,2,2,1,3,AVENUE DE LA PORTE BRANCION,"488,284,940,000","23,013,860,000",2.021E+11,176 302,B01,1,1,0,2,1,1,5,NULL,2.021E+11,233 596,176 302,B01,1,1,4,1,1989,9,2,8,-1,0,0,-1,2.021E+11,4,AVENUE DE LA PORTE BRANCION,0,NULL,2,1,1,4,-1,-1,1,NULL,-1,1,0,1,50
2.021E+11,9,10,2021,19:30:00,5,75,75115,2,2,1,3,AVENUE DE LA PORTE BRANCION,"488,284,940,000","23,013,860,000",2.021E+11,176 302,B01,1,1,0,2,1,1,5,NULL,2.021E+11,233 597,176 303,A01,1,1,1,1,1957,9,1,8,-1,0,0,-1,2.021E+11,4,AVENUE DE LA PORTE BRANCION,0,NULL,2,1,1,4,-1,-1,1,NULL,-1,1,0,1,50
2.021E+11,29,9,2021,00:20:00,5,67,67482,1,3,1,3,RHIN (AVENUE DU),"485,694,200,000","77,782,800,000",2.021E+11,172 811,B01,2,1,0,2,7,19,5,NULL,2.021E+11,229 121,172 811,B01,1,1,4,1,1991,5,8,0,-1,-1,-1,-1,2.021E+11,4,RHIN (AVENUE DU),0,NULL,2,4,1,2,0,0,3,NULL,-1,1,0,1,50
2.021E+11,29,9,2021,00:20:00,5,67,67482,1,3,1,3,RHIN (AVENUE DU),"485,694,200,000","77,782,800,000",2.021E+11,172 811,B01,2,1,0,2,7,19,5,NULL,2.021E+11,229 122,172 812,A01,1,1,1,1,1993,5,1,8,-1,-1,-1,-1,2.021E+11,4,RHIN (AVENUE DU),0,NULL,2,4,1,2,0,0,3,NULL,-1,1,0,1,50
2.021E+11,28,9,2021,17:50:00,1,59,59350,2,1,1,3,CALMETTE BV.DU DOCTEUR,"506,290,800,000","30,754,500,000",2.021E+11,172 787,B01,2,1,0,2,1,19,5,NULL,2.021E+11,229 091,172 786,A01,1,1,1,2,2000,0,8,0,-1,-1,-1,-1,2.021E+11,4,CALMETTE BV.DU DOCTEUR,0,NULL,3,4,0,1,-1,-1,1,NULL,-1,1,0,1,50
2.021E+11,28,9,2021,17:50:00,1,59,59350,2,1,1,3,CALMETTE BV.DU DOCTEUR,"506,290,800,000","30,754,500,000",2.021E+11,172 787,B01,2,1,0,2,1,19,5,NULL,2.021E+11,229 092,172 787,B01,1,1,4,1,1990,1,8,0,-1,-1,-1,-1,2.021E+11,4,CALMETTE BV.DU DOCTEUR,0,NULL,3,4,0,1,-1,-1,1,NULL,-1,1,0,1,50
2.021E+11,27,9,2021,18:35:00,2,94,94041,2,1,1,3,Boulevard de Stalingrad,"488,054,100,000","23,764,000,000",2.021E+11,172 577,B01,1,1,0,2,1,1,5,NULL,2.021E+11,228 840,172 576,A01,1,1,1,2,1982,0,1,0,-1,-1,-1,-1,2.021E+11,3,STALINGRAD (BD DE),0,NULL,3,4,0,1,1,0,1,NULL,-1,1,0,5,50
2.021E+11,27,9,2021,18:35:00,2,94,94041,2,1,1,3,Boulevard de Stalingrad,"488,054,100,000","23,764,000,000",2.021E+11,172 577,B01,1,1,0,2,1,1,5,NULL,2.021E+11,228 841,172 577,B01,1,1,4,1,1997,0,0,0,-1,-1,-1,-1,2.021E+11,3,STALINGRAD (BD DE),0,NULL,3,4,0,1,1,0,1,NULL,-1,1,0,5,50
2.021E+11,25,9,2021,19:55:00,5,75,75119,2,2,1,3,BOULEVARD MACDONALD,"488,987,210,000","23,710,410,000",2.021E+11,171 194,A01,1,1,0,2,6,1,5,NULL,2.021E+11,226 968,171 193,B01,1,1,1,1,1963,1,2,6,-1,0,0,-1,2.021E+11,4,BOULEVARD MACDONALD,0,NULL,3,3,1,2,-1,-1,1,NULL,-1,1,0,5,30
2.021E+11,25,9,2021,19:55:00,5,75,75119,2,2,1,3,BOULEVARD MACDONALD,"488,987,210,000","23,710,410,000",2.021E+11,171 194,A01,1,1,0,2,6,1,5,NULL,2.021E+11,226 969,171 194,A01,1,1,4,1,1981,5,2,0,-1,0,0,-1,2.021E+11,4,BOULEVARD MACDONALD,0,NULL,3,3,1,2,-1,-1,1,NULL,-1,1,0,5,30
2.021E+11,21,9,2021,09:30:00,1,69,69383,2,1,1,3,MARIUS VIVIER MERLE                 (BD),"457,597,500,000","48,581,100,000",2.021E+11,170 142,B01,2,1,0,0,0,7,5,NULL,2.021E+11,225 600,170 142,B01,1,1,4,1,1969,1,2,0,-1,-1,-1,-1,2.021E+11,4,MARIUS VIVIER MERLE                 (BD),0,NULL,2,2,3,1,-1,-1,1,NULL,-1,1,8,1,50
2.021E+11,21,9,2021,09:30:00,1,69,69383,2,1,1,3,MARIUS VIVIER MERLE                 (BD),"457,597,500,000","48,581,100,000",2.021E+11,170 142,B01,2,1,0,0,0,7,5,NULL,2.021E+11,225 601,170 143,A01,1,1,1,1,1968,4,1,0,-1,-1,-1,-1,2.021E+11,4,MARIUS VIVIER MERLE                 (BD),0,NULL,2,2,3,1,-1,-1,1,NULL,-1,1,8,1,50
2.021E+11,3,9,2021,07:50:00,1,37,37233,2,1,1,6,JAURES (BOULEVARD JEAN),"473,942,721,793","0,7257724606",2.021E+11,164 029,A01,3,1,0,2,1,25,5,NULL,2.021E+11,217 589,164 028,B01,1,1,1,2,1984,5,1,8,-1,-1,-1,-1,2.021E+11,4,JAURES (BOULEVARD JEAN),0,NULL,2,2,2,1,-1,-1,1,NULL,-1,1,0,4,50
2.021E+11,3,9,2021,07:50:00,1,37,37233,2,1,1,6,JAURES (BOULEVARD JEAN),"473,942,721,793","0,7257724606",2.021E+11,164 029,A01,3,1,0,2,1,25,5,NULL,2.021E+11,217 590,164 029,A01,1,1,4,2,1968,1,2,0,-1,-1,-1,-1,2.021E+11,4,JAURES (BOULEVARD JEAN),0,NULL,2,2,2,1,-1,-1,1,NULL,-1,1,0,4,50
2.021E+11,3,9,2021,14:00:00,1,75,75116,2,2,1,3,ALLEE DU BORD DE L EAU,"488,761,310,000","22,463,590,000",2.021E+11,163 956,B01,1,1,0,2,1,1,5,NULL,2.021E+11,217 509,163 956,B01,1,1,4,2,1967,9,2,0,-1,0,0,-1,2.021E+11,4,ALLEE DU BORD DE L EAU,0,NULL,3,1,1,1,-1,-1,3,NULL,-1,1,0,5,30
2.021E+11,3,9,2021,14:00:00,1,75,75116,2,2,1,3,ALLEE DU BORD DE L EAU,"488,761,310,000","22,463,590,000",2.021E+11,163 956,B01,1,1,0,2,1,1,5,NULL,2.021E+11,217 510,163 957,A01,1,1,1,1,1956,9,1,0,-1,0,0,-1,2.021E+11,4,ALLEE DU BORD DE L EAU,0,NULL,3,1,1,1,-1,-1,3,NULL,-1,1,0,5,30
2.021E+11,17,7,2021,15:30:00,1,95,95427,2,1,1,3,RD 928,"489,592,757,270","23,290,586,472",2.021E+11,154 452,B01,1,1,1,0,1,1,5,NULL,2.021E+11,204 454,154 452,B01,1,1,4,1,1994,5,2,-1,-1,-1,0,-1,2.021E+11,3,SAINT LEU (ROUTE DE),0,NULL,2,2,0,2,0,100,3,NULL,-1,1,0,1,50
2.021E+11,17,7,2021,15:30:00,1,95,95427,2,1,1,3,RD 928,"489,592,757,270","23,290,586,472",2.021E+11,154 452,B01,1,1,1,0,1,1,5,NULL,2.021E+11,204 455,154 453,A01,1,1,1,1,1989,5,1,-1,-1,-1,0,-1,2.021E+11,3,SAINT LEU (ROUTE DE),0,NULL,2,2,0,2,0,100,3,NULL,-1,1,0,1,50
2.021E+11,15,7,2021,21:00:00,1,93,93008,2,1,1,3,Avenue Paul Vaillant - Couturier,"489,082,800,000","24,522,400,000",2.021E+11,150 106,B01,1,1,0,2,8,1,0,NULL,2.021E+11,198 472,150 106,B01,1,1,4,1,1978,0,8,0,-1,-1,-1,-1,2.021E+11,3,VAILLANT COUTURIER (AVENUE PAUL),0,NULL,1,3,2,1,0,0,1,NULL,-1,1,0,1,50
2.021E+11,15,7,2021,21:00:00,1,93,93008,2,1,1,3,Avenue Paul Vaillant - Couturier,"489,082,800,000","24,522,400,000",2.021E+11,150 106,B01,1,1,0,2,8,1,0,NULL,2.021E+11,198 473,150 107,A01,1,1,1,2,1998,0,1,0,-1,-1,-1,-1,2.021E+11,3,VAILLANT COUTURIER (AVENUE PAUL),0,NULL,1,3,2,1,0,0,1,NULL,-1,1,0,1,50
2.021E+11,6,7,2021,16:50:00,1,44,44209,2,6,8,6,D537,"473,317,550,000","-16,178,330,000",2.021E+11,147 268,B01,1,1,0,0,0,1,0,NULL,2.021E+11,194 580,147 267,A01,1,1,1,2,1933,0,0,-1,-1,0,0,-1,2.021E+11,3,537,0,D,2,2,0,1,6,62,3,NULL,-1,3,5,1,50
2.021E+11,6,7,2021,16:50:00,1,44,44209,2,6,8,6,D537,"473,317,550,000","-16,178,330,000",2.021E+11,147 268,B01,1,1,0,0,0,1,0,NULL,2.021E+11,194 581,147 268,B01,1,1,3,1,2007,5,0,-1,-1,0,0,-1,2.021E+11,3,537,0,D,2,2,0,1,6,62,3,NULL,-1,3,5,1,50
2.021E+11,5,7,2021,18:45:00,1,31,31483,2,1,1,3,FRANCE ANATOLE (RUE),"431,149,200,000","0,7048500000",2.021E+11,147 112,B01,2,1,0,2,1,0,0,NULL,2.021E+11,194 377,147 111,A01,1,1,1,2,1961,4,1,0,-1,-1,-1,-1,2.021E+11,4,FRANCE ANATOLE (RUE),0,NULL,2,0,0,1,-1,-1,1,NULL,-1,1,0,1,50
2.021E+11,5,7,2021,18:45:00,1,31,31483,2,1,1,3,FRANCE ANATOLE (RUE),"431,149,200,000","0,7048500000",2.021E+11,147 112,B01,2,1,0,2,1,0,0,NULL,2.021E+11,194 378,147 112,B01,1,1,4,2,1961,0,2,0,-1,-1,-1,-1,2.021E+11,4,FRANCE ANATOLE (RUE),0,NULL,2,0,0,1,-1,-1,1,NULL,-1,1,0,1,50
2.021E+11,1,7,2021,19:30:00,2,4,4209,2,4,7,3,RD 951 / ch de la Haute Chaumiane,"442,179,160,000","59,395,000,000",2.021E+11,145 477,B01,2,1,5,2,1,1,5,NULL,2.021E+11,192 150,145 476,A01,1,1,1,1,1942,1,0,-1,-1,0,0,-1,2.021E+11,3,951,-1,NULL,2,2,0,2,36,340,1,NULL,4,1,0,1,50
2.021E+11,1,7,2021,19:30:00,2,4,4209,2,4,7,3,RD 951 / ch de la Haute Chaumiane,"442,179,160,000","59,395,000,000",2.021E+11,145 477,B01,2,1,5,2,1,1,5,NULL,2.021E+11,192 151,145 477,B01,1,1,3,1,1993,5,2,-1,-1,0,0,-1,2.021E+11,3,951,-1,NULL,2,2,0,2,36,340,1,NULL,4,1,0,1,50
2.021E+11,27,6,2021,12:20:00,1,34,34003,2,3,1,1,COURPOURON (QUAI H.),"432,861,100,000","34,450,500,000",2.021E+11,144 588,A01,0,1,0,2,1,5,5,NULL,2.021E+11,190 989,144 588,A01,1,1,3,2,1962,5,8,0,-1,-1,-1,-1,2.021E+11,4,COURPOURON (QUAI H.),0,NULL,1,1,0,1,-1,-1,1,NULL,-1,1,0,1,50
2.021E+11,27,6,2021,12:20:00,1,34,34003,2,3,1,1,COURPOURON (QUAI H.),"432,861,100,000","34,450,500,000",2.021E+11,144 588,A01,0,1,0,2,1,5,5,NULL,2.021E+11,190 990,144 589,B01,1,1,1,2,1950,5,1,0,-1,-1,-1,-1,2.021E+11,4,COURPOURON (QUAI H.),0,NULL,1,1,0,1,-1,-1,1,NULL,-1,1,0,1,50
2.021E+11,20,6,2021,23:32:00,5,91,91421,2,1,1,3,GUE (RUE DU),"487,137,600,000","24,502,400,000",2.021E+11,142 454,B01,1,1,0,0,0,0,0,NULL,2.021E+11,188 170,142 454,B01,1,1,4,1,1994,0,8,0,-1,-1,-1,-1,2.021E+11,4,NULL,0,NULL,2,2,0,2,0,100,1,NULL,-1,1,0,1,30
2.021E+11,20,6,2021,23:32:00,5,91,91421,2,1,1,3,GUE (RUE DU),"487,137,600,000","24,502,400,000",2.021E+11,142 454,B01,1,1,0,0,0,0,0,NULL,2.021E+11,188 171,142 455,A01,1,1,1,-1,NULL,-1,-1,-1,-1,-1,-1,-1,2.021E+11,4,NULL,0,NULL,2,2,0,2,0,100,1,NULL,-1,1,0,1,30
2.021E+11,13,6,2021,08:45:00,1,56,56078,1,3,7,7,Route de Keranna,"477,954,850,000","-34,652,850,000",2.021E+11,140 104,B01,1,1,0,0,0,21,5,NULL,2.021E+11,185 100,140 103,A01,1,1,1,1,1945,5,1,-1,-1,0,0,-1,2.021E+11,3,765,0,NULL,2,2,0,4,100,180,1,NULL,-1,1,5,1,70
2.021E+11,13,6,2021,08:45:00,1,56,56078,1,3,7,7,Route de Keranna,"477,954,850,000","-34,652,850,000",2.021E+11,140 104,B01,1,1,0,0,0,21,5,NULL,2.021E+11,185 101,140 104,B01,1,1,4,1,1973,5,2,-1,-1,0,0,-1,2.021E+11,3,765,0,NULL,2,2,0,4,100,180,1,NULL,-1,1,5,1,70
2.021E+11,13,6,2021,11:01:00,1,64,64129,2,6,1,3,BAYONNE DE,"433,048,900,000"," -0,4013800000",2.021E+11,139 921,B01,3,1,0,2,1,1,2,NULL,2.021E+11,184 874,139 921,B01,1,1,4,1,1977,1,8,0,-1,-1,-1,-1,2.021E+11,3,NORD SUD VOIE,0,NULL,2,3,2,1,35,900,2,6,-1,1,0,5,30
2.021E+11,13,6,2021,11:01:00,1,64,64129,2,6,1,3,BAYONNE DE,"433,048,900,000"," -0,4013800000",2.021E+11,139 921,B01,3,1,0,2,1,1,2,NULL,2.021E+11,184 875,139 922,A01,1,1,1,1,1979,5,1,0,-1,-1,-1,-1,2.021E+11,3,NORD SUD VOIE,0,NULL,2,3,2,1,35,900,2,6,-1,1,0,5,30
2.021E+11,13,6,2021,10:44:00,1,15,15014,2,6,1,3,PUPILLES DE LA NATION (AVENUE DES),"449,233,700,000","24,405,500,000",2.021E+11,139 882,B01,3,1,0,2,7,1,5,NULL,2.021E+11,184 818,139 882,B01,1,1,4,1,1954,5,2,0,-1,-1,-1,-1,2.021E+11,4,NULL,0,NULL,1,1,0,1,-1,-1,2,NULL,-1,1,5,1,50
2.021E+11,13,6,2021,10:44:00,1,15,15014,2,6,1,3,PUPILLES DE LA NATION (AVENUE DES),"449,233,700,000","24,405,500,000",2.021E+11,139 882,B01,3,1,0,2,7,1,5,NULL,2.021E+11,184 819,139 883,A01,1,1,1,1,1946,5,1,0,-1,-1,-1,-1,2.021E+11,4,NULL,0,NULL,1,1,0,1,-1,-1,2,NULL,-1,1,5,1,50
2.021E+11,3,6,2021,21:40:00,2,94,94017,2,6,1,1,MAURICE THOREZ (AV),"488,115,200,000","25,366,100,000",2.021E+11,136 193,B01,1,1,0,2,0,9,5,NULL,2.021E+11,179 976,136 193,B01,1,1,4,1,1967,0,2,0,-1,-1,-1,-1,2.021E+11,3,MAURICE THOREZ (AV),0,NULL,2,2,0,1,0,0,1,NULL,-1,1,0,1,50
2.021E+11,3,6,2021,21:40:00,2,94,94017,2,6,1,1,MAURICE THOREZ (AV),"488,115,200,000","25,366,100,000",2.021E+11,136 193,B01,1,1,0,2,0,9,5,NULL,2.021E+11,179 977,136 194,A01,1,1,1,1,1990,1,1,0,-1,-1,-1,-1,2.021E+11,3,MAURICE THOREZ (AV),0,NULL,2,2,0,1,0,0,1,NULL,-1,1,0,1,50