Num_Acc,jour,mois,an,hrmn,lum,dep,com,agg,int,atm,col,adr,lat,long,Num_Acc,id_vehicule,num_veh,senc,catv,obs,obsm,choc,manv,motor,occutc,Num_Acc,id_usager,id_vehicule,num_veh,place,catu,grav,sexe,an_nais,trajet,secu1,secu2,secu3,locp,actp,etatp,Num_Acc,catr,voie,v1,v2,circ,nbv,vosp,prof,pr,pr1,plan,lartpc,larrout,surf,infra,situ,vma
2.021E+11,6,3,2021,11:10:00,1,73,73085,1,1,1,2,D991 B,"457,918,260,000","58,628,370,000",2.021E+11,153 556,A01,2,1,0,2,1,1,5,NULL,2.021E+11,203 257,153 557,B01,1,1,1,1,1967,9,1,-1,-1,0,0,-1,2.021E+11,3,991,0,B,2,2,0,2,2,630,4,NULL,-1,1,0,1,80
2.021E+11,22,7,2021,22:20:00,5,91,91570,2,1,1,3,POTAGERS (RUE DES),"486,427,800,000","23,080,600,000",2.021E+11,152 870,B01,3,1,0,2,8,2,5,NULL,2.021E+11,202 247,152 869,A01,1,1,1,-1,NULL,-1,-1,-1,-1,-1,-1,-1,2.021E+11,4,NULL,0,NULL,-1,0,0,1,0,0,1,NULL,-1,1,0,1,50
2.021E+11,22,7,2021,22:20:00,5,91,91570,2,1,1,3,POTAGERS (RUE DES),"486,427,800,000","23,080,600,000",2.021E+11,152 870,B01,3,1,0,2,8,2,5,NULL,2.021E+11,202 248,152 870,B01,1,1,4,1,2006,0,8,0,-1,-1,-1,-1,2.021E+11,4,NULL,0,NULL,-1,0,0,1,0,0,1,NULL,-1,1,0,1,50
2.021E+11,19,7,2021,17:50:00,1,50,50147,1,1,7,3,ECAUDERIE,"490,703,120,000","-14,303,520,000",2.021E+11,151 811,A01,3,1,0,9,3,9,5,NULL,2.021E+11,200 841,151 811,A01,1,1,1,1,2008,5,2,8,-1,-1,-1,-1,2.021E+11,4,ECAUDERIE,0,NULL,2,2,0,2,0,0,3,NULL,-1,1,9,1,50
2.021E+11,19,7,2021,17:50:00,1,50,50147,1,1,7,3,ECAUDERIE,"490,703,120,000","-14,303,520,000",2.021E+11,151 811,A01,3,1,0,9,3,9,5,NULL,2.021E+11,200 842,151 812,B01,1,1,4,2,1949,5,2,8,-1,-1,-1,-1,2.021E+11,4,ECAUDERIE,0,NULL,2,2,0,2,0,0,3,NULL,-1,1,9,1,50
2.021E+11,21,7,2021,16:45:00,1,40,40184,2,2,1,3,Rue des Lacs,"442,082,960,000","-12,959,790,000",2.021E+11,151 556,A01,1,1,0,2,2,5,5,NULL,2.021E+11,200 509,151 556,A01,1,1,3,1,2005,5,0,-1,-1,0,0,-1,2.021E+11,3,28,0,NULL,2,2,0,1,-1,-1,1,NULL,-1,1,0,1,50
2.021E+11,21,7,2021,16:45:00,1,40,40184,2,2,1,3,Rue des Lacs,"442,082,960,000","-12,959,790,000",2.021E+11,151 556,A01,1,1,0,2,2,5,5,NULL,2.021E+11,200 510,151 557,B01,1,1,1,1,1957,5,1,-1,-1,0,0,-1,2.021E+11,3,28,0,NULL,2,2,0,1,-1,-1,1,NULL,-1,1,0,1,50
2.021E+11,20,6,2021,09:30:00,1,31,31291,2,1,2,7,Allée de Castelnouvel,"435,993,750,000","12,546,700,000",2.021E+11,143 164,A01,3,1,0,0,0,0,5,NULL,2.021E+11,189 104,143 164,A01,1,1,2,1,1964,5,2,-1,-1,0,0,-1,2.021E+11,4,NULL,0,NULL,2,2,0,1,-1,-1,1,NULL,4,2,0,8,30
2.021E+11,9,6,2021,14:00:00,1,29,29019,2,6,1,3,Rue du Huit Mai 1945,"484,125,000,000","-44,756,000,000",2.021E+11,139 097,B01,2,1,0,2,0,1,5,NULL,2.021E+11,183 748,139 097,B01,1,1,4,2,1992,5,2,4,-1,0,0,-1,2.021E+11,4,HUIT MAI 1945 (DE 46 A FIN SANS N° IMPAI,0,NULL,1,1,0,1,-1,-1,3,NULL,-1,1,5,1,50
2.021E+11,9,6,2021,14:00:00,1,29,29019,2,6,1,3,Rue du Huit Mai 1945,"484,125,000,000","-44,756,000,000",2.021E+11,139 097,B01,2,1,0,2,0,1,5,NULL,2.021E+11,183 749,139 098,A01,1,1,1,2,1969,5,1,-1,-1,0,0,-1,2.021E+11,4,HUIT MAI 1945 (DE 46 A FIN SANS N° IMPAI,0,NULL,1,1,0,1,-1,-1,3,NULL,-1,1,5,1,50
2.021E+11,9,6,2021,14:00:00,1,29,29019,2,6,1,3,Rue du Huit Mai 1945,"484,125,000,000","-44,756,000,000",2.021E+11,139 097,B01,2,1,0,2,0,1,5,NULL,2.021E+11,183 750,139 098,A01,2,2,1,1,2006,0,1,-1,-1,-1,-1,-1,2.021E+11,4,HUIT MAI 1945 (DE 46 A FIN SANS N° IMPAI,0,NULL,1,1,0,1,-1,-1,3,NULL,-1,1,5,1,50
2.021E+11,28,5,2021,19:35:00,1,75,75108,2,2,1,3,RUE JEAN MERMOZ,"488,702,130,000","23,110,500,000",2.021E+11,134 414,A01,1,1,0,2,1,1,5,NULL,2.021E+11,177 660,134 413,B01,1,1,1,1,1973,4,1,0,-1,0,0,-1,2.021E+11,4,RUE JEAN MERMOZ,0,NULL,1,1,0,1,-1,-1,1,NULL,-1,1,0,1,50
2.021E+11,28,5,2021,19:35:00,1,75,75108,2,2,1,3,RUE JEAN MERMOZ,"488,702,130,000","23,110,500,000",2.021E+11,134 414,A01,1,1,0,2,1,1,5,NULL,2.021E+11,177 661,134 414,A01,1,1,4,1,2001,9,8,0,-1,0,0,-1,2.021E+11,4,RUE JEAN MERMOZ,0,NULL,1,1,0,1,-1,-1,1,NULL,-1,1,0,1,50
2.021E+11,12,5,2021,18:30:00,1,14,14167,2,1,1,3,D226,"492,022,210,000"," -0,3065700000",2.021E+11,129 738,A01,1,1,0,2,7,3,5,NULL,2.021E+11,171 497,129 738,A01,1,1,3,1,1964,5,0,-1,-1,0,0,-1,2.021E+11,3,CD N°  226,0,NULL,3,2,0,1,1,0,1,NULL,-1,1,0,1,50
2.021E+11,9,5,2021,13:10:00,1,75,75120,2,3,1,3,RUE D AVRON,"488,531,810,000","24,088,120,000",2.021E+11,129 450,B01,1,1,0,2,8,17,5,NULL,2.021E+11,171 114,129 450,B01,1,1,4,2,1998,5,8,0,-1,0,0,-1,2.021E+11,4,RUE D AVRON,0,NULL,2,2,0,1,-1,-1,1,NULL,-1,1,0,1,50
2.021E+11,9,5,2021,13:10:00,1,75,75120,2,3,1,3,RUE D AVRON,"488,531,810,000","24,088,120,000",2.021E+11,129 450,B01,1,1,0,2,8,17,5,NULL,2.021E+11,171 115,129 451,A01,1,1,1,2,1994,5,1,0,-1,0,0,-1,2.021E+11,4,RUE D AVRON,0,NULL,2,2,0,1,-1,-1,1,NULL,-1,1,0,1,50
2.021E+11,8,5,2021,10:55:00,1,85,85114,2,3,1,3,Rue des Calines,"464,151,760,000","-15,670,380,000",2.021E+11,128 658,B01,3,1,0,2,1,1,5,NULL,2.021E+11,170 048,128 657,A01,1,1,1,2,1946,5,1,-1,-1,0,0,-1,2.021E+11,4,NULL,0,NULL,2,2,0,1,-1,-1,1,NULL,4,1,0,1,50
2.021E+11,8,5,2021,10:55:00,1,85,85114,2,3,1,3,Rue des Calines,"464,151,760,000","-15,670,380,000",2.021E+11,128 658,B01,3,1,0,2,1,1,5,NULL,2.021E+11,170 049,128 658,B01,1,1,3,2,1942,5,0,-1,-1,0,0,-1,2.021E+11,4,NULL,0,NULL,2,2,0,1,-1,-1,1,NULL,4,1,0,1,50
2.021E+11,3,5,2021,16:00:00,1,69,69386,2,2,1,3,VENDOME (R),"457,658,200,000","48,455,900,000",2.021E+11,128 225,B01,2,1,0,2,7,19,5,NULL,2.021E+11,169 490,128 224,A01,1,1,1,1,1982,4,1,-1,-1,-1,-1,-1,2.021E+11,4,VENDOME                             (R ),0,NULL,2,3,1,1,-1,-1,1,NULL,-1,1,9,1,50
2.021E+11,3,5,2021,16:00:00,1,69,69386,2,2,1,3,VENDOME (R),"457,658,200,000","48,455,900,000",2.021E+11,128 225,B01,2,1,0,2,7,19,5,NULL,2.021E+11,169 491,128 225,B01,1,1,4,2,2003,2,8,-1,-1,-1,-1,-1,2.021E+11,4,VENDOME                             (R ),0,NULL,2,3,1,1,-1,-1,1,NULL,-1,1,9,1,50
2.021E+11,23,3,2021,14:30:00,1,91,91579,1,6,7,2,D31,"485,405,630,000","23,519,330,000",2.021E+11,120 064,A01,2,1,0,0,4,2,5,NULL,2.021E+11,158 903,120 063,B01,1,1,1,1,1950,5,1,-1,-1,0,0,-1,2.021E+11,3,31,-1,D,1,2,0,1,-1,-1,2,NULL,-1,1,0,1,30
2.021E+11,23,3,2021,14:30:00,1,91,91579,1,6,7,2,D31,"485,405,630,000","23,519,330,000",2.021E+11,120 064,A01,2,1,0,0,4,2,5,NULL,2.021E+11,158 904,120 064,A01,1,1,3,1,1942,5,2,-1,-1,0,0,-1,2.021E+11,3,31,-1,D,1,2,0,1,-1,-1,2,NULL,-1,1,0,1,30
2.021E+11,31,3,2021,09:55:00,1,972,97213,1,9,1,1,MORNE PITAULT (ROUTE DE),"146,174,576,623","-609,595,459,700",2.021E+11,120 012,B01,2,1,0,2,2,15,5,NULL,2.021E+11,158 838,120 011,A01,1,1,1,1,1965,5,1,0,-1,-1,-1,-1,2.021E+11,2,MORNE PITAULT (ROUTE DE),0,NULL,2,2,0,1,4,0,4,NULL,-1,1,0,1,50
2.021E+11,31,3,2021,09:55:00,1,972,97213,1,9,1,1,MORNE PITAULT (ROUTE DE),"146,174,576,623","-609,595,459,700",2.021E+11,120 012,B01,2,1,0,2,2,15,5,NULL,2.021E+11,158 839,120 012,B01,1,1,3,1,1957,5,2,6,-1,0,0,-1,2.021E+11,2,MORNE PITAULT (ROUTE DE),0,NULL,2,2,0,1,4,0,4,NULL,-1,1,0,1,50
2.021E+11,7,3,2021,10:40:00,1,49,49307,2,3,7,3,Levee Jeanne de Laval (Saint-Mathurin-sur-Loire),"474,086,430,000"," -0,3133460000",2.021E+11,114 167,B01,1,1,0,2,1,1,5,NULL,2.021E+11,151 353,114 166,A01,1,1,1,1,1989,1,1,-1,-1,0,0,-1,2.021E+11,3,952,-1,NULL,2,2,0,1,25,250,1,NULL,-1,1,5,1,50
2.021E+11,7,3,2021,10:40:00,1,49,49307,2,3,7,3,Levee Jeanne de Laval (Saint-Mathurin-sur-Loire),"474,086,430,000"," -0,3133460000",2.021E+11,114 167,B01,1,1,0,2,1,1,5,NULL,2.021E+11,151 354,114 167,B01,1,1,3,1,1951,5,2,-1,-1,0,0,-1,2.021E+11,3,952,-1,NULL,2,2,0,1,25,250,1,NULL,-1,1,5,1,50
2.021E+11,24,2,2021,17:55:00,1,64,64348,1,3,1,3,MARTYRS DU PONT LONG DES,"433,483,100,000"," -0,3799800000",2.021E+11,111 751,B01,1,1,0,2,1,1,5,NULL,2.021E+11,148 219,111 750,A01,1,1,1,1,1977,9,1,8,-1,-1,-1,-1,2.021E+11,3,MARTYRS DU PONT LONG DES,0,NULL,2,2,0,1,30,610,1,NULL,-1,1,0,5,50
2.021E+11,24,2,2021,17:55:00,1,64,64348,1,3,1,3,MARTYRS DU PONT LONG DES,"433,483,100,000"," -0,3799800000",2.021E+11,111 751,B01,1,1,0,2,1,1,5,NULL,2.021E+11,148 220,111 751,B01,1,1,4,1,1978,1,8,0,-1,-1,-1,-1,2.021E+11,3,MARTYRS DU PONT LONG DES,0,NULL,2,2,0,1,30,610,1,NULL,-1,1,0,5,50
2.021E+11,21,2,2021,12:10:00,1,69,69266,2,1,1,3,ANDRE PHILIP (CR),"457,724,900,000","48,637,000,000",2.021E+11,111 289,B01,2,1,0,2,7,1,5,NULL,2.021E+11,147 651,111 289,B01,1,1,4,1,1986,5,2,0,-1,-1,-1,-1,2.021E+11,4,ANDRE PHILIP      (Cours),0,NULL,1,2,3,1,-1,-1,1,NULL,-1,1,0,1,50
2.021E+11,21,2,2021,12:10:00,1,69,69266,2,1,1,3,ANDRE PHILIP (CR),"457,724,900,000","48,637,000,000",2.021E+11,111 289,B01,2,1,0,2,7,1,5,NULL,2.021E+11,147 652,111 290,A01,1,1,1,1,1960,4,1,-1,-1,-1,-1,-1,2.021E+11,4,ANDRE PHILIP      (Cours),0,NULL,1,2,3,1,-1,-1,1,NULL,-1,1,0,1,50
2.021E+11,17,2,2021,10:55:00,1,83,83035,1,1,1,3,Route des Hauts du Camp,"432,495,870,000","57,862,810,000",2.021E+11,110 090,B01,2,1,0,2,0,1,5,NULL,2.021E+11,146 131,110 089,A01,1,1,1,1,1970,5,1,-1,-1,0,0,-1,2.021E+11,3,8,-1,NULL,2,2,0,1,3,700,1,NULL,-1,1,5,1,70
2.021E+11,17,2,2021,10:55:00,1,83,83035,1,1,1,3,Route des Hauts du Camp,"432,495,870,000","57,862,810,000",2.021E+11,110 090,B01,2,1,0,2,0,1,5,NULL,2.021E+11,146 132,110 090,B01,1,1,3,1,1948,5,2,-1,-1,0,0,-1,2.021E+11,3,8,-1,NULL,2,2,0,1,3,700,1,NULL,-1,1,5,1,70
2.021E+11,15,2,2021,12:15:00,1,83,83069,1,1,1,6,ALMANARRE (ROUTE DE L'),"430,808,000,000","61,275,000,000",2.021E+11,110 039,B01,2,1,1,0,1,9,5,NULL,2.021E+11,146 070,110 039,B01,1,1,4,1,1955,9,2,6,-1,-1,-1,-1,2.021E+11,7,ALMANARRE (ROUTE DE L'),0,NULL,2,2,0,1,46,170,1,NULL,-1,1,9,1,50
2.021E+11,4,2,2021,16:41:00,1,51,51454,2,3,1,3,Rue du Docteur Albert Schweitzer,"492,809,020,640","40,211,311,355",2.021E+11,107 805,B01,3,1,0,2,7,1,5,NULL,2.021E+11,143 098,107 804,A01,1,1,1,2,1993,0,1,-1,-1,-1,-1,-1,2.021E+11,4,SCHWEITZER (RUE DU DOCTEUR),0,NULL,2,2,0,1,-1,-1,1,NULL,-1,1,5,1,50
2.021E+11,4,2,2021,16:41:00,1,51,51454,2,3,1,3,Rue du Docteur Albert Schweitzer,"492,809,020,640","40,211,311,355",2.021E+11,107 805,B01,3,1,0,2,7,1,5,NULL,2.021E+11,143 099,107 805,B01,1,1,3,1,2009,0,8,-1,-1,-1,-1,-1,2.021E+11,4,SCHWEITZER (RUE DU DOCTEUR),0,NULL,2,2,0,1,-1,-1,1,NULL,-1,1,5,1,50
2.021E+11,29,10,2021,19:00:00,2,54,54159,1,1,1,6,SOMMERVILLER (ROUTE DE),"486,290,900,000","63,634,400,000",2.021E+11,183 285,B01,2,1,0,2,4,1,5,NULL,2.021E+11,242 703,183 284,C01,1,1,4,1,2006,5,8,0,-1,0,0,-1,2.021E+11,3,SOMMERVILLER (ROUTE DE),0,NULL,2,2,0,1,13,350,1,NULL,-1,1,0,1,80
2.021E+11,29,10,2021,19:00:00,2,54,54159,1,1,1,6,SOMMERVILLER (ROUTE DE),"486,290,900,000","63,634,400,000",2.021E+11,183 284,C01,2,1,0,2,4,1,5,NULL,2.021E+11,242 703,183 284,C01,1,1,4,1,2006,5,8,0,-1,0,0,-1,2.021E+11,3,SOMMERVILLER (ROUTE DE),0,NULL,2,2,0,1,13,350,1,NULL,-1,1,0,1,80
2.021E+11,29,10,2021,19:00:00,2,54,54159,1,1,1,6,SOMMERVILLER (ROUTE DE),"486,290,900,000","63,634,400,000",2.021E+11,183 285,B01,2,1,0,2,4,1,5,NULL,2.021E+11,242 704,183 285,B01,1,1,4,1,2007,5,8,0,-1,0,0,-1,2.021E+11,3,SOMMERVILLER (ROUTE DE),0,NULL,2,2,0,1,13,350,1,NULL,-1,1,0,1,80
2.021E+11,29,10,2021,19:00:00,2,54,54159,1,1,1,6,SOMMERVILLER (ROUTE DE),"486,290,900,000","63,634,400,000",2.021E+11,183 284,C01,2,1,0,2,4,1,5,NULL,2.021E+11,242 704,183 285,B01,1,1,4,1,2007,5,8,0,-1,0,0,-1,2.021E+11,3,SOMMERVILLER (ROUTE DE),0,NULL,2,2,0,1,13,350,1,NULL,-1,1,0,1,80
2.021E+11,29,10,2021,19:00:00,2,54,54159,1,1,1,6,SOMMERVILLER (ROUTE DE),"486,290,900,000","63,634,400,000",2.021E+11,183 285,B01,2,1,0,2,4,1,5,NULL,2.021E+11,242 705,183 286,A01,1,1,1,1,1954,5,1,0,-1,0,0,-1,2.021E+11,3,SOMMERVILLER (ROUTE DE),0,NULL,2,2,0,1,13,350,1,NULL,-1,1,0,1,80
2.021E+11,29,10,2021,19:00:00,2,54,54159,1,1,1,6,SOMMERVILLER (ROUTE DE),"486,290,900,000","63,634,400,000",2.021E+11,183 284,C01,2,1,0,2,4,1,5,NULL,2.021E+11,242 705,183 286,A01,1,1,1,1,1954,5,1,0,-1,0,0,-1,2.021E+11,3,SOMMERVILLER (ROUTE DE),0,NULL,2,2,0,1,13,350,1,NULL,-1,1,0,1,80
2.021E+11,20,10,2021,08:30:00,1,75,75120,2,2,2,3,AVENUE GAMBETTA,"488,647,780,000","23,957,450,000",2.021E+11,180 547,B01,2,1,0,2,1,1,5,NULL,2.021E+11,239 107,180 547,B01,1,1,4,2,1987,9,8,0,-1,0,0,-1,2.021E+11,4,RUE DES RONDEAUX,0,NULL,2,1,1,2,-1,-1,1,NULL,-1,2,-1,5,30
2.021E+11,20,10,2021,08:30:00,1,75,75120,2,2,2,3,AVENUE GAMBETTA,"488,647,780,000","23,957,450,000",2.021E+11,180 547,B01,2,1,0,2,1,1,5,NULL,2.021E+11,239 108,180 548,A01,1,1,1,1,1982,4,8,0,-1,0,0,-1,2.021E+11,4,RUE DES RONDEAUX,0,NULL,2,1,1,2,-1,-1,1,NULL,-1,2,-1,5,30
2.021E+11,21,10,2021,15:00:00,1,75,75113,2,3,3,3,AVENUE DE LA PORTE DE VITRY,"488,228,720,000","23,777,550,000",2.021E+11,180 537,B01,2,1,0,2,8,1,5,NULL,2.021E+11,239 094,180 537,B01,1,1,4,1,1986,1,2,0,-1,0,0,-1,2.021E+11,4,AVENUE DE LA PORTE DE VITRY,0,NULL,2,4,1,1,-1,-1,1,NULL,-1,2,-1,5,30
2.021E+11,21,10,2021,15:00:00,1,75,75113,2,3,3,3,AVENUE DE LA PORTE DE VITRY,"488,228,720,000","23,777,550,000",2.021E+11,180 537,B01,2,1,0,2,8,1,5,NULL,2.021E+11,239 095,180 538,A01,1,1,1,1,1946,4,1,0,-1,0,0,-1,2.021E+11,4,AVENUE DE LA PORTE DE VITRY,0,NULL,2,4,1,1,-1,-1,1,NULL,-1,2,-1,5,30
2.021E+11,20,10,2021,14:05:00,1,33,33075,2,6,1,2,Rue de Daugère,"448,841,400,000"," -0,5930900000",2.021E+11,180 220,B01,1,1,0,2,3,1,5,NULL,2.021E+11,238 701,180 219,A01,1,1,1,1,2001,4,1,-1,-1,-1,-1,-1,2.021E+11,4,RUE DE DAUGERE,0,NULL,-1,2,0,1,-1,-1,1,NULL,-1,1,0,1,50
2.021E+11,20,10,2021,14:05:00,1,33,33075,2,6,1,2,Rue de Daugère,"448,841,400,000"," -0,5930900000",2.021E+11,180 220,B01,1,1,0,2,3,1,5,NULL,2.021E+11,238 702,180 220,B01,1,1,4,2,1958,5,0,-1,-1,-1,-1,-1,2.021E+11,4,RUE DE DAUGERE,0,NULL,-1,2,0,1,-1,-1,1,NULL,-1,1,0,1,50
2.021E+11,23,3,2021,17:00:00,1,60,60684,2,1,1,3,avenue Frédéric et Irène Joliot Curie,"492,794,100,000","24,963,500,000",2.021E+11,179 175,B01,3,1,0,2,0,1,6,NULL,2.021E+11,237 345,179 175,B01,1,1,4,2,1996,0,8,0,-1,-1,-1,-1,2.021E+11,4,JOLIOT CURIE (RUE FREDERIC - IRENE),0,NULL,2,2,0,1,-1,-1,1,NULL,-1,1,0,1,70
2.021E+11,23,3,2021,17:00:00,1,60,60684,2,1,1,3,avenue Frédéric et Irène Joliot Curie,"492,794,100,000","24,963,500,000",2.021E+11,179 175,B01,3,1,0,2,0,1,6,NULL,2.021E+11,237 346,179 176,A01,1,1,1,2,1999,9,1,8,-1,-1,-1,-1,2.021E+11,4,JOLIOT CURIE (RUE FREDERIC - IRENE),0,NULL,2,2,0,1,-1,-1,1,NULL,-1,1,0,1,70
2.021E+11,11,10,2021,19:05:00,1,92,92036,2,6,1,6,PIERRE DE COUBERTIN (BOULEVARD) (PORT ->,"489,305,240,809","22,845,742,106",2.021E+11,177 179,B01,1,1,0,2,3,0,5,NULL,2.021E+11,234 755,177 178,A01,1,1,1,1,1972,4,1,8,-1,-1,-1,-1,2.021E+11,3,19,0,NULL,2,4,0,1,0,0,1,NULL,-1,1,0,1,50
2.021E+11,11,10,2021,19:05:00,1,92,92036,2,6,1,6,PIERRE DE COUBERTIN (BOULEVARD) (PORT ->,"489,305,240,809","22,845,742,106",2.021E+11,177 179,B01,1,1,0,2,3,0,5,NULL,2.021E+11,234 756,177 179,B01,1,1,4,1,1946,0,2,0,-1,-1,-1,-1,2.021E+11,3,19,0,NULL,2,4,0,1,0,0,1,NULL,-1,1,0,1,50
2.021E+11,8,10,2021,12:05:00,1,33,33167,1,6,1,3,Route de Bergerac,"448,431,000,000"," -0,5039200000",2.021E+11,176 010,B01,3,1,0,2,4,1,5,NULL,2.021E+11,233 217,176 009,A01,1,1,1,2,1978,5,1,-1,-1,-1,-1,-1,2.021E+11,4,D936,0,NULL,2,5,0,1,-1,-1,1,NULL,-1,1,0,1,50
2.021E+11,8,10,2021,12:05:00,1,33,33167,1,6,1,3,Route de Bergerac,"448,431,000,000"," -0,5039200000",2.021E+11,176 010,B01,3,1,0,2,4,1,5,NULL,2.021E+11,233 218,176 010,B01,1,1,3,1,1969,1,8,0,-1,-1,-1,-1,2.021E+11,4,D936,0,NULL,2,5,0,1,-1,-1,1,NULL,-1,1,0,1,50
2.021E+11,30,9,2021,13:55:00,1,5,5023,2,1,1,6,DE GAULLE (AVENUE DU GENERAL),"448,954,300,000","66,330,400,000",2.021E+11,173 179,B01,2,1,1,0,1,1,5,NULL,2.021E+11,229 574,173 178,A01,1,1,1,2,1982,9,8,-1,-1,0,0,-1,2.021E+11,3,DE GAULLE (AVENUE DU GENERAL),0,NULL,2,2,0,1,0,68,1,NULL,-1,1,0,1,50
2.021E+11,30,9,2021,13:55:00,1,5,5023,2,1,1,6,DE GAULLE (AVENUE DU GENERAL),"448,954,300,000","66,330,400,000",2.021E+11,173 179,B01,2,1,1,0,1,1,5,NULL,2.021E+11,229 575,173 179,B01,1,1,3,2,1967,0,0,-1,-1,0,0,-1,2.021E+11,3,DE GAULLE (AVENUE DU GENERAL),0,NULL,2,2,0,1,0,68,1,NULL,-1,1,0,1,50
2.021E+11,27,9,2021,17:00:00,1,33,33522,2,1,1,6,Cours de la Libération,"448,122,300,000"," -0,5909700000",2.021E+11,172 133,A01,1,1,0,1,1,1,5,NULL,2.021E+11,228 243,172 133,A01,1,1,1,1,2001,0,0,-1,-1,-1,-1,-1,2.021E+11,4,LIBERATION (CRS DE LA),0,NULL,3,2,2,1,-1,-1,1,NULL,-1,1,0,1,50
2.021E+11,27,9,2021,17:00:00,1,33,33522,2,1,1,6,Cours de la Libération,"448,122,300,000"," -0,5909700000",2.021E+11,172 133,A01,1,1,0,1,1,1,5,NULL,2.021E+11,228 244,172 133,A01,10,3,4,1,2015,5,0,-1,-1,3,3,3,2.021E+11,4,LIBERATION (CRS DE LA),0,NULL,3,2,2,1,-1,-1,1,NULL,-1,1,0,1,50
2.021E+11,20,9,2021,16:00:00,1,67,67482,2,8,8,3,JEAN WENGER VALENTIN (RUE),"485,996,400,000","77,595,100,000",2.021E+11,170 111,A01,1,1,0,4,7,19,5,NULL,2.021E+11,225 562,170 111,A01,1,1,4,2,1948,0,2,8,-1,-1,-1,-1,2.021E+11,4,JEAN WENGER VALENTIN (RUE),0,NULL,3,6,1,1,0,0,1,NULL,-1,1,4,6,50
2.021E+11,20,9,2021,16:00:00,1,67,67482,2,8,8,3,JEAN WENGER VALENTIN (RUE),"485,996,400,000","77,595,100,000",2.021E+11,170 111,A01,1,1,0,4,7,19,5,NULL,2.021E+11,225 563,170 112,B01,1,1,1,1,1981,4,1,8,-1,-1,-1,-1,2.021E+11,4,JEAN WENGER VALENTIN (RUE),0,NULL,3,6,1,1,0,0,1,NULL,-1,1,4,6,50
2.021E+11,20,9,2021,14:17:00,1,63,63075,2,5,1,3,THERMES (AVENUE DES),"457,759,100,000","30,680,100,000",2.021E+11,169 756,B01,2,1,0,2,7,1,5,NULL,2.021E+11,225 103,169 755,A01,1,1,1,2,1942,0,1,0,-1,0,0,-1,2.021E+11,7,THERMES (AVENUE DES),0,NULL,1,2,0,1,-1,-1,1,NULL,-1,1,0,1,50
2.021E+11,20,9,2021,14:17:00,1,63,63075,2,5,1,3,THERMES (AVENUE DES),"457,759,100,000","30,680,100,000",2.021E+11,169 756,B01,2,1,0,2,7,1,5,NULL,2.021E+11,225 104,169 756,B01,1,1,4,1,1960,1,2,0,-1,0,0,-1,2.021E+11,7,THERMES (AVENUE DES),0,NULL,1,2,0,1,-1,-1,1,NULL,-1,1,0,1,50
2.021E+11,18,9,2021,11:11:00,1,93,93053,2,2,1,3,ROSNY (AVENUE DE) N° 53 A 243,"488,990,430,000","24,710,110,000",2.021E+11,169 092,B01,1,1,0,2,1,1,5,NULL,2.021E+11,224 210,169 092,B01,1,1,3,2,1988,5,8,0,-1,-1,-1,-1,2.021E+11,3,ROSNY (AVENUE DE) N° 53 A 243,0,NULL,2,2,0,1,0,0,1,NULL,-1,1,0,1,50
2.021E+11,18,9,2021,11:11:00,1,93,93053,2,2,1,3,ROSNY (AVENUE DE) N° 53 A 243,"488,990,430,000","24,710,110,000",2.021E+11,169 092,B01,1,1,0,2,1,1,5,NULL,2.021E+11,224 211,169 093,A01,1,1,1,1,1984,5,1,0,-1,-1,-1,-1,2.021E+11,3,ROSNY (AVENUE DE) N° 53 A 243,0,NULL,2,2,0,1,0,0,1,NULL,-1,1,0,1,50
2.021E+11,8,9,2021,17:40:00,1,15,15014,2,1,1,1,Avenue des Pupilles de la Nation,"449,190,000,000","24,387,800,000",2.021E+11,166 089,B01,3,1,0,2,0,13,0,NULL,2.021E+11,220 319,166 089,B01,1,1,4,1,2004,9,2,4,-1,-1,-1,-1,2.021E+11,4,PUPILLES DE LA NATION (AVENUE DES),0,NULL,2,4,0,1,-1,-1,1,NULL,-1,1,0,1,50
2.021E+11,8,9,2021,17:40:00,1,15,15014,2,1,1,1,Avenue des Pupilles de la Nation,"449,190,000,000","24,387,800,000",2.021E+11,166 089,B01,3,1,0,2,0,13,0,NULL,2.021E+11,220 320,166 090,A01,1,1,1,1,1978,0,1,8,-1,-1,-1,-1,2.021E+11,4,PUPILLES DE LA NATION (AVENUE DES),0,NULL,2,4,0,1,-1,-1,1,NULL,-1,1,0,1,50
2.021E+11,7,9,2021,17:15:00,1,94,94016,2,1,1,3,Avenue du Président Wilson,"487,907,400,000","23,272,800,000",2.021E+11,165 274,A01,2,1,0,2,8,19,5,NULL,2.021E+11,219 264,165 273,B01,1,1,1,1,1982,1,2,-1,-1,-1,-1,-1,2.021E+11,3,PRESIDENT WILSON (AV DU),0,NULL,2,2,1,1,0,0,1,NULL,-1,1,0,1,50
2.021E+11,7,9,2021,17:15:00,1,94,94016,2,1,1,3,Avenue du Président Wilson,"487,907,400,000","23,272,800,000",2.021E+11,165 274,A01,2,1,0,2,8,19,5,NULL,2.021E+11,219 265,165 274,A01,1,1,3,2,1987,5,2,0,-1,-1,-1,-1,2.021E+11,3,PRESIDENT WILSON (AV DU),0,NULL,2,2,1,1,0,0,1,NULL,-1,1,0,1,50