Num_Acc,jour,mois,an,hrmn,lum,dep,com,agg,int,atm,col,adr,lat,long,Num_Acc,id_vehicule,num_veh,senc,catv,obs,obsm,choc,manv,motor,occutc,Num_Acc,id_usager,id_vehicule,num_veh,place,catu,grav,sexe,an_nais,trajet,secu1,secu2,secu3,locp,actp,etatp,Num_Acc,catr,voie,v1,v2,circ,nbv,vosp,prof,pr,pr1,plan,lartpc,larrout,surf,infra,situ,vma
2.021E+11,2,9,2021,15:21:00,1,75,75107,2,2,1,3,RUE D ESTREES,"488,517,750,000","23,138,490,000",2.021E+11,163 584,A01,1,1,0,2,7,15,5,NULL,2.021E+11,217 024,163 583,B01,1,1,4,1,1999,9,2,0,-1,0,0,-1,2.021E+11,4,RUE D ESTREES,0,NULL,1,2,0,1,-1,-1,1,NULL,-1,1,0,1,50
2.021E+11,2,9,2021,15:21:00,1,75,75107,2,2,1,3,RUE D ESTREES,"488,517,750,000","23,138,490,000",2.021E+11,163 584,A01,1,1,0,2,7,15,5,NULL,2.021E+11,217 025,163 584,A01,1,1,1,1,2003,1,2,0,-1,0,0,-1,2.021E+11,4,RUE D ESTREES,0,NULL,1,2,0,1,-1,-1,1,NULL,-1,1,0,1,50
2.021E+11,1,9,2021,14:50:00,1,44,44109,2,1,1,3,RUE GASTON MICHEL,"472,096,670,000","-15,608,430,000",2.021E+11,163 296,B01,0,1,0,0,0,0,5,NULL,2.021E+11,216 646,163 296,B01,1,1,3,1,1983,0,8,0,-1,-1,-1,-1,2.021E+11,4,RUE GASTON MICHEL,0,NULL,2,2,1,1,-1,-1,1,NULL,-1,1,0,5,30
2.021E+11,1,9,2021,14:50:00,1,44,44109,2,1,1,3,RUE GASTON MICHEL,"472,096,670,000","-15,608,430,000",2.021E+11,163 296,B01,0,1,0,0,0,0,5,NULL,2.021E+11,216 647,163 297,A01,1,1,1,2,1952,0,1,0,-1,-1,-1,-1,2.021E+11,4,RUE GASTON MICHEL,0,NULL,2,2,1,1,-1,-1,1,NULL,-1,1,0,5,30
2.021E+11,27,8,2021,07:25:00,1,54,54395,2,4,1,3,VILLERS (RUE DE),"486,852,490,599","61,665,079,157",2.021E+11,161 869,B01,1,1,0,2,8,1,5,NULL,2.021E+11,214 718,161 868,A01,1,1,1,1,1956,0,1,0,-1,0,0,-1,2.021E+11,4,VILLERS (RUE DE),0,NULL,1,1,2,4,-1,-1,1,NULL,-1,1,-1,1,30
2.021E+11,27,8,2021,07:25:00,1,54,54395,2,4,1,3,VILLERS (RUE DE),"486,852,490,599","61,665,079,157",2.021E+11,161 869,B01,1,1,0,2,8,1,5,NULL,2.021E+11,214 719,161 869,B01,1,1,3,1,1994,0,2,0,-1,0,0,-1,2.021E+11,4,VILLERS (RUE DE),0,NULL,1,1,2,4,-1,-1,1,NULL,-1,1,-1,1,30
2.021E+11,5,8,2021,18:10:00,1,17,17208,2,2,1,2,Rue de Curzay,"462,242,950,000"," -0,9941120000",2.021E+11,156 022,B01,0,1,8,0,4,19,5,NULL,2.021E+11,206 663,156 022,B01,1,1,3,1,2007,5,0,-1,-1,0,0,-1,2.021E+11,3,NULL,-1,NULL,2,2,0,1,4,469,1,NULL,3,2,0,1,50
2.021E+11,5,8,2021,18:10:00,1,17,17208,2,2,1,2,Rue de Curzay,"462,242,950,000"," -0,9941120000",2.021E+11,156 022,B01,0,1,8,0,4,19,5,NULL,2.021E+11,206 664,156 023,A01,1,1,1,2,1970,0,1,-1,-1,0,0,-1,2.021E+11,3,NULL,-1,NULL,2,2,0,1,4,469,1,NULL,3,2,0,1,50
2.021E+11,31,7,2021,17:05:00,1,30,30007,2,3,1,3,BILINA (QUAI),"441,305,100,000","40,722,200,000",2.021E+11,155 224,A01,2,1,0,2,1,19,5,NULL,2.021E+11,205 557,155 223,B01,1,1,1,1,1994,5,1,5,-1,-1,-1,-1,2.021E+11,3,BILINA (QUAI),0,NULL,2,2,0,1,0,530,1,NULL,-1,1,0,1,50
2.021E+11,31,7,2021,17:05:00,1,30,30007,2,3,1,3,BILINA (QUAI),"441,305,100,000","40,722,200,000",2.021E+11,155 224,A01,2,1,0,2,1,19,5,NULL,2.021E+11,205 558,155 224,A01,1,1,3,1,1979,0,8,0,-1,-1,-1,-1,2.021E+11,3,BILINA (QUAI),0,NULL,2,2,0,1,0,530,1,NULL,-1,1,0,1,50
2.021E+11,19,7,2021,07:00:00,1,976,97611,2,1,1,3,mamoudzou centre-RP Passot quai colas (R,"-127,767,700,000","452,319,200,000",2.021E+11,151 496,B01,1,1,0,2,3,13,5,NULL,2.021E+11,200 434,151 495,A01,1,1,1,1,1993,9,2,0,-1,-1,-1,-1,2.021E+11,2,mamoudzou centre-RP Passot quai colas (R,0,NULL,2,2,0,1,0,0,1,NULL,-1,1,0,1,50
2.021E+11,19,7,2021,07:00:00,1,976,97611,2,1,1,3,mamoudzou centre-RP Passot quai colas (R,"-127,767,700,000","452,319,200,000",2.021E+11,151 496,B01,1,1,0,2,3,13,5,NULL,2.021E+11,200 435,151 496,B01,1,1,4,1,2002,9,2,0,-1,-1,-1,-1,2.021E+11,2,mamoudzou centre-RP Passot quai colas (R,0,NULL,2,2,0,1,0,0,1,NULL,-1,1,0,1,50
2.021E+11,17,7,2021,00:00:00,5,31,31555,2,9,1,1,STRASBOURG (BD DE) DU 2AU 66,"436,091,000,000","14,454,500,000",2.021E+11,150 502,B01,3,1,0,2,1,8,0,NULL,2.021E+11,199 012,150 501,A01,1,1,1,-1,NULL,-1,-1,-1,-1,-1,-1,-1,2.021E+11,4,STRASBOURG (BD DE) DU 2AU 66,0,NULL,2,4,3,1,-1,-1,1,NULL,-1,1,0,1,50
2.021E+11,17,7,2021,00:00:00,5,31,31555,2,9,1,1,STRASBOURG (BD DE) DU 2AU 66,"436,091,000,000","14,454,500,000",2.021E+11,150 502,B01,3,1,0,2,1,8,0,NULL,2.021E+11,199 013,150 501,A01,2,2,1,2,2003,0,1,0,-1,-1,-1,-1,2.021E+11,4,STRASBOURG (BD DE) DU 2AU 66,0,NULL,2,4,3,1,-1,-1,1,NULL,-1,1,0,1,50
2.021E+11,17,7,2021,00:00:00,5,31,31555,2,9,1,1,STRASBOURG (BD DE) DU 2AU 66,"436,091,000,000","14,454,500,000",2.021E+11,150 502,B01,3,1,0,2,1,8,0,NULL,2.021E+11,199 014,150 502,B01,1,1,4,1,1994,1,8,0,-1,-1,-1,-1,2.021E+11,4,STRASBOURG (BD DE) DU 2AU 66,0,NULL,2,4,3,1,-1,-1,1,NULL,-1,1,0,1,50
2.021E+11,30,6,2021,12:25:00,1,64,64445,2,1,1,6,EMILE GARET,"433,000,442,411"," -0,3624163455",2.021E+11,146 276,B01,1,1,1,0,1,1,5,NULL,2.021E+11,193 220,146 276,B01,1,1,4,2,1956,5,8,0,-1,-1,-1,-1,2.021E+11,4,EMILE GARET,0,NULL,2,2,0,1,0,0,1,NULL,-1,1,0,1,30
2.021E+11,30,6,2021,12:25:00,1,64,64445,2,1,1,6,EMILE GARET,"433,000,442,411"," -0,3624163455",2.021E+11,146 276,B01,1,1,1,0,1,1,5,NULL,2.021E+11,193 221,146 277,A01,1,1,1,1,1994,0,1,0,-1,-1,-1,-1,2.021E+11,4,EMILE GARET,0,NULL,2,2,0,1,0,0,1,NULL,-1,1,0,1,30
2.021E+11,29,6,2021,23:00:00,5,75,75115,2,4,1,3,RUE DE VAUGIRARD,"488,398,490,000","23,021,270,000",2.021E+11,145 792,B01,2,1,0,2,1,1,5,NULL,2.021E+11,192 578,145 792,B01,1,1,4,1,1962,1,2,0,-1,0,0,-1,2.021E+11,4,RUE DE VAUGIRARD,0,NULL,1,3,1,1,-1,-1,1,NULL,-1,1,0,5,50
2.021E+11,29,6,2021,23:00:00,5,75,75115,2,4,1,3,RUE DE VAUGIRARD,"488,398,490,000","23,021,270,000",2.021E+11,145 792,B01,2,1,0,2,1,1,5,NULL,2.021E+11,192 579,145 793,A01,1,1,1,1,1984,4,1,0,-1,0,0,-1,2.021E+11,4,RUE DE VAUGIRARD,0,NULL,1,3,1,1,-1,-1,1,NULL,-1,1,0,5,50
2.021E+11,30,6,2021,07:50:00,1,13,13041,2,1,1,2,D8c,"434,494,920,000","54,498,250,000",2.021E+11,145 646,B01,1,1,0,2,4,2,5,NULL,2.021E+11,192 370,145 646,B01,1,1,4,1,1969,1,0,-1,-1,0,0,-1,2.021E+11,7,8,-1,C,2,2,0,1,2,775,1,NULL,-1,1,0,1,50
2.021E+11,30,6,2021,07:50:00,1,13,13041,2,1,1,2,D8c,"434,494,920,000","54,498,250,000",2.021E+11,145 646,B01,1,1,0,2,4,2,5,NULL,2.021E+11,192 371,145 647,A01,1,1,1,1,1947,3,1,-1,-1,0,0,-1,2.021E+11,7,8,-1,C,2,2,0,1,2,775,1,NULL,-1,1,0,1,50
2.021E+11,30,6,2021,19:40:00,1,92,92012,2,3,1,3,PIERRE GRENIER (AVENUE),"488,328,510,385","22,535,641,242",2.021E+11,145 540,A01,2,1,0,2,2,1,5,NULL,2.021E+11,192 228,145 540,A01,1,1,1,1,1973,0,1,0,-1,-1,-1,-1,2.021E+11,4,101,0,NULL,2,2,1,1,0,0,1,NULL,-1,1,0,1,50
2.021E+11,30,6,2021,19:40:00,1,92,92012,2,3,1,3,PIERRE GRENIER (AVENUE),"488,328,510,385","22,535,641,242",2.021E+11,145 540,A01,2,1,0,2,2,1,5,NULL,2.021E+11,192 229,145 541,B01,1,1,4,1,1976,0,8,0,-1,-1,-1,-1,2.021E+11,4,101,0,NULL,2,2,1,1,0,0,1,NULL,-1,1,0,1,50
2.021E+11,22,6,2021,14:00:00,1,94,94042,2,2,2,3,MARECHAL LECLERC (BD DU),"488,120,500,000","24,686,300,000",2.021E+11,142 926,B01,1,1,0,2,1,1,5,NULL,2.021E+11,188 796,142 925,A01,1,1,1,2,1990,0,1,0,-1,-1,-1,-1,2.021E+11,3,MARECHAL LECLERC (BD DU),0,NULL,2,4,1,4,1,0,1,NULL,-1,2,5,5,50
2.021E+11,22,6,2021,14:00:00,1,94,94042,2,2,2,3,MARECHAL LECLERC (BD DU),"488,120,500,000","24,686,300,000",2.021E+11,142 926,B01,1,1,0,2,1,1,5,NULL,2.021E+11,188 797,142 926,B01,1,1,4,1,1998,4,8,0,-1,-1,-1,-1,2.021E+11,3,MARECHAL LECLERC (BD DU),0,NULL,2,4,1,4,1,0,1,NULL,-1,2,5,5,50
2.021E+11,19,6,2021,17:00:00,1,94,94071,2,4,1,3,Rue Albert Dru,"487,626,260,000","25,198,400,000",2.021E+11,142 008,B01,1,1,0,2,1,1,5,NULL,2.021E+11,187 563,142 007,A01,1,1,1,1,1966,1,1,0,-1,-1,-1,-1,2.021E+11,4,ALBERT DRU (R),0,NULL,2,2,0,2,37,0,1,NULL,-1,1,0,1,50
2.021E+11,19,6,2021,17:00:00,1,94,94071,2,4,1,3,Rue Albert Dru,"487,626,260,000","25,198,400,000",2.021E+11,142 008,B01,1,1,0,2,1,1,5,NULL,2.021E+11,187 564,142 008,B01,1,1,4,1,1997,5,2,0,-1,-1,-1,-1,2.021E+11,4,ALBERT DRU (R),0,NULL,2,2,0,2,37,0,1,NULL,-1,1,0,1,50
2.021E+11,15,6,2021,08:00:00,1,37,37193,1,1,7,3,112 Route de Bourgueil,"472,809,403,228","0,2008770884",2.021E+11,140 136,B01,2,1,0,0,8,1,5,NULL,2.021E+11,185 140,140 135,A01,1,1,1,1,1946,9,8,-1,-1,0,0,-1,2.021E+11,3,635,0,NULL,2,2,0,1,3,100,1,NULL,-1,1,0,1,70
2.021E+11,15,6,2021,08:00:00,1,37,37193,1,1,7,3,112 Route de Bourgueil,"472,809,403,228","0,2008770884",2.021E+11,140 136,B01,2,1,0,0,8,1,5,NULL,2.021E+11,185 141,140 136,B01,1,1,4,1,1968,1,0,-1,-1,0,0,-1,2.021E+11,3,635,0,NULL,2,2,0,1,3,100,1,NULL,-1,1,0,1,70
2.021E+11,7,6,2021,18:45:00,1,64,64422,2,1,1,6,Rue Léon Jouhaux,"431,989,660,000"," -0,6120690000",2.021E+11,137 286,B01,2,1,0,2,8,1,5,NULL,2.021E+11,181 420,137 285,A01,1,1,1,1,1973,0,1,-1,-1,0,0,-1,2.021E+11,3,6,0,NULL,2,2,0,1,2,701,1,NULL,-1,1,0,5,50
2.021E+11,7,6,2021,18:45:00,1,64,64422,2,1,1,6,Rue Léon Jouhaux,"431,989,660,000"," -0,6120690000",2.021E+11,137 286,B01,2,1,0,2,8,1,5,NULL,2.021E+11,181 421,137 285,A01,2,2,1,2,1977,5,1,-1,-1,0,0,-1,2.021E+11,3,6,0,NULL,2,2,0,1,2,701,1,NULL,-1,1,0,5,50
2.021E+11,7,6,2021,18:45:00,1,64,64422,2,1,1,6,Rue Léon Jouhaux,"431,989,660,000"," -0,6120690000",2.021E+11,137 286,B01,2,1,0,2,8,1,5,NULL,2.021E+11,181 422,137 286,B01,1,1,3,1,1959,0,0,-1,-1,0,0,-1,2.021E+11,3,6,0,NULL,2,2,0,1,2,701,1,NULL,-1,1,0,5,50
2.021E+11,31,5,2021,14:00:00,1,68,68178,1,1,1,7,D431,"479,056,990,000","70,896,150,000",2.021E+11,134 867,A01,2,1,0,0,9,1,5,NULL,2.021E+11,178 291,134 867,A01,1,1,3,1,1958,5,2,-1,-1,0,0,-1,2.021E+11,3,431,-1,NULL,2,2,0,2,5,0,3,NULL,-1,1,0,1,80
2.021E+11,13,5,2021,16:30:00,1,66,66008,1,1,1,2,Route du Littoral,"425,811,470,000","30,326,340,000",2.021E+11,130 501,A01,1,1,1,0,1,1,5,NULL,2.021E+11,172 544,130 500,B01,1,1,1,1,1966,5,1,-1,-1,0,0,-1,2.021E+11,3,81,-1,NULL,2,2,0,1,28,567,1,NULL,-1,1,0,3,50
2.021E+11,13,5,2021,16:30:00,1,66,66008,1,1,1,2,Route du Littoral,"425,811,470,000","30,326,340,000",2.021E+11,130 501,A01,1,1,1,0,1,1,5,NULL,2.021E+11,172 545,130 501,A01,1,1,3,1,1953,5,2,-1,-1,0,0,-1,2.021E+11,3,81,-1,NULL,2,2,0,1,28,567,1,NULL,-1,1,0,3,50
2.021E+11,6,5,2021,07:55:00,1,51,51454,2,1,1,6,Rue Gerbert,"492,503,600,000","40,393,500,000",2.021E+11,128 152,B01,3,1,0,9,1,1,5,NULL,2.021E+11,169 385,128 151,A01,1,1,1,2,1976,1,1,-1,-1,-1,-1,-1,2.021E+11,4,GERBERT (RUE),0,NULL,2,3,1,1,-1,-1,1,NULL,-1,1,9,5,50
2.021E+11,6,5,2021,07:55:00,1,51,51454,2,1,1,6,Rue Gerbert,"492,503,600,000","40,393,500,000",2.021E+11,128 152,B01,3,1,0,9,1,1,5,NULL,2.021E+11,169 386,128 152,B01,1,1,4,1,1964,0,2,-1,-1,-1,-1,-1,2.021E+11,4,GERBERT (RUE),0,NULL,2,3,1,1,-1,-1,1,NULL,-1,1,9,5,50
2.021E+11,4,5,2021,17:50:00,1,33,33281,2,9,1,3,Avenue Roland Garros,"448,245,600,000"," -0,6863300000",2.021E+11,127 808,A01,0,1,0,2,8,19,5,NULL,2.021E+11,168 955,127 807,B01,1,1,1,1,1997,0,1,-1,-1,-1,-1,-1,2.021E+11,4,NULL,0,NULL,2,2,0,1,-1,-1,3,NULL,-1,1,0,5,70
2.021E+11,4,5,2021,17:50:00,1,33,33281,2,9,1,3,Avenue Roland Garros,"448,245,600,000"," -0,6863300000",2.021E+11,127 808,A01,0,1,0,2,8,19,5,NULL,2.021E+11,168 956,127 808,A01,1,1,4,1,1999,0,2,-1,-1,-1,-1,-1,2.021E+11,4,NULL,0,NULL,2,2,0,1,-1,-1,3,NULL,-1,1,0,5,70
2.021E+11,27,4,2021,19:01:00,1,10,10387,2,6,1,3,ROBERT GALLEY (RUE),"482,899,800,000","40,677,600,000",2.021E+11,126 186,B01,1,1,0,2,7,1,5,NULL,2.021E+11,166 863,126 186,B01,1,1,4,1,1992,5,2,0,-1,-1,-1,-1,2.021E+11,3,ROBERT GALLEY (RUE),0,NULL,1,2,1,1,-1,-1,1,NULL,-1,1,0,1,50
2.021E+11,27,4,2021,19:01:00,1,10,10387,2,6,1,3,ROBERT GALLEY (RUE),"482,899,800,000","40,677,600,000",2.021E+11,126 186,B01,1,1,0,2,7,1,5,NULL,2.021E+11,166 864,126 187,A01,1,1,1,1,1996,1,1,0,-1,-1,-1,-1,2.021E+11,3,ROBERT GALLEY (RUE),0,NULL,1,2,1,1,-1,-1,1,NULL,-1,1,0,1,50
2.021E+11,25,4,2021,14:30:00,1,76,76351,2,1,1,6,GUSTAVE FLAUBERT,"494,967,450,000","0,1068500000",2.021E+11,125 743,A01,3,1,0,0,0,1,5,NULL,2.021E+11,166 291,125 743,A01,1,1,3,1,1990,5,8,0,-1,-1,-1,-1,2.021E+11,4,GUSTAVE FLAUBERT,0,NULL,1,1,0,1,-1,-1,1,NULL,-1,1,0,1,50
2.021E+11,27,4,2021,17:00:00,1,22,22364,2,1,7,3,D776,"484,372,020,000","-21,121,220,000",2.021E+11,125 552,B01,2,1,0,2,3,1,5,NULL,2.021E+11,166 057,125 551,A01,1,1,1,2,1973,5,8,-1,-1,0,0,-1,2.021E+11,3,776,0,D,2,2,0,1,1,60,3,NULL,-1,1,0,1,70
2.021E+11,27,4,2021,17:00:00,1,22,22364,2,1,7,3,D776,"484,372,020,000","-21,121,220,000",2.021E+11,125 552,B01,2,1,0,2,3,1,5,NULL,2.021E+11,166 058,125 552,B01,1,1,4,2,1949,5,2,4,9,0,0,-1,2.021E+11,3,776,0,D,2,2,0,1,1,60,3,NULL,-1,1,0,1,70
2.021E+11,22,4,2021,13:35:00,1,50,50129,2,4,1,3,MILLET (AVENUE JEAN-FRANCOIS),"496,338,340,000","-16,223,180,000",2.021E+11,124 766,A01,2,1,0,2,1,1,5,NULL,2.021E+11,165 036,124 766,A01,1,1,4,1,1951,5,8,0,-1,-1,-1,-1,2.021E+11,3,MILLET (AVENUE JEAN-FRANCOIS),0,NULL,3,6,0,1,25,596,1,NULL,-1,1,5,1,50
2.021E+11,22,4,2021,13:35:00,1,50,50129,2,4,1,3,MILLET (AVENUE JEAN-FRANCOIS),"496,338,340,000","-16,223,180,000",2.021E+11,124 766,A01,2,1,0,2,1,1,5,NULL,2.021E+11,165 037,124 767,B01,1,1,1,2,1960,1,1,0,-1,-1,-1,-1,2.021E+11,3,MILLET (AVENUE JEAN-FRANCOIS),0,NULL,3,6,0,1,25,596,1,NULL,-1,1,5,1,50
2.021E+11,8,4,2021,10:00:00,1,92,92049,2,1,1,6,BROSSOLETTE AVENUE PIERRE,"488,148,609,217","23,039,424,419",2.021E+11,121 973,A01,2,1,8,0,1,1,0,NULL,2.021E+11,161 423,121 973,A01,1,1,4,1,1990,4,8,0,-1,-1,-1,-1,2.021E+11,3,BROSSOLETTE AVENUE PIERRE,0,NULL,2,4,2,1,0,0,1,NULL,-1,1,0,5,50
2.021E+11,25,3,2021,09:00:00,1,75,75110,2,1,2,3,RUE DES VINAIGRIERS,"488,731,560,000","23,621,900,000",2.021E+11,118 389,B01,2,1,0,2,0,1,5,NULL,2.021E+11,156 760,118 389,B01,1,1,4,1,1967,1,2,0,-1,0,0,-1,2.021E+11,4,RUE DES VINAIGRIERS,0,NULL,2,2,0,1,-1,-1,1,NULL,-1,2,0,1,30
2.021E+11,25,3,2021,09:00:00,1,75,75110,2,1,2,3,RUE DES VINAIGRIERS,"488,731,560,000","23,621,900,000",2.021E+11,118 389,B01,2,1,0,2,0,1,5,NULL,2.021E+11,156 761,118 390,A01,1,1,1,1,1992,1,1,0,-1,0,0,-1,2.021E+11,4,RUE DES VINAIGRIERS,0,NULL,2,2,0,1,-1,-1,1,NULL,-1,2,0,1,30
2.021E+11,25,3,2021,19:50:00,5,94,94002,2,1,1,6,Rue Paul Vaillant Couturier,"488,141,800,000","24,154,300,000",2.021E+11,118 373,A01,1,1,0,1,1,1,5,NULL,2.021E+11,156 739,118 373,A01,10,3,4,2,1965,9,0,-1,-1,5,4,1,2.021E+11,4,VAILLANT COUTURIER (R),0,NULL,1,2,3,1,1,0,1,NULL,-1,1,0,4,50
2.021E+11,25,3,2021,19:50:00,5,94,94002,2,1,1,6,Rue Paul Vaillant Couturier,"488,141,800,000","24,154,300,000",2.021E+11,118 373,A01,1,1,0,1,1,1,5,NULL,2.021E+11,156 740,118 373,A01,1,1,4,1,1998,4,8,0,-1,-1,-1,-1,2.021E+11,4,VAILLANT COUTURIER (R),0,NULL,1,2,3,1,1,0,1,NULL,-1,1,0,4,50
2.021E+11,3,3,2021,20:40:00,5,94,94080,2,1,1,3,PARIS (AV DE),"488,450,050,000","24,342,860,000",2.021E+11,118 129,B01,2,1,0,2,3,1,5,NULL,2.021E+11,156 441,118 129,B01,1,1,4,1,1991,0,8,8,-1,0,0,-1,2.021E+11,3,PARIS (AV DE),0,NULL,2,4,0,1,1,0,1,NULL,-1,1,0,1,50
2.021E+11,3,3,2021,20:40:00,5,94,94080,2,1,1,3,PARIS (AV DE),"488,450,050,000","24,342,860,000",2.021E+11,118 129,B01,2,1,0,2,3,1,5,NULL,2.021E+11,156 442,118 130,Z01,1,1,1,-1,NULL,-1,-1,-1,-1,-1,-1,-1,2.021E+11,3,PARIS (AV DE),0,NULL,2,4,0,1,1,0,1,NULL,-1,1,0,1,50
2.021E+11,23,3,2021,08:55:00,1,78,78367,2,1,1,6,MARE GRISEAU N°2 (RESIDENCE),"488,834,500,000","20,717,300,000",2.021E+11,117 970,B01,1,1,0,0,0,1,0,NULL,2.021E+11,156 244,117 970,B01,1,1,4,2,1976,9,2,0,-1,-1,-1,-1,2.021E+11,4,MARE GRISEAU N°2 (RESIDENCE),0,NULL,-1,1,0,2,-1,-1,1,NULL,-1,1,0,1,50
2.021E+11,23,3,2021,08:55:00,1,78,78367,2,1,1,6,MARE GRISEAU N°2 (RESIDENCE),"488,834,500,000","20,717,300,000",2.021E+11,117 970,B01,1,1,0,0,0,1,0,NULL,2.021E+11,156 245,117 971,A01,1,1,1,1,1959,0,8,0,-1,-1,-1,-1,2.021E+11,4,MARE GRISEAU N°2 (RESIDENCE),0,NULL,-1,1,0,2,-1,-1,1,NULL,-1,1,0,1,50
2.021E+11,25,2,2021,17:15:00,1,69,69013,2,6,1,3,RN6 (CHARTONNIERE),"460,203,003,831","47,207,736,969",2.021E+11,112 593,B01,2,1,0,2,1,1,5,NULL,2.021E+11,149 338,112 592,Z01,1,1,1,1,1983,1,8,-1,-1,-1,-1,-1,2.021E+11,3,RN6 (CHARTONNIERE),0,NULL,1,2,0,1,17,500,2,NULL,-1,1,9,1,50
2.021E+11,25,2,2021,17:15:00,1,69,69013,2,6,1,3,RN6 (CHARTONNIERE),"460,203,003,831","47,207,736,969",2.021E+11,112 593,B01,2,1,0,2,1,1,5,NULL,2.021E+11,149 339,112 593,B01,1,1,4,2,1944,5,2,-1,-1,-1,-1,-1,2.021E+11,3,RN6 (CHARTONNIERE),0,NULL,1,2,0,1,17,500,2,NULL,-1,1,9,1,50
2.021E+11,22,2,2021,08:05:00,1,45,45235,1,6,1,3,Rue des Varennes,"479,435,500,000","18,341,600,000",2.021E+11,111 501,B01,2,1,0,2,7,1,0,NULL,2.021E+11,147 921,111 501,B01,1,1,3,1,1982,1,8,0,-1,-1,-1,-1,2.021E+11,4,VARENNES (RU DES),0,NULL,2,2,0,1,-1,-1,1,NULL,-1,1,0,1,50
2.021E+11,22,2,2021,08:05:00,1,45,45235,1,6,1,3,Rue des Varennes,"479,435,500,000","18,341,600,000",2.021E+11,111 501,B01,2,1,0,2,7,1,0,NULL,2.021E+11,147 922,111 502,A01,1,1,1,1,1963,1,1,0,-1,-1,-1,-1,2.021E+11,4,VARENNES (RU DES),0,NULL,2,2,0,1,-1,-1,1,NULL,-1,1,0,1,50
2.021E+11,20,2,2021,13:00:00,1,95,95594,1,1,1,2,RD 922,"491,254,065,456","23,975,953,962",2.021E+11,110 882,B01,1,1,0,2,4,2,5,NULL,2.021E+11,147 120,110 882,B01,1,1,4,1,1997,5,2,-1,-1,0,0,-1,2.021E+11,3,922,0,D,2,2,0,3,43,337,2,NULL,-1,1,0,3,80
2.021E+11,20,2,2021,13:00:00,1,95,95594,1,1,1,2,RD 922,"491,254,065,456","23,975,953,962",2.021E+11,110 882,B01,1,1,0,2,4,2,5,NULL,2.021E+11,147 121,110 883,A01,1,1,1,1,1983,9,8,-1,-1,0,0,-1,2.021E+11,3,922,0,D,2,2,0,3,43,337,2,NULL,-1,1,0,3,80
2.021E+11,11,2,2021,12:00:00,1,33,33108,2,2,1,3,36 Rue du Champ de Foire,"448,529,940,000"," -0,0476120000",2.021E+11,109 036,B01,3,1,0,2,1,1,5,NULL,2.021E+11,144 710,109 035,A01,1,1,1,1,1975,3,1,-1,-1,0,0,-1,2.021E+11,4,NULL,-1,NULL,2,2,0,1,-1,-1,1,NULL,-1,1,0,1,50
2.021E+11,11,2,2021,12:00:00,1,33,33108,2,2,1,3,36 Rue du Champ de Foire,"448,529,940,000"," -0,0476120000",2.021E+11,109 036,B01,3,1,0,2,1,1,5,NULL,2.021E+11,144 711,109 036,B01,1,1,3,1,2002,5,0,-1,-1,0,0,-1,2.021E+11,4,NULL,-1,NULL,2,2,0,1,-1,-1,1,NULL,-1,1,0,1,50
2.021E+11,5,2,2021,12:15:00,1,56,56094,1,1,1,3,D194,"477,643,700,000","-33,003,210,000",2.021E+11,107 684,B01,1,1,0,2,8,2,5,NULL,2.021E+11,142 950,107 683,A01,1,1,1,2,1989,0,1,-1,-1,0,0,-1,2.021E+11,3,194,-1,NULL,2,2,2,1,5,470,1,NULL,-1,1,0,5,80
2.021E+11,5,2,2021,12:15:00,1,56,56094,1,1,1,3,D194,"477,643,700,000","-33,003,210,000",2.021E+11,107 684,B01,1,1,0,2,8,2,5,NULL,2.021E+11,142 951,107 684,B01,1,1,3,1,1942,5,2,-1,-1,0,0,-1,2.021E+11,3,194,-1,NULL,2,2,2,1,5,470,1,NULL,-1,1,0,5,80
2.021E+11,9,1,2021,19:20:00,5,92,92073,2,2,1,3,BAS ROGERS (RUE DES),"488,827,467,088","22,236,063,555",2.021E+11,102 304,B01,0,1,0,2,8,19,0,NULL,2.021E+11,135 744,102 303,A01,1,1,1,1,1987,0,1,0,-1,-1,-1,-1,2.021E+11,3,104,0,NULL,2,0,0,1,10,0,1,NULL,-1,1,0,1,50
2.021E+11,9,1,2021,19:20:00,5,92,92073,2,2,1,3,BAS ROGERS (RUE DES),"488,827,467,088","22,236,063,555",2.021E+11,102 304,B01,0,1,0,2,8,19,0,NULL,2.021E+11,135 745,102 304,B01,1,1,4,1,2005,0,0,-1,-1,0,0,-1,2.021E+11,3,104,0,NULL,2,0,0,1,10,0,1,NULL,-1,1,0,1,50
2.021E+11,16,10,2021,15:30:00,1,69,69383,2,1,1,1,VICTOR AUGAGNEUR (Q),"457,620,300,000","48,412,500,000",2.021E+11,178 823,A01,2,1,0,2,1,1,5,NULL,2.021E+11,236 853,178 822,B01,1,1,4,1,1992,0,8,-1,-1,-1,-1,-1,2.021E+11,4,VICTOR AUGAGNEUR                    (QU),0,NULL,1,3,1,1,-1,-1,1,NULL,-1,1,0,5,50
2.021E+11,16,10,2021,15:30:00,1,69,69383,2,1,1,1,VICTOR AUGAGNEUR (Q),"457,620,300,000","48,412,500,000",2.021E+11,178 822,B01,1,1,0,2,1,9,5,NULL,2.021E+11,236 853,178 822,B01,1,1,4,1,1992,0,8,-1,-1,-1,-1,-1,2.021E+11,4,VICTOR AUGAGNEUR                    (QU),0,NULL,1,3,1,1,-1,-1,1,NULL,-1,1,0,5,50