Num_Acc,jour,mois,an,hrmn,lum,dep,com,agg,int,atm,col,adr,lat,long,Num_Acc,id_vehicule,num_veh,senc,catv,obs,obsm,choc,manv,motor,occutc,Num_Acc,id_usager,id_vehicule,num_veh,place,catu,grav,sexe,an_nais,trajet,secu1,secu2,secu3,locp,actp,etatp,Num_Acc,catr,voie,v1,v2,circ,nbv,vosp,prof,pr,pr1,plan,lartpc,larrout,surf,infra,situ,vma
2.021E+11,16,10,2021,15:30:00,1,69,69383,2,1,1,1,VICTOR AUGAGNEUR (Q),"457,620,300,000","48,412,500,000",2.021E+11,178 823,A01,2,1,0,2,1,1,5,NULL,2.021E+11,236 854,178 823,A01,1,1,4,1,1986,5,2,-1,-1,-1,-1,-1,2.021E+11,4,VICTOR AUGAGNEUR                    (QU),0,NULL,1,3,1,1,-1,-1,1,NULL,-1,1,0,5,50
2.021E+11,16,10,2021,15:30:00,1,69,69383,2,1,1,1,VICTOR AUGAGNEUR (Q),"457,620,300,000","48,412,500,000",2.021E+11,178 822,B01,1,1,0,2,1,9,5,NULL,2.021E+11,236 854,178 823,A01,1,1,4,1,1986,5,2,-1,-1,-1,-1,-1,2.021E+11,4,VICTOR AUGAGNEUR                    (QU),0,NULL,1,3,1,1,-1,-1,1,NULL,-1,1,0,5,50
2.021E+11,14,10,2021,19:30:00,5,75,75116,2,1,1,1,ALLEE DE LONGCHAMP,"488,721,510,000","22,633,860,000",2.021E+11,178 313,B01,2,1,0,2,1,1,5,NULL,2.021E+11,236 178,178 313,B01,1,1,4,1,1966,1,8,4,-1,0,0,-1,2.021E+11,4,ALLEE DE LONGCHAMP,0,NULL,2,2,1,1,-1,-1,1,NULL,-1,1,-1,5,50
2.021E+11,14,10,2021,19:30:00,5,75,75116,2,1,1,1,ALLEE DE LONGCHAMP,"488,721,510,000","22,633,860,000",2.021E+11,178 313,B01,2,1,0,2,1,1,5,NULL,2.021E+11,236 179,178 314,A01,1,1,1,1,1967,1,8,0,-1,0,0,-1,2.021E+11,4,ALLEE DE LONGCHAMP,0,NULL,2,2,1,1,-1,-1,1,NULL,-1,1,-1,5,50
2.021E+11,4,9,2021,15:10:00,1,50,50602,1,1,1,6,COUPLETS (ROUTE DES),"496,504,100,000","-15,535,300,000",2.021E+11,164 957,A01,3,1,13,0,1,14,5,NULL,2.021E+11,218 858,164 957,A01,1,1,3,1,1942,5,2,-1,-1,-1,-1,-1,2.021E+11,3,COUPLETS (ROUTE DES),0,NULL,2,2,0,2,-1,-1,1,NULL,-1,1,0,1,70
2.021E+11,27,8,2021,11:40:00,1,25,25462,2,1,1,1,SALINS DE (DU 16 AU 63),"469,065,100,000","63,477,700,000",2.021E+11,162 144,B01,1,1,1,2,1,1,5,NULL,2.021E+11,215 106,162 144,B01,1,1,4,1,1978,0,8,0,-1,-1,-1,-1,2.021E+11,4,SALINS DE (DU 16 AU 63),0,NULL,2,1,0,1,-1,-1,1,NULL,-1,1,0,1,50
2.021E+11,27,8,2021,11:40:00,1,25,25462,2,1,1,1,SALINS DE (DU 16 AU 63),"469,065,100,000","63,477,700,000",2.021E+11,162 144,B01,1,1,1,2,1,1,5,NULL,2.021E+11,215 107,162 145,A01,1,1,1,2,1958,5,1,0,-1,-1,-1,-1,2.021E+11,4,SALINS DE (DU 16 AU 63),0,NULL,2,1,0,1,-1,-1,1,NULL,-1,1,0,1,50
2.021E+11,27,8,2021,18:40:00,1,37,37261,2,2,1,6,CHANZY (RUE DU GENERAL),"473,890,866,333","0,6730881986",2.021E+11,161 845,A01,2,1,0,2,2,1,0,NULL,2.021E+11,214 693,161 845,A01,1,1,4,1,1998,4,8,0,-1,-1,-1,-1,2.021E+11,4,CHANZY (RUE DU GENERAL),0,NULL,1,1,0,1,-1,-1,1,NULL,-1,1,0,1,50
2.021E+11,27,8,2021,18:40:00,1,37,37261,2,2,1,6,CHANZY (RUE DU GENERAL),"473,890,866,333","0,6730881986",2.021E+11,161 845,A01,2,1,0,2,2,1,0,NULL,2.021E+11,214 694,161 846,B01,1,1,1,1,1973,0,1,0,-1,-1,-1,-1,2.021E+11,4,CHANZY (RUE DU GENERAL),0,NULL,1,1,0,1,-1,-1,1,NULL,-1,1,0,1,50
2.021E+11,27,7,2021,13:45:00,1,69,69266,2,1,1,3,AUGUSTE BLANQUI (AV),"457,627,918,033","48,846,656,306",2.021E+11,153 827,B01,1,1,0,2,3,1,5,NULL,2.021E+11,203 609,153 826,A01,1,1,1,-1,NULL,-1,8,-1,-1,-1,-1,-1,2.021E+11,4,AUGUSTE BLANQUI    (Avenue),0,NULL,1,1,2,1,-1,-1,1,NULL,-1,1,0,5,50
2.021E+11,27,7,2021,13:45:00,1,69,69266,2,1,1,3,AUGUSTE BLANQUI (AV),"457,627,918,033","48,846,656,306",2.021E+11,153 827,B01,1,1,0,2,3,1,5,NULL,2.021E+11,203 610,153 827,B01,1,1,4,1,1987,1,2,0,-1,-1,-1,-1,2.021E+11,4,AUGUSTE BLANQUI    (Avenue),0,NULL,1,1,2,1,-1,-1,1,NULL,-1,1,0,5,50
2.021E+11,20,7,2021,07:35:00,1,95,95585,2,1,1,3,REFUZNICKS (ROUTE DES),"489,850,500,000","23,830,500,000",2.021E+11,151 873,B01,1,1,0,2,7,1,5,NULL,2.021E+11,200 920,151 872,A01,1,1,1,1,1995,1,1,-1,-1,-1,0,-1,2.021E+11,3,REFUZNICKS (ROUTE DES),0,NULL,2,4,0,1,5,0,1,NULL,-1,1,0,1,50
2.021E+11,20,7,2021,07:35:00,1,95,95585,2,1,1,3,REFUZNICKS (ROUTE DES),"489,850,500,000","23,830,500,000",2.021E+11,151 873,B01,1,1,0,2,7,1,5,NULL,2.021E+11,200 921,151 873,B01,1,1,4,1,1976,1,8,-1,-1,-1,0,-1,2.021E+11,3,REFUZNICKS (ROUTE DES),0,NULL,2,4,0,1,5,0,1,NULL,-1,1,0,1,50
2.021E+11,11,7,2021,10:35:00,1,35,35238,2,9,1,2,SERGENT MAGINOT (AVENUE),"481,099,800,000","-16,575,400,000",2.021E+11,149 170,B01,1,1,0,2,4,1,6,NULL,2.021E+11,197 180,149 170,B01,1,1,4,1,1997,5,2,-1,-1,-1,-1,-1,2.021E+11,4,SERGENT MAGINOT (AVENUE),0,NULL,1,1,2,1,-1,-1,1,NULL,-1,1,0,5,50
2.021E+11,11,7,2021,10:35:00,1,35,35238,2,9,1,2,SERGENT MAGINOT (AVENUE),"481,099,800,000","-16,575,400,000",2.021E+11,149 170,B01,1,1,0,2,4,1,6,NULL,2.021E+11,197 181,149 171,C01,1,1,1,1,1999,0,8,-1,-1,-1,-1,-1,2.021E+11,4,SERGENT MAGINOT (AVENUE),0,NULL,1,1,2,1,-1,-1,1,NULL,-1,1,0,5,50
2.021E+11,8,7,2021,10:45:00,1,75,75111,2,2,1,3,BOULEVARD VOLTAIRE,"488,597,580,000","23,768,420,000",2.021E+11,148 135,B01,1,1,0,2,8,1,5,NULL,2.021E+11,195 720,148 134,A01,1,1,1,1,1976,4,1,0,-1,0,0,-1,2.021E+11,4,BOULEVARD VOLTAIRE,0,NULL,2,-1,1,1,-1,-1,1,NULL,-1,1,0,5,30
2.021E+11,8,7,2021,10:45:00,1,75,75111,2,2,1,3,BOULEVARD VOLTAIRE,"488,597,580,000","23,768,420,000",2.021E+11,148 135,B01,1,1,0,2,8,1,5,NULL,2.021E+11,195 721,148 135,B01,1,1,4,1,1991,9,8,0,-1,0,0,-1,2.021E+11,4,BOULEVARD VOLTAIRE,0,NULL,2,-1,1,1,-1,-1,1,NULL,-1,1,0,5,30
2.021E+11,7,7,2021,18:58:00,1,92,92040,2,1,1,2,FOUCHER LEPELLETIER,"488,302,894,309","22,802,786,529",2.021E+11,147 693,B01,1,1,0,2,4,1,5,NULL,2.021E+11,195 163,147 692,A01,1,1,4,1,2000,4,2,6,-1,-1,-1,-1,2.021E+11,4,NULL,0,NULL,1,1,1,1,0,0,1,NULL,-1,9,0,1,30
2.021E+11,7,7,2021,18:58:00,1,92,92040,2,1,1,2,FOUCHER LEPELLETIER,"488,302,894,309","22,802,786,529",2.021E+11,147 693,B01,1,1,0,2,4,1,5,NULL,2.021E+11,195 164,147 693,B01,1,1,1,1,1991,0,8,0,-1,-1,-1,-1,2.021E+11,4,NULL,0,NULL,1,1,1,1,0,0,1,NULL,-1,9,0,1,30
2.021E+11,1,7,2021,08:25:00,1,27,27013,1,1,1,3,Route du Val Pitan,"493,114,990,000","12,486,170,000",2.021E+11,145 475,B01,2,1,0,2,8,2,5,NULL,2.021E+11,192 148,145 474,A01,1,1,1,1,1942,9,1,-1,-1,0,0,-1,2.021E+11,3,19,0,D,2,2,0,1,4,500,1,NULL,-1,1,0,1,70
2.021E+11,1,7,2021,08:25:00,1,27,27013,1,1,1,3,Route du Val Pitan,"493,114,990,000","12,486,170,000",2.021E+11,145 475,B01,2,1,0,2,8,2,5,NULL,2.021E+11,192 149,145 475,B01,1,1,3,1,1948,5,0,-1,-1,0,0,-1,2.021E+11,3,19,0,D,2,2,0,1,4,500,1,NULL,-1,1,0,1,70
2.021E+11,24,6,2021,18:00:00,1,4,4019,2,2,1,3,RD 900 / RD 902,"443,867,220,000","66,499,040,000",2.021E+11,144 470,B01,2,1,0,2,3,19,5,NULL,2.021E+11,190 810,144 469,A01,1,1,1,-1,NULL,-1,-1,-1,-1,-1,-1,-1,2.021E+11,3,900,0,NULL,1,1,0,1,86,30,1,NULL,-1,1,5,1,50
2.021E+11,24,6,2021,18:00:00,1,4,4019,2,2,1,3,RD 900 / RD 902,"443,867,220,000","66,499,040,000",2.021E+11,144 470,B01,2,1,0,2,3,19,5,NULL,2.021E+11,190 811,144 470,B01,1,1,4,1,2007,5,0,-1,-1,0,0,-1,2.021E+11,3,900,0,NULL,1,1,0,1,86,30,1,NULL,-1,1,5,1,50
2.021E+11,23,6,2021,23:30:00,5,75,75111,2,2,1,3,AVENUE DE LA REPUBLIQUE,"488,629,650,000","23,871,930,000",2.021E+11,143 639,A01,2,1,0,2,0,10,5,NULL,2.021E+11,189 687,143 638,B01,1,1,4,2,1965,9,2,0,-1,0,0,-1,2.021E+11,4,AVENUE DE LA REPUBLIQUE,0,NULL,2,4,1,2,-1,-1,1,NULL,-1,1,0,5,30
2.021E+11,23,6,2021,23:30:00,5,75,75111,2,2,1,3,AVENUE DE LA REPUBLIQUE,"488,629,650,000","23,871,930,000",2.021E+11,143 638,B01,1,1,0,2,1,1,5,NULL,2.021E+11,189 687,143 638,B01,1,1,4,2,1965,9,2,0,-1,0,0,-1,2.021E+11,4,AVENUE DE LA REPUBLIQUE,0,NULL,2,4,1,2,-1,-1,1,NULL,-1,1,0,5,30
2.021E+11,23,6,2021,23:30:00,5,75,75111,2,2,1,3,AVENUE DE LA REPUBLIQUE,"488,629,650,000","23,871,930,000",2.021E+11,143 639,A01,2,1,0,2,0,10,5,NULL,2.021E+11,189 688,143 639,A01,1,1,1,1,2003,9,2,0,-1,0,0,-1,2.021E+11,4,AVENUE DE LA REPUBLIQUE,0,NULL,2,4,1,2,-1,-1,1,NULL,-1,1,0,5,30
2.021E+11,23,6,2021,23:30:00,5,75,75111,2,2,1,3,AVENUE DE LA REPUBLIQUE,"488,629,650,000","23,871,930,000",2.021E+11,143 638,B01,1,1,0,2,1,1,5,NULL,2.021E+11,189 688,143 639,A01,1,1,1,1,2003,9,2,0,-1,0,0,-1,2.021E+11,4,AVENUE DE LA REPUBLIQUE,0,NULL,2,4,1,2,-1,-1,1,NULL,-1,1,0,5,30
2.021E+11,9,6,2021,20:00:00,2,14,14207,2,1,1,1,Rue du Belvédère,"489,971,350,000"," -0,4476820000",2.021E+11,138 958,B01,1,1,0,2,1,13,5,NULL,2.021E+11,183 569,138 957,A01,1,1,1,2,1981,5,1,-1,-1,0,0,-1,2.021E+11,4,NULL,0,NULL,2,2,0,1,-1,-1,1,NULL,4,1,0,1,50
2.021E+11,9,6,2021,20:00:00,2,14,14207,2,1,1,1,Rue du Belvédère,"489,971,350,000"," -0,4476820000",2.021E+11,138 958,B01,1,1,0,2,1,13,5,NULL,2.021E+11,183 570,138 958,B01,1,1,4,1,2009,5,0,-1,-1,0,0,-1,2.021E+11,4,NULL,0,NULL,2,2,0,1,-1,-1,1,NULL,4,1,0,1,50
2.021E+11,8,6,2021,20:30:00,1,66,66136,2,1,1,3,ESCARGUEL (COURS LAZARE),"426,986,600,000","28,873,200,000",2.021E+11,138 296,A01,1,1,0,2,7,15,5,NULL,2.021E+11,182 699,138 295,B01,1,1,1,1,1976,0,1,8,-1,-1,-1,-1,2.021E+11,4,ESCARGUEL (COURS LAZARE),0,NULL,3,5,0,1,0,0,1,NULL,-1,1,0,1,50
2.021E+11,8,6,2021,20:30:00,1,66,66136,2,1,1,3,ESCARGUEL (COURS LAZARE),"426,986,600,000","28,873,200,000",2.021E+11,138 296,A01,1,1,0,2,7,15,5,NULL,2.021E+11,182 700,138 296,A01,1,1,4,1,1998,0,8,0,-1,-1,-1,-1,2.021E+11,4,ESCARGUEL (COURS LAZARE),0,NULL,3,5,0,1,0,0,1,NULL,-1,1,0,1,50
2.021E+11,9,6,2021,19:15:00,1,25,25056,2,1,1,3,JOUCHOUX RUE AUGUSTE,"472,368,700,000","59,884,700,000",2.021E+11,138 236,B01,2,1,0,2,0,1,5,NULL,2.021E+11,182 620,138 236,B01,1,1,4,1,1986,0,2,8,-1,-1,-1,-1,2.021E+11,4,JOUCHOUX RUE AUGUSTE,0,NULL,2,2,1,1,-1,-1,1,NULL,-1,1,0,5,50
2.021E+11,9,6,2021,19:15:00,1,25,25056,2,1,1,3,JOUCHOUX RUE AUGUSTE,"472,368,700,000","59,884,700,000",2.021E+11,138 236,B01,2,1,0,2,0,1,5,NULL,2.021E+11,182 621,138 237,A01,1,1,1,2,1995,5,1,0,-1,-1,-1,-1,2.021E+11,4,JOUCHOUX RUE AUGUSTE,0,NULL,2,2,1,1,-1,-1,1,NULL,-1,1,0,5,50
2.021E+11,8,6,2021,17:00:00,1,67,67066,2,3,1,3,Rue de la Gare,"484,783,398,570","72,149,464,488",2.021E+11,137 708,B01,3,1,0,2,1,0,5,NULL,2.021E+11,181 955,137 707,A01,1,1,1,1,1999,0,1,-1,-1,0,0,-1,2.021E+11,3,NULL,-1,NULL,2,1,3,1,-1,-1,3,NULL,3,1,0,6,50
2.021E+11,8,6,2021,17:00:00,1,67,67066,2,3,1,3,Rue de la Gare,"484,783,398,570","72,149,464,488",2.021E+11,137 708,B01,3,1,0,2,1,0,5,NULL,2.021E+11,181 956,137 708,B01,1,1,4,1,2011,0,0,-1,-1,0,0,-1,2.021E+11,3,NULL,-1,NULL,2,1,3,1,-1,-1,3,NULL,3,1,0,6,50
2.021E+11,19,5,2021,16:30:00,1,22,22215,2,1,1,3,CHATELETS (RUE DES),"484,681,340,389","-27,948,188,782",2.021E+11,133 032,B01,1,1,0,2,7,1,0,NULL,2.021E+11,175 883,133 032,B01,1,1,4,1,2006,5,2,0,-1,-1,-1,-1,2.021E+11,4,CHATELETS (RUE DES),0,NULL,2,2,0,1,1,0,1,NULL,-1,2,0,1,50
2.021E+11,19,5,2021,16:30:00,1,22,22215,2,1,1,3,CHATELETS (RUE DES),"484,681,340,389","-27,948,188,782",2.021E+11,133 032,B01,1,1,0,2,7,1,0,NULL,2.021E+11,175 884,133 033,A01,1,1,1,1,1997,4,1,0,-1,-1,-1,-1,2.021E+11,4,CHATELETS (RUE DES),0,NULL,2,2,0,1,1,0,1,NULL,-1,2,0,1,50
2.021E+11,22,2,2021,09:16:00,1,75,75110,2,7,1,3,RUE DU FAUBOURG DU TEMPLE,"488,677,450,000","23,643,570,000",2.021E+11,128 413,A01,2,1,0,2,8,13,5,NULL,2.021E+11,169 749,128 413,A01,1,1,4,1,1987,9,8,0,-1,0,0,-1,2.021E+11,4,RUE DU FAUBOURG DU TEMPLE,0,NULL,2,2,0,1,-1,-1,1,NULL,-1,1,0,1,30
2.021E+11,22,2,2021,09:16:00,1,75,75110,2,7,1,3,RUE DU FAUBOURG DU TEMPLE,"488,677,450,000","23,643,570,000",2.021E+11,128 413,A01,2,1,0,2,8,13,5,NULL,2.021E+11,169 750,128 414,B01,1,1,1,1,1981,9,8,0,-1,0,0,-1,2.021E+11,4,RUE DU FAUBOURG DU TEMPLE,0,NULL,2,2,0,1,-1,-1,1,NULL,-1,1,0,1,30
2.021E+11,15,4,2021,08:40:00,1,75,75120,2,4,1,3,AVENUE GAMBETTA,"488,658,720,000","23,993,340,000",2.021E+11,123 406,B01,1,1,0,2,3,1,5,NULL,2.021E+11,163 294,123 405,A01,1,1,1,1,1969,4,1,0,-1,0,0,-1,2.021E+11,4,AVENUE GAMBETTA,0,NULL,2,3,1,2,-1,-1,1,NULL,-1,1,-1,5,50
2.021E+11,15,4,2021,08:40:00,1,75,75120,2,4,1,3,AVENUE GAMBETTA,"488,658,720,000","23,993,340,000",2.021E+11,123 406,B01,1,1,0,2,3,1,5,NULL,2.021E+11,163 295,123 406,B01,1,1,3,2,1966,9,2,0,-1,0,0,-1,2.021E+11,4,AVENUE GAMBETTA,0,NULL,2,3,1,2,-1,-1,1,NULL,-1,1,-1,5,50
2.021E+11,18,3,2021,14:30:00,1,13,13208,2,1,1,3,pointe rouge (ave),"432,471,155,781","53,739,470,297",2.021E+11,116 834,B01,0,1,0,2,8,19,5,NULL,2.021E+11,154 769,116 834,B01,1,1,4,2,1983,5,2,0,-1,-1,-1,-1,2.021E+11,4,pointe rouge (ave),0,NULL,3,4,0,1,0,0,1,NULL,-1,1,0,1,50
2.021E+11,18,3,2021,14:30:00,1,13,13208,2,1,1,3,pointe rouge (ave),"432,471,155,781","53,739,470,297",2.021E+11,116 834,B01,0,1,0,2,8,19,5,NULL,2.021E+11,154 770,116 835,A01,1,1,4,1,1972,0,2,8,-1,-1,-1,-1,2.021E+11,4,pointe rouge (ave),0,NULL,3,4,0,1,0,0,1,NULL,-1,1,0,1,50
2.021E+11,8,3,2021,18:45:00,5,69,69259,2,9,1,3,IRENE JOLIOT CURIE                  (BD),"457,170,900,000","48,774,800,000",2.021E+11,116 467,B01,3,1,0,2,3,1,5,NULL,2.021E+11,154 307,116 467,B01,1,1,4,1,1997,0,2,8,-1,-1,-1,-1,2.021E+11,4,IRENE JOLIOT CURIE                  (BD),0,NULL,1,1,2,1,-1,-1,3,NULL,-1,1,-1,5,50
2.021E+11,8,3,2021,18:45:00,5,69,69259,2,9,1,3,IRENE JOLIOT CURIE                  (BD),"457,170,900,000","48,774,800,000",2.021E+11,116 467,B01,3,1,0,2,3,1,5,NULL,2.021E+11,154 308,116 468,Z01,1,1,1,-1,NULL,-1,8,-1,-1,-1,-1,-1,2.021E+11,4,IRENE JOLIOT CURIE                  (BD),0,NULL,1,1,2,1,-1,-1,3,NULL,-1,1,-1,5,50
2.021E+11,6,3,2021,09:45:00,1,17,17306,2,1,1,6,DOUMER  (PORTIQUE),"456,265,430,000","-10,272,450,000",2.021E+11,114 429,Y01,2,1,1,0,1,1,5,NULL,2.021E+11,151 687,114 429,Y01,1,1,4,1,1945,5,2,0,-1,-1,-1,-1,2.021E+11,4,DOUMER  (PORTIQUE),0,NULL,2,2,0,2,-1,-1,1,NULL,-1,1,0,1,50
2.021E+11,6,3,2021,09:45:00,1,17,17306,2,1,1,6,DOUMER  (PORTIQUE),"456,265,430,000","-10,272,450,000",2.021E+11,114 429,Y01,2,1,1,0,1,1,5,NULL,2.021E+11,151 688,114 430,A01,1,1,1,1,1986,0,1,0,-1,-1,-1,-1,2.021E+11,4,DOUMER  (PORTIQUE),0,NULL,2,2,0,2,-1,-1,1,NULL,-1,1,0,1,50
2.021E+11,4,3,2021,09:45:00,1,41,41043,1,1,1,1,Rue de Trèvety,"472,726,810,000","14,826,930,000",2.021E+11,113 617,A01,2,1,0,0,1,1,5,NULL,2.021E+11,150 621,113 617,A01,1,1,3,1,2002,5,0,-1,-1,0,0,-1,2.021E+11,4,NULL,-1,NULL,2,2,0,2,-1,-1,3,NULL,-1,1,0,1,30
2.021E+11,4,3,2021,09:45:00,1,41,41043,1,1,1,1,Rue de Trèvety,"472,726,810,000","14,826,930,000",2.021E+11,113 617,A01,2,1,0,0,1,1,5,NULL,2.021E+11,150 622,113 618,B01,1,1,1,1,1963,4,8,-1,-1,0,0,-1,2.021E+11,4,NULL,-1,NULL,2,2,0,2,-1,-1,3,NULL,-1,1,0,1,30
2.021E+11,1,3,2021,22:41:00,5,75,75113,2,3,1,2,AVENUE D ITALIE,"488,204,120,000","23,590,950,000",2.021E+11,113 433,B01,1,1,0,2,4,13,5,NULL,2.021E+11,150 394,113 433,B01,1,1,4,1,1973,9,8,0,-1,0,0,-1,2.021E+11,4,AVENUE D ITALIE,0,NULL,2,4,0,1,-1,-1,1,NULL,-1,1,0,1,30
2.021E+11,1,3,2021,22:41:00,5,75,75113,2,3,1,2,AVENUE D ITALIE,"488,204,120,000","23,590,950,000",2.021E+11,113 433,B01,1,1,0,2,4,13,5,NULL,2.021E+11,150 395,113 434,A01,2,2,1,1,1957,9,1,0,-1,0,0,-1,2.021E+11,4,AVENUE D ITALIE,0,NULL,2,4,0,1,-1,-1,1,NULL,-1,1,0,1,30
2.021E+11,1,3,2021,22:41:00,5,75,75113,2,3,1,2,AVENUE D ITALIE,"488,204,120,000","23,590,950,000",2.021E+11,113 433,B01,1,1,0,2,4,13,5,NULL,2.021E+11,150 396,113 434,A01,1,1,1,2,1996,4,1,0,-1,0,0,-1,2.021E+11,4,AVENUE D ITALIE,0,NULL,2,4,0,1,-1,-1,1,NULL,-1,1,0,1,30
2.021E+11,23,2,2021,09:15:00,1,65,65417,2,1,1,7,FERRY (RUE JULES),"432,271,270,000","0,1043130000",2.021E+11,111 519,A01,2,1,0,0,0,26,6,NULL,2.021E+11,147 943,111 519,A01,1,1,4,1,1966,5,2,-1,-1,0,0,-1,2.021E+11,4,FERRY (RUE JULES),0,NULL,-1,2,0,1,-1,-1,1,NULL,-1,1,0,1,50
2.021E+11,22,2,2021,12:00:00,1,29,29058,2,6,1,3,D44 - Rond Point de Ker Elo,"478,979,779,797","-40,144,985,187",2.021E+11,111 160,A01,1,1,0,2,3,9,5,NULL,2.021E+11,147 483,111 159,B01,1,1,1,1,1972,3,1,-1,-1,0,0,-1,2.021E+11,3,44,0,D,1,2,0,4,17,60,2,NULL,-1,1,5,1,50
2.021E+11,22,2,2021,12:00:00,1,29,29058,2,6,1,3,D44 - Rond Point de Ker Elo,"478,979,779,797","-40,144,985,187",2.021E+11,111 160,A01,1,1,0,2,3,9,5,NULL,2.021E+11,147 484,111 160,A01,1,1,4,1,1999,0,0,-1,-1,0,0,-1,2.021E+11,3,44,0,D,1,2,0,4,17,60,2,NULL,-1,1,5,1,50
2.021E+11,29,1,2021,14:35:00,1,75,75107,2,2,2,3,PONT DE LA CONCORDE,"488,625,825,338","23,190,491,784",2.021E+11,106 546,B01,1,1,0,2,1,1,5,NULL,2.021E+11,141 475,106 545,A01,1,1,1,1,1964,4,1,0,-1,0,0,-1,2.021E+11,4,PONT DE LA CONCORDE,0,NULL,2,6,1,1,-1,-1,1,NULL,-1,2,-1,5,50
2.021E+11,29,1,2021,14:35:00,1,75,75107,2,2,2,3,PONT DE LA CONCORDE,"488,625,825,338","23,190,491,784",2.021E+11,106 546,B01,1,1,0,2,1,1,5,NULL,2.021E+11,141 476,106 546,B01,1,1,4,1,1981,9,2,6,-1,0,0,-1,2.021E+11,4,PONT DE LA CONCORDE,0,NULL,2,6,1,1,-1,-1,1,NULL,-1,2,-1,5,50
2.021E+11,30,1,2021,19:00:00,3,91,91338,1,1,2,3,D838,"486,343,410,000","20,639,280,000",2.021E+11,106 471,B01,1,1,0,0,4,2,5,NULL,2.021E+11,141 380,106 470,A01,1,1,1,1,1975,1,8,-1,-1,0,0,-1,2.021E+11,3,838,-1,NULL,2,2,0,1,22,200,1,NULL,-1,2,0,1,90
2.021E+11,30,1,2021,19:00:00,3,91,91338,1,1,2,3,D838,"486,343,410,000","20,639,280,000",2.021E+11,106 471,B01,1,1,0,0,4,2,5,NULL,2.021E+11,141 381,106 471,B01,1,1,4,1,2004,5,0,-1,-1,0,0,-1,2.021E+11,3,838,-1,NULL,2,2,0,1,22,200,1,NULL,-1,2,0,1,90
2.021E+11,9,10,2021,18:20:00,1,75,75106,2,2,1,3,BOULEVARD RASPAIL,"488,451,700,000","23,285,400,000",2.021E+11,176 313,A01,1,1,0,2,8,15,5,NULL,2.021E+11,233 610,176 313,A01,1,1,4,2,1972,5,8,0,-1,0,0,-1,2.021E+11,4,BOULEVARD RASPAIL,0,NULL,2,4,1,2,-1,-1,1,NULL,-1,1,0,1,30
2.021E+11,9,10,2021,18:20:00,1,75,75106,2,2,1,3,BOULEVARD RASPAIL,"488,451,700,000","23,285,400,000",2.021E+11,176 313,A01,1,1,0,2,8,15,5,NULL,2.021E+11,233 611,176 314,B01,1,1,1,1,1985,5,2,6,-1,0,0,-1,2.021E+11,4,BOULEVARD RASPAIL,0,NULL,2,4,1,2,-1,-1,1,NULL,-1,1,0,1,30
2.021E+11,21,9,2021,13:00:00,1,75,75104,2,1,1,3,QUAI DES CELESTINS,"488,521,626,430","23,608,944,705",2.021E+11,170 017,A01,1,1,0,2,1,9,5,NULL,2.021E+11,225 437,170 016,B01,1,1,4,2,1974,1,2,0,-1,0,0,-1,2.021E+11,4,QUAI DES CELESTINS,0,NULL,2,4,1,1,-1,-1,1,NULL,-1,1,0,5,30
2.021E+11,21,9,2021,13:00:00,1,75,75104,2,1,1,3,QUAI DES CELESTINS,"488,521,626,430","23,608,944,705",2.021E+11,170 017,A01,1,1,0,2,1,9,5,NULL,2.021E+11,225 438,170 017,A01,1,1,1,1,1994,1,2,0,-1,0,0,-1,2.021E+11,4,QUAI DES CELESTINS,0,NULL,2,4,1,1,-1,-1,1,NULL,-1,1,0,5,30
2.021E+11,12,9,2021,10:40:00,1,67,67548,2,3,1,1,26 Route de Saverne,"486,411,150,000","76,064,600,000",2.021E+11,166 700,B01,3,1,0,2,8,1,5,NULL,2.021E+11,221 103,166 700,B01,1,1,4,1,1955,5,2,-1,-1,0,0,-1,2.021E+11,3,41,-1,NULL,2,2,0,1,-1,-1,1,NULL,-1,1,0,1,50
2.021E+11,12,9,2021,10:40:00,1,67,67548,2,3,1,1,26 Route de Saverne,"486,411,150,000","76,064,600,000",2.021E+11,166 700,B01,3,1,0,2,8,1,5,NULL,2.021E+11,221 104,166 701,A01,1,1,1,1,1973,5,1,-1,-1,0,0,-1,2.021E+11,3,41,-1,NULL,2,2,0,1,-1,-1,1,NULL,-1,1,0,1,50
2.021E+11,9,9,2021,08:50:00,1,75,75114,2,2,1,3,BOULEVARD BRUNE,"488,249,010,000","23,184,050,000",2.021E+11,166 054,B01,2,1,0,2,0,1,5,NULL,2.021E+11,220 270,166 054,B01,1,1,4,1,1987,9,2,0,-1,0,0,-1,2.021E+11,4,BOULEVARD BRUNE,0,NULL,3,2,0,1,-1,-1,1,NULL,-1,1,0,1,50
2.021E+11,9,9,2021,08:50:00,1,75,75114,2,2,1,3,BOULEVARD BRUNE,"488,249,010,000","23,184,050,000",2.021E+11,166 054,B01,2,1,0,2,0,1,5,NULL,2.021E+11,220 271,166 055,A01,1,1,1,1,1975,4,1,0,-1,0,0,-1,2.021E+11,4,BOULEVARD BRUNE,0,NULL,3,2,0,1,-1,-1,1,NULL,-1,1,0,1,50
2.021E+11,9,9,2021,15:30:00,1,84,84111,1,1,8,1,"Route de L'OUVÈZE, D205","442,317,350,000","51,002,820,000",2.021E+11,165 988,B01,1,1,0,2,1,1,5,NULL,2.021E+11,220 182,165 987,A01,1,1,1,1,1976,5,1,-1,-1,0,0,-1,2.021E+11,3,205,0,NULL,2,2,0,2,-1,-1,1,NULL,-1,1,0,1,80