Num_Acc,jour,mois,an,hrmn,lum,dep,com,agg,int,atm,col,adr,lat,long,Num_Acc,id_vehicule,num_veh,senc,catv,obs,obsm,choc,manv,motor,occutc,Num_Acc,id_usager,id_vehicule,num_veh,place,catu,grav,sexe,an_nais,trajet,secu1,secu2,secu3,locp,actp,etatp,Num_Acc,catr,voie,v1,v2,circ,nbv,vosp,prof,pr,pr1,plan,lartpc,larrout,surf,infra,situ,vma
2.021E+11,9,9,2021,15:30:00,1,84,84111,1,1,8,1,"Route de L'OUVÈZE, D205","442,317,350,000","51,002,820,000",2.021E+11,165 988,B01,1,1,0,2,1,1,5,NULL,2.021E+11,220 183,165 988,B01,1,1,3,1,1979,5,2,-1,-1,0,0,-1,2.021E+11,3,205,0,NULL,2,2,0,2,-1,-1,1,NULL,-1,1,0,1,80
2.021E+11,30,8,2021,15:30:00,1,56,56162,2,6,1,7,PASTEUR (AVENUE LOUIS),"477,397,500,000","-34,274,700,000",2.021E+11,163 683,A01,1,1,0,0,0,1,5,NULL,2.021E+11,217 142,163 683,A01,1,1,4,1,1952,5,2,8,-1,-1,-1,-1,2.021E+11,3,PASTEUR (AVENUE LOUIS),0,NULL,2,2,0,1,4,500,1,NULL,-1,8,5,5,30
2.021E+11,2,9,2021,10:00:00,1,79,79205,1,2,1,3,NULL,"462,093,640,000","0,0667800000",2.021E+11,163 524,A01,2,1,0,2,1,19,5,NULL,2.021E+11,216 951,163 524,A01,1,1,2,1,1950,5,9,-1,-1,0,0,-1,2.021E+11,3,110,-1,NULL,2,2,0,1,8,990,1,NULL,6,1,0,1,80
2.021E+11,2,9,2021,10:00:00,1,79,79205,1,2,1,3,NULL,"462,093,640,000","0,0667800000",2.021E+11,163 524,A01,2,1,0,2,1,19,5,NULL,2.021E+11,216 952,163 525,B01,2,2,1,2,1947,9,1,-1,-1,0,0,-1,2.021E+11,3,110,-1,NULL,2,2,0,1,8,990,1,NULL,6,1,0,1,80
2.021E+11,2,9,2021,10:00:00,1,79,79205,1,2,1,3,NULL,"462,093,640,000","0,0667800000",2.021E+11,163 524,A01,2,1,0,2,1,19,5,NULL,2.021E+11,216 953,163 525,B01,1,1,1,1,1945,9,1,-1,-1,0,0,-1,2.021E+11,3,110,-1,NULL,2,2,0,1,8,990,1,NULL,6,1,0,1,80
2.021E+11,20,8,2021,11:50:00,1,44,44182,2,6,1,3,Avenue du Commandant l Herminier,"471,794,090,000","-21,538,780,000",2.021E+11,159 879,B01,0,1,0,0,7,1,5,NULL,2.021E+11,212 032,159 879,B01,1,1,3,1,1972,5,2,-1,-1,0,0,-1,2.021E+11,4,NULL,0,NULL,-1,1,0,1,-1,-1,1,NULL,3,1,5,1,50
2.021E+11,20,8,2021,11:50:00,1,44,44182,2,6,1,3,Avenue du Commandant l Herminier,"471,794,090,000","-21,538,780,000",2.021E+11,159 879,B01,0,1,0,0,7,1,5,NULL,2.021E+11,212 033,159 880,A01,1,1,1,1,1952,9,1,-1,-1,0,0,-1,2.021E+11,4,NULL,0,NULL,-1,1,0,1,-1,-1,1,NULL,3,1,5,1,50
2.021E+11,31,7,2021,17:00:00,1,69,69101,2,1,2,7,BOIS DE SOUL (DU) (CHM),"459,798,374,927","46,294,417,977",2.021E+11,155 063,A01,3,1,0,0,0,1,5,NULL,2.021E+11,205 310,155 063,A01,1,1,2,1,1952,5,0,-1,-1,0,0,-1,2.021E+11,4, -,0, -,2,2,0,2,-1,-1,3,NULL,-1,8,0,1,50
2.021E+11,2,8,2021,16:30:00,1,59,59105,2,1,1,1,Rue de la Chapelle,"504,362,800,000","32,449,530,000",2.021E+11,155 054,B01,0,1,0,2,1,5,0,NULL,2.021E+11,205 298,155 053,A01,1,1,1,2,1990,9,1,-1,-1,0,0,-1,2.021E+11,4,NULL,0,NULL,2,2,0,1,-1,-1,2,NULL,-1,1,9,1,50
2.021E+11,2,8,2021,16:30:00,1,59,59105,2,1,1,1,Rue de la Chapelle,"504,362,800,000","32,449,530,000",2.021E+11,155 054,B01,0,1,0,2,1,5,0,NULL,2.021E+11,205 299,155 054,B01,1,1,4,1,2005,5,2,-1,-1,0,0,-1,2.021E+11,4,NULL,0,NULL,2,2,0,1,-1,-1,2,NULL,-1,1,9,1,50
2.021E+11,22,7,2021,08:20:00,1,92,92002,2,1,1,3,ADOLPHE PAJEAUD (RUE),"487,412,100,000","22,836,400,000",2.021E+11,152 722,B01,2,1,1,0,1,1,0,NULL,2.021E+11,202 052,152 721,A01,1,1,1,1,1976,9,8,0,-1,-1,-1,-1,2.021E+11,3,ADOLPHE PAJEAUD (RUE),0,NULL,3,1,0,1,0,0,1,NULL,-1,1,0,1,50
2.021E+11,22,7,2021,08:20:00,1,92,92002,2,1,1,3,ADOLPHE PAJEAUD (RUE),"487,412,100,000","22,836,400,000",2.021E+11,152 722,B01,2,1,1,0,1,1,0,NULL,2.021E+11,202 053,152 722,B01,1,1,4,1,1978,1,1,8,-1,-1,-1,-1,2.021E+11,3,ADOLPHE PAJEAUD (RUE),0,NULL,3,1,0,1,0,0,1,NULL,-1,1,0,1,50
2.021E+11,9,7,2021,08:00:00,1,61,61044,1,1,8,6,D224,"488,473,950,000"," -0,4893479000",2.021E+11,151 997,A01,1,1,0,6,6,1,0,NULL,2.021E+11,201 086,151 997,A01,1,1,4,1,1984,1,2,-1,-1,0,0,-1,2.021E+11,3,224,-1,NULL,2,2,0,2,10,411,1,NULL,-1,1,0,1,80
2.021E+11,3,7,2021,18:55:00,1,51,51454,2,2,1,3,Rue Paul Vaillant Couturier,"492,774,600,000","40,107,400,000",2.021E+11,146 209,B01,0,1,0,2,7,1,5,NULL,2.021E+11,193 135,146 208,A01,1,1,1,1,1964,5,1,-1,-1,-1,-1,-1,2.021E+11,4,VAILLANT COUTURIER (RUE PAUL) N°1 A 103,0,NULL,2,2,1,1,-1,-1,1,NULL,-1,1,0,1,50
2.021E+11,3,7,2021,18:55:00,1,51,51454,2,2,1,3,Rue Paul Vaillant Couturier,"492,774,600,000","40,107,400,000",2.021E+11,146 209,B01,0,1,0,2,7,1,5,NULL,2.021E+11,193 136,146 209,B01,1,1,4,2,1999,0,8,-1,-1,-1,-1,-1,2.021E+11,4,VAILLANT COUTURIER (RUE PAUL) N°1 A 103,0,NULL,2,2,1,1,-1,-1,1,NULL,-1,1,0,1,50
2.021E+11,27,6,2021,15:25:00,1,14,14118,2,1,1,6,Place de la Gare,"491,758,300,000"," -0,3493200000",2.021E+11,144 578,A01,3,1,0,1,1,1,5,NULL,2.021E+11,190 977,144 578,A01,10,3,4,1,1960,0,0,-1,-1,5,B,1,2.021E+11,4,GARE (PLACE DE LA),0,NULL,-1,0,0,1,1,0,1,NULL,-1,1,0,4,6
2.021E+11,27,6,2021,15:25:00,1,14,14118,2,1,1,6,Place de la Gare,"491,758,300,000"," -0,3493200000",2.021E+11,144 578,A01,3,1,0,1,1,1,5,NULL,2.021E+11,190 978,144 578,A01,1,1,1,1,2002,5,0,-1,-1,0,0,-1,2.021E+11,4,GARE (PLACE DE LA),0,NULL,-1,0,0,1,1,0,1,NULL,-1,1,0,4,6
2.021E+11,16,6,2021,23:40:00,5,92,92072,2,3,1,7,BRUYERES (RUE DES),"488,201,398,732","22,184,121,609",2.021E+11,141 571,A01,2,1,0,0,0,0,5,NULL,2.021E+11,186 979,141 571,A01,1,1,4,1,1982,0,8,0,-1,-1,-1,-1,2.021E+11,4,BRUYERES (RUE DES),0,NULL,2,2,0,2,0,0,1,NULL,-1,1,9,1,30
2.021E+11,9,6,2021,13:15:00,1,75,75114,2,1,1,6,BOULEVARD SAINT JACQUES,"488,329,040,000","23,364,740,000",2.021E+11,138 585,Z01,2,1,0,1,1,1,5,NULL,2.021E+11,183 062,138 585,Z01,10,3,4,1,1943,5,0,-1,-1,2,3,1,2.021E+11,4,BOULEVARD SAINT JACQUES,0,NULL,3,3,0,1,-1,-1,1,NULL,-1,1,0,1,50
2.021E+11,9,6,2021,13:15:00,1,75,75114,2,1,1,6,BOULEVARD SAINT JACQUES,"488,329,040,000","23,364,740,000",2.021E+11,138 585,Z01,2,1,0,1,1,1,5,NULL,2.021E+11,183 063,138 585,Z01,1,1,1,-1,NULL,-1,-1,-1,-1,-1,-1,-1,2.021E+11,4,BOULEVARD SAINT JACQUES,0,NULL,3,3,0,1,-1,-1,1,NULL,-1,1,0,1,50
2.021E+11,7,6,2021,18:40:00,1,75,75120,2,2,1,6,RUE D AVRON,"488,518,510,000","24,013,820,000",2.021E+11,137 442,A01,1,1,0,1,2,1,5,NULL,2.021E+11,181 622,137 442,A01,1,1,1,1,1987,4,2,0,-1,0,0,-1,2.021E+11,4,RUE D AVRON,0,NULL,2,2,0,1,-1,-1,1,NULL,-1,1,0,1,30
2.021E+11,7,6,2021,18:40:00,1,75,75120,2,2,1,6,RUE D AVRON,"488,518,510,000","24,013,820,000",2.021E+11,137 442,A01,1,1,0,1,2,1,5,NULL,2.021E+11,181 623,137 442,A01,10,3,4,2,1942,5,0,-1,-1,4,3,1,2.021E+11,4,RUE D AVRON,0,NULL,2,2,0,1,-1,-1,1,NULL,-1,1,0,1,30
2.021E+11,30,5,2021,21:30:00,2,92,92024,2,4,1,3,PIERRE BEREGOVOY (RUE),"489,009,600,911","22,925,537,825",2.021E+11,134 700,B01,2,1,0,2,1,15,0,NULL,2.021E+11,178 055,134 700,B01,1,1,4,1,1987,4,8,0,-1,-1,-1,-1,2.021E+11,3,909,0,NULL,-1,2,0,2,0,0,3,NULL,-1,1,0,1,50
2.021E+11,30,5,2021,21:30:00,2,92,92024,2,4,1,3,PIERRE BEREGOVOY (RUE),"489,009,600,911","22,925,537,825",2.021E+11,134 700,B01,2,1,0,2,1,15,0,NULL,2.021E+11,178 056,134 701,A01,1,1,1,1,1970,0,1,0,-1,-1,-1,-1,2.021E+11,3,909,0,NULL,-1,2,0,2,0,0,3,NULL,-1,1,0,1,50
2.021E+11,31,5,2021,14:00:00,1,66,66124,2,1,1,3,Avenue d'Espagne,"425,061,480,000","20,312,850,000",2.021E+11,134 651,B01,2,1,0,2,1,0,5,NULL,2.021E+11,177 991,134 651,B01,1,1,3,1,1999,4,2,-1,-1,0,0,-1,2.021E+11,3,10,0,F,2,2,0,2,1,960,1,NULL,-1,1,0,1,50
2.021E+11,31,5,2021,14:00:00,1,66,66124,2,1,1,3,Avenue d'Espagne,"425,061,480,000","20,312,850,000",2.021E+11,134 651,B01,2,1,0,2,1,0,5,NULL,2.021E+11,177 992,134 652,A01,1,1,1,1,1982,4,0,-1,-1,0,0,-1,2.021E+11,3,10,0,F,2,2,0,2,1,960,1,NULL,-1,1,0,1,50
2.021E+11,23,5,2021,10:25:00,1,51,51571,1,1,1,2,D8,"491,911,485,098","41,964,184,870",2.021E+11,132 241,B01,1,1,0,0,4,1,5,NULL,2.021E+11,174 811,132 241,B01,1,1,3,1,1948,5,2,-1,-1,0,0,-1,2.021E+11,3,8,0,D,2,1,0,1,14,560,1,NULL,-1,1,0,1,80
2.021E+11,23,5,2021,10:25:00,1,51,51571,1,1,1,2,D8,"491,911,485,098","41,964,184,870",2.021E+11,132 241,B01,1,1,0,0,4,1,5,NULL,2.021E+11,174 812,132 242,A01,1,1,1,2,1936,5,1,-1,-1,0,0,-1,2.021E+11,3,8,0,D,2,1,0,1,14,560,1,NULL,-1,1,0,1,80
2.021E+11,26,4,2021,08:00:00,1,75,75102,2,2,1,7,RUE D ABOUKIR,"488,685,870,000","23,497,300,000",2.021E+11,125 639,A01,1,1,0,0,0,1,5,NULL,2.021E+11,166 166,125 639,A01,1,1,4,1,1974,1,8,0,-1,0,0,-1,2.021E+11,4,RUE D ABOUKIR,0,NULL,1,1,1,1,-1,-1,1,NULL,-1,1,0,1,30
2.021E+11,21,4,2021,16:10:00,1,75,75111,2,5,1,3,AVENUE DE LA REPUBLIQUE,"488,628,690,000","23,872,830,000",2.021E+11,124 440,A01,2,1,0,2,3,10,5,NULL,2.021E+11,164 619,124 440,A01,1,1,4,1,2002,5,8,0,-1,0,0,-1,2.021E+11,4,AVENUE DE LA REPUBLIQUE,0,NULL,2,2,2,2,-1,-1,1,NULL,-1,1,0,1,30
2.021E+11,21,4,2021,16:10:00,1,75,75111,2,5,1,3,AVENUE DE LA REPUBLIQUE,"488,628,690,000","23,872,830,000",2.021E+11,124 440,A01,2,1,0,2,3,10,5,NULL,2.021E+11,164 620,124 441,B01,1,1,4,1,1988,5,2,6,-1,0,0,-1,2.021E+11,4,AVENUE DE LA REPUBLIQUE,0,NULL,2,2,2,2,-1,-1,1,NULL,-1,1,0,1,30
2.021E+11,8,4,2021,14:45:00,1,69,69259,2,1,1,3,IRENE JOLIOT CURIE (BD),"457,179,100,000","48,762,900,000",2.021E+11,121 891,B01,2,1,0,2,1,19,5,NULL,2.021E+11,161 312,121 891,B01,1,1,4,1,2001,4,8,-1,-1,-1,-1,-1,2.021E+11,4,IRENE JOLIOT CURIE                  (BD),0,NULL,3,5,1,2,-1,-1,1,NULL,-1,1,0,1,50
2.021E+11,8,4,2021,14:45:00,1,69,69259,2,1,1,3,IRENE JOLIOT CURIE (BD),"457,179,100,000","48,762,900,000",2.021E+11,121 891,B01,2,1,0,2,1,19,5,NULL,2.021E+11,161 313,121 892,A01,1,1,1,1,1991,4,1,-1,-1,-1,-1,-1,2.021E+11,4,IRENE JOLIOT CURIE                  (BD),0,NULL,3,5,1,2,-1,-1,1,NULL,-1,1,0,1,50
2.021E+11,8,4,2021,17:00:00,1,3,3195,2,1,1,7,4 Rue du Commandant Goëtschy,"462,873,530,000","26,617,380,000",2.021E+11,121 733,A01,1,1,0,0,1,0,5,NULL,2.021E+11,161 102,121 733,A01,1,1,3,1,1942,5,2,-1,-1,0,0,-1,2.021E+11,3,2144,0,NULL,2,2,0,1,3,800,1,NULL,-1,9,8,1,30
2.021E+11,7,4,2021,08:45:00,1,75,75103,2,3,1,3,PLACE DE LA REPUBLIQUE,"488,673,377,785","23,633,641,762",2.021E+11,121 567,B01,1,1,0,2,8,18,5,NULL,2.021E+11,160 897,121 567,B01,1,1,4,2,1981,9,8,0,-1,0,0,-1,2.021E+11,4,PLACE DE LA REPUBLIQUE,0,NULL,2,6,0,1,-1,-1,1,NULL,-1,1,0,1,50
2.021E+11,7,4,2021,08:45:00,1,75,75103,2,3,1,3,PLACE DE LA REPUBLIQUE,"488,673,377,785","23,633,641,762",2.021E+11,121 567,B01,1,1,0,2,8,18,5,NULL,2.021E+11,160 898,121 568,A01,1,1,1,1,1976,4,1,0,-1,0,0,-1,2.021E+11,4,PLACE DE LA REPUBLIQUE,0,NULL,2,6,0,1,-1,-1,1,NULL,-1,1,0,1,50
2.021E+11,29,3,2021,15:00:00,1,53,53243,1,2,1,3,la jaslerie,"481,551,410,000"," -0,8776080000",2.021E+11,119 224,B01,3,1,0,2,0,2,5,NULL,2.021E+11,157 830,119 223,A01,1,1,1,1,1998,4,1,-1,-1,0,0,-1,2.021E+11,4,NULL,-1,NULL,2,2,0,1,-1,-1,1,NULL,-1,1,0,1,80
2.021E+11,29,3,2021,15:00:00,1,53,53243,1,2,1,3,la jaslerie,"481,551,410,000"," -0,8776080000",2.021E+11,119 224,B01,3,1,0,2,0,2,5,NULL,2.021E+11,157 831,119 224,B01,1,1,3,1,1968,5,2,-1,-1,0,0,-1,2.021E+11,4,NULL,-1,NULL,2,2,0,1,-1,-1,1,NULL,-1,1,0,1,80
2.021E+11,22,3,2021,16:55:00,1,62,62261,2,1,7,2,rue des iris,"504,816,110,000","16,146,890,000",2.021E+11,117 613,B01,0,1,0,2,4,2,5,NULL,2.021E+11,155 789,117 613,B01,1,1,3,1,1951,3,0,-1,-1,0,0,-1,2.021E+11,4,NULL,-1,NULL,2,2,0,1,-1,-1,1,NULL,-1,1,0,1,50
2.021E+11,22,3,2021,16:55:00,1,62,62261,2,1,7,2,rue des iris,"504,816,110,000","16,146,890,000",2.021E+11,117 613,B01,0,1,0,2,4,2,5,NULL,2.021E+11,155 790,117 614,A01,1,1,1,1,1944,5,1,-1,-1,0,0,-1,2.021E+11,4,NULL,-1,NULL,2,2,0,1,-1,-1,1,NULL,-1,1,0,1,50
2.021E+11,2,2,2021,16:20:00,1,75,75113,2,2,1,3,BOULEVARD VINCENT AURIOL,"488,375,740,000","23,736,480,000",2.021E+11,107 542,B01,1,1,0,2,7,1,5,NULL,2.021E+11,142 773,107 541,A01,1,1,1,1,1968,9,1,0,-1,0,0,-1,2.021E+11,4,BOULEVARD VINCENT AURIOL,0,NULL,1,2,1,4,-1,-1,1,NULL,-1,2,-1,5,50
2.021E+11,2,2,2021,16:20:00,1,75,75113,2,2,1,3,BOULEVARD VINCENT AURIOL,"488,375,740,000","23,736,480,000",2.021E+11,107 542,B01,1,1,0,2,7,1,5,NULL,2.021E+11,142 774,107 542,B01,1,1,4,1,1994,9,8,0,-1,0,0,-1,2.021E+11,4,BOULEVARD VINCENT AURIOL,0,NULL,1,2,1,4,-1,-1,1,NULL,-1,2,-1,5,50
2.021E+11,14,1,2021,13:40:00,1,75,75105,2,2,8,3,RUE JUSSIEU,"488,474,056,904","23,528,152,528",2.021E+11,103 643,B01,1,1,0,2,1,1,5,NULL,2.021E+11,137 532,103 642,A01,1,1,1,1,1969,4,1,8,-1,0,0,-1,2.021E+11,4,RUE JUSSIEU,0,NULL,2,5,0,1,-1,-1,1,NULL,-1,2,0,1,30
2.021E+11,14,1,2021,13:40:00,1,75,75105,2,2,8,3,RUE JUSSIEU,"488,474,056,904","23,528,152,528",2.021E+11,103 643,B01,1,1,0,2,1,1,5,NULL,2.021E+11,137 533,103 643,B01,1,1,4,2,1958,9,2,0,-1,0,0,-1,2.021E+11,4,RUE JUSSIEU,0,NULL,2,5,0,1,-1,-1,1,NULL,-1,2,0,1,30
2.021E+11,5,1,2021,20:50:00,5,69,69387,2,2,1,6,Rue de Marseille,"457,534,407,318","48,413,438,341",2.021E+11,101 542,A01,0,1,0,1,0,1,5,NULL,2.021E+11,134 751,101 542,A01,10,3,4,1,1995,5,0,-1,-1,5,1,1,2.021E+11,4,NULL,0,NULL,1,3,3,1,-1,-1,1,NULL,-1,1,0,1,50
2.021E+11,5,1,2021,20:50:00,5,69,69387,2,2,1,6,Rue de Marseille,"457,534,407,318","48,413,438,341",2.021E+11,101 542,A01,0,1,0,1,0,1,5,NULL,2.021E+11,134 752,101 542,A01,1,1,4,1,1988,4,8,-1,-1,-1,-1,-1,2.021E+11,4,NULL,0,NULL,1,3,3,1,-1,-1,1,NULL,-1,1,0,1,50
2.021E+11,20,10,2021,15:35:00,1,67,67482,2,1,1,3,DANUBE (PONT DU),"485,737,600,000","77,710,800,000",2.021E+11,180 636,B01,2,1,0,2,2,19,5,NULL,2.021E+11,239 217,180 636,B01,1,1,4,2,2001,0,8,0,-1,-1,-1,-1,2.021E+11,4,DANUBE (PONT DU),0,NULL,2,4,0,3,0,0,1,NULL,-1,1,2,1,50
2.021E+11,20,10,2021,15:35:00,1,67,67482,2,1,1,3,DANUBE (PONT DU),"485,737,600,000","77,710,800,000",2.021E+11,180 636,B01,2,1,0,2,2,19,5,NULL,2.021E+11,239 218,180 637,A01,1,1,1,1,1996,0,1,8,-1,-1,-1,-1,2.021E+11,4,DANUBE (PONT DU),0,NULL,2,4,0,3,0,0,1,NULL,-1,1,2,1,50
2.021E+11,18,10,2021,09:15:00,1,43,43157,2,1,1,3,9 Place du Breuil,"450,420,000,000","38,830,000,000",2.021E+11,179 900,B01,2,1,1,2,1,1,5,NULL,2.021E+11,238 272,179 900,B01,1,1,4,1,1971,4,8,0,-1,-1,-1,-1,2.021E+11,3,BREUIL (PLACE DU),0,NULL,2,4,0,1,0,321,1,NULL,-1,1,0,1,50
2.021E+11,18,10,2021,09:15:00,1,43,43157,2,1,1,3,9 Place du Breuil,"450,420,000,000","38,830,000,000",2.021E+11,179 900,B01,2,1,1,2,1,1,5,NULL,2.021E+11,238 273,179 901,A01,1,1,1,2,1995,4,1,0,-1,-1,-1,-1,2.021E+11,3,BREUIL (PLACE DU),0,NULL,2,4,0,1,0,321,1,NULL,-1,1,0,1,50
2.021E+11,27,9,2021,09:06:00,1,92,92012,2,2,2,3,LE CORBUSIER (RUE),"488,377,599,139","22,404,592,373",2.021E+11,172 337,Y01,3,1,0,2,1,19,5,NULL,2.021E+11,228 528,172 337,Y01,1,1,2,1,1991,0,0,-1,-1,-1,-1,-1,2.021E+11,4,NULL,0,NULL,2,2,0,1,0,0,1,NULL,-1,2,0,1,50
2.021E+11,27,9,2021,09:06:00,1,92,92012,2,2,2,3,LE CORBUSIER (RUE),"488,377,599,139","22,404,592,373",2.021E+11,172 337,Y01,3,1,0,2,1,19,5,NULL,2.021E+11,228 529,172 338,A01,2,1,1,1,1972,4,1,0,-1,-1,-1,-1,2.021E+11,4,NULL,0,NULL,2,2,0,1,0,0,1,NULL,-1,2,0,1,50
2.021E+11,24,9,2021,08:51:00,1,75,75109,2,2,1,6,RUE DU HAVRE,"488,741,790,000","23,269,620,000",2.021E+11,171 118,A01,2,1,0,1,1,1,5,NULL,2.021E+11,226 871,171 118,A01,10,3,4,2,1967,1,0,-1,-1,0,0,-1,2.021E+11,4,RUE DU HAVRE,0,NULL,2,5,1,1,-1,-1,1,NULL,-1,1,0,5,30
2.021E+11,24,9,2021,08:51:00,1,75,75109,2,2,1,6,RUE DU HAVRE,"488,741,790,000","23,269,620,000",2.021E+11,171 118,A01,2,1,0,1,1,1,5,NULL,2.021E+11,226 872,171 118,A01,1,1,1,1,1970,1,2,0,-1,0,0,-1,2.021E+11,4,RUE DU HAVRE,0,NULL,2,5,1,1,-1,-1,1,NULL,-1,1,0,5,30
2.021E+11,9,9,2021,18:35:00,1,33,33063,2,2,1,3,Rue de Belfort,"448,323,500,000"," -0,5817000000",2.021E+11,166 122,A01,1,1,0,2,1,1,5,NULL,2.021E+11,220 360,166 121,B01,1,1,1,1,1977,4,1,-1,-1,-1,-1,-1,2.021E+11,4,RUE DE BELFORT,0,NULL,1,2,2,1,-1,-1,1,NULL,-1,1,0,1,50
2.021E+11,9,9,2021,18:35:00,1,33,33063,2,2,1,3,Rue de Belfort,"448,323,500,000"," -0,5817000000",2.021E+11,166 122,A01,1,1,0,2,1,1,5,NULL,2.021E+11,220 361,166 122,A01,1,1,3,2,1977,5,2,-1,-1,-1,-1,-1,2.021E+11,4,RUE DE BELFORT,0,NULL,1,2,2,1,-1,-1,1,NULL,-1,1,0,1,50
2.021E+11,27,8,2021,22:20:00,5,75,75113,2,3,1,3,AVENUE D ITALIE,"488,251,310,000","23,575,760,000",2.021E+11,161 773,B01,1,1,0,2,1,1,5,NULL,2.021E+11,214 598,161 773,B01,1,1,4,2,2000,5,8,0,-1,0,0,-1,2.021E+11,4,AVENUE D ITALIE,0,NULL,2,4,1,1,-1,-1,1,NULL,-1,1,0,5,50
2.021E+11,27,8,2021,22:20:00,5,75,75113,2,3,1,3,AVENUE D ITALIE,"488,251,310,000","23,575,760,000",2.021E+11,161 773,B01,1,1,0,2,1,1,5,NULL,2.021E+11,214 599,161 774,A01,1,1,1,1,1986,4,1,8,-1,0,0,-1,2.021E+11,4,AVENUE D ITALIE,0,NULL,2,4,1,1,-1,-1,1,NULL,-1,1,0,5,50
2.021E+11,27,8,2021,22:20:00,5,75,75113,2,3,1,3,AVENUE D ITALIE,"488,251,310,000","23,575,760,000",2.021E+11,161 773,B01,1,1,0,2,1,1,5,NULL,2.021E+11,214 600,161 774,A01,3,2,1,2,2002,9,1,8,-1,0,0,-1,2.021E+11,4,AVENUE D ITALIE,0,NULL,2,4,1,1,-1,-1,1,NULL,-1,1,0,5,50
2.021E+11,25,8,2021,19:12:00,5,988,98818,2,1,1,3,ROUTE DE L'ANSE VATA,"-222,870,700,000","1,664,483,700,000",2.021E+11,161 614,A01,2,1,0,2,2,17,5,NULL,2.021E+11,214 366,161 613,B01,1,1,1,2,1970,5,1,8,-1,-1,-1,-1,2.021E+11,4,ROUTE DE L'ANSE VATA,0,NULL,2,2,0,2,0,0,2,NULL,-1,1,0,1,50
2.021E+11,25,8,2021,19:12:00,5,988,98818,2,1,1,3,ROUTE DE L'ANSE VATA,"-222,870,700,000","1,664,483,700,000",2.021E+11,161 614,A01,2,1,0,2,2,17,5,NULL,2.021E+11,214 367,161 614,A01,1,1,4,1,1979,1,8,0,-1,-1,-1,-1,2.021E+11,4,ROUTE DE L'ANSE VATA,0,NULL,2,2,0,2,0,0,2,NULL,-1,1,0,1,50
2.021E+11,29,7,2021,09:15:00,1,34,34027,2,6,1,3,Route de Saint Genies des Mourgues,"437,214,231,332","40,225,614,369",2.021E+11,153 905,B01,2,1,0,2,1,1,5,NULL,2.021E+11,203 712,153 905,B01,1,1,3,1,1957,5,2,-1,-1,0,0,-1,2.021E+11,7,NULL,-1,NULL,-1,2,0,1,0,693,1,NULL,4,1,0,1,50
2.021E+11,29,7,2021,09:15:00,1,34,34027,2,6,1,3,Route de Saint Genies des Mourgues,"437,214,231,332","40,225,614,369",2.021E+11,153 905,B01,2,1,0,2,1,1,5,NULL,2.021E+11,203 713,153 906,A01,1,1,1,2,1969,3,1,-1,-1,0,0,-1,2.021E+11,7,NULL,-1,NULL,-1,2,0,1,0,693,1,NULL,4,1,0,1,50
2.021E+11,27,7,2021,15:45:00,1,35,35238,2,1,2,2,PATTON (AVENUE DU GENERAL SIR GEORGES),"481,333,400,000","-16,606,900,000",2.021E+11,153 781,B01,1,1,0,2,1,2,5,NULL,2.021E+11,203 551,153 780,A01,1,1,1,1,1975,4,1,-1,-1,-1,-1,-1,2.021E+11,4,PATTON (AVENUE DU GENERAL SIR GEORGES),0,NULL,2,2,1,1,-1,-1,3,NULL,-1,2,0,1,50
2.021E+11,27,7,2021,15:45:00,1,35,35238,2,1,2,2,PATTON (AVENUE DU GENERAL SIR GEORGES),"481,333,400,000","-16,606,900,000",2.021E+11,153 781,B01,1,1,0,2,1,2,5,NULL,2.021E+11,203 552,153 781,B01,1,1,4,1,1939,5,8,-1,-1,-1,-1,-1,2.021E+11,4,PATTON (AVENUE DU GENERAL SIR GEORGES),0,NULL,2,2,1,1,-1,-1,3,NULL,-1,2,0,1,50
2.021E+11,25,7,2021,11:42:00,1,65,65331,2,3,1,1,BIGORRE (RUE DE),"431,995,040,000","0,0600510000",2.021E+11,153 345,A01,2,1,0,2,1,1,5,NULL,2.021E+11,202 965,153 345,A01,1,1,4,1,1976,5,8,-1,-1,0,0,-1,2.021E+11,4,BIGORRE (RUE DE),0,NULL,2,2,1,1,-1,-1,2,NULL,-1,1,0,1,30
2.021E+11,25,7,2021,11:42:00,1,65,65331,2,3,1,1,BIGORRE (RUE DE),"431,995,040,000","0,0600510000",2.021E+11,153 345,A01,2,1,0,2,1,1,5,NULL,2.021E+11,202 966,153 346,B01,1,1,1,2,1990,5,8,-1,-1,0,0,-1,2.021E+11,4,BIGORRE (RUE DE),0,NULL,2,2,1,1,-1,-1,2,NULL,-1,1,0,1,30
2.021E+11,21,6,2021,09:37:00,1,22,22278,2,6,1,3,SEVIGNE (BD),"485,120,083,122","-27,574,465,809",2.021E+11,147 451,B01,3,1,0,2,7,1,5,NULL,2.021E+11,194 814,147 451,B01,2,2,4,2,2019,2,2,0,-1,0,0,-1,2.021E+11,4,SEVIGNE (BD),0,NULL,2,2,2,1,-1,-1,1,NULL,-1,1,0,5,50
2.021E+11,21,6,2021,09:37:00,1,22,22278,2,6,1,3,SEVIGNE (BD),"485,120,083,122","-27,574,465,809",2.021E+11,147 451,B01,3,1,0,2,7,1,5,NULL,2.021E+11,194 815,147 451,B01,1,1,4,1,1989,2,2,0,-1,-1,-1,-1,2.021E+11,4,SEVIGNE (BD),0,NULL,2,2,2,1,-1,-1,1,NULL,-1,1,0,5,50