Num_Acc,jour,mois,an,hrmn,lum,dep,com,agg,int,atm,col,adr,lat,long,Num_Acc,id_vehicule,num_veh,senc,catv,obs,obsm,choc,manv,motor,occutc,Num_Acc,id_usager,id_vehicule,num_veh,place,catu,grav,sexe,an_nais,trajet,secu1,secu2,secu3,locp,actp,etatp,Num_Acc,catr,voie,v1,v2,circ,nbv,vosp,prof,pr,pr1,plan,lartpc,larrout,surf,infra,situ,vma
2.021E+11,29,9,2021,10:09:00,1,62,62193,2,6,1,3,LOIRE (QUAI DE LA),"509,564,620,000","18,642,920,000",2.021E+11,175 629,B01,3,1,0,2,3,13,5,NULL,2.021E+11,232 737,175 629,B01,1,1,3,1,1950,5,8,0,-1,-1,-1,-1,2.021E+11,4,LOIRE (QUAI DE LA),0,NULL,1,1,0,1,-1,-1,2,NULL,-1,1,5,1,40
2.021E+11,29,9,2021,10:09:00,1,62,62193,2,6,1,3,LOIRE (QUAI DE LA),"509,564,620,000","18,642,920,000",2.021E+11,175 629,B01,3,1,0,2,3,13,5,NULL,2.021E+11,232 738,175 630,A01,1,1,1,2,1943,3,1,8,-1,-1,-1,-1,2.021E+11,4,LOIRE (QUAI DE LA),0,NULL,1,1,0,1,-1,-1,2,NULL,-1,1,5,1,40
2.021E+11,3,9,2021,13:25:00,1,31,31182,1,2,1,3,Route de Lacourtensourt,"436,675,030,000","14,102,890,000",2.021E+11,170 852,A01,1,1,0,2,7,1,5,NULL,2.021E+11,226 523,170 852,A01,1,1,3,1,1956,5,2,-1,-1,0,0,-1,2.021E+11,7,D64,-1,NULL,4,2,0,3,23,823,1,NULL,4,1,9,1,30
2.021E+11,3,9,2021,13:25:00,1,31,31182,1,2,1,3,Route de Lacourtensourt,"436,675,030,000","14,102,890,000",2.021E+11,170 852,A01,1,1,0,2,7,1,5,NULL,2.021E+11,226 524,170 853,B01,1,1,1,1,1983,4,1,-1,-1,0,0,-1,2.021E+11,7,D64,-1,NULL,4,2,0,3,23,823,1,NULL,4,1,9,1,30
2.021E+11,21,9,2021,10:00:00,1,85,85127,2,6,1,3,Chemin du Clouzy,"464,245,110,000","-14,941,100,000",2.021E+11,169 927,B01,1,1,0,2,8,1,5,NULL,2.021E+11,225 325,169 926,A01,1,1,1,2,1958,3,1,-1,-1,0,0,-1,2.021E+11,3,105,0,A,2,2,0,1,0,0,2,NULL,-1,1,0,1,50
2.021E+11,21,9,2021,10:00:00,1,85,85127,2,6,1,3,Chemin du Clouzy,"464,245,110,000","-14,941,100,000",2.021E+11,169 927,B01,1,1,0,2,8,1,5,NULL,2.021E+11,225 326,169 927,B01,1,1,4,1,1952,5,2,-1,-1,0,0,-1,2.021E+11,3,105,0,A,2,2,0,1,0,0,2,NULL,-1,1,0,1,50
2.021E+11,13,9,2021,07:40:00,1,94,94004,2,1,1,6,GENERAL LECLERC (AV),"487,493,600,000","25,084,200,000",2.021E+11,167 280,B01,2,1,0,2,1,0,5,NULL,2.021E+11,221 897,167 279,A01,1,1,1,1,1973,4,1,0,-1,-1,-1,-1,2.021E+11,2,GENERAL LECLERC (AV),0,NULL,2,4,0,2,1,0,1,NULL,-1,1,0,1,50
2.021E+11,13,9,2021,07:40:00,1,94,94004,2,1,1,6,GENERAL LECLERC (AV),"487,493,600,000","25,084,200,000",2.021E+11,167 280,B01,2,1,0,2,1,0,5,NULL,2.021E+11,221 898,167 280,B01,1,1,4,2,1974,0,8,0,-1,-1,-1,-1,2.021E+11,2,GENERAL LECLERC (AV),0,NULL,2,4,0,2,1,0,1,NULL,-1,1,0,1,50
2.021E+11,9,6,2021,20:20:00,1,94,94068,2,1,1,2,Boulevard de Champigny,"487,993,200,000","25,041,300,000",2.021E+11,166 193,A01,2,1,0,2,1,0,5,NULL,2.021E+11,220 449,166 192,B01,1,1,1,2,1952,3,1,0,-1,-1,-1,-1,2.021E+11,3,CHAMPIGNY (BD DE),0,NULL,2,2,0,1,0,0,1,NULL,-1,1,0,1,30
2.021E+11,9,6,2021,20:20:00,1,94,94068,2,1,1,2,Boulevard de Champigny,"487,993,200,000","25,041,300,000",2.021E+11,166 193,A01,2,1,0,2,1,0,5,NULL,2.021E+11,220 450,166 193,A01,1,1,4,1,2007,5,0,0,-1,-1,-1,-1,2.021E+11,3,CHAMPIGNY (BD DE),0,NULL,2,2,0,1,0,0,1,NULL,-1,1,0,1,30
2.021E+11,27,8,2021,16:30:00,1,75,75101,2,2,1,1,RUE DE RIVOLI,"488,614,960,000","23,391,430,000",2.021E+11,161 769,Z01,2,1,0,2,8,5,5,NULL,2.021E+11,214 591,161 768,A01,1,1,4,1,1974,5,8,0,-1,0,0,-1,2.021E+11,4,RUE DE RIVOLI,0,NULL,2,3,1,1,-1,-1,1,NULL,-1,1,0,5,50
2.021E+11,27,8,2021,16:30:00,1,75,75101,2,2,1,1,RUE DE RIVOLI,"488,614,960,000","23,391,430,000",2.021E+11,161 768,A01,1,1,0,9,8,1,5,NULL,2.021E+11,214 591,161 768,A01,1,1,4,1,1974,5,8,0,-1,0,0,-1,2.021E+11,4,RUE DE RIVOLI,0,NULL,2,3,1,1,-1,-1,1,NULL,-1,1,0,5,50
2.021E+11,27,8,2021,16:30:00,1,75,75101,2,2,1,1,RUE DE RIVOLI,"488,614,960,000","23,391,430,000",2.021E+11,161 769,Z01,2,1,0,2,8,5,5,NULL,2.021E+11,214 592,161 769,Z01,1,1,1,-1,NULL,-1,-1,-1,-1,-1,-1,-1,2.021E+11,4,RUE DE RIVOLI,0,NULL,2,3,1,1,-1,-1,1,NULL,-1,1,0,5,50
2.021E+11,27,8,2021,16:30:00,1,75,75101,2,2,1,1,RUE DE RIVOLI,"488,614,960,000","23,391,430,000",2.021E+11,161 768,A01,1,1,0,9,8,1,5,NULL,2.021E+11,214 592,161 769,Z01,1,1,1,-1,NULL,-1,-1,-1,-1,-1,-1,-1,2.021E+11,4,RUE DE RIVOLI,0,NULL,2,3,1,1,-1,-1,1,NULL,-1,1,0,5,50
2.021E+11,26,7,2021,21:00:00,2,11,11145,1,1,1,2,D718,"432,311,340,000","32,004,550,000",2.021E+11,153 430,B01,2,1,0,2,4,1,5,NULL,2.021E+11,203 080,153 429,A01,1,1,1,2,2000,5,1,-1,-1,0,0,-1,2.021E+11,3,718,-1,D,2,2,0,1,5,300,1,NULL,-1,1,0,1,80
2.021E+11,26,7,2021,21:00:00,2,11,11145,1,1,1,2,D718,"432,311,340,000","32,004,550,000",2.021E+11,153 430,B01,2,1,0,2,4,1,5,NULL,2.021E+11,203 081,153 430,B01,1,1,3,1,1982,5,2,-1,-1,0,0,-1,2.021E+11,3,718,-1,D,2,2,0,1,5,300,1,NULL,-1,1,0,1,80
2.021E+11,15,7,2021,16:00:00,1,75,75115,2,3,1,3,BOULEVARD VICTOR,"488,339,440,000","22,853,610,000",2.021E+11,150 139,B01,1,1,0,2,8,1,5,NULL,2.021E+11,198 510,150 138,A01,1,1,1,2,1981,4,1,0,-1,0,0,-1,2.021E+11,4,BOULEVARD VICTOR,0,NULL,3,3,1,2,-1,-1,1,NULL,-1,1,0,5,50
2.021E+11,15,7,2021,16:00:00,1,75,75115,2,3,1,3,BOULEVARD VICTOR,"488,339,440,000","22,853,610,000",2.021E+11,150 139,B01,1,1,0,2,8,1,5,NULL,2.021E+11,198 511,150 139,B01,1,1,4,2,1968,1,2,0,-1,0,0,-1,2.021E+11,4,BOULEVARD VICTOR,0,NULL,3,3,1,2,-1,-1,1,NULL,-1,1,0,5,50
2.021E+11,15,7,2021,19:30:00,1,17,17323,2,2,1,3,Rue de la Plage,"460,348,110,000","-13,748,360,000",2.021E+11,149 830,A01,3,1,0,2,8,1,5,NULL,2.021E+11,198 099,149 829,B01,1,1,1,2,1970,0,8,-1,-1,0,0,-1,2.021E+11,4,port,0,R,1,1,2,1,-1,-1,1,NULL,-1,1,0,1,50
2.021E+11,15,7,2021,19:30:00,1,17,17323,2,2,1,3,Rue de la Plage,"460,348,110,000","-13,748,360,000",2.021E+11,149 830,A01,3,1,0,2,8,1,5,NULL,2.021E+11,198 100,149 829,B01,9,2,1,1,2010,0,8,-1,-1,0,0,-1,2.021E+11,4,port,0,R,1,1,2,1,-1,-1,1,NULL,-1,1,0,1,50
2.021E+11,15,7,2021,19:30:00,1,17,17323,2,2,1,3,Rue de la Plage,"460,348,110,000","-13,748,360,000",2.021E+11,149 830,A01,3,1,0,2,8,1,5,NULL,2.021E+11,198 101,149 829,B01,7,2,1,1,2006,0,8,-1,-1,0,0,-1,2.021E+11,4,port,0,R,1,1,2,1,-1,-1,1,NULL,-1,1,0,1,50
2.021E+11,15,7,2021,19:30:00,1,17,17323,2,2,1,3,Rue de la Plage,"460,348,110,000","-13,748,360,000",2.021E+11,149 830,A01,3,1,0,2,8,1,5,NULL,2.021E+11,198 102,149 830,A01,1,1,4,1,1998,0,2,-1,-1,0,0,-1,2.021E+11,4,port,0,R,1,1,2,1,-1,-1,1,NULL,-1,1,0,1,50
2.021E+11,6,7,2021,19:05:00,1,94,94016,2,2,1,7,Rue Marcel Bonnet,"487,956,100,000","23,270,300,000",2.021E+11,147 382,A01,1,1,0,0,1,1,5,NULL,2.021E+11,194 729,147 382,A01,1,1,4,1,1978,9,2,8,-1,-1,-1,-1,2.021E+11,4,MARCEL BONNET (R),0,NULL,2,2,0,2,1,0,1,NULL,-1,1,0,1,50
2.021E+11,23,6,2021,09:57:00,1,47,47001,2,2,1,3,COLMAR (AV. DE),"441,940,200,000","0,6409000000",2.021E+11,143 712,B01,1,1,0,2,8,9,6,NULL,2.021E+11,189 770,143 711,A01,1,1,1,2,1970,1,1,0,-1,0,0,-1,2.021E+11,4,COLMAR (AV. DE),0,NULL,1,1,0,1,0,0,1,NULL,-1,1,0,1,50
2.021E+11,23,6,2021,09:57:00,1,47,47001,2,2,1,3,COLMAR (AV. DE),"441,940,200,000","0,6409000000",2.021E+11,143 712,B01,1,1,0,2,8,9,6,NULL,2.021E+11,189 771,143 712,B01,1,1,4,1,1947,0,8,0,-1,0,0,-1,2.021E+11,4,COLMAR (AV. DE),0,NULL,1,1,0,1,0,0,1,NULL,-1,1,0,1,50
2.021E+11,14,6,2021,21:27:00,2,95,95574,2,1,1,1,RD 144,"490,071,342,347","22,714,394,331",2.021E+11,142 222,B01,2,1,12,2,1,1,5,NULL,2.021E+11,187 856,142 222,B01,1,1,3,1,2003,5,8,-1,-1,-1,0,-1,2.021E+11,3,MONTMORENCY (ROUTE DE),0,NULL,2,2,0,1,1,550,1,NULL,-1,1,0,1,50
2.021E+11,14,6,2021,21:27:00,2,95,95574,2,1,1,1,RD 144,"490,071,342,347","22,714,394,331",2.021E+11,142 222,B01,2,1,12,2,1,1,5,NULL,2.021E+11,187 857,142 223,A01,1,1,1,1,2002,5,1,-1,-1,-1,0,-1,2.021E+11,3,MONTMORENCY (ROUTE DE),0,NULL,2,2,0,1,1,550,1,NULL,-1,1,0,1,50
2.021E+11,11,6,2021,08:30:00,1,75,75115,2,3,1,6,RUE DES MORILLONS,"488,337,920,000","22,978,440,000",2.021E+11,139 021,A01,1,1,0,1,1,1,5,NULL,2.021E+11,183 653,139 021,A01,10,3,1,2,1985,9,0,-1,-1,3,3,2,2.021E+11,4,RUE DES MORILLONS,0,NULL,1,2,1,2,-1,-1,1,NULL,-1,1,0,1,50
2.021E+11,11,6,2021,08:30:00,1,75,75115,2,3,1,6,RUE DES MORILLONS,"488,337,920,000","22,978,440,000",2.021E+11,139 021,A01,1,1,0,1,1,1,5,NULL,2.021E+11,183 654,139 021,A01,10,3,4,1,2015,9,0,-1,-1,3,3,2,2.021E+11,4,RUE DES MORILLONS,0,NULL,1,2,1,2,-1,-1,1,NULL,-1,1,0,1,50
2.021E+11,11,6,2021,08:30:00,1,75,75115,2,3,1,6,RUE DES MORILLONS,"488,337,920,000","22,978,440,000",2.021E+11,139 021,A01,1,1,0,1,1,1,5,NULL,2.021E+11,183 655,139 021,A01,1,1,1,1,2002,5,8,0,-1,0,0,-1,2.021E+11,4,RUE DES MORILLONS,0,NULL,1,2,1,2,-1,-1,1,NULL,-1,1,0,1,50
2.021E+11,9,6,2021,12:15:00,1,988,98818,2,1,1,2,PROMENADE PIERRE VERNIER,"-222,874,800,000","1,664,575,700,000",2.021E+11,138 765,B01,1,1,0,2,4,1,5,NULL,2.021E+11,183 297,138 764,A01,1,1,1,1,1961,5,2,2,-1,0,0,-1,2.021E+11,4,PROMENADE PIERRE VERNIER,0,NULL,2,2,1,1,0,0,1,NULL,-1,1,0,5,30
2.021E+11,9,6,2021,12:15:00,1,988,98818,2,1,1,2,PROMENADE PIERRE VERNIER,"-222,874,800,000","1,664,575,700,000",2.021E+11,138 764,A01,1,1,0,2,1,1,5,NULL,2.021E+11,183 297,138 764,A01,1,1,1,1,1961,5,2,2,-1,0,0,-1,2.021E+11,4,PROMENADE PIERRE VERNIER,0,NULL,2,2,1,1,0,0,1,NULL,-1,1,0,5,30
2.021E+11,9,6,2021,12:15:00,1,988,98818,2,1,1,2,PROMENADE PIERRE VERNIER,"-222,874,800,000","1,664,575,700,000",2.021E+11,138 765,B01,1,1,0,2,4,1,5,NULL,2.021E+11,183 298,138 765,B01,1,1,4,1,1949,5,0,0,-1,0,0,-1,2.021E+11,4,PROMENADE PIERRE VERNIER,0,NULL,2,2,1,1,0,0,1,NULL,-1,1,0,5,30
2.021E+11,9,6,2021,12:15:00,1,988,98818,2,1,1,2,PROMENADE PIERRE VERNIER,"-222,874,800,000","1,664,575,700,000",2.021E+11,138 764,A01,1,1,0,2,1,1,5,NULL,2.021E+11,183 298,138 765,B01,1,1,4,1,1949,5,0,0,-1,0,0,-1,2.021E+11,4,PROMENADE PIERRE VERNIER,0,NULL,2,2,1,1,0,0,1,NULL,-1,1,0,5,30
2.021E+11,14,5,2021,17:35:00,1,29,29039,1,6,8,3,RD 783,"478,857,200,000","-39,133,300,000",2.021E+11,130 180,B01,2,1,0,2,1,1,5,NULL,2.021E+11,172 093,130 180,B01,1,1,4,1,2003,5,2,-1,-1,0,-1,-1,2.021E+11,3,RD 783,0,NULL,4,2,0,2,33,700,1,NULL,-1,1,0,1,70
2.021E+11,14,5,2021,17:35:00,1,29,29039,1,6,8,3,RD 783,"478,857,200,000","-39,133,300,000",2.021E+11,130 180,B01,2,1,0,2,1,1,5,NULL,2.021E+11,172 094,130 181,A01,1,1,1,2,1973,5,1,-1,-1,0,0,-1,2.021E+11,3,RD 783,0,NULL,4,2,0,2,33,700,1,NULL,-1,1,0,1,70
2.021E+11,11,5,2021,16:34:00,1,95,95277,2,1,1,2,EUROPE (ROUTE DE L'),"489,880,524,355","24,816,226,959",2.021E+11,130 036,B01,2,1,0,2,4,1,-1,NULL,2.021E+11,171 892,130 036,B01,1,1,2,1,1998,-1,8,-1,-1,-1,0,-1,2.021E+11,3,EUROPE (ROUTE DE L'),0,NULL,2,4,1,1,1,350,1,NULL,-1,1,0,5,70
2.021E+11,11,5,2021,16:34:00,1,95,95277,2,1,1,2,EUROPE (ROUTE DE L'),"489,880,524,355","24,816,226,959",2.021E+11,130 036,B01,2,1,0,2,4,1,-1,NULL,2.021E+11,171 893,130 037,A01,2,2,4,1,1993,3,1,-1,-1,-1,0,-1,2.021E+11,3,EUROPE (ROUTE DE L'),0,NULL,2,4,1,1,1,350,1,NULL,-1,1,0,5,70
2.021E+11,11,5,2021,16:34:00,1,95,95277,2,1,1,2,EUROPE (ROUTE DE L'),"489,880,524,355","24,816,226,959",2.021E+11,130 036,B01,2,1,0,2,4,1,-1,NULL,2.021E+11,171 894,130 037,A01,1,1,1,1,1997,3,1,-1,-1,-1,0,-1,2.021E+11,3,EUROPE (ROUTE DE L'),0,NULL,2,4,1,1,1,350,1,NULL,-1,1,0,5,70
2.021E+11,10,5,2021,13:20:00,1,69,69381,2,3,3,7,GENERAL GIRAUD (DU) (CR),"457,697,600,000","48,169,300,000",2.021E+11,129 304,B01,2,1,0,0,0,1,5,NULL,2.021E+11,170 928,129 303,A01,1,1,1,-1,NULL,-1,8,-1,-1,-1,-1,-1,2.021E+11,4,NULL,0,NULL,2,4,1,2,-1,-1,1,NULL,-1,2,0,1,50
2.021E+11,10,5,2021,13:20:00,1,69,69381,2,3,3,7,GENERAL GIRAUD (DU) (CR),"457,697,600,000","48,169,300,000",2.021E+11,129 304,B01,2,1,0,0,0,1,5,NULL,2.021E+11,170 929,129 304,B01,1,1,4,1,1970,0,2,-1,-1,-1,-1,-1,2.021E+11,4,NULL,0,NULL,2,4,1,2,-1,-1,1,NULL,-1,2,0,1,50
2.021E+11,11,5,2021,17:19:00,1,38,38373,2,2,3,3,D12a,"453,662,450,000","55,530,100,000",2.021E+11,129 135,A01,3,1,0,2,7,15,5,NULL,2.021E+11,170 705,129 135,A01,1,1,3,1,1948,5,2,-1,-1,0,0,-1,2.021E+11,3,12,0,A,2,2,0,1,-1,-1,2,NULL,-1,2,0,1,50
2.021E+11,11,5,2021,17:19:00,1,38,38373,2,2,3,3,D12a,"453,662,450,000","55,530,100,000",2.021E+11,129 135,A01,3,1,0,2,7,15,5,NULL,2.021E+11,170 706,129 136,B01,2,2,1,1,2004,3,1,-1,-1,0,0,-1,2.021E+11,3,12,0,A,2,2,0,1,-1,-1,2,NULL,-1,2,0,1,50
2.021E+11,11,5,2021,17:19:00,1,38,38373,2,2,3,3,D12a,"453,662,450,000","55,530,100,000",2.021E+11,129 135,A01,3,1,0,2,7,15,5,NULL,2.021E+11,170 707,129 136,B01,1,1,1,1,1997,3,1,-1,-1,0,0,-1,2.021E+11,3,12,0,A,2,2,0,1,-1,-1,2,NULL,-1,2,0,1,50
2.021E+11,16,4,2021,18:35:00,1,56,56121,2,6,1,3,FRANCE ( AVE ANATOLE ),"477,468,900,000","-33,660,900,000",2.021E+11,123 695,B01,2,1,0,2,7,15,5,NULL,2.021E+11,163 653,123 694,A01,1,1,1,2,1974,4,1,0,-1,-1,-1,-1,2.021E+11,4,FRANCE ( AVE ANATOLE ),0,NULL,2,4,3,1,-1,-1,1,NULL,-1,1,5,6,30
2.021E+11,16,4,2021,18:35:00,1,56,56121,2,6,1,3,FRANCE ( AVE ANATOLE ),"477,468,900,000","-33,660,900,000",2.021E+11,123 695,B01,2,1,0,2,7,15,5,NULL,2.021E+11,163 654,123 694,A01,5,2,4,2,2016,5,1,0,-1,-1,-1,-1,2.021E+11,4,FRANCE ( AVE ANATOLE ),0,NULL,2,4,3,1,-1,-1,1,NULL,-1,1,5,6,30
2.021E+11,16,4,2021,18:35:00,1,56,56121,2,6,1,3,FRANCE ( AVE ANATOLE ),"477,468,900,000","-33,660,900,000",2.021E+11,123 695,B01,2,1,0,2,7,15,5,NULL,2.021E+11,163 655,123 695,B01,1,1,1,1,1991,4,2,8,-1,-1,-1,-1,2.021E+11,4,FRANCE ( AVE ANATOLE ),0,NULL,2,4,3,1,-1,-1,1,NULL,-1,1,5,6,30
2.021E+11,9,4,2021,16:00:00,1,94,94068,2,2,1,3,FOCH (AV),"487,999,000,000","24,976,000,000",2.021E+11,122 173,B01,1,1,0,2,8,1,0,NULL,2.021E+11,161 708,122 172,A01,1,1,1,1,1952,3,1,0,-1,-1,-1,-1,2.021E+11,3,FOCH (AV),0,NULL,2,2,0,1,0,0,1,NULL,-1,1,0,1,30
2.021E+11,9,4,2021,16:00:00,1,94,94068,2,2,1,3,FOCH (AV),"487,999,000,000","24,976,000,000",2.021E+11,122 173,B01,1,1,0,2,8,1,0,NULL,2.021E+11,161 709,122 173,B01,1,1,4,1,1958,5,8,0,-1,-1,-1,-1,2.021E+11,3,FOCH (AV),0,NULL,2,2,0,1,0,0,1,NULL,-1,1,0,1,30
2.021E+11,30,3,2021,15:30:00,1,55,55258,1,1,1,2,D8,"487,742,670,000","56,937,200,000",2.021E+11,119 472,B01,1,1,0,0,4,1,5,NULL,2.021E+11,158 142,119 471,A01,1,1,3,1,1968,5,2,-1,-1,0,0,-1,2.021E+11,3,D8,0,NULL,2,2,0,1,15,50,1,NULL,-1,1,0,1,80
2.021E+11,30,3,2021,15:30:00,1,55,55258,1,1,1,2,D8,"487,742,670,000","56,937,200,000",2.021E+11,119 471,A01,1,1,0,0,2,1,5,NULL,2.021E+11,158 142,119 471,A01,1,1,3,1,1968,5,2,-1,-1,0,0,-1,2.021E+11,3,D8,0,NULL,2,2,0,1,15,50,1,NULL,-1,1,0,1,80
2.021E+11,30,3,2021,15:30:00,1,55,55258,1,1,1,2,D8,"487,742,670,000","56,937,200,000",2.021E+11,119 472,B01,1,1,0,0,4,1,5,NULL,2.021E+11,158 143,119 472,B01,1,1,1,1,1989,5,2,-1,-1,0,0,-1,2.021E+11,3,D8,0,NULL,2,2,0,1,15,50,1,NULL,-1,1,0,1,80
2.021E+11,30,3,2021,15:30:00,1,55,55258,1,1,1,2,D8,"487,742,670,000","56,937,200,000",2.021E+11,119 471,A01,1,1,0,0,2,1,5,NULL,2.021E+11,158 143,119 472,B01,1,1,1,1,1989,5,2,-1,-1,0,0,-1,2.021E+11,3,D8,0,NULL,2,2,0,1,15,50,1,NULL,-1,1,0,1,80
2.021E+11,25,3,2021,16:31:00,1,63,63113,2,2,1,3,LAVOISIERS /Fontgiève,"457,823,100,000","30,728,800,000",2.021E+11,118 646,A01,2,1,0,2,7,26,5,NULL,2.021E+11,157 077,118 645,B01,1,1,1,2,1987,9,1,0,-1,0,0,-1,2.021E+11,7,LAVOISIERS (BD),0,NULL,1,2,0,1,-1,-1,1,NULL,-1,1,0,1,50
2.021E+11,25,3,2021,16:31:00,1,63,63113,2,2,1,3,LAVOISIERS /Fontgiève,"457,823,100,000","30,728,800,000",2.021E+11,118 646,A01,2,1,0,2,7,26,5,NULL,2.021E+11,157 078,118 646,A01,1,1,4,2,2002,9,2,0,-1,0,0,-1,2.021E+11,7,LAVOISIERS (BD),0,NULL,1,2,0,1,-1,-1,1,NULL,-1,1,0,1,50
2.021E+11,26,2,2021,13:15:00,1,6,6027,2,1,1,2,PLAGE BOULEVARD DE LA,"436,568,300,000","71,647,000,000",2.021E+11,112 275,A01,2,1,0,2,4,14,5,NULL,2.021E+11,148 910,112 275,A01,1,1,4,1,1974,5,8,0,-1,0,0,-1,2.021E+11,7,PLAGE BOULEVARD DE LA,0,NULL,2,4,0,1,-1,-1,1,NULL,-1,1,0,1,50
2.021E+11,26,2,2021,13:15:00,1,6,6027,2,1,1,2,PLAGE BOULEVARD DE LA,"436,568,300,000","71,647,000,000",2.021E+11,112 275,A01,2,1,0,2,4,14,5,NULL,2.021E+11,148 911,112 276,B01,1,1,1,2,1967,5,1,0,0,0,0,-1,2.021E+11,7,PLAGE BOULEVARD DE LA,0,NULL,2,4,0,1,-1,-1,1,NULL,-1,1,0,1,50
2.021E+11,12,2,2021,09:00:00,1,92,92048,2,1,1,7,VAUGIRARD (ROUTE DE),"488,201,400,000","22,396,800,000",2.021E+11,109 224,A01,2,1,0,0,0,1,5,NULL,2.021E+11,144 971,109 224,A01,1,1,4,1,1968,1,2,8,-1,-1,-1,-1,2.021E+11,3,7,0,NULL,2,2,1,1,0,0,1,NULL,-1,7,0,5,30
2.021E+11,5,2,2021,09:38:00,1,94,94028,2,1,1,1,ECLUSE (Rue de l'),"487,991,840,000","24,689,130,000",2.021E+11,107 931,B01,2,1,0,2,4,1,0,NULL,2.021E+11,143 268,107 930,A01,1,1,1,1,1997,4,8,4,-1,-1,-1,-1,2.021E+11,4,R DE L ECLUSE,0,NULL,-1,6,0,2,1,0,1,NULL,-1,1,2,3,50
2.021E+11,5,2,2021,09:38:00,1,94,94028,2,1,1,1,ECLUSE (Rue de l'),"487,991,840,000","24,689,130,000",2.021E+11,107 931,B01,2,1,0,2,4,1,0,NULL,2.021E+11,143 269,107 931,B01,1,1,3,1,1991,0,8,0,-1,-1,-1,-1,2.021E+11,4,R DE L ECLUSE,0,NULL,-1,6,0,2,1,0,1,NULL,-1,1,2,3,50
2.021E+11,24,1,2021,10:45:00,1,29,29129,1,1,2,2,D769 - Pont Mikael,"483,601,130,000","-36,984,870,000",2.021E+11,105 245,B01,2,1,0,2,4,2,5,NULL,2.021E+11,139 739,105 244,A01,1,1,1,1,1947,0,1,-1,-1,0,0,-1,2.021E+11,3,D769,-1,NULL,2,2,0,1,24,800,1,NULL,-1,2,0,1,80
2.021E+11,24,1,2021,10:45:00,1,29,29129,1,1,2,2,D769 - Pont Mikael,"483,601,130,000","-36,984,870,000",2.021E+11,105 245,B01,2,1,0,2,4,2,5,NULL,2.021E+11,139 740,105 245,B01,1,1,2,1,1967,5,4,2,6,0,0,-1,2.021E+11,3,D769,-1,NULL,2,2,0,1,24,800,1,NULL,-1,2,0,1,80
2.021E+11,21,1,2021,10:22:00,1,69,69387,2,9,6,7,TONY GARNIER                        (AV),"457,315,500,000","48,240,900,000",2.021E+11,104 897,A01,2,1,12,0,0,19,5,NULL,2.021E+11,139 246,104 897,A01,1,1,4,1,1990,0,8,-1,-1,-1,-1,-1,2.021E+11,4,NULL,0,NULL,2,1,1,1,-1,-1,1,NULL,-1,1,0,5,-1
2.021E+11,13,10,2021,18:58:00,2,93,93055,2,1,1,3,JEAN LOLIVE (AVENUE)(137/FIN ET 134/FIN),"488,944,582,801","24,193,766,713",2.021E+11,177 771,B01,3,1,0,2,1,9,5,NULL,2.021E+11,235 486,177 770,A01,1,1,4,1,1994,0,2,0,-1,-1,-1,-1,2.021E+11,3,JEAN LOLIVE (AVENUE)(137/FIN ET 134/FIN),0,NULL,2,2,1,1,0,0,1,NULL,-1,1,0,1,50
2.021E+11,13,10,2021,18:58:00,2,93,93055,2,1,1,3,JEAN LOLIVE (AVENUE)(137/FIN ET 134/FIN),"488,944,582,801","24,193,766,713",2.021E+11,177 771,B01,3,1,0,2,1,9,5,NULL,2.021E+11,235 487,177 771,B01,1,1,4,1,1974,0,8,0,-1,-1,-1,-1,2.021E+11,3,JEAN LOLIVE (AVENUE)(137/FIN ET 134/FIN),0,NULL,2,2,1,1,0,0,1,NULL,-1,1,0,1,50
2.021E+11,11,10,2021,09:50:00,1,78,78124,2,6,7,3,BEZONS (RUE DE),"489,096,500,000","21,871,400,000",2.021E+11,177 618,B01,3,1,0,2,6,2,0,NULL,2.021E+11,235 297,177 617,A01,1,1,1,1,1955,5,1,0,-1,-1,-1,-1,2.021E+11,4,BEZONS (RUE DE),0,NULL,2,2,0,1,-1,-1,1,NULL,-1,1,0,1,50
2.021E+11,11,10,2021,09:50:00,1,78,78124,2,6,7,3,BEZONS (RUE DE),"489,096,500,000","21,871,400,000",2.021E+11,177 618,B01,3,1,0,2,6,2,0,NULL,2.021E+11,235 298,177 618,B01,1,1,4,1,1984,5,0,-1,-1,-1,-1,-1,2.021E+11,4,BEZONS (RUE DE),0,NULL,2,2,0,1,-1,-1,1,NULL,-1,1,0,1,50
2.021E+11,11,10,2021,09:50:00,1,78,78124,2,6,7,3,BEZONS (RUE DE),"489,096,500,000","21,871,400,000",2.021E+11,177 618,B01,3,1,0,2,6,2,0,NULL,2.021E+11,235 299,177 618,B01,2,2,1,1,2020,5,0,-1,-1,-1,-1,-1,2.021E+11,4,BEZONS (RUE DE),0,NULL,2,2,0,1,-1,-1,1,NULL,-1,1,0,1,50
2.021E+11,13,10,2021,17:30:00,1,69,69266,2,1,1,3,FRANCIS DE PRESSENSE (R),"457,721,100,000","48,690,000,000",2.021E+11,177 599,B01,2,1,0,2,8,2,0,NULL,2.021E+11,235 275,177 599,B01,1,1,4,2,1957,0,8,-1,-1,-1,-1,-1,2.021E+11,4,FRANCIS DE PRESSENSE    (Rue),0,NULL,2,2,2,1,-1,-1,1,NULL,-1,1,0,1,50