Num_Acc,jour,mois,an,hrmn,lum,dep,com,agg,int,atm,col,adr,lat,long,Num_Acc,id_vehicule,num_veh,senc,catv,obs,obsm,choc,manv,motor,occutc,Num_Acc,id_usager,id_vehicule,num_veh,place,catu,grav,sexe,an_nais,trajet,secu1,secu2,secu3,locp,actp,etatp,Num_Acc,catr,voie,v1,v2,circ,nbv,vosp,prof,pr,pr1,plan,lartpc,larrout,surf,infra,situ,vma
2.021E+11,16,3,2021,13:00:00,1,32,32013,2,3,1,3,LOUIS BLANC (PLACE),"436,470,300,000","0,5874600000",2.021E+11,116 616,B01,1,1,0,2,1,1,5,NULL,2.021E+11,154 485,116 616,B01,1,1,4,1,1982,-1,0,-1,-1,-1,-1,-1,2.021E+11,4,LOUIS BLANC (PLACE),0,NULL,2,2,0,1,0,0,2,NULL,-1,1,0,1,50
2.021E+11,27,2,2021,19:50:00,5,59,59350,2,9,1,3,JACQUET EUGENE RUE N°IMPAIRS,"506,381,276,311","30,792,802,200",2.021E+11,112 806,P01,1,1,16,9,3,2,5,NULL,2.021E+11,149 622,112 806,P01,1,1,4,2,1991,0,0,0,0,0,0,-1,2.021E+11,4,JACQUET EUGENE RUE N°IMPAIRS,0,NULL,2,2,1,1,-1,-1,2,NULL,-1,1,0,5,50
2.021E+11,27,2,2021,19:50:00,5,59,59350,2,9,1,3,JACQUET EUGENE RUE N°IMPAIRS,"506,381,276,311","30,792,802,200",2.021E+11,112 806,P01,1,1,16,9,3,2,5,NULL,2.021E+11,149 623,112 807,Z01,1,1,1,-1,NULL,-1,-1,-1,-1,-1,-1,-1,2.021E+11,4,JACQUET EUGENE RUE N°IMPAIRS,0,NULL,2,2,1,1,-1,-1,2,NULL,-1,1,0,5,50
2.021E+11,10,2,2021,16:50:00,1,34,34192,2,4,1,3,73 Avenue de l'Etang du Grec,"435,303,129,008","39,367,987,780",2.021E+11,111 613,B01,3,1,0,2,0,26,5,NULL,2.021E+11,148 053,111 612,A01,1,1,1,2,1966,3,1,-1,-1,0,0,-1,2.021E+11,4,NULL,0,NULL,-1,2,0,1,-1,-1,1,NULL,-1,1,8,1,50
2.021E+11,10,2,2021,16:50:00,1,34,34192,2,4,1,3,73 Avenue de l'Etang du Grec,"435,303,129,008","39,367,987,780",2.021E+11,111 613,B01,3,1,0,2,0,26,5,NULL,2.021E+11,148 054,111 613,B01,1,1,3,2,1954,5,0,-1,-1,0,0,-1,2.021E+11,4,NULL,0,NULL,-1,2,0,1,-1,-1,1,NULL,-1,1,8,1,50
2.021E+11,26,1,2021,12:10:00,1,69,69386,2,1,1,3,VITTON (CR),"457,702,370,154","48,603,862,524",2.021E+11,105 984,B01,2,1,0,2,1,2,5,NULL,2.021E+11,140 759,105 984,B01,1,1,4,1,1987,5,0,-1,-1,-1,-1,-1,2.021E+11,4,NULL,0,NULL,1,2,2,1,-1,-1,1,NULL,-1,1,0,1,50
2.021E+11,26,1,2021,12:10:00,1,69,69386,2,1,1,3,VITTON (CR),"457,702,370,154","48,603,862,524",2.021E+11,105 984,B01,2,1,0,2,1,2,5,NULL,2.021E+11,140 760,105 985,A01,1,1,1,2,1993,5,1,-1,-1,-1,-1,-1,2.021E+11,4,NULL,0,NULL,1,2,2,1,-1,-1,1,NULL,-1,1,0,1,50
2.021E+11,19,10,2021,14:41:00,1,63,63113,1,1,1,2,FOREST (AVENUE FERNAND),"457,954,500,000","31,043,600,000",2.021E+11,182 597,B01,3,1,0,2,4,0,5,NULL,2.021E+11,241 789,182 596,A01,1,1,1,1,1990,0,1,0,-1,0,0,-1,2.021E+11,7,FOREST (AVENUE FERNAND),0,NULL,3,5,0,1,-1,-1,1,NULL,-1,1,0,1,70
2.021E+11,19,10,2021,14:41:00,1,63,63113,1,1,1,2,FOREST (AVENUE FERNAND),"457,954,500,000","31,043,600,000",2.021E+11,182 597,B01,3,1,0,2,4,0,5,NULL,2.021E+11,241 790,182 597,B01,1,1,2,1,1944,5,8,0,-1,0,0,-1,2.021E+11,7,FOREST (AVENUE FERNAND),0,NULL,3,5,0,1,-1,-1,1,NULL,-1,1,0,1,70
2.021E+11,23,10,2021,17:00:00,1,55,55069,1,1,7,3,D75,"488,438,300,000","49,907,760,000",2.021E+11,180 768,B01,1,1,0,0,8,1,5,NULL,2.021E+11,239 388,180 767,A01,1,1,1,2,1976,4,1,-1,-1,0,0,-1,2.021E+11,3,75,-1,NULL,2,2,0,1,4,400,3,NULL,-1,1,0,3,80
2.021E+11,23,10,2021,17:00:00,1,55,55069,1,1,7,3,D75,"488,438,300,000","49,907,760,000",2.021E+11,180 768,B01,1,1,0,0,8,1,5,NULL,2.021E+11,239 389,180 768,B01,1,1,4,1,1979,0,0,-1,-1,0,0,-1,2.021E+11,3,75,-1,NULL,2,2,0,1,4,400,3,NULL,-1,1,0,3,80
2.021E+11,21,10,2021,14:10:00,1,59,59523,2,6,8,3,rue de lille,"505,857,640,000","31,672,810,000",2.021E+11,180 027,B01,3,1,0,2,8,26,5,NULL,2.021E+11,238 444,180 026,A01,1,1,1,1,1938,0,1,-1,-1,0,0,-1,2.021E+11,7,955,-1,NULL,-1,1,0,1,-1,-1,3,NULL,-1,2,9,1,50
2.021E+11,21,10,2021,14:10:00,1,59,59523,2,6,8,3,rue de lille,"505,857,640,000","31,672,810,000",2.021E+11,180 027,B01,3,1,0,2,8,26,5,NULL,2.021E+11,238 445,180 027,B01,1,1,4,2,1996,0,0,-1,-1,0,0,-1,2.021E+11,7,955,-1,NULL,-1,1,0,1,-1,-1,3,NULL,-1,2,9,1,50
2.021E+11,13,10,2021,19:50:00,5,75,75111,2,3,1,6,BOULEVARD VOLTAIRE,"488,609,890,000","23,748,410,000",2.021E+11,177 801,A01,2,1,0,1,1,1,5,NULL,2.021E+11,235 527,177 801,A01,1,1,4,1,1992,9,2,0,-1,0,0,-1,2.021E+11,4,BOULEVARD VOLTAIRE,0,NULL,2,4,0,1,-1,-1,1,NULL,-1,1,0,1,30
2.021E+11,13,10,2021,19:50:00,5,75,75111,2,3,1,6,BOULEVARD VOLTAIRE,"488,609,890,000","23,748,410,000",2.021E+11,177 801,A01,2,1,0,1,1,1,5,NULL,2.021E+11,235 528,177 801,A01,10,3,4,1,1992,9,0,-1,-1,4,3,1,2.021E+11,4,BOULEVARD VOLTAIRE,0,NULL,2,4,0,1,-1,-1,1,NULL,-1,1,0,1,30
2.021E+11,30,9,2021,10:25:00,1,94,94041,2,2,1,3,Rue Marat,"488,110,330,000","23,843,010,000",2.021E+11,173 140,B01,2,1,0,2,8,14,5,NULL,2.021E+11,229 522,173 139,A01,1,1,1,-1,NULL,-1,-1,-1,-1,-1,-1,-1,2.021E+11,3,GEORGES GOSNAT (AV),0,NULL,2,2,0,1,1,0,1,NULL,-1,1,0,1,50
2.021E+11,30,9,2021,10:25:00,1,94,94041,2,2,1,3,Rue Marat,"488,110,330,000","23,843,010,000",2.021E+11,173 140,B01,2,1,0,2,8,14,5,NULL,2.021E+11,229 523,173 140,B01,1,1,4,2,1970,1,0,0,-1,-1,-1,-1,2.021E+11,3,GEORGES GOSNAT (AV),0,NULL,2,2,0,1,1,0,1,NULL,-1,1,0,1,50
2.021E+11,28,9,2021,16:35:00,1,77,77373,2,1,1,2,RUE DES PRES SAINT MARTIN,"487,915,880,156","26,133,362,983",2.021E+11,172 835,A01,1,1,0,2,1,2,5,NULL,2.021E+11,229 150,172 834,B01,1,1,1,1,1989,0,1,0,-1,-1,-1,-1,2.021E+11,4,RUE DES PRES SAINT MARTIN,0,NULL,3,2,0,1,0,0,1,NULL,-1,1,0,1,50
2.021E+11,28,9,2021,16:35:00,1,77,77373,2,1,1,2,RUE DES PRES SAINT MARTIN,"487,915,880,156","26,133,362,983",2.021E+11,172 835,A01,1,1,0,2,1,2,5,NULL,2.021E+11,229 151,172 835,A01,1,1,4,1,2005,0,-1,0,-1,-1,-1,-1,2.021E+11,4,RUE DES PRES SAINT MARTIN,0,NULL,3,2,0,1,0,0,1,NULL,-1,1,0,1,50
2.021E+11,9,9,2021,08:50:00,1,974,97407,2,1,1,6,LENINE (AVENUE),"-209,417,500,000","553,021,610,000",2.021E+11,166 579,B01,3,1,0,1,1,0,0,NULL,2.021E+11,220 951,166 579,B01,1,1,1,-1,NULL,-1,-1,-1,-1,-1,-1,-1,2.021E+11,4,LENINE (AVENUE),0,NULL,-1,2,0,1,0,0,1,NULL,-1,1,0,1,30
2.021E+11,9,9,2021,08:50:00,1,974,97407,2,1,1,6,LENINE (AVENUE),"-209,417,500,000","553,021,610,000",2.021E+11,166 579,B01,3,1,0,1,1,0,0,NULL,2.021E+11,220 952,166 579,B01,10,3,4,2,2000,0,8,8,-1,2,9,1,2.021E+11,4,LENINE (AVENUE),0,NULL,-1,2,0,1,0,0,1,NULL,-1,1,0,1,30
2.021E+11,5,9,2021,11:44:00,1,10,10362,2,2,1,6,PAUL DOUMER (RUE),"482,895,100,000","40,466,600,000",2.021E+11,164 613,B01,2,1,0,2,1,15,5,NULL,2.021E+11,218 414,164 613,B01,1,1,4,2,2003,5,2,0,-1,-1,-1,-1,2.021E+11,3,PAUL DOUMER (RUE),0,NULL,2,2,0,1,23,50,1,NULL,-1,1,0,1,50
2.021E+11,5,9,2021,11:44:00,1,10,10362,2,2,1,6,PAUL DOUMER (RUE),"482,895,100,000","40,466,600,000",2.021E+11,164 613,B01,2,1,0,2,1,15,5,NULL,2.021E+11,218 415,164 614,A01,1,1,1,1,1941,5,1,0,-1,-1,-1,-1,2.021E+11,3,PAUL DOUMER (RUE),0,NULL,2,2,0,1,23,50,1,NULL,-1,1,0,1,50
2.021E+11,19,8,2021,12:00:00,1,63,63116,1,1,1,7,D2144,"459,779,200,000","30,948,740,000",2.021E+11,159 654,A01,2,1,0,0,0,2,6,NULL,2.021E+11,211 716,159 654,A01,1,1,4,1,1954,0,2,-1,-1,0,0,-1,2.021E+11,3,2144,0,D,2,2,0,4,8,700,1,NULL,-1,1,0,1,80
2.021E+11,18,8,2021,16:24:00,1,38,38427,1,1,1,1,chemin des aretes - chemin de quincieu,"452,849,800,000","53,678,300,000",2.021E+11,159 371,A01,3,1,0,2,1,1,0,NULL,2.021E+11,211 340,159 371,A01,1,1,3,1,1960,5,2,-1,-1,0,0,-1,2.021E+11,4,0,0,I,-1,2,0,2,-1,-1,3,NULL,-1,1,0,1,80
2.021E+11,18,8,2021,16:24:00,1,38,38427,1,1,1,1,chemin des aretes - chemin de quincieu,"452,849,800,000","53,678,300,000",2.021E+11,159 371,A01,3,1,0,2,1,1,0,NULL,2.021E+11,211 341,159 372,B01,1,1,1,1,1984,4,0,-1,-1,0,0,-1,2.021E+11,4,0,0,I,-1,2,0,2,-1,-1,3,NULL,-1,1,0,1,80
2.021E+11,8,8,2021,12:30:00,1,63,63219,1,1,8,7,lieu dit les gardes,"457,943,250,000","29,004,340,000",2.021E+11,157 111,B01,2,1,0,0,0,1,5,NULL,2.021E+11,208 202,157 110,A01,1,1,4,1,1992,5,2,-1,-1,0,0,-1,2.021E+11,3,559,0,D,2,2,0,2,1,950,3,NULL,-1,9,0,1,80
2.021E+11,8,8,2021,12:30:00,1,63,63219,1,1,8,7,lieu dit les gardes,"457,943,250,000","29,004,340,000",2.021E+11,157 110,A01,2,1,0,0,0,1,5,NULL,2.021E+11,208 202,157 110,A01,1,1,4,1,1992,5,2,-1,-1,0,0,-1,2.021E+11,3,559,0,D,2,2,0,2,1,950,3,NULL,-1,9,0,1,80
2.021E+11,8,8,2021,12:30:00,1,63,63219,1,1,8,7,lieu dit les gardes,"457,943,250,000","29,004,340,000",2.021E+11,157 111,B01,2,1,0,0,0,1,5,NULL,2.021E+11,208 203,157 111,B01,1,1,4,1,1970,5,2,-1,-1,0,0,-1,2.021E+11,3,559,0,D,2,2,0,2,1,950,3,NULL,-1,9,0,1,80
2.021E+11,8,8,2021,12:30:00,1,63,63219,1,1,8,7,lieu dit les gardes,"457,943,250,000","29,004,340,000",2.021E+11,157 110,A01,2,1,0,0,0,1,5,NULL,2.021E+11,208 203,157 111,B01,1,1,4,1,1970,5,2,-1,-1,0,0,-1,2.021E+11,3,559,0,D,2,2,0,2,1,950,3,NULL,-1,9,0,1,80
2.021E+11,5,8,2021,20:20:00,1,75,75111,2,3,1,6,RUE SAINT MAUR,"488,635,539,958","23,788,929,702",2.021E+11,156 113,B01,1,1,0,2,8,1,5,NULL,2.021E+11,206 796,156 113,B01,1,1,4,2,1995,9,8,0,-1,0,0,-1,2.021E+11,4,RUE SAINT MAUR,0,NULL,1,1,0,1,-1,-1,1,NULL,-1,1,0,1,30
2.021E+11,5,8,2021,20:20:00,1,75,75111,2,3,1,6,RUE SAINT MAUR,"488,635,539,958","23,788,929,702",2.021E+11,156 113,B01,1,1,0,2,8,1,5,NULL,2.021E+11,206 797,156 114,A01,1,1,1,1,1948,5,1,0,-1,0,0,-1,2.021E+11,4,RUE SAINT MAUR,0,NULL,1,1,0,1,-1,-1,1,NULL,-1,1,0,1,30
2.021E+11,4,7,2021,14:40:00,1,51,51030,1,1,1,7,Veloroute du Canal Latéral à la Marne,"490,429,860,000","40,412,870,000",2.021E+11,152 016,A01,3,1,0,0,0,1,5,NULL,2.021E+11,201 106,152 016,A01,1,1,3,1,1962,5,0,-1,-1,0,0,-1,2.021E+11,4,NULL,-1,NULL,2,2,1,2,-1,-1,1,NULL,"5,5",2,0,5,-1
2.021E+11,20,7,2021,19:10:00,1,75,75110,2,7,1,4,PLACE DU COLONEL FABIEN,"488,777,450,000","23,701,350,000",2.021E+11,151 714,A01,1,1,0,2,4,2,5,NULL,2.021E+11,200 725,151 712,X01,1,1,1,-1,NULL,-1,-1,-1,-1,-1,-1,-1,2.021E+11,4,PLACE DU COLONEL FABIEN,0,NULL,1,3,0,1,-1,-1,1,NULL,-1,1,0,1,50
2.021E+11,20,7,2021,19:10:00,1,75,75110,2,7,1,4,PLACE DU COLONEL FABIEN,"488,777,450,000","23,701,350,000",2.021E+11,151 714,A01,1,1,0,2,4,2,5,NULL,2.021E+11,200 726,151 713,Z01,1,1,1,-1,NULL,-1,-1,-1,-1,-1,-1,-1,2.021E+11,4,PLACE DU COLONEL FABIEN,0,NULL,1,3,0,1,-1,-1,1,NULL,-1,1,0,1,50
2.021E+11,20,7,2021,19:10:00,1,75,75110,2,7,1,4,PLACE DU COLONEL FABIEN,"488,777,450,000","23,701,350,000",2.021E+11,151 714,A01,1,1,0,2,4,2,5,NULL,2.021E+11,200 727,151 714,A01,1,1,4,1,1983,1,2,0,-1,0,0,-1,2.021E+11,4,PLACE DU COLONEL FABIEN,0,NULL,1,3,0,1,-1,-1,1,NULL,-1,1,0,1,50
2.021E+11,20,7,2021,17:30:00,1,75,75103,2,2,1,6,RUE DE TURENNE,"488,581,530,000","23,644,690,000",2.021E+11,151 704,A01,1,1,0,1,1,1,5,NULL,2.021E+11,200 714,151 704,A01,1,1,4,2,1967,9,2,0,-1,0,0,-1,2.021E+11,4,RUE DE TURENNE,0,NULL,2,2,0,1,-1,-1,1,NULL,-1,1,0,1,30
2.021E+11,20,7,2021,17:30:00,1,75,75103,2,2,1,6,RUE DE TURENNE,"488,581,530,000","23,644,690,000",2.021E+11,151 704,A01,1,1,0,1,1,1,5,NULL,2.021E+11,200 715,151 704,A01,10,3,4,2,1951,5,0,-1,-1,4,3,1,2.021E+11,4,RUE DE TURENNE,0,NULL,2,2,0,1,-1,-1,1,NULL,-1,1,0,1,30
2.021E+11,11,7,2021,11:35:00,1,14,14335,1,1,1,7,D80,"491,886,810,000"," -0,0781860000",2.021E+11,148 741,A01,1,1,0,0,7,21,5,NULL,2.021E+11,196 538,148 740,B01,1,1,1,1,1967,5,1,-1,-1,0,0,-1,2.021E+11,3,80,-1,NULL,-1,2,0,1,18,200,2,NULL,-1,1,0,1,80
2.021E+11,11,7,2021,11:35:00,1,14,14335,1,1,1,7,D80,"491,886,810,000"," -0,0781860000",2.021E+11,148 741,A01,1,1,0,0,7,21,5,NULL,2.021E+11,196 539,148 741,A01,1,1,4,1,1991,5,2,-1,-1,0,0,-1,2.021E+11,3,80,-1,NULL,-1,2,0,1,18,200,2,NULL,-1,1,0,1,80
2.021E+11,2,7,2021,13:50:00,1,85,85226,2,6,1,3,Rue des Tressanges,"467,097,730,000","-19,611,610,000",2.021E+11,146 443,B01,3,1,0,2,2,15,5,NULL,2.021E+11,193 452,146 443,B01,1,1,3,1,1933,5,0,-1,-1,0,0,-1,2.021E+11,4,NULL,-1,NULL,2,2,0,1,-1,-1,3,NULL,4,1,0,1,50
2.021E+11,2,7,2021,13:50:00,1,85,85226,2,6,1,3,Rue des Tressanges,"467,097,730,000","-19,611,610,000",2.021E+11,146 443,B01,3,1,0,2,2,15,5,NULL,2.021E+11,193 453,146 444,A01,1,1,1,1,1944,5,1,-1,-1,0,0,-1,2.021E+11,4,NULL,-1,NULL,2,2,0,1,-1,-1,3,NULL,4,1,0,1,50
2.021E+11,2,6,2021,18:00:00,1,67,67028,2,1,1,3,26 Rue Eugène Dischert,"483,662,650,000","75,905,120,000",2.021E+11,136 076,B01,0,1,0,0,8,19,5,NULL,2.021E+11,179 837,136 076,B01,1,1,3,1,2009,5,2,-1,-1,0,0,-1,2.021E+11,4,NULL,0,NULL,2,2,0,1,-1,-1,1,NULL,4,1,9,1,50
2.021E+11,2,6,2021,18:00:00,1,67,67028,2,1,1,3,26 Rue Eugène Dischert,"483,662,650,000","75,905,120,000",2.021E+11,136 076,B01,0,1,0,0,8,19,5,NULL,2.021E+11,179 838,136 077,A01,1,1,1,2,1967,0,1,-1,-1,0,0,-1,2.021E+11,4,NULL,0,NULL,2,2,0,1,-1,-1,1,NULL,4,1,9,1,50
2.021E+11,11,5,2021,16:50:00,1,3,3082,2,6,2,2,D998 - Rond-Point des Forges,"462,881,960,000","27,554,230,000",2.021E+11,130 982,B01,2,1,0,2,4,16,6,NULL,2.021E+11,173 174,130 981,A01,1,1,1,2,1966,5,8,-1,-1,0,0,-1,2.021E+11,3,998,-1,NULL,1,1,0,1,7,330,2,NULL,-1,2,0,1,50
2.021E+11,11,5,2021,16:50:00,1,3,3082,2,6,2,2,D998 - Rond-Point des Forges,"462,881,960,000","27,554,230,000",2.021E+11,130 982,B01,2,1,0,2,4,16,6,NULL,2.021E+11,173 175,130 982,B01,1,1,3,1,2007,2,2,-1,-1,0,0,-1,2.021E+11,3,998,-1,NULL,1,1,0,1,7,330,2,NULL,-1,2,0,1,50
2.021E+11,7,4,2021,15:15:00,1,52,52093,2,1,1,3,rue de la libération,"478,036,610,000","54,398,360,000",2.021E+11,130 090,B01,2,1,0,2,8,2,0,NULL,2.021E+11,171 973,130 090,B01,1,1,4,2,1936,3,0,-1,-1,0,0,-1,2.021E+11,4,125,0,D,2,2,0,1,-1,-1,1,NULL,-1,1,0,1,50
2.021E+11,7,4,2021,15:15:00,1,52,52093,2,1,1,3,rue de la libération,"478,036,610,000","54,398,360,000",2.021E+11,130 090,B01,2,1,0,2,8,2,0,NULL,2.021E+11,171 974,130 091,A01,1,1,1,-1,NULL,-1,-1,-1,-1,-1,-1,-1,2.021E+11,4,125,0,D,2,2,0,1,-1,-1,1,NULL,-1,1,0,1,50
2.021E+11,3,5,2021,10:30:00,1,62,62030,2,1,1,7,Rue Jules Lefebvre,"501,390,090,000","23,950,360,000",2.021E+11,127 270,A01,0,1,0,0,0,1,5,NULL,2.021E+11,168 268,127 270,A01,1,1,4,1,1989,5,6,-1,-1,0,0,-1,2.021E+11,4,24,0,D,2,2,0,1,-1,-1,1,NULL,-1,1,0,1,50
2.021E+11,26,4,2021,09:40:00,1,59,59328,2,1,1,6,DUNKERQUE AVENUE DE,"506,391,962,646","30,208,110,809",2.021E+11,125 721,B01,2,1,1,0,1,1,5,NULL,2.021E+11,166 266,125 720,A01,1,1,1,1,1981,5,8,0,-1,-1,-1,-1,2.021E+11,7,DUNKERQUE AVENUE DE,0,NULL,2,4,1,1,-1,-1,1,NULL,-1,1,0,5,50
2.021E+11,26,4,2021,09:40:00,1,59,59328,2,1,1,6,DUNKERQUE AVENUE DE,"506,391,962,646","30,208,110,809",2.021E+11,125 721,B01,2,1,1,0,1,1,5,NULL,2.021E+11,166 267,125 721,B01,1,1,4,1,1957,5,8,0,-1,-1,-1,-1,2.021E+11,7,DUNKERQUE AVENUE DE,0,NULL,2,4,1,1,-1,-1,1,NULL,-1,1,0,5,50
2.021E+11,17,4,2021,15:00:00,1,93,93048,2,1,1,3,RESISTANCE (AVENUE DE LA),"488,661,000,000","24,349,000,000",2.021E+11,123 630,B01,1,1,0,2,1,1,0,NULL,2.021E+11,163 579,123 630,B01,1,1,4,2,1984,5,8,0,-1,-1,-1,-1,2.021E+11,3,RESISTANCE (AVENUE DE LA),0,NULL,1,2,1,1,1,0,1,NULL,-1,1,0,1,50
2.021E+11,17,4,2021,15:00:00,1,93,93048,2,1,1,3,RESISTANCE (AVENUE DE LA),"488,661,000,000","24,349,000,000",2.021E+11,123 630,B01,1,1,0,2,1,1,0,NULL,2.021E+11,163 580,123 631,A01,1,1,1,2,1992,5,1,0,-1,-1,-1,-1,2.021E+11,3,RESISTANCE (AVENUE DE LA),0,NULL,1,2,1,1,1,0,1,NULL,-1,1,0,1,50
2.021E+11,13,4,2021,11:45:00,1,37,37122,2,1,1,6,MONTSOREAU (RUE DE),"473,504,896,808","0,6790655851",2.021E+11,123 229,A01,1,1,0,2,1,9,5,NULL,2.021E+11,163 049,123 228,B01,1,1,1,2,1962,4,1,0,-1,-1,-1,-1,2.021E+11,4,MONTSOREAU (RUE DE),0,NULL,1,1,0,1,-1,-1,1,NULL,-1,1,0,1,50
2.021E+11,13,4,2021,11:45:00,1,37,37122,2,1,1,6,MONTSOREAU (RUE DE),"473,504,896,808","0,6790655851",2.021E+11,123 229,A01,1,1,0,2,1,9,5,NULL,2.021E+11,163 050,123 229,A01,1,1,4,1,2010,5,8,0,-1,-1,-1,-1,2.021E+11,4,MONTSOREAU (RUE DE),0,NULL,1,1,0,1,-1,-1,1,NULL,-1,1,0,1,50
2.021E+11,10,4,2021,11:00:00,1,39,39498,2,2,1,3,NULL,"471,661,540,000","57,951,330,000",2.021E+11,121 960,A01,3,1,0,2,3,1,5,NULL,2.021E+11,161 403,121 959,B01,1,1,1,1,1947,3,0,-1,-1,0,0,-1,2.021E+11,4,champ,0,NULL,2,2,0,1,-1,-1,1,NULL,-1,1,0,1,50
2.021E+11,10,4,2021,11:00:00,1,39,39498,2,2,1,3,NULL,"471,661,540,000","57,951,330,000",2.021E+11,121 960,A01,3,1,0,2,3,1,5,NULL,2.021E+11,161 404,121 960,A01,1,1,4,1,1967,5,2,-1,-1,0,0,-1,2.021E+11,4,champ,0,NULL,2,2,0,1,-1,-1,1,NULL,-1,1,0,1,50
2.021E+11,3,4,2021,18:55:00,1,61,61077,2,9,1,7,D'ALENCON (RUE ),"484,395,600,000","0,1236800000",2.021E+11,120 891,B01,1,1,0,0,0,26,5,NULL,2.021E+11,159 999,120 891,B01,1,1,3,1,1938,5,8,0,-1,-1,-1,-1,2.021E+11,4,D'ALENCON (RUE ),0,NULL,2,2,0,1,-1,0,1,NULL,-1,1,0,1,50
2.021E+11,24,3,2021,12:42:00,1,34,34329,1,1,1,2,D 64,"432,506,110,000","32,571,890,000",2.021E+11,118 044,B01,1,1,0,2,8,1,5,NULL,2.021E+11,156 331,118 044,B01,1,1,3,1,1969,5,2,-1,-1,0,0,-1,2.021E+11,3,D 64,-1,NULL,2,2,0,1,9,600,1,NULL,-1,1,0,1,90
2.021E+11,24,3,2021,12:42:00,1,34,34329,1,1,1,2,D 64,"432,506,110,000","32,571,890,000",2.021E+11,118 044,B01,1,1,0,2,8,1,5,NULL,2.021E+11,156 332,118 045,A01,1,1,1,2,1972,1,1,-1,-1,0,0,-1,2.021E+11,3,D 64,-1,NULL,2,2,0,1,9,600,1,NULL,-1,1,0,1,90
2.021E+11,22,3,2021,07:55:00,1,44,44184,2,2,1,3,MENHIR (RUE DU),"472,796,700,000","-22,058,000,000",2.021E+11,117 921,A01,3,1,0,2,1,1,5,NULL,2.021E+11,156 178,117 921,A01,1,1,4,1,2006,2,8,0,-1,-1,-1,-1,2.021E+11,4,MENHIR (RUE DU),0,NULL,2,2,0,1,-1,-1,1,NULL,-1,1,0,1,50
2.021E+11,22,3,2021,07:55:00,1,44,44184,2,2,1,3,MENHIR (RUE DU),"472,796,700,000","-22,058,000,000",2.021E+11,117 921,A01,3,1,0,2,1,1,5,NULL,2.021E+11,156 179,117 922,B01,1,1,1,1,1984,1,1,0,-1,-1,-1,-1,2.021E+11,4,MENHIR (RUE DU),0,NULL,2,2,0,1,-1,-1,1,NULL,-1,1,0,1,50
2.021E+11,3,3,2021,10:00:00,1,973,97302,2,7,1,3,BADUEL (ROUTE DE),"49,282,100,000","-522,933,600,000",2.021E+11,113 544,B01,1,1,0,2,1,5,0,NULL,2.021E+11,150 529,113 544,B01,1,1,4,1,2003,0,8,0,-1,-1,-1,-1,2.021E+11,4,BADUEL (ROUTE DE),0,NULL,2,2,0,2,4,200,1,NULL,-1,1,0,3,50
2.021E+11,3,3,2021,10:00:00,1,973,97302,2,7,1,3,BADUEL (ROUTE DE),"49,282,100,000","-522,933,600,000",2.021E+11,113 544,B01,1,1,0,2,1,5,0,NULL,2.021E+11,150 530,113 545,A01,1,1,1,1,1985,0,1,0,-1,-1,-1,-1,2.021E+11,4,BADUEL (ROUTE DE),0,NULL,2,2,0,2,4,200,1,NULL,-1,1,0,3,50
2.021E+11,2,3,2021,13:15:00,1,61,61234,1,1,1,3,Zone Industrielle de Montperthuis,"484,502,940,000","0,0466030000",2.021E+11,113 153,A01,1,1,0,2,3,2,5,NULL,2.021E+11,150 047,113 153,A01,1,1,4,1,1966,5,0,-1,-1,0,0,-1,2.021E+11,3,2,0,NULL,2,2,0,1,3,500,1,NULL,-1,1,0,1,90
2.021E+11,2,3,2021,13:15:00,1,61,61234,1,1,1,3,Zone Industrielle de Montperthuis,"484,502,940,000","0,0466030000",2.021E+11,113 153,A01,1,1,0,2,3,2,5,NULL,2.021E+11,150 048,113 154,B01,1,1,1,1,1965,1,2,-1,-1,0,0,-1,2.021E+11,3,2,0,NULL,2,2,0,1,3,500,1,NULL,-1,1,0,1,90
2.021E+11,1,3,2021,16:16:00,1,77,77445,2,5,1,3,REGALLES (AVENUE DES),"486,034,600,000","25,591,600,000",2.021E+11,113 059,B01,3,1,0,2,5,19,5,NULL,2.021E+11,149 941,113 059,B01,1,1,3,1,1959,0,-1,0,-1,-1,-1,-1,2.021E+11,3,8 MAI 1945 (AVENUE DU),0,NULL,2,4,3,1,12,900,1,NULL,-1,1,5,1,50
2.021E+11,1,3,2021,16:16:00,1,77,77445,2,5,1,3,REGALLES (AVENUE DES),"486,034,600,000","25,591,600,000",2.021E+11,113 059,B01,3,1,0,2,5,19,5,NULL,2.021E+11,149 942,113 060,A01,1,1,1,2,1972,1,1,0,-1,-1,-1,-1,2.021E+11,3,8 MAI 1945 (AVENUE DU),0,NULL,2,4,3,1,12,900,1,NULL,-1,1,5,1,50
2.021E+11,25,2,2021,16:55:00,1,94,94068,2,1,1,3,ALSACE LORRAINE (R D),"488,053,770,700","24,756,927,118",2.021E+11,112 246,B01,1,1,0,2,8,1,0,NULL,2.021E+11,148 872,112 246,B01,1,1,4,1,1959,0,2,0,-1,-1,-1,-1,2.021E+11,4,ALSACE LORRAINE (R D),0,NULL,1,1,0,1,-1,-1,1,NULL,-1,1,0,1,30