Num_Acc,jour,mois,an,hrmn,lum,dep,com,agg,int,atm,col,adr,lat,long,Num_Acc,id_vehicule,num_veh,senc,catv,obs,obsm,choc,manv,motor,occutc,Num_Acc,id_usager,id_vehicule,num_veh,place,catu,grav,sexe,an_nais,trajet,secu1,secu2,secu3,locp,actp,etatp,Num_Acc,catr,voie,v1,v2,circ,nbv,vosp,prof,pr,pr1,plan,lartpc,larrout,surf,infra,situ,vma
2.021E+11,25,2,2021,16:55:00,1,94,94068,2,1,1,3,ALSACE LORRAINE (R D),"488,053,770,700","24,756,927,118",2.021E+11,112 246,B01,1,1,0,2,8,1,0,NULL,2.021E+11,148 873,112 247,A01,1,1,1,1,1952,0,1,0,-1,-1,-1,-1,2.021E+11,4,ALSACE LORRAINE (R D),0,NULL,1,1,0,1,-1,-1,1,NULL,-1,1,0,1,30
2.021E+11,15,2,2021,10:40:00,1,54,54304,2,2,2,3,EUROPE (AVENUE DE L'),"486,803,382,887","61,535,785,389",2.021E+11,109 767,A01,1,1,0,2,7,1,5,NULL,2.021E+11,145 697,109 767,A01,1,1,3,1,1984,0,2,0,-1,0,0,-1,2.021E+11,4,EUROPE (AVENUE DE L'),0,NULL,2,-1,0,1,-1,-1,1,NULL,-1,2,0,1,50
2.021E+11,15,2,2021,10:40:00,1,54,54304,2,2,2,3,EUROPE (AVENUE DE L'),"486,803,382,887","61,535,785,389",2.021E+11,109 767,A01,1,1,0,2,7,1,5,NULL,2.021E+11,145 698,109 768,B01,1,1,1,1,1979,0,1,0,-1,0,0,-1,2.021E+11,4,EUROPE (AVENUE DE L'),0,NULL,2,-1,0,1,-1,-1,1,NULL,-1,2,0,1,50
2.021E+11,15,2,2021,10:40:00,1,54,54304,2,2,2,3,EUROPE (AVENUE DE L'),"486,803,382,887","61,535,785,389",2.021E+11,109 767,A01,1,1,0,2,7,1,5,NULL,2.021E+11,145 699,109 768,B01,2,2,1,1,2009,0,1,0,-1,0,0,-1,2.021E+11,4,EUROPE (AVENUE DE L'),0,NULL,2,-1,0,1,-1,-1,1,NULL,-1,2,0,1,50
2.021E+11,4,2,2021,12:12:00,1,75,75111,2,1,1,1,RUE DE LA FOLIE MERICOURT,"488,680,420,000","23,685,610,000",2.021E+11,107 755,B01,1,1,0,2,1,13,5,NULL,2.021E+11,143 035,107 755,B01,1,1,4,1,1964,4,2,8,-1,0,0,-1,2.021E+11,4,RUE DE LA FOLIE MERICOURT,0,NULL,1,1,2,1,-1,-1,1,NULL,-1,1,0,1,50
2.021E+11,4,2,2021,12:12:00,1,75,75111,2,1,1,1,RUE DE LA FOLIE MERICOURT,"488,680,420,000","23,685,610,000",2.021E+11,107 755,B01,1,1,0,2,1,13,5,NULL,2.021E+11,143 036,107 756,A01,1,1,1,1,1991,4,2,0,-1,0,0,-1,2.021E+11,4,RUE DE LA FOLIE MERICOURT,0,NULL,1,1,2,1,-1,-1,1,NULL,-1,1,0,1,50
2.021E+11,2,2,2021,14:40:00,1,75,75104,2,2,1,3,RUE SAINT ANTOINE,"488,534,240,000","23,671,570,000",2.021E+11,107 742,B01,1,1,0,2,1,1,5,NULL,2.021E+11,143 018,107 741,A01,1,1,1,2,1961,9,1,0,-1,0,0,-1,2.021E+11,4,RUE SAINT ANTOINE,0,NULL,2,2,1,1,-1,-1,1,NULL,-1,1,0,1,50
2.021E+11,2,2,2021,14:40:00,1,75,75104,2,2,1,3,RUE SAINT ANTOINE,"488,534,240,000","23,671,570,000",2.021E+11,107 742,B01,1,1,0,2,1,1,5,NULL,2.021E+11,143 019,107 742,B01,1,1,4,1,1970,1,8,0,-1,0,0,-1,2.021E+11,4,RUE SAINT ANTOINE,0,NULL,2,2,1,1,-1,-1,1,NULL,-1,1,0,1,50
2.021E+11,29,1,2021,12:00:00,1,75,75115,2,2,1,6,RUE DUTOT,"488,382,360,000","23,083,550,000",2.021E+11,106 843,A01,2,1,0,1,0,1,5,NULL,2.021E+11,141 865,106 843,A01,10,3,4,2,1947,9,0,-1,-1,3,3,1,2.021E+11,4,RUE DUTOT,0,NULL,2,2,1,1,-1,-1,1,NULL,-1,1,-1,5,30
2.021E+11,29,1,2021,12:00:00,1,75,75115,2,2,1,6,RUE DUTOT,"488,382,360,000","23,083,550,000",2.021E+11,106 843,A01,2,1,0,1,0,1,5,NULL,2.021E+11,141 866,106 843,A01,1,1,1,1,1989,9,2,0,-1,0,0,-1,2.021E+11,4,RUE DUTOT,0,NULL,2,2,1,1,-1,-1,1,NULL,-1,1,-1,5,30
2.021E+11,14,1,2021,08:25:00,2,56,56120,2,1,2,3,Rue Désiré Caudal,"477,602,500,000","-27,676,000,000",2.021E+11,103 084,A01,1,1,0,2,1,19,5,NULL,2.021E+11,136 796,103 083,B01,1,1,1,2,1982,2,1,-1,-1,0,0,-1,2.021E+11,3,181,-1,NULL,2,2,0,1,23,180,1,NULL,-1,2,0,1,50
2.021E+11,14,1,2021,08:25:00,2,56,56120,2,1,2,3,Rue Désiré Caudal,"477,602,500,000","-27,676,000,000",2.021E+11,103 084,A01,1,1,0,2,1,19,5,NULL,2.021E+11,136 797,103 084,A01,1,1,4,1,2010,2,2,-1,-1,0,0,-1,2.021E+11,3,181,-1,NULL,2,2,0,1,23,180,1,NULL,-1,2,0,1,50
2.021E+11,10,1,2021,15:00:00,1,33,33205,1,3,1,3,D11,"446,121,260,000"," -0,3722070000",2.021E+11,102 293,B01,2,1,0,2,7,1,5,NULL,2.021E+11,135 730,102 293,B01,1,1,3,1,1970,5,2,-1,-1,0,0,-1,2.021E+11,3,11,-1,NULL,2,2,0,1,31,455,1,NULL,-1,1,0,1,80
2.021E+11,10,1,2021,15:00:00,1,33,33205,1,3,1,3,D11,"446,121,260,000"," -0,3722070000",2.021E+11,102 293,B01,2,1,0,2,7,1,5,NULL,2.021E+11,135 731,102 294,A01,2,2,1,2,1957,5,1,-1,-1,0,0,-1,2.021E+11,3,11,-1,NULL,2,2,0,1,31,455,1,NULL,-1,1,0,1,80
2.021E+11,10,1,2021,15:00:00,1,33,33205,1,3,1,3,D11,"446,121,260,000"," -0,3722070000",2.021E+11,102 293,B01,2,1,0,2,7,1,5,NULL,2.021E+11,135 732,102 294,A01,1,1,1,2,1970,5,1,-1,-1,0,0,-1,2.021E+11,3,11,-1,NULL,2,2,0,1,31,455,1,NULL,-1,1,0,1,80
2.021E+11,22,10,2021,19:30:00,5,67,67482,2,3,1,6,ROMAINS (ROUTE DES),"485,780,000,000","77,040,900,000",2.021E+11,181 936,B01,1,1,0,2,4,1,5,NULL,2.021E+11,240 960,181 936,B01,1,1,4,1,2010,5,2,8,-1,-1,-1,-1,2.021E+11,4,ROMAINS (ROUTE DES),0,NULL,2,5,1,1,0,0,1,NULL,-1,1,0,1,50
2.021E+11,22,10,2021,19:30:00,5,67,67482,2,3,1,6,ROMAINS (ROUTE DES),"485,780,000,000","77,040,900,000",2.021E+11,181 936,B01,1,1,0,2,4,1,5,NULL,2.021E+11,240 961,181 937,Z01,1,1,1,-1,NULL,-1,-1,-1,-1,-1,-1,-1,2.021E+11,4,ROMAINS (ROUTE DES),0,NULL,2,5,1,1,0,0,1,NULL,-1,1,0,1,50
2.021E+11,17,10,2021,08:50:00,1,29,29019,1,6,1,3,D67 - Rond Point de Kervalguen,"484,490,200,000","-45,113,700,000",2.021E+11,179 446,B01,1,1,0,2,0,1,5,NULL,2.021E+11,237 696,179 446,B01,1,1,4,1,1963,5,2,0,-1,0,0,-1,2.021E+11,7,ROND POINT DE KERVALGUEN,0,NULL,1,2,0,1,15,450,2,NULL,-1,1,5,1,50
2.021E+11,17,10,2021,08:50:00,1,29,29019,1,6,1,3,D67 - Rond Point de Kervalguen,"484,490,200,000","-45,113,700,000",2.021E+11,179 446,B01,1,1,0,2,0,1,5,NULL,2.021E+11,237 697,179 447,A01,1,1,1,1,1997,5,1,-1,-1,0,0,-1,2.021E+11,7,ROND POINT DE KERVALGUEN,0,NULL,1,2,0,1,15,450,2,NULL,-1,1,5,1,50
2.021E+11,12,10,2021,08:00:00,1,75,75120,2,5,1,3,RUE BELGRAND,"488,646,590,000","24,056,550,000",2.021E+11,177 249,B01,1,1,0,2,1,1,5,NULL,2.021E+11,234 844,177 248,A01,1,1,4,1,1961,1,2,6,-1,0,0,-1,2.021E+11,4,RUE BELGRAND,0,NULL,1,2,1,1,-1,-1,1,NULL,-1,1,-1,5,30
2.021E+11,12,10,2021,08:00:00,1,75,75120,2,5,1,3,RUE BELGRAND,"488,646,590,000","24,056,550,000",2.021E+11,177 249,B01,1,1,0,2,1,1,5,NULL,2.021E+11,234 845,177 249,B01,1,1,1,1,1989,1,8,0,-1,0,0,-1,2.021E+11,4,RUE BELGRAND,0,NULL,1,2,1,1,-1,-1,1,NULL,-1,1,-1,5,30
2.021E+11,7,10,2021,15:10:00,1,71,71475,2,1,1,6,PONT PARON (PLACE DU),"467,735,989,244","48,331,950,701",2.021E+11,175 645,A01,3,1,8,0,1,26,5,NULL,2.021E+11,232 760,175 645,A01,1,1,4,1,1940,0,8,0,-1,-1,-1,-1,2.021E+11,4,PONT PARON (PLACE DU),0,NULL,-1,1,1,1,-1,-1,1,NULL,-1,1,-1,1,50
2.021E+11,7,10,2021,19:00:00,2,57,57102,2,1,1,3,Bousse,"492,776,890,000","62,159,170,000",2.021E+11,175 469,B01,2,1,0,2,0,1,5,NULL,2.021E+11,232 546,175 468,A01,1,1,1,1,1975,0,1,-1,-1,0,0,-1,2.021E+11,3,8,0,NULL,2,1,0,2,10,350,1,NULL,-1,1,0,1,80
2.021E+11,7,10,2021,19:00:00,2,57,57102,2,1,1,3,Bousse,"492,776,890,000","62,159,170,000",2.021E+11,175 469,B01,2,1,0,2,0,1,5,NULL,2.021E+11,232 547,175 469,B01,1,1,3,2,1969,5,2,-1,-1,0,0,-1,2.021E+11,3,8,0,NULL,2,1,0,2,10,350,1,NULL,-1,1,0,1,80
2.021E+11,22,9,2021,14:30:00,1,37,37261,2,3,1,6,DE GAULLE (AVENUE DU GENERAL),"473,798,071,990","0,6945661518",2.021E+11,171 358,A01,1,1,0,2,2,25,5,NULL,2.021E+11,227 170,171 358,A01,1,1,4,1,2003,5,8,0,-1,-1,-1,-1,2.021E+11,4,DE GAULLE (AVENUE DU GENERAL),0,NULL,2,3,2,1,-1,-1,1,NULL,-1,1,0,4,50
2.021E+11,22,9,2021,14:30:00,1,37,37261,2,3,1,6,DE GAULLE (AVENUE DU GENERAL),"473,798,071,990","0,6945661518",2.021E+11,171 358,A01,1,1,0,2,2,25,5,NULL,2.021E+11,227 171,171 359,B01,1,1,1,1,1968,1,1,8,-1,-1,-1,-1,2.021E+11,4,DE GAULLE (AVENUE DU GENERAL),0,NULL,2,3,2,1,-1,-1,1,NULL,-1,1,0,4,50
2.021E+11,22,9,2021,14:45:00,1,95,95592,1,1,1,7,Chemin des Carrières,"490,380,750,000","18,719,300,000",2.021E+11,170 219,A01,3,1,0,0,0,26,5,NULL,2.021E+11,225 691,170 219,A01,1,1,3,1,1959,5,2,-1,-1,0,0,-1,2.021E+11,4,NULL,-1,NULL,2,2,0,1,-1,-1,1,NULL,-1,1,0,5,-1
2.021E+11,23,9,2021,15:00:00,1,74,74056,1,1,1,7,Rte du Foue,"459,014,030,000","68,291,510,000",2.021E+11,170 203,A01,1,1,0,0,1,1,5,NULL,2.021E+11,225 672,170 203,A01,1,1,2,1,1961,5,2,-1,-1,0,0,-1,2.021E+11,3,243,0,D,2,2,0,2,4,0,2,NULL,-1,1,0,1,50
2.021E+11,14,9,2021,11:02:00,1,56,56121,2,1,1,7,BOLLARDIERE (RUE  GENERAL DE ),"477,561,100,000","-33,912,800,000",2.021E+11,168 446,A01,2,1,0,0,8,1,5,NULL,2.021E+11,223 352,168 446,A01,1,1,4,2,1965,1,8,8,-1,-1,-1,-1,2.021E+11,4,BOLLARDIERE (RUE  GENERAL DE ),0,NULL,3,2,1,2,-1,-1,1,NULL,-1,1,0,5,30
2.021E+11,7,9,2021,08:15:00,1,71,71443,2,1,7,6,23 Rue du Bout d Amont,"469,389,490,000","49,048,160,000",2.021E+11,164 794,C01,2,1,0,2,4,1,5,NULL,2.021E+11,218 643,164 792,A01,1,1,1,2,1964,5,1,-1,-1,0,0,-1,2.021E+11,4,NULL,0,NULL,2,2,0,1,-1,-1,2,NULL,4,1,0,1,50
2.021E+11,7,9,2021,08:15:00,1,71,71443,2,1,7,6,23 Rue du Bout d Amont,"469,389,490,000","49,048,160,000",2.021E+11,164 793,B01,2,1,0,2,4,1,5,NULL,2.021E+11,218 643,164 792,A01,1,1,1,2,1964,5,1,-1,-1,0,0,-1,2.021E+11,4,NULL,0,NULL,2,2,0,1,-1,-1,2,NULL,4,1,0,1,50
2.021E+11,7,9,2021,08:15:00,1,71,71443,2,1,7,6,23 Rue du Bout d Amont,"469,389,490,000","49,048,160,000",2.021E+11,164 794,C01,2,1,0,2,4,1,5,NULL,2.021E+11,218 644,164 793,B01,1,1,1,2,1982,2,0,-1,-1,0,0,-1,2.021E+11,4,NULL,0,NULL,2,2,0,1,-1,-1,2,NULL,4,1,0,1,50
2.021E+11,7,9,2021,08:15:00,1,71,71443,2,1,7,6,23 Rue du Bout d Amont,"469,389,490,000","49,048,160,000",2.021E+11,164 793,B01,2,1,0,2,4,1,5,NULL,2.021E+11,218 644,164 793,B01,1,1,1,2,1982,2,0,-1,-1,0,0,-1,2.021E+11,4,NULL,0,NULL,2,2,0,1,-1,-1,2,NULL,4,1,0,1,50
2.021E+11,7,9,2021,08:15:00,1,71,71443,2,1,7,6,23 Rue du Bout d Amont,"469,389,490,000","49,048,160,000",2.021E+11,164 794,C01,2,1,0,2,4,1,5,NULL,2.021E+11,218 645,164 794,C01,1,1,4,2,2014,2,0,-1,-1,0,0,-1,2.021E+11,4,NULL,0,NULL,2,2,0,1,-1,-1,2,NULL,4,1,0,1,50
2.021E+11,7,9,2021,08:15:00,1,71,71443,2,1,7,6,23 Rue du Bout d Amont,"469,389,490,000","49,048,160,000",2.021E+11,164 793,B01,2,1,0,2,4,1,5,NULL,2.021E+11,218 645,164 794,C01,1,1,4,2,2014,2,0,-1,-1,0,0,-1,2.021E+11,4,NULL,0,NULL,2,2,0,1,-1,-1,2,NULL,4,1,0,1,50
2.021E+11,4,9,2021,13:05:00,1,75,75110,2,1,1,7,QUAI DE VALMY,"488,757,910,000","23,637,560,000",2.021E+11,164 319,A01,1,1,0,0,0,1,5,NULL,2.021E+11,218 003,164 319,A01,1,1,4,1,1983,9,2,0,-1,0,0,-1,2.021E+11,4,QUAI DE VALMY,0,NULL,1,2,0,2,-1,-1,1,NULL,-1,9,0,1,30
2.021E+11,26,8,2021,07:45:00,2,65,65057,1,1,7,3,D936 ,"431,953,570,000"," -0,0006440000",2.021E+11,161 722,B01,2,1,0,2,8,1,5,NULL,2.021E+11,214 530,161 722,B01,1,1,3,1,1994,1,0,-1,-1,0,0,-1,2.021E+11,3,936,-1,NULL,2,2,0,1,3,0,1,NULL,-1,1,0,1,80
2.021E+11,26,8,2021,07:45:00,2,65,65057,1,1,7,3,D936 ,"431,953,570,000"," -0,0006440000",2.021E+11,161 722,B01,2,1,0,2,8,1,5,NULL,2.021E+11,214 531,161 723,A01,1,1,1,2,1959,1,1,-1,-1,0,0,-1,2.021E+11,3,936,-1,NULL,2,2,0,1,3,0,1,NULL,-1,1,0,1,80
2.021E+11,21,8,2021,16:45:00,1,79,79009,1,4,1,3,NULL,"462,632,280,000"," -0,5830370000",2.021E+11,160 214,A01,2,1,0,2,1,15,5,NULL,2.021E+11,212 509,160 214,A01,1,1,3,2,2007,5,0,-1,-1,0,0,-1,2.021E+11,3,1,0,D,2,2,0,1,53,252,1,NULL,5,1,0,1,80
2.021E+11,21,8,2021,16:45:00,1,79,79009,1,4,1,3,NULL,"462,632,280,000"," -0,5830370000",2.021E+11,160 214,A01,2,1,0,2,1,15,5,NULL,2.021E+11,212 510,160 215,B01,1,1,1,1,1987,5,1,-1,-1,0,0,-1,2.021E+11,3,1,0,D,2,2,0,1,53,252,1,NULL,5,1,0,1,80
2.021E+11,21,8,2021,16:45:00,1,79,79009,1,4,1,3,NULL,"462,632,280,000"," -0,5830370000",2.021E+11,160 214,A01,2,1,0,2,1,15,5,NULL,2.021E+11,212 511,160 215,B01,2,2,1,2,1988,5,1,-1,-1,0,0,-1,2.021E+11,3,1,0,D,2,2,0,1,53,252,1,NULL,5,1,0,1,80
2.021E+11,27,7,2021,05:50:00,2,50,50129,2,2,2,3,CONQUERANT (BOULEVARD GUILLAUME LE),"496,421,600,000","-16,370,300,000",2.021E+11,154 072,A01,3,1,0,2,4,19,5,NULL,2.021E+11,203 946,154 072,A01,1,1,4,1,1975,1,2,-1,-1,-1,-1,-1,2.021E+11,3,CONQUERANT (BOULEVARD GUILLAUME LE),0,NULL,3,4,0,1,27,594,1,NULL,-1,2,0,1,50
2.021E+11,27,7,2021,05:50:00,2,50,50129,2,2,2,3,CONQUERANT (BOULEVARD GUILLAUME LE),"496,421,600,000","-16,370,300,000",2.021E+11,154 072,A01,3,1,0,2,4,19,5,NULL,2.021E+11,203 947,154 073,B01,1,1,1,1,1999,5,1,-1,-1,-1,-1,-1,2.021E+11,3,CONQUERANT (BOULEVARD GUILLAUME LE),0,NULL,3,4,0,1,27,594,1,NULL,-1,2,0,1,50
2.021E+11,16,6,2021,19:00:00,1,69,69384,2,2,1,1,AIME BOUSSANGE (R),"457,754,700,000","48,347,500,000",2.021E+11,142 095,B01,2,1,0,2,8,1,5,NULL,2.021E+11,187 689,142 095,B01,1,1,1,2,1992,5,8,-1,-1,-1,-1,-1,2.021E+11,4,AIME BOUSSANGE                      (R ),0,NULL,2,2,1,2,-1,-1,1,NULL,-1,1,0,1,30
2.021E+11,16,6,2021,19:00:00,1,69,69384,2,2,1,1,AIME BOUSSANGE (R),"457,754,700,000","48,347,500,000",2.021E+11,142 095,B01,2,1,0,2,8,1,5,NULL,2.021E+11,187 690,142 095,B01,2,2,4,1,2017,5,2,-1,-1,-1,-1,-1,2.021E+11,4,AIME BOUSSANGE                      (R ),0,NULL,2,2,1,2,-1,-1,1,NULL,-1,1,0,1,30
2.021E+11,16,6,2021,19:00:00,1,69,69384,2,2,1,1,AIME BOUSSANGE (R),"457,754,700,000","48,347,500,000",2.021E+11,142 095,B01,2,1,0,2,8,1,5,NULL,2.021E+11,187 691,142 096,A01,1,1,1,2,1949,5,1,-1,-1,-1,-1,-1,2.021E+11,4,AIME BOUSSANGE                      (R ),0,NULL,2,2,1,2,-1,-1,1,NULL,-1,1,0,1,30
2.021E+11,16,6,2021,16:15:00,1,44,44205,1,1,1,1,D23,"474,362,810,000","-14,597,260,000",2.021E+11,140 643,B01,2,1,0,2,1,0,5,NULL,2.021E+11,185 782,140 643,B01,1,1,3,1,1943,3,0,-1,-1,0,0,-1,2.021E+11,3,23,0,D,2,2,0,1,22,403,1,NULL,-1,1,0,1,50
2.021E+11,16,6,2021,16:15:00,1,44,44205,1,1,1,1,D23,"474,362,810,000","-14,597,260,000",2.021E+11,140 643,B01,2,1,0,2,1,0,5,NULL,2.021E+11,185 783,140 644,A01,1,1,1,1,1993,0,1,-1,-1,0,0,-1,2.021E+11,3,23,0,D,2,2,0,1,22,403,1,NULL,-1,1,0,1,50
2.021E+11,10,6,2021,18:50:00,1,69,69266,2,3,7,1,EMILE ZOLA (CR),"457,691,844,140","48,814,272,881",2.021E+11,138 697,B01,2,1,0,2,8,1,5,NULL,2.021E+11,183 208,138 697,B01,1,1,4,2,1962,1,2,-1,-1,-1,-1,-1,2.021E+11,4,EMILE ZOLA     (Cours),0,NULL,2,2,2,1,-1,-1,1,NULL,-1,1,6,1,50
2.021E+11,10,6,2021,18:50:00,1,69,69266,2,3,7,1,EMILE ZOLA (CR),"457,691,844,140","48,814,272,881",2.021E+11,138 697,B01,2,1,0,2,8,1,5,NULL,2.021E+11,183 209,138 698,A01,1,1,1,-1,NULL,-1,8,-1,-1,-1,-1,-1,2.021E+11,4,EMILE ZOLA     (Cours),0,NULL,2,2,2,1,-1,-1,1,NULL,-1,1,6,1,50
2.021E+11,9,6,2021,12:20:00,1,17,17461,2,2,1,1,DE GAULLE (BOULEVARD DU GAL),"456,478,820,000","-10,612,690,000",2.021E+11,138 639,B01,3,1,0,2,1,16,5,NULL,2.021E+11,183 133,138 638,A01,1,1,1,2,1962,3,1,8,-1,-1,-1,-1,2.021E+11,4,DE GAULLE (BOULEVARD DU GAL),0,NULL,2,2,0,1,-1,-1,1,NULL,-1,1,0,1,50
2.021E+11,9,6,2021,12:20:00,1,17,17461,2,2,1,1,DE GAULLE (BOULEVARD DU GAL),"456,478,820,000","-10,612,690,000",2.021E+11,138 639,B01,3,1,0,2,1,16,5,NULL,2.021E+11,183 134,138 639,B01,1,1,4,1,1940,3,8,0,-1,-1,-1,-1,2.021E+11,4,DE GAULLE (BOULEVARD DU GAL),0,NULL,2,2,0,1,-1,-1,1,NULL,-1,1,0,1,50
2.021E+11,25,5,2021,13:30:00,1,75,75120,2,2,1,6,RUE PELLEPORT,"488,646,850,000","24,041,470,000",2.021E+11,133 011,A01,2,1,0,1,1,1,5,NULL,2.021E+11,175 855,133 011,A01,1,1,4,1,1980,1,8,0,-1,0,0,-1,2.021E+11,4,RUE PELLEPORT,0,NULL,1,2,1,2,-1,-1,1,NULL,-1,1,0,1,50
2.021E+11,25,5,2021,13:30:00,1,75,75120,2,2,1,6,RUE PELLEPORT,"488,646,850,000","24,041,470,000",2.021E+11,133 011,A01,2,1,0,1,1,1,5,NULL,2.021E+11,175 856,133 011,A01,10,3,4,1,1999,5,0,-1,-1,2,5,3,2.021E+11,4,RUE PELLEPORT,0,NULL,1,2,1,2,-1,-1,1,NULL,-1,1,0,1,50
2.021E+11,16,4,2021,12:10:00,1,67,67482,2,1,1,6,EUROPE (AVENUE DE L ),"485,948,200,000","77,734,100,000",2.021E+11,124 032,Z01,1,1,0,1,0,1,5,NULL,2.021E+11,164 099,124 032,Z01,1,1,1,-1,NULL,-1,-1,-1,-1,-1,-1,-1,2.021E+11,4,EUROPE (AVENUE DE L ),0,NULL,4,1,0,2,0,0,1,NULL,-1,1,9,6,20
2.021E+11,16,4,2021,12:10:00,1,67,67482,2,1,1,6,EUROPE (AVENUE DE L ),"485,948,200,000","77,734,100,000",2.021E+11,124 032,Z01,1,1,0,1,0,1,5,NULL,2.021E+11,164 100,124 032,Z01,10,3,4,1,2016,0,8,8,-1,5,9,2,2.021E+11,4,EUROPE (AVENUE DE L ),0,NULL,4,1,0,2,0,0,1,NULL,-1,1,9,6,20
2.021E+11,9,4,2021,17:40:00,1,53,53130,2,1,8,3,JAURES ( BOULEVARD JEAN ),"480,647,950,000"," -0,7902020000",2.021E+11,122 055,B01,1,1,0,2,3,19,5,NULL,2.021E+11,161 527,122 055,B01,1,1,3,2,1932,5,2,0,-1,0,0,-1,2.021E+11,4,JAURES ( BOULEVARD JEAN ),0,NULL,-1,0,1,1,1,0,1,NULL,-1,1,5,5,50
2.021E+11,9,4,2021,17:40:00,1,53,53130,2,1,8,3,JAURES ( BOULEVARD JEAN ),"480,647,950,000"," -0,7902020000",2.021E+11,122 055,B01,1,1,0,2,3,19,5,NULL,2.021E+11,161 528,122 056,Z01,1,1,1,-1,NULL,-1,-1,-1,-1,-1,-1,-1,2.021E+11,4,JAURES ( BOULEVARD JEAN ),0,NULL,-1,0,1,1,1,0,1,NULL,-1,1,5,5,50
2.021E+11,7,4,2021,19:15:00,1,75,75101,2,2,1,2,RUE ETIENNE MARCEL,"488,644,300,946","23,466,914,892",2.021E+11,121 570,B01,2,1,0,2,0,9,5,NULL,2.021E+11,160 899,121 569,A01,1,1,1,1,1997,9,1,0,-1,0,0,-1,2.021E+11,4,RUE ETIENNE MARCEL,0,NULL,-1,3,0,1,-1,-1,1,NULL,-1,1,0,1,30
2.021E+11,7,4,2021,19:15:00,1,75,75101,2,2,1,2,RUE ETIENNE MARCEL,"488,644,300,946","23,466,914,892",2.021E+11,121 570,B01,2,1,0,2,0,9,5,NULL,2.021E+11,160 900,121 570,B01,1,1,4,1,1999,9,8,0,-1,0,0,-1,2.021E+11,4,RUE ETIENNE MARCEL,0,NULL,-1,3,0,1,-1,-1,1,NULL,-1,1,0,1,30
2.021E+11,3,3,2021,07:40:00,1,35,35238,2,1,1,6,PARIS (RUE DE),"481,142,400,000","-16,588,300,000",2.021E+11,113 478,A01,0,1,0,1,1,26,5,NULL,2.021E+11,150 447,113 478,A01,1,1,1,1,1988,1,2,8,-1,-1,-1,-1,2.021E+11,4,PARIS (RUE DE),0,NULL,2,2,0,2,-1,-1,1,NULL,-1,2,0,1,50
2.021E+11,3,3,2021,07:40:00,1,35,35238,2,1,1,6,PARIS (RUE DE),"481,142,400,000","-16,588,300,000",2.021E+11,113 478,A01,0,1,0,1,1,26,5,NULL,2.021E+11,150 448,113 478,A01,10,3,4,1,1973,1,0,-1,-1,2,9,1,2.021E+11,4,PARIS (RUE DE),0,NULL,2,2,0,2,-1,-1,1,NULL,-1,2,0,1,50
2.021E+11,1,3,2021,16:55:00,1,64,64122,2,1,1,7,CHIQUITO DE CAMBO (RUE),"434,576,300,000","-15,530,700,000",2.021E+11,113 029,A01,1,1,0,2,0,1,5,NULL,2.021E+11,149 901,113 029,A01,1,1,3,1,1958,5,2,8,-1,-1,-1,-1,2.021E+11,4,CHIQUITO DE CAMBO (RUE),0,NULL,2,1,0,2,0,0,3,NULL,-1,1,0,1,50
2.021E+11,20,2,2021,16:40:00,1,78,78624,1,1,1,7,CALIFORNIE CHEMIN DE LA,"489,550,600,000","20,156,000,000",2.021E+11,112 823,Y01,0,1,0,2,0,0,5,NULL,2.021E+11,149 643,112 822,A01,1,1,1,1,1995,5,2,0,-1,-1,-1,-1,2.021E+11,4,CALIFORNIE CHEMIN DE LA,0,NULL,-1,2,0,1,-1,-1,1,NULL,-1,1,0,1,50
2.021E+11,20,2,2021,16:40:00,1,78,78624,1,1,1,7,CALIFORNIE CHEMIN DE LA,"489,550,600,000","20,156,000,000",2.021E+11,112 823,Y01,0,1,0,2,0,0,5,NULL,2.021E+11,149 644,112 823,Y01,1,1,3,1,2010,5,0,-1,-1,0,0,-1,2.021E+11,4,CALIFORNIE CHEMIN DE LA,0,NULL,-1,2,0,1,-1,-1,1,NULL,-1,1,0,1,50
2.021E+11,18,2,2021,13:42:00,1,37,37261,2,3,2,6,PROUDHON (AVENUE),"473,953,441,487","0,6744202673",2.021E+11,110 412,B01,2,1,0,2,1,25,5,NULL,2.021E+11,146 535,110 412,B01,1,1,4,1,2011,2,8,0,-1,-1,-1,-1,2.021E+11,4,PROUDHON (AVENUE),0,NULL,2,2,2,1,-1,-1,1,NULL,-1,3,9,4,50
2.021E+11,18,2,2021,13:42:00,1,37,37261,2,3,2,6,PROUDHON (AVENUE),"473,953,441,487","0,6744202673",2.021E+11,110 412,B01,2,1,0,2,1,25,5,NULL,2.021E+11,146 536,110 413,A01,1,1,1,1,1968,2,1,-1,-1,-1,-1,-1,2.021E+11,4,PROUDHON (AVENUE),0,NULL,2,2,2,1,-1,-1,1,NULL,-1,3,9,4,50
2.021E+11,18,2,2021,08:30:00,1,6,6079,2,1,1,5,295 avenue du general de gaulle,"435,316,600,000","69,481,270,000",2.021E+11,110 109,B01,2,1,0,2,4,1,5,NULL,2.021E+11,146 155,110 109,B01,1,1,3,1,1951,5,2,-1,-1,0,0,-1,2.021E+11,3,6098,-1,NULL,2,2,1,1,10,162,1,NULL,-1,1,2,1,-1
2.021E+11,18,2,2021,08:30:00,1,6,6079,2,1,1,5,295 avenue du general de gaulle,"435,316,600,000","69,481,270,000",2.021E+11,110 109,B01,2,1,0,2,4,1,5,NULL,2.021E+11,146 156,110 110,A01,1,1,1,1,1958,4,1,-1,-1,0,0,-1,2.021E+11,3,6098,-1,NULL,2,2,1,1,10,162,1,NULL,-1,1,2,1,-1