Num_Acc,jour,mois,an,hrmn,lum,dep,com,agg,int,atm,col,adr,lat,long,Num_Acc,id_vehicule,num_veh,senc,catv,obs,obsm,choc,manv,motor,occutc,Num_Acc,id_usager,id_vehicule,num_veh,place,catu,grav,sexe,an_nais,trajet,secu1,secu2,secu3,locp,actp,etatp,Num_Acc,catr,voie,v1,v2,circ,nbv,vosp,prof,pr,pr1,plan,lartpc,larrout,surf,infra,situ,vma
2.021E+11,21,3,2021,17:30:00,1,69,69386,2,2,1,3,CREQUI (DE)  (R),"457,681,300,000","48,461,900,000",2.021E+11,117 549,B01,1,1,0,2,7,1,5,NULL,2.021E+11,155 706,117 550,A01,1,1,1,1,1990,5,1,-1,-1,-1,-1,-1,2.021E+11,4,CREQUI (DE)                         (R ),0,NULL,1,1,2,1,-1,-1,1,NULL,-1,1,0,1,30
2.021E+11,21,3,2021,17:30:00,1,69,69386,2,2,1,3,CREQUI (DE)  (R),"457,681,300,000","48,461,900,000",2.021E+11,117 549,B01,1,1,0,2,7,1,5,NULL,2.021E+11,155 707,117 550,A01,2,2,1,2,1990,5,1,-1,-1,-1,-1,-1,2.021E+11,4,CREQUI (DE)                         (R ),0,NULL,1,1,2,1,-1,-1,1,NULL,-1,1,0,1,30
2.021E+11,18,3,2021,21:05:00,5,75,75110,2,3,2,3,BOULEVARD DE MAGENTA,"488,757,849,495","23,564,869,165",2.021E+11,116 806,B01,1,1,0,2,1,1,5,NULL,2.021E+11,154 730,116 805,A01,1,1,1,1,1973,9,1,0,-1,0,0,-1,2.021E+11,4,BOULEVARD DE MAGENTA,0,NULL,4,0,1,1,-1,-1,1,NULL,-1,2,-1,5,50
2.021E+11,18,3,2021,21:05:00,5,75,75110,2,3,2,3,BOULEVARD DE MAGENTA,"488,757,849,495","23,564,869,165",2.021E+11,116 806,B01,1,1,0,2,1,1,5,NULL,2.021E+11,154 731,116 805,A01,2,2,1,2,1972,9,1,0,-1,0,0,-1,2.021E+11,4,BOULEVARD DE MAGENTA,0,NULL,4,0,1,1,-1,-1,1,NULL,-1,2,-1,5,50
2.021E+11,18,3,2021,21:05:00,5,75,75110,2,3,2,3,BOULEVARD DE MAGENTA,"488,757,849,495","23,564,869,165",2.021E+11,116 806,B01,1,1,0,2,1,1,5,NULL,2.021E+11,154 732,116 806,B01,1,1,4,1,1995,9,8,0,-1,0,0,-1,2.021E+11,4,BOULEVARD DE MAGENTA,0,NULL,4,0,1,1,-1,-1,1,NULL,-1,2,-1,5,50
2.021E+11,13,3,2021,10:30:00,1,75,75115,2,2,1,3,BOULEVARD LEFEBVRE,"488,311,120,000","22,924,450,000",2.021E+11,115 679,A01,2,1,0,2,1,1,5,NULL,2.021E+11,153 280,115 679,A01,1,1,4,2,1992,9,8,0,-1,0,0,-1,2.021E+11,4,RUE OLIVIER DE SERRES,0,NULL,3,2,0,1,-1,-1,1,NULL,-1,1,0,1,50
2.021E+11,13,3,2021,10:30:00,1,75,75115,2,2,1,3,BOULEVARD LEFEBVRE,"488,311,120,000","22,924,450,000",2.021E+11,115 679,A01,2,1,0,2,1,1,5,NULL,2.021E+11,153 281,115 680,B01,1,1,1,2,1989,3,8,0,-1,0,0,-1,2.021E+11,4,RUE OLIVIER DE SERRES,0,NULL,3,2,0,1,-1,-1,1,NULL,-1,1,0,1,50
2.021E+11,9,3,2021,11:48:00,1,63,63113,2,1,1,3,MERMOZ (AVENUE JEAN),"457,924,900,000","31,467,500,000",2.021E+11,114 999,B01,1,1,0,2,8,0,5,NULL,2.021E+11,152 396,114 998,A01,1,1,1,1,1959,1,1,0,-1,0,0,-1,2.021E+11,7,MERMOZ (AVENUE JEAN),0,NULL,3,4,0,1,-1,-1,1,NULL,-1,1,0,1,50
2.021E+11,9,3,2021,11:48:00,1,63,63113,2,1,1,3,MERMOZ (AVENUE JEAN),"457,924,900,000","31,467,500,000",2.021E+11,114 999,B01,1,1,0,2,8,0,5,NULL,2.021E+11,152 397,114 999,B01,1,1,4,1,1998,0,8,0,-1,0,0,-1,2.021E+11,7,MERMOZ (AVENUE JEAN),0,NULL,3,4,0,1,-1,-1,1,NULL,-1,1,0,1,50
2.021E+11,8,3,2021,19:45:00,5,75,75108,2,5,1,3,RUE DE ROME,"488,794,860,000","23,218,560,000",2.021E+11,114 571,A01,2,1,0,2,6,1,5,NULL,2.021E+11,151 852,114 571,A01,1,1,4,1,1995,1,8,0,-1,0,0,-1,2.021E+11,4,RUE DE ROME,0,NULL,2,2,0,2,-1,-1,1,NULL,-1,1,0,1,50
2.021E+11,8,3,2021,19:45:00,5,75,75108,2,5,1,3,RUE DE ROME,"488,794,860,000","23,218,560,000",2.021E+11,114 571,A01,2,1,0,2,6,1,5,NULL,2.021E+11,151 853,114 572,Z01,1,1,1,-1,NULL,-1,-1,-1,-1,-1,-1,-1,2.021E+11,4,RUE DE ROME,0,NULL,2,2,0,2,-1,-1,1,NULL,-1,1,0,1,50
2.021E+11,3,3,2021,17:30:00,1,94,94017,2,1,1,3,BERNAU (R DE),"488,174,700,000","25,368,100,000",2.021E+11,113 420,B01,3,1,0,2,2,1,5,NULL,2.021E+11,150 375,113 420,B01,1,1,4,1,2004,0,0,0,-1,-1,-1,-1,2.021E+11,4,BERNAU (R DE),0,NULL,2,4,2,2,1,0,1,NULL,-1,1,0,5,50
2.021E+11,3,3,2021,17:30:00,1,94,94017,2,1,1,3,BERNAU (R DE),"488,174,700,000","25,368,100,000",2.021E+11,113 420,B01,3,1,0,2,2,1,5,NULL,2.021E+11,150 376,113 421,Z01,1,1,1,-1,NULL,-1,-1,-1,-1,-1,-1,-1,2.021E+11,4,BERNAU (R DE),0,NULL,2,4,2,2,1,0,1,NULL,-1,1,0,5,50
2.021E+11,23,2,2021,13:50:00,1,68,68073,2,3,1,1,11 Rue des Prés (Pont),"478,054,090,000","69,359,830,000",2.021E+11,111 408,A01,3,1,0,2,1,1,5,NULL,2.021E+11,147 796,111 408,A01,1,1,3,1,2009,5,2,-1,-1,0,0,-1,2.021E+11,4,NULL,-1,NULL,2,2,0,2,-1,-1,1,NULL,-1,1,0,1,50
2.021E+11,23,2,2021,13:50:00,1,68,68073,2,3,1,1,11 Rue des Prés (Pont),"478,054,090,000","69,359,830,000",2.021E+11,111 408,A01,3,1,0,2,1,1,5,NULL,2.021E+11,147 797,111 409,B01,1,1,1,2,1954,5,1,-1,-1,0,0,-1,2.021E+11,4,NULL,-1,NULL,2,2,0,2,-1,-1,1,NULL,-1,1,0,1,50
2.021E+11,16,2,2021,14:22:00,1,66,66136,2,1,1,7,LANGUEDOC (AVENUE DU CD 88),"427,310,700,000","28,893,400,000",2.021E+11,110 223,B01,0,1,1,0,8,21,0,NULL,2.021E+11,146 298,110 222,A01,1,1,1,1,1980,0,1,8,-1,-1,-1,-1,2.021E+11,4,LANGUEDOC (AVENUE DU CD 88),0,NULL,2,2,0,1,-1,-1,1,NULL,-1,1,0,1,50
2.021E+11,16,2,2021,14:22:00,1,66,66136,2,1,1,7,LANGUEDOC (AVENUE DU CD 88),"427,310,700,000","28,893,400,000",2.021E+11,110 223,B01,0,1,1,0,8,21,0,NULL,2.021E+11,146 299,110 223,B01,1,1,4,1,1955,0,8,8,-1,-1,-1,-1,2.021E+11,4,LANGUEDOC (AVENUE DU CD 88),0,NULL,2,2,0,1,-1,-1,1,NULL,-1,1,0,1,50
2.021E+11,27,1,2021,07:50:00,5,80,80021,2,2,2,1,ANCIENS COMBATTANTS (PLACE DES),"498,968,500,000","22,827,900,000",2.021E+11,106 685,B01,0,1,0,2,1,1,5,NULL,2.021E+11,141 653,106 684,A01,1,1,1,2,1991,0,1,-1,-1,0,0,-1,2.021E+11,4,CHAUVELIN (RUE),0,NULL,-1,2,0,1,-1,-1,1,NULL,-1,2,0,1,50
2.021E+11,27,1,2021,07:50:00,5,80,80021,2,2,2,1,ANCIENS COMBATTANTS (PLACE DES),"498,968,500,000","22,827,900,000",2.021E+11,106 685,B01,0,1,0,2,1,1,5,NULL,2.021E+11,141 654,106 685,B01,1,1,4,1,1972,0,8,-1,-1,0,0,-1,2.021E+11,4,CHAUVELIN (RUE),0,NULL,-1,2,0,1,-1,-1,1,NULL,-1,2,0,1,50
2.021E+11,6,1,2021,16:51:00,1,64,64410,2,3,1,7,avenue Henry IV,"433,726,210,000"," -0,6287100000",2.021E+11,101 624,B01,2,1,12,0,0,1,5,NULL,2.021E+11,134 867,101 623,A01,1,1,1,1,1938,3,1,-1,-1,0,0,-1,2.021E+11,3,NULL,-1,NULL,2,2,0,2,5,222,1,NULL,-1,1,0,1,50
2.021E+11,6,1,2021,16:51:00,1,64,64410,2,3,1,7,avenue Henry IV,"433,726,210,000"," -0,6287100000",2.021E+11,101 624,B01,2,1,12,0,0,1,5,NULL,2.021E+11,134 868,101 624,B01,1,1,4,1,1953,5,2,-1,-1,0,0,-1,2.021E+11,3,NULL,-1,NULL,2,2,0,2,5,222,1,NULL,-1,1,0,1,50
2.021E+11,29,10,2021,18:57:00,5,45,45234,2,7,2,2,Place Albert 1er,"479,075,300,000","19,062,200,000",2.021E+11,183 271,B01,0,1,0,2,4,16,0,NULL,2.021E+11,242 684,183 270,A01,1,1,1,1,1979,0,8,0,-1,-1,-1,-1,2.021E+11,4,ALBERT 1ER (RUE ALBERT 1ER),0,NULL,2,6,0,1,-1,-1,1,NULL,-1,2,0,1,50
2.021E+11,29,10,2021,18:57:00,5,45,45234,2,7,2,2,Place Albert 1er,"479,075,300,000","19,062,200,000",2.021E+11,183 271,B01,0,1,0,2,4,16,0,NULL,2.021E+11,242 685,183 271,B01,1,1,4,1,1998,4,8,0,-1,-1,-1,-1,2.021E+11,4,ALBERT 1ER (RUE ALBERT 1ER),0,NULL,2,6,0,1,-1,-1,1,NULL,-1,2,0,1,50
2.021E+11,12,10,2021,08:45:00,1,93,93051,2,6,1,3,CHAMPY RICHARDETS (BOULEVARD),"488,372,100,000","25,774,500,000",2.021E+11,177 194,B01,3,1,0,2,1,2,5,NULL,2.021E+11,234 776,177 193,A01,1,1,1,2,1963,1,1,0,-1,-1,-1,-1,2.021E+11,4,CHAMPY RICHARDETS (BOULEVARD),0,NULL,1,1,1,1,0,0,2,NULL,-1,1,5,1,50
2.021E+11,12,10,2021,08:45:00,1,93,93051,2,6,1,3,CHAMPY RICHARDETS (BOULEVARD),"488,372,100,000","25,774,500,000",2.021E+11,177 194,B01,3,1,0,2,1,2,5,NULL,2.021E+11,234 777,177 194,B01,1,1,4,1,1998,2,8,0,-1,-1,-1,-1,2.021E+11,4,CHAMPY RICHARDETS (BOULEVARD),0,NULL,1,1,1,1,0,0,2,NULL,-1,1,5,1,50
2.021E+11,10,10,2021,22:00:00,5,92,92004,2,4,1,2,ARGENTEUIL AV D',"489,125,787,397","22,844,535,112",2.021E+11,177 169,B01,1,1,0,2,4,15,5,NULL,2.021E+11,234 743,177 168,A01,1,1,4,1,1992,0,2,0,-1,-1,-1,-1,2.021E+11,3,ARGENTEUIL AV D',0,NULL,2,2,0,1,0,0,1,NULL,-1,1,0,1,50
2.021E+11,10,10,2021,22:00:00,5,92,92004,2,4,1,2,ARGENTEUIL AV D',"489,125,787,397","22,844,535,112",2.021E+11,177 169,B01,1,1,0,2,4,15,5,NULL,2.021E+11,234 744,177 169,B01,1,1,4,1,1990,0,1,0,-1,-1,-1,-1,2.021E+11,3,ARGENTEUIL AV D',0,NULL,2,2,0,1,0,0,1,NULL,-1,1,0,1,50
2.021E+11,10,10,2021,13:30:00,1,75,75120,2,4,1,3,BOULEVARD DAVOUT,"488,562,840,000","24,099,860,000",2.021E+11,176 653,B01,2,1,0,2,1,1,5,NULL,2.021E+11,234 087,176 652,A01,1,1,1,1,1967,1,1,0,-1,0,0,-1,2.021E+11,4,BOULEVARD DAVOUT,0,NULL,3,2,0,1,-1,-1,1,NULL,-1,1,0,1,30
2.021E+11,10,10,2021,13:30:00,1,75,75120,2,4,1,3,BOULEVARD DAVOUT,"488,562,840,000","24,099,860,000",2.021E+11,176 653,B01,2,1,0,2,1,1,5,NULL,2.021E+11,234 088,176 653,B01,1,1,4,1,1990,9,2,0,-1,0,0,-1,2.021E+11,4,BOULEVARD DAVOUT,0,NULL,3,2,0,1,-1,-1,1,NULL,-1,1,0,1,30
2.021E+11,6,10,2021,14:10:00,1,75,75119,2,3,1,7,RUE FESSART,"488,768,220,000","23,853,080,000",2.021E+11,175 193,A01,2,1,0,2,1,21,5,NULL,2.021E+11,232 193,175 193,A01,1,1,4,2,1995,5,8,0,-1,0,0,-1,2.021E+11,4,RUE FESSART,0,NULL,2,2,2,1,-1,-1,1,NULL,-1,1,0,5,30
2.021E+11,6,10,2021,14:10:00,1,75,75119,2,3,1,7,RUE FESSART,"488,768,220,000","23,853,080,000",2.021E+11,175 193,A01,2,1,0,2,1,21,5,NULL,2.021E+11,232 194,175 194,Z01,1,1,1,-1,NULL,-1,-1,-1,-1,-1,-1,-1,2.021E+11,4,RUE FESSART,0,NULL,2,2,2,1,-1,-1,1,NULL,-1,1,0,5,30
2.021E+11,27,9,2021,17:05:00,1,5,5061,1,1,1,7,LUYE ( ROUTE DE LA ),"445,101,400,000","60,680,500,000",2.021E+11,172 628,A01,2,1,0,0,1,1,5,NULL,2.021E+11,228 903,172 628,A01,1,1,4,1,1952,5,2,0,-1,0,0,-1,2.021E+11,3,LUYE ( ROUTE DE LA ),0,NULL,2,2,0,1,4,705,1,NULL,-1,1,0,1,80
2.021E+11,14,9,2021,17:00:00,1,69,69286,2,1,1,6,LATTRE DE TASSIGNY (DE) (BD),"458,136,400,000","49,046,300,000",2.021E+11,169 230,B01,3,1,0,2,7,19,5,NULL,2.021E+11,224 397,169 230,B01,1,1,4,1,2010,5,8,-1,-1,-1,-1,-1,2.021E+11,4,DE LATTRE DE TASSIGNY      (BD),0,NULL,1,1,0,1,-1,-1,1,NULL,-1,1,0,1,50
2.021E+11,14,9,2021,17:00:00,1,69,69286,2,1,1,6,LATTRE DE TASSIGNY (DE) (BD),"458,136,400,000","49,046,300,000",2.021E+11,169 230,B01,3,1,0,2,7,19,5,NULL,2.021E+11,224 398,169 231,A01,1,1,1,1,1971,5,1,-1,-1,-1,-1,-1,2.021E+11,4,DE LATTRE DE TASSIGNY      (BD),0,NULL,1,1,0,1,-1,-1,1,NULL,-1,1,0,1,50
2.021E+11,3,9,2021,08:20:00,1,27,27684,2,6,1,3,COCHEREL (RUE DE),"490,152,900,000","11,870,900,000",2.021E+11,164 007,B01,0,1,0,-1,-1,1,-1,NULL,2.021E+11,217 567,164 007,B01,1,1,4,1,1980,5,2,4,-1,0,0,-1,2.021E+11,4,COCHEREL (RUE DE),0,NULL,-1,2,0,1,-1,-1,1,NULL,-1,1,0,1,70
2.021E+11,3,9,2021,08:20:00,1,27,27684,2,6,1,3,COCHEREL (RUE DE),"490,152,900,000","11,870,900,000",2.021E+11,164 007,B01,0,1,0,-1,-1,1,-1,NULL,2.021E+11,217 568,164 008,A01,1,1,1,1,1961,5,1,5,-1,0,0,-1,2.021E+11,4,COCHEREL (RUE DE),0,NULL,-1,2,0,1,-1,-1,1,NULL,-1,1,0,1,70
2.021E+11,3,9,2021,12:51:00,1,75,75115,2,1,1,3,RUE LINOIS,"488,481,850,000","22,833,950,000",2.021E+11,163 954,A01,1,1,0,2,7,1,5,NULL,2.021E+11,217 505,163 953,Z01,1,1,1,-1,NULL,-1,-1,-1,-1,-1,-1,-1,2.021E+11,4,RUE LINOIS,0,NULL,2,5,0,1,-1,-1,1,NULL,-1,1,0,1,30
2.021E+11,3,9,2021,12:51:00,1,75,75115,2,1,1,3,RUE LINOIS,"488,481,850,000","22,833,950,000",2.021E+11,163 954,A01,1,1,0,2,7,1,5,NULL,2.021E+11,217 506,163 954,A01,1,1,4,2,1976,9,2,0,-1,0,0,-1,2.021E+11,4,RUE LINOIS,0,NULL,2,5,0,1,-1,-1,1,NULL,-1,1,0,1,30
2.021E+11,31,8,2021,00:10:00,5,93,93061,2,1,1,3,Avenue Edouard Vaillant,"488,831,000,000","24,106,790,000",2.021E+11,163 214,B01,2,1,1,2,1,2,0,NULL,2.021E+11,216 548,163 213,A01,1,1,1,1,1997,0,1,0,-1,-1,-1,-1,2.021E+11,4,VAILLANT AVENUE EDOUARD,0,NULL,1,1,0,2,0,0,2,NULL,-1,1,0,1,50
2.021E+11,31,8,2021,00:10:00,5,93,93061,2,1,1,3,Avenue Edouard Vaillant,"488,831,000,000","24,106,790,000",2.021E+11,163 214,B01,2,1,1,2,1,2,0,NULL,2.021E+11,216 549,163 214,B01,1,1,4,1,1992,0,8,0,-1,-1,-1,-1,2.021E+11,4,VAILLANT AVENUE EDOUARD,0,NULL,1,1,0,2,0,0,2,NULL,-1,1,0,1,50
2.021E+11,28,8,2021,14:25:00,1,54,54067,1,1,1,3,D643 PK 41-500,"494,354,270,000","56,595,039,368",2.021E+11,161 737,B01,1,1,0,2,8,13,5,NULL,2.021E+11,214 550,161 736,A01,1,1,1,2,1996,1,1,-1,-1,0,0,-1,2.021E+11,3,643,0,NULL,2,2,0,2,41,500,1,NULL,-1,1,0,1,80
2.021E+11,28,8,2021,14:25:00,1,54,54067,1,1,1,3,D643 PK 41-500,"494,354,270,000","56,595,039,368",2.021E+11,161 737,B01,1,1,0,2,8,13,5,NULL,2.021E+11,214 551,161 737,B01,1,1,3,1,1949,5,2,-1,-1,0,0,-1,2.021E+11,3,643,0,NULL,2,2,0,2,41,500,1,NULL,-1,1,0,1,80
2.021E+11,25,8,2021,09:05:00,1,34,34178,2,1,1,1,Avenue Louis Arcelin,"434,395,760,000","31,371,760,000",2.021E+11,161 382,B01,1,1,0,2,1,2,5,NULL,2.021E+11,214 078,161 381,A01,1,1,1,2,1954,5,2,-1,-1,0,0,-1,2.021E+11,3,36,0,NULL,2,2,0,2,0,797,1,NULL,-1,1,0,1,30
2.021E+11,25,8,2021,09:05:00,1,34,34178,2,1,1,1,Avenue Louis Arcelin,"434,395,760,000","31,371,760,000",2.021E+11,161 381,A01,1,1,0,0,4,2,5,NULL,2.021E+11,214 078,161 381,A01,1,1,1,2,1954,5,2,-1,-1,0,0,-1,2.021E+11,3,36,0,NULL,2,2,0,2,0,797,1,NULL,-1,1,0,1,30
2.021E+11,25,8,2021,09:05:00,1,34,34178,2,1,1,1,Avenue Louis Arcelin,"434,395,760,000","31,371,760,000",2.021E+11,161 382,B01,1,1,0,2,1,2,5,NULL,2.021E+11,214 079,161 382,B01,1,1,3,1,1950,5,2,-1,-1,0,0,-1,2.021E+11,3,36,0,NULL,2,2,0,2,0,797,1,NULL,-1,1,0,1,30
2.021E+11,25,8,2021,09:05:00,1,34,34178,2,1,1,1,Avenue Louis Arcelin,"434,395,760,000","31,371,760,000",2.021E+11,161 381,A01,1,1,0,0,4,2,5,NULL,2.021E+11,214 079,161 382,B01,1,1,3,1,1950,5,2,-1,-1,0,0,-1,2.021E+11,3,36,0,NULL,2,2,0,2,0,797,1,NULL,-1,1,0,1,30
2.021E+11,16,8,2021,13:22:00,1,38,38150,2,1,1,7,Route de Savoie,"452,080,910,000","58,503,380,000",2.021E+11,158 824,A01,2,1,12,0,0,1,5,NULL,2.021E+11,210 586,158 824,A01,1,1,4,2,2003,1,0,-1,-1,0,0,-1,2.021E+11,7,523,-1,NULL,2,2,0,1,8,250,1,NULL,-1,1,0,1,50
2.021E+11,16,8,2021,13:22:00,1,38,38150,2,1,1,7,Route de Savoie,"452,080,910,000","58,503,380,000",2.021E+11,158 824,A01,2,1,12,0,0,1,5,NULL,2.021E+11,210 587,158 825,B01,1,1,1,-1,NULL,-1,-1,-1,-1,-1,-1,-1,2.021E+11,7,523,-1,NULL,2,2,0,1,8,250,1,NULL,-1,1,0,1,50
2.021E+11,19,7,2021,22:25:00,5,75,75106,2,1,1,2,QUAI DE CONTI,"488,575,170,000","23,381,210,000",2.021E+11,151 364,B01,1,1,0,2,6,15,5,NULL,2.021E+11,200 249,151 363,A01,1,1,4,1,1996,5,8,0,-1,0,0,-1,2.021E+11,4,QUAI DE CONTI,0,NULL,2,3,1,1,-1,-1,2,NULL,-1,1,0,5,30
2.021E+11,19,7,2021,22:25:00,5,75,75106,2,1,1,2,QUAI DE CONTI,"488,575,170,000","23,381,210,000",2.021E+11,151 363,A01,1,1,0,2,1,17,5,NULL,2.021E+11,200 249,151 363,A01,1,1,4,1,1996,5,8,0,-1,0,0,-1,2.021E+11,4,QUAI DE CONTI,0,NULL,2,3,1,1,-1,-1,2,NULL,-1,1,0,5,30
2.021E+11,19,7,2021,22:25:00,5,75,75106,2,1,1,2,QUAI DE CONTI,"488,575,170,000","23,381,210,000",2.021E+11,151 364,B01,1,1,0,2,6,15,5,NULL,2.021E+11,200 250,151 364,B01,1,1,1,1,1989,5,8,0,-1,0,0,-1,2.021E+11,4,QUAI DE CONTI,0,NULL,2,3,1,1,-1,-1,2,NULL,-1,1,0,5,30
2.021E+11,19,7,2021,22:25:00,5,75,75106,2,1,1,2,QUAI DE CONTI,"488,575,170,000","23,381,210,000",2.021E+11,151 363,A01,1,1,0,2,1,17,5,NULL,2.021E+11,200 250,151 364,B01,1,1,1,1,1989,5,8,0,-1,0,0,-1,2.021E+11,4,QUAI DE CONTI,0,NULL,2,3,1,1,-1,-1,2,NULL,-1,1,0,5,30
2.021E+11,2,7,2021,18:40:00,1,67,67320,1,1,1,1,D897 PR000.500,"483,351,217,830","73,184,287,548",2.021E+11,145 527,B01,1,1,0,2,1,1,0,NULL,2.021E+11,192 213,145 526,A01,1,1,4,1,2003,1,2,6,-1,0,0,-1,2.021E+11,3,897,0,NULL,2,2,0,2,0,500,2,NULL,-1,1,0,1,80
2.021E+11,2,7,2021,18:40:00,1,67,67320,1,1,1,1,D897 PR000.500,"483,351,217,830","73,184,287,548",2.021E+11,145 527,B01,1,1,0,2,1,1,0,NULL,2.021E+11,192 214,145 527,B01,1,1,3,1,1977,5,2,-1,-1,0,0,-1,2.021E+11,3,897,0,NULL,2,2,0,2,0,500,2,NULL,-1,1,0,1,80
2.021E+11,24,6,2021,16:50:00,1,75,75119,2,1,1,7,BOULEVARD DE LA VILLETTE,"488,756,700,000","23,730,170,000",2.021E+11,143 659,A01,1,1,0,0,0,21,5,NULL,2.021E+11,189 710,143 659,A01,1,1,4,1,1979,9,8,0,-1,0,0,-1,2.021E+11,4,BOULEVARD DE LA VILLETTE,0,NULL,1,1,1,1,-1,-1,1,NULL,-1,1,0,5,50
2.021E+11,24,6,2021,19:13:00,1,75,75104,2,1,8,2,QUAI DE GESVRES,"488,570,190,000","23,479,110,000",2.021E+11,143 637,A01,2,1,0,2,4,1,5,NULL,2.021E+11,189 685,143 636,Z01,1,1,1,-1,NULL,-1,-1,-1,-1,-1,-1,-1,2.021E+11,4,QUAI DE GESVRES,0,NULL,1,3,3,1,-1,-1,1,NULL,-1,1,2,1,50
2.021E+11,24,6,2021,19:13:00,1,75,75104,2,1,8,2,QUAI DE GESVRES,"488,570,190,000","23,479,110,000",2.021E+11,143 637,A01,2,1,0,2,4,1,5,NULL,2.021E+11,189 686,143 637,A01,1,1,4,1,1964,1,2,0,-1,0,0,-1,2.021E+11,4,QUAI DE GESVRES,0,NULL,1,3,3,1,-1,-1,1,NULL,-1,1,2,1,50
2.021E+11,14,6,2021,22:45:00,2,69,69387,2,3,1,1,BERTHELOT (AV),"457,407,000,000","48,560,200,000",2.021E+11,142 244,A01,2,1,0,2,1,5,5,NULL,2.021E+11,187 884,142 244,A01,1,1,4,1,1989,0,8,-1,-1,-1,-1,-1,2.021E+11,4,BERTHELOT                           (AV),0,NULL,1,4,3,1,-1,-1,1,NULL,-1,1,0,6,50
2.021E+11,14,6,2021,22:45:00,2,69,69387,2,3,1,1,BERTHELOT (AV),"457,407,000,000","48,560,200,000",2.021E+11,142 244,A01,2,1,0,2,1,5,5,NULL,2.021E+11,187 885,142 245,B01,1,1,1,1,1999,4,1,-1,-1,-1,-1,-1,2.021E+11,4,BERTHELOT                           (AV),0,NULL,1,4,3,1,-1,-1,1,NULL,-1,1,0,6,50
2.021E+11,14,6,2021,22:45:00,2,69,69387,2,3,1,1,BERTHELOT (AV),"457,407,000,000","48,560,200,000",2.021E+11,142 244,A01,2,1,0,2,1,5,5,NULL,2.021E+11,187 886,142 245,B01,6,2,1,1,1998,4,1,-1,-1,-1,-1,-1,2.021E+11,4,BERTHELOT                           (AV),0,NULL,1,4,3,1,-1,-1,1,NULL,-1,1,0,6,50
2.021E+11,14,6,2021,22:45:00,2,69,69387,2,3,1,1,BERTHELOT (AV),"457,407,000,000","48,560,200,000",2.021E+11,142 244,A01,2,1,0,2,1,5,5,NULL,2.021E+11,187 887,142 245,B01,2,2,1,1,1997,4,1,-1,-1,-1,-1,-1,2.021E+11,4,BERTHELOT                           (AV),0,NULL,1,4,3,1,-1,-1,1,NULL,-1,1,0,6,50
2.021E+11,19,6,2021,13:50:00,1,93,93001,2,1,1,3,REPUBLIQUE (AVE DE LA ) => NO 41/50,"489,121,120,000","23,838,130,000",2.021E+11,142 000,B01,1,1,1,0,0,1,5,NULL,2.021E+11,187 553,141 999,A01,1,1,1,1,1981,5,8,0,-1,-1,-1,-1,2.021E+11,3,REPUBLIQUE (AVE DE LA ) => NO 41/50,0,NULL,2,2,0,1,0,0,1,NULL,-1,1,0,1,50
2.021E+11,19,6,2021,13:50:00,1,93,93001,2,1,1,3,REPUBLIQUE (AVE DE LA ) => NO 41/50,"489,121,120,000","23,838,130,000",2.021E+11,142 000,B01,1,1,1,0,0,1,5,NULL,2.021E+11,187 554,142 000,B01,1,1,3,2,1990,0,8,0,-1,-1,-1,-1,2.021E+11,3,REPUBLIQUE (AVE DE LA ) => NO 41/50,0,NULL,2,2,0,1,0,0,1,NULL,-1,1,0,1,50
2.021E+11,18,6,2021,18:05:00,1,64,64024,2,2,1,3,BAHINOS (ROUTE DE),"435,135,500,000","-15,003,900,000",2.021E+11,141 770,A01,3,1,0,2,1,1,5,NULL,2.021E+11,187 225,141 770,A01,1,1,4,1,1993,0,8,0,-1,-1,-1,-1,2.021E+11,4,BAHINOS (ROUTE DE),0,NULL,2,2,0,1,0,0,1,NULL,-1,1,0,1,30
2.021E+11,18,6,2021,18:05:00,1,64,64024,2,2,1,3,BAHINOS (ROUTE DE),"435,135,500,000","-15,003,900,000",2.021E+11,141 770,A01,3,1,0,2,1,1,5,NULL,2.021E+11,187 226,141 771,B01,1,1,1,1,1993,0,1,0,-1,-1,-1,-1,2.021E+11,4,BAHINOS (ROUTE DE),0,NULL,2,2,0,1,0,0,1,NULL,-1,1,0,1,30
2.021E+11,8,6,2021,14:51:00,1,2,2722,2,6,1,2,GAMBETTA ( BOULEVARD ),"493,764,500,000","33,297,000,000",2.021E+11,140 832,B01,3,1,0,2,4,16,5,NULL,2.021E+11,186 027,140 832,B01,1,1,2,1,1959,5,2,8,-1,-1,-1,-1,2.021E+11,4,GAMBETTA ( BOULEVARD ),0,NULL,2,2,1,1,0,0,1,NULL,-1,1,0,1,50
2.021E+11,8,6,2021,14:51:00,1,2,2722,2,6,1,2,GAMBETTA ( BOULEVARD ),"493,764,500,000","33,297,000,000",2.021E+11,140 832,B01,3,1,0,2,4,16,5,NULL,2.021E+11,186 028,140 833,A01,1,1,1,1,1981,1,1,8,-1,-1,-1,-1,2.021E+11,4,GAMBETTA ( BOULEVARD ),0,NULL,2,2,1,1,0,0,1,NULL,-1,1,0,1,50