Num_Acc,jour,mois,an,hrmn,lum,dep,com,agg,int,atm,col,adr,lat,long,Num_Acc,id_vehicule,num_veh,senc,catv,obs,obsm,choc,manv,motor,occutc,Num_Acc,id_usager,id_vehicule,num_veh,place,catu,grav,sexe,an_nais,trajet,secu1,secu2,secu3,locp,actp,etatp,Num_Acc,catr,voie,v1,v2,circ,nbv,vosp,prof,pr,pr1,plan,lartpc,larrout,surf,infra,situ,vma
2.021E+11,10,6,2021,20:20:00,1,95,95637,2,1,1,1,MEND€S FRANCE (MAIL),"490,235,340,000","20,251,780,000",2.021E+11,138 743,B01,3,1,0,2,1,5,5,NULL,2.021E+11,183 266,138 742,A01,1,1,1,1,1997,5,1,-1,-1,-1,0,-1,2.021E+11,4,MEND€S FRANCE (MAIL),0,NULL,2,2,0,1,-1,-1,1,NULL,-1,1,0,1,50
2.021E+11,10,6,2021,20:20:00,1,95,95637,2,1,1,1,MEND€S FRANCE (MAIL),"490,235,340,000","20,251,780,000",2.021E+11,138 743,B01,3,1,0,2,1,5,5,NULL,2.021E+11,183 267,138 743,B01,1,1,4,1,2009,5,8,0,-1,-1,0,-1,2.021E+11,4,MEND€S FRANCE (MAIL),0,NULL,2,2,0,1,-1,-1,1,NULL,-1,1,0,1,50
2.021E+11,31,5,2021,09:30:00,1,45,45175,1,1,1,2,D7-PR 0+850,"477,555,480,000","18,266,940,000",2.021E+11,138 467,B01,1,1,0,2,4,15,5,NULL,2.021E+11,182 914,138 467,B01,1,1,3,1,1948,5,2,-1,-1,0,0,-1,2.021E+11,3,7,0,NULL,2,2,0,1,0,850,1,NULL,-1,1,0,1,80
2.021E+11,31,5,2021,09:30:00,1,45,45175,1,1,1,2,D7-PR 0+850,"477,555,480,000","18,266,940,000",2.021E+11,138 467,B01,1,1,0,2,4,15,5,NULL,2.021E+11,182 915,138 468,A01,1,1,1,1,2003,5,8,-1,-1,0,0,-1,2.021E+11,3,7,0,NULL,2,2,0,1,0,850,1,NULL,-1,1,0,1,80
2.021E+11,4,6,2021,20:10:00,1,44,44143,2,6,1,3,BOULEVARD LE CORBUSIER,"471,891,000,000","-15,703,300,000",2.021E+11,137 496,B01,0,1,0,2,1,9,5,NULL,2.021E+11,181 688,137 495,A01,1,1,1,1,1981,0,1,0,-1,-1,-1,-1,2.021E+11,4,BOULEVARD LE CORBUSIER,0,NULL,2,2,2,1,-1,-1,2,NULL,-1,1,0,1,50
2.021E+11,4,6,2021,20:10:00,1,44,44143,2,6,1,3,BOULEVARD LE CORBUSIER,"471,891,000,000","-15,703,300,000",2.021E+11,137 496,B01,0,1,0,2,1,9,5,NULL,2.021E+11,181 689,137 496,B01,1,1,4,1,2001,0,0,0,-1,-1,-1,-1,2.021E+11,4,BOULEVARD LE CORBUSIER,0,NULL,2,2,2,1,-1,-1,2,NULL,-1,1,0,1,50
2.021E+11,1,6,2021,15:50:00,1,59,59560,2,1,1,3,BOUVRY ROGER RUE,"505,480,851,378","30,279,886,464",2.021E+11,135 948,B01,1,1,0,2,1,1,5,NULL,2.021E+11,179 670,135 948,B01,1,1,4,1,2007,9,8,0,-1,-1,-1,-1,2.021E+11,7,BOUVRY ROGER RUE,0,NULL,2,4,1,1,-1,-1,1,NULL,-1,1,0,5,50
2.021E+11,1,6,2021,15:50:00,1,59,59560,2,1,1,3,BOUVRY ROGER RUE,"505,480,851,378","30,279,886,464",2.021E+11,135 948,B01,1,1,0,2,1,1,5,NULL,2.021E+11,179 671,135 949,A01,1,1,1,2,1991,1,1,0,-1,-1,-1,-1,2.021E+11,7,BOUVRY ROGER RUE,0,NULL,2,4,1,1,-1,-1,1,NULL,-1,1,0,5,50
2.021E+11,2,6,2021,18:40:00,1,57,57260,2,1,1,6,Rue du cimetière,"491,619,510,000","70,315,930,000",2.021E+11,135 700,A01,3,1,0,1,1,17,0,NULL,2.021E+11,179 361,135 700,A01,1,1,1,1,1991,5,2,-1,-1,0,0,-1,2.021E+11,4,NULL,-1,NULL,-1,2,0,1,0,0,1,NULL,-1,1,0,8,20
2.021E+11,2,6,2021,18:40:00,1,57,57260,2,1,1,6,Rue du cimetière,"491,619,510,000","70,315,930,000",2.021E+11,135 700,A01,3,1,0,1,1,17,0,NULL,2.021E+11,179 362,135 700,A01,10,3,3,2,1954,5,0,-1,-1,0,1,1,2.021E+11,4,NULL,-1,NULL,-1,2,0,1,0,0,1,NULL,-1,1,0,8,20
2.021E+11,29,5,2021,12:15:00,1,8,8105,2,3,1,3,AURIOL PRESIDENT (AVENUE),"497,545,330,000","47,223,760,000",2.021E+11,135 046,B01,0,1,0,2,1,1,0,NULL,2.021E+11,178 523,135 046,B01,1,1,3,1,1955,5,2,6,-1,-1,-1,-1,2.021E+11,4,AURIOL PRESIDENT (AVENUE),0,NULL,2,2,0,1,0,0,1,NULL,-1,1,0,1,50
2.021E+11,29,5,2021,12:15:00,1,8,8105,2,3,1,3,AURIOL PRESIDENT (AVENUE),"497,545,330,000","47,223,760,000",2.021E+11,135 046,B01,0,1,0,2,1,1,0,NULL,2.021E+11,178 524,135 047,A01,1,1,1,1,1989,5,1,8,-1,-1,-1,-1,2.021E+11,4,AURIOL PRESIDENT (AVENUE),0,NULL,2,2,0,1,0,0,1,NULL,-1,1,0,1,50
2.021E+11,22,5,2021,11:40:00,1,75,75111,2,4,1,3,RUE FAIDHERBE,"488,511,820,000","23,840,480,000",2.021E+11,132 299,B01,2,1,0,2,1,1,5,NULL,2.021E+11,174 888,132 298,A01,1,1,1,1,1971,5,8,0,-1,0,0,-1,2.021E+11,4,RUE FAIDHERBE,0,NULL,2,2,0,1,-1,-1,1,NULL,-1,1,0,1,30
2.021E+11,22,5,2021,11:40:00,1,75,75111,2,4,1,3,RUE FAIDHERBE,"488,511,820,000","23,840,480,000",2.021E+11,132 299,B01,2,1,0,2,1,1,5,NULL,2.021E+11,174 889,132 299,B01,1,1,4,2,1979,5,2,0,-1,0,0,-1,2.021E+11,4,RUE FAIDHERBE,0,NULL,2,2,0,1,-1,-1,1,NULL,-1,1,0,1,30
2.021E+11,11,5,2021,18:15:00,1,88,88219,2,9,2,3,D19,"484,500,480,000","56,791,380,000",2.021E+11,129 100,B01,3,1,0,2,8,19,5,NULL,2.021E+11,170 654,129 099,A01,1,1,1,1,1970,1,1,-1,-1,0,0,-1,2.021E+11,3,19,0,D,2,2,0,1,17,600,1,NULL,-1,2,0,1,50
2.021E+11,11,5,2021,18:15:00,1,88,88219,2,9,2,3,D19,"484,500,480,000","56,791,380,000",2.021E+11,129 100,B01,3,1,0,2,8,19,5,NULL,2.021E+11,170 655,129 100,B01,1,1,3,1,2006,5,0,-1,-1,0,0,-1,2.021E+11,3,19,0,D,2,2,0,1,17,600,1,NULL,-1,2,0,1,50
2.021E+11,8,5,2021,12:20:00,1,38,38151,2,1,1,3,Avenue Victor Hugo,"451,531,000,000","57,113,000,000",2.021E+11,128 777,B01,3,1,0,2,1,1,5,NULL,2.021E+11,170 212,128 776,A01,1,1,1,1,2001,0,1,8,-1,-1,-1,-1,2.021E+11,4,NULL,0,NULL,2,4,1,2,-1,-1,1,NULL,-1,1,0,1,50
2.021E+11,8,5,2021,12:20:00,1,38,38151,2,1,1,3,Avenue Victor Hugo,"451,531,000,000","57,113,000,000",2.021E+11,128 777,B01,3,1,0,2,1,1,5,NULL,2.021E+11,170 213,128 777,B01,1,1,4,1,1969,0,2,8,-1,-1,-1,-1,2.021E+11,4,NULL,0,NULL,2,4,1,2,-1,-1,1,NULL,-1,1,0,1,50
2.021E+11,8,5,2021,18:55:00,1,1,1249,2,2,1,3,Montée Neuve,"458,253,380,000","49,421,200,000",2.021E+11,128 622,B01,1,1,0,2,8,1,5,NULL,2.021E+11,170 000,128 621,A01,1,1,1,1,2003,0,6,2,0,0,0,-1,2.021E+11,3,71,0,NULL,2,2,0,2,1,185,3,NULL,-1,1,0,1,50
2.021E+11,8,5,2021,18:55:00,1,1,1249,2,2,1,3,Montée Neuve,"458,253,380,000","49,421,200,000",2.021E+11,128 622,B01,1,1,0,2,8,1,5,NULL,2.021E+11,170 001,128 622,B01,1,1,4,1,1972,5,2,-1,-1,0,0,-1,2.021E+11,3,71,0,NULL,2,2,0,2,1,185,3,NULL,-1,1,0,1,50
2.021E+11,3,5,2021,18:15:00,1,77,77122,2,1,1,3,AV JEAN JAURES,"486,559,100,000","25,629,800,000",2.021E+11,128 540,B01,3,1,0,2,8,19,5,NULL,2.021E+11,169 900,128 539,A01,1,1,1,1,1982,5,1,0,-1,-1,-1,-1,2.021E+11,4,AV JEAN JAURES,0,NULL,2,1,0,1,0,0,1,NULL,-1,1,6,1,50
2.021E+11,3,5,2021,18:15:00,1,77,77122,2,1,1,3,AV JEAN JAURES,"486,559,100,000","25,629,800,000",2.021E+11,128 540,B01,3,1,0,2,8,19,5,NULL,2.021E+11,169 901,128 540,B01,1,1,3,1,1960,3,0,-1,-1,-1,-1,-1,2.021E+11,4,AV JEAN JAURES,0,NULL,2,1,0,1,0,0,1,NULL,-1,1,6,1,50
2.021E+11,8,5,2021,17:00:00,1,14,14027,1,1,1,1,D106,"489,852,370,000"," -0,6404790000",2.021E+11,128 361,B01,2,1,0,2,1,1,5,NULL,2.021E+11,169 683,128 361,B01,1,1,3,1,1974,5,2,-1,-1,0,0,-1,2.021E+11,3,106,0,NULL,2,2,0,1,1,230,2,NULL,-1,1,0,3,80
2.021E+11,8,5,2021,17:00:00,1,14,14027,1,1,1,1,D106,"489,852,370,000"," -0,6404790000",2.021E+11,128 361,B01,2,1,0,2,1,1,5,NULL,2.021E+11,169 684,128 362,A01,1,1,1,1,2003,5,1,-1,-1,0,0,-1,2.021E+11,3,106,0,NULL,2,2,0,1,1,230,2,NULL,-1,1,0,3,80
2.021E+11,23,4,2021,18:20:00,1,69,69266,2,3,1,3,BOURGCHANIN (R),"457,671,968,944","49,024,813,641",2.021E+11,125 095,A01,2,1,0,2,8,15,5,NULL,2.021E+11,165 459,125 094,B01,1,1,1,1,1996,0,8,0,-1,-1,-1,-1,2.021E+11,4,BOURGCHANIN     (Rue),0,NULL,2,2,0,2,-1,-1,1,NULL,-1,1,0,1,50
2.021E+11,23,4,2021,18:20:00,1,69,69266,2,3,1,3,BOURGCHANIN (R),"457,671,968,944","49,024,813,641",2.021E+11,125 095,A01,2,1,0,2,8,15,5,NULL,2.021E+11,165 460,125 095,A01,1,1,4,1,1980,0,0,-1,-1,-1,-1,-1,2.021E+11,4,BOURGCHANIN     (Rue),0,NULL,2,2,0,2,-1,-1,1,NULL,-1,1,0,1,50
2.021E+11,30,3,2021,18:14:00,1,19,19272,2,1,1,3,Charles de Gaulle (Av),"452,683,500,000","17,699,100,000",2.021E+11,121 816,B01,2,1,0,2,8,1,5,NULL,2.021E+11,161 219,121 816,B01,1,1,4,1,1993,5,2,8,-1,-1,-1,-1,2.021E+11,4,Charles de Gaulle (Av),0,NULL,2,2,0,1,-1,-1,1,NULL,-1,1,0,1,30
2.021E+11,30,3,2021,18:14:00,1,19,19272,2,1,1,3,Charles de Gaulle (Av),"452,683,500,000","17,699,100,000",2.021E+11,121 816,B01,2,1,0,2,8,1,5,NULL,2.021E+11,161 220,121 817,A01,1,1,1,1,1993,0,8,0,-1,-1,-1,-1,2.021E+11,4,Charles de Gaulle (Av),0,NULL,2,2,0,1,-1,-1,1,NULL,-1,1,0,1,30
2.021E+11,7,4,2021,11:30:00,1,47,47203,1,3,1,3,Rue de la Tuque,"443,873,390,000","0,8036700000",2.021E+11,121 511,A01,3,1,0,2,3,9,5,NULL,2.021E+11,160 824,121 511,A01,1,1,4,1,1995,3,0,-1,-1,0,0,-1,2.021E+11,3,Tuque,0,R,2,2,0,1,16,400,1,NULL,-1,1,0,1,70
2.021E+11,7,4,2021,11:30:00,1,47,47203,1,3,1,3,Rue de la Tuque,"443,873,390,000","0,8036700000",2.021E+11,121 511,A01,3,1,0,2,3,9,5,NULL,2.021E+11,160 825,121 512,B01,1,1,1,1,1964,4,1,-1,-1,0,0,-1,2.021E+11,3,Tuque,0,R,2,2,0,1,16,400,1,NULL,-1,1,0,1,70
2.021E+11,29,3,2021,14:45:00,1,75,75116,2,3,1,6,ROUTE DES LACS A PASSY,"488,584,130,000","22,588,920,000",2.021E+11,119 899,A01,3,1,0,1,1,1,5,NULL,2.021E+11,158 690,119 899,A01,1,1,1,1,1939,5,2,0,-1,0,0,-1,2.021E+11,4,ROUTE DES LACS A PASSY,0,NULL,2,2,1,1,-1,-1,1,NULL,-1,1,-1,5,50
2.021E+11,29,3,2021,14:45:00,1,75,75116,2,3,1,6,ROUTE DES LACS A PASSY,"488,584,130,000","22,588,920,000",2.021E+11,119 899,A01,3,1,0,1,1,1,5,NULL,2.021E+11,158 691,119 899,A01,10,3,4,2,1947,5,0,-1,-1,2,3,1,2.021E+11,4,ROUTE DES LACS A PASSY,0,NULL,2,2,1,1,-1,-1,1,NULL,-1,1,-1,5,50
2.021E+11,25,3,2021,16:18:00,1,63,63113,2,3,1,3,Nadaud/Briand,"457,701,200,000","30,761,900,000",2.021E+11,118 643,B01,1,1,0,2,7,1,5,NULL,2.021E+11,157 075,118 643,B01,1,1,4,1,1997,0,8,0,-1,0,0,-1,2.021E+11,4,NADAUD (RUE CHARLES),0,NULL,1,2,1,1,-1,-1,1,NULL,-1,1,0,1,50
2.021E+11,25,3,2021,16:18:00,1,63,63113,2,3,1,3,Nadaud/Briand,"457,701,200,000","30,761,900,000",2.021E+11,118 643,B01,1,1,0,2,7,1,5,NULL,2.021E+11,157 076,118 644,A01,1,1,1,2,1970,9,1,0,-1,-1,-1,-1,2.021E+11,4,NADAUD (RUE CHARLES),0,NULL,1,2,1,1,-1,-1,1,NULL,-1,1,0,1,50
2.021E+11,3,3,2021,15:10:00,1,87,87085,2,1,1,3,LECLERC (AVENUE DU GENERAL),"458,484,100,000","12,621,500,000",2.021E+11,114 056,A01,2,1,0,2,8,19,5,NULL,2.021E+11,151 181,114 056,A01,1,1,4,1,2007,5,8,0,-1,-1,-1,-1,2.021E+11,4,LECLERC (AVENUE DU GENERAL),0,NULL,4,3,0,1,0,0,1,NULL,-1,1,0,1,50
2.021E+11,3,3,2021,15:10:00,1,87,87085,2,1,1,3,LECLERC (AVENUE DU GENERAL),"458,484,100,000","12,621,500,000",2.021E+11,114 056,A01,2,1,0,2,8,19,5,NULL,2.021E+11,151 182,114 057,B01,1,1,1,2,1997,1,1,0,-1,-1,-1,-1,2.021E+11,4,LECLERC (AVENUE DU GENERAL),0,NULL,4,3,0,1,0,0,1,NULL,-1,1,0,1,50
2.021E+11,7,2,2021,13:45:00,1,94,94076,2,2,2,3,PAUL VAILLANT COUTURIER (AV),"487,945,200,000","23,582,720,000",2.021E+11,108 682,B01,2,1,0,2,1,1,5,NULL,2.021E+11,144 257,108 682,B01,1,1,4,1,1997,0,2,0,-1,-1,-1,-1,2.021E+11,3,PAUL VAILLANT COUTURIER (AV),0,NULL,2,2,2,1,1,0,1,NULL,-1,2,0,1,50
2.021E+11,7,2,2021,13:45:00,1,94,94076,2,2,2,3,PAUL VAILLANT COUTURIER (AV),"487,945,200,000","23,582,720,000",2.021E+11,108 682,B01,2,1,0,2,1,1,5,NULL,2.021E+11,144 258,108 683,A01,1,1,1,2,1969,0,1,0,-1,-1,-1,-1,2.021E+11,3,PAUL VAILLANT COUTURIER (AV),0,NULL,2,2,2,1,1,0,1,NULL,-1,2,0,1,50
2.021E+11,3,2,2021,17:26:00,1,51,51454,2,1,2,7,Rue de Vesle,"492,531,166,285","40,278,436,128",2.021E+11,107 583,A01,2,1,0,0,0,26,5,NULL,2.021E+11,142 824,107 583,A01,1,1,4,1,1990,1,8,-1,-1,-1,-1,-1,2.021E+11,4,VESLE (RUE),0,NULL,2,2,0,1,-1,-1,1,NULL,-1,2,9,1,30
2.021E+11,1,2,2021,12:10:00,1,75,75111,2,3,1,3,AVENUE PARMENTIER,"488,606,600,000","23,783,450,000",2.021E+11,107 135,B01,2,1,0,2,1,1,5,NULL,2.021E+11,142 255,107 134,A01,1,1,1,1,1949,3,1,0,-1,0,0,-1,2.021E+11,4,AVENUE PARMENTIER,0,NULL,2,2,0,1,-1,-1,1,NULL,-1,1,0,1,50
2.021E+11,1,2,2021,12:10:00,1,75,75111,2,3,1,3,AVENUE PARMENTIER,"488,606,600,000","23,783,450,000",2.021E+11,107 135,B01,2,1,0,2,1,1,5,NULL,2.021E+11,142 256,107 135,B01,1,1,4,2,2000,3,8,0,-1,0,0,-1,2.021E+11,4,AVENUE PARMENTIER,0,NULL,2,2,0,1,-1,-1,1,NULL,-1,1,0,1,50
2.021E+11,25,10,2021,10:45:00,1,38,38140,2,1,7,3,103 Avenue Joliot Curie,"452,839,660,000","58,827,830,000",2.021E+11,182 103,B01,2,1,0,2,1,9,5,NULL,2.021E+11,241 174,182 102,A01,1,1,1,2,1993,4,1,-1,-1,0,0,-1,2.021E+11,3,D1090,0,D,-1,2,0,1,16,10,1,NULL,-1,1,0,1,50
2.021E+11,25,10,2021,10:45:00,1,38,38140,2,1,7,3,103 Avenue Joliot Curie,"452,839,660,000","58,827,830,000",2.021E+11,182 103,B01,2,1,0,2,1,9,5,NULL,2.021E+11,241 175,182 103,B01,1,1,4,1,1967,5,2,-1,-1,0,0,-1,2.021E+11,3,D1090,0,D,-1,2,0,1,16,10,1,NULL,-1,1,0,1,50
2.021E+11,18,10,2021,20:40:00,5,75,75119,2,2,3,3,RUE D AUBERVILLIERS,"488,952,710,000","23,719,270,000",2.021E+11,179 405,A01,2,1,0,2,8,1,5,NULL,2.021E+11,237 640,179 405,A01,1,1,4,1,1988,5,2,0,-1,0,0,-1,2.021E+11,4,RUE D AUBERVILLIERS,0,NULL,2,2,1,1,-1,-1,3,NULL,-1,2,0,5,30
2.021E+11,18,10,2021,20:40:00,5,75,75119,2,2,3,3,RUE D AUBERVILLIERS,"488,952,710,000","23,719,270,000",2.021E+11,179 405,A01,2,1,0,2,8,1,5,NULL,2.021E+11,237 641,179 406,B01,1,1,1,1,1972,5,1,0,-1,0,0,-1,2.021E+11,4,RUE D AUBERVILLIERS,0,NULL,2,2,1,1,-1,-1,3,NULL,-1,2,0,5,30
2.021E+11,27,9,2021,17:00:00,1,78,78551,1,3,1,1,route forestière des pavillons,"489,630,670,000","21,145,540,000",2.021E+11,172 210,B01,3,1,0,2,8,0,5,NULL,2.021E+11,228 342,172 210,B01,1,1,4,2,1945,0,0,-1,-1,0,0,-1,2.021E+11,4,route forestière des pavillons,0,NULL,2,2,0,1,-1,-1,1,NULL,-1,2,0,1,50
2.021E+11,27,9,2021,17:00:00,1,78,78551,1,3,1,1,route forestière des pavillons,"489,630,670,000","21,145,540,000",2.021E+11,172 210,B01,3,1,0,2,8,0,5,NULL,2.021E+11,228 343,172 211,A01,1,1,1,1,1990,0,8,0,-1,-1,-1,-1,2.021E+11,4,route forestière des pavillons,0,NULL,2,2,0,1,-1,-1,1,NULL,-1,2,0,1,50
2.021E+11,22,9,2021,12:38:00,1,49,49007,2,1,1,3,POISSONNERIE,"474,723,678,952"," -0,5570687272",2.021E+11,171 394,B01,1,1,0,2,3,15,5,NULL,2.021E+11,227 221,171 394,B01,1,1,4,2,1975,9,8,0,-1,-1,-1,-1,2.021E+11,4,POISSONNERIE,0,NULL,1,1,0,1,1,0,1,NULL,-1,1,0,1,50
2.021E+11,22,9,2021,12:38:00,1,49,49007,2,1,1,3,POISSONNERIE,"474,723,678,952"," -0,5570687272",2.021E+11,171 394,B01,1,1,0,2,3,15,5,NULL,2.021E+11,227 222,171 395,A01,1,1,1,1,2000,9,8,0,-1,-1,-1,-1,2.021E+11,4,POISSONNERIE,0,NULL,1,1,0,1,1,0,1,NULL,-1,1,0,1,50
2.021E+11,22,9,2021,21:09:00,5,75,75118,2,2,1,3,BOULEVARD BARBES,"488,883,510,000","23,495,800,000",2.021E+11,170 362,B01,2,1,0,2,1,1,5,NULL,2.021E+11,225 883,170 362,B01,1,1,4,2,1990,9,2,0,-1,0,0,-1,2.021E+11,4,BOULEVARD BARBES,0,NULL,2,4,0,2,-1,-1,1,NULL,-1,1,5,1,30
2.021E+11,22,9,2021,21:09:00,5,75,75118,2,2,1,3,BOULEVARD BARBES,"488,883,510,000","23,495,800,000",2.021E+11,170 362,B01,2,1,0,2,1,1,5,NULL,2.021E+11,225 884,170 363,A01,1,1,1,1,1963,4,1,0,-1,0,0,-1,2.021E+11,4,BOULEVARD BARBES,0,NULL,2,4,0,2,-1,-1,1,NULL,-1,1,5,1,30
2.021E+11,20,9,2021,11:10:00,1,33,33522,2,3,1,3,Cours de la Libération,"447,992,470,000"," -0,5982210000",2.021E+11,169 712,A01,1,1,0,2,4,19,5,NULL,2.021E+11,225 051,169 712,A01,1,1,4,2,1998,0,8,0,-1,-1,-1,-1,2.021E+11,4,NULL,0,NULL,2,5,1,1,-1,-1,1,NULL,-1,1,5,1,50
2.021E+11,20,9,2021,11:10:00,1,33,33522,2,3,1,3,Cours de la Libération,"447,992,470,000"," -0,5982210000",2.021E+11,169 712,A01,1,1,0,2,4,19,5,NULL,2.021E+11,225 052,169 713,B01,1,1,1,1,2000,9,1,-1,-1,-1,-1,-1,2.021E+11,4,NULL,0,NULL,2,5,1,1,-1,-1,1,NULL,-1,1,5,1,50
2.021E+11,2,8,2021,11:25:00,1,49,49218,2,1,1,3,Rue de la Mairie (le Fuilet),"472,810,790,000","-11,189,520,000",2.021E+11,167 964,B01,0,1,0,2,1,1,5,NULL,2.021E+11,222 743,167 964,B01,1,1,4,1,1952,5,2,-1,-1,0,0,-1,2.021E+11,3,17,0,D,2,2,0,2,14,0,1,NULL,-1,1,0,1,50
2.021E+11,2,8,2021,11:25:00,1,49,49218,2,1,1,3,Rue de la Mairie (le Fuilet),"472,810,790,000","-11,189,520,000",2.021E+11,167 964,B01,0,1,0,2,1,1,5,NULL,2.021E+11,222 744,167 965,A01,1,1,1,1,1973,3,1,-1,-1,0,0,-1,2.021E+11,3,17,0,D,2,2,0,2,14,0,1,NULL,-1,1,0,1,50
2.021E+11,14,9,2021,08:00:00,2,94,94058,1,1,2,6,FONTENAY (BD DE),"488,487,600,000","24,936,600,000",2.021E+11,167 645,B01,1,1,1,0,2,0,0,NULL,2.021E+11,222 351,167 645,B01,1,1,4,2,1984,1,8,8,-1,-1,-1,-1,2.021E+11,3,FONTENAY (BD DE),0,NULL,1,1,0,1,1,0,1,NULL,-1,2,0,1,30
2.021E+11,14,9,2021,08:00:00,2,94,94058,1,1,2,6,FONTENAY (BD DE),"488,487,600,000","24,936,600,000",2.021E+11,167 645,B01,1,1,1,0,2,0,0,NULL,2.021E+11,222 352,167 646,A01,1,1,1,1,1975,4,8,0,-1,-1,-1,-1,2.021E+11,3,FONTENAY (BD DE),0,NULL,1,1,0,1,1,0,1,NULL,-1,2,0,1,30
2.021E+11,4,9,2021,19:00:00,2,87,87154,2,1,1,1,ZI du Pavillon,"459,041,500,000","0,9315040000",2.021E+11,167 184,A01,2,1,0,2,0,0,6,NULL,2.021E+11,221 770,167 184,A01,1,1,3,1,1937,0,2,-1,-1,0,0,-1,2.021E+11,3,941,0,D,2,2,0,1,61,600,1,NULL,-1,1,0,1,80
2.021E+11,4,9,2021,19:00:00,2,87,87154,2,1,1,1,ZI du Pavillon,"459,041,500,000","0,9315040000",2.021E+11,167 184,A01,2,1,0,2,0,0,6,NULL,2.021E+11,221 771,167 185,B01,1,1,1,1,1960,0,1,-1,-1,0,0,-1,2.021E+11,3,941,0,D,2,2,0,1,61,600,1,NULL,-1,1,0,1,80
2.021E+11,30,8,2021,13:15:00,1,75,75106,2,2,1,3,RUE DE VAUGIRARD,"488,482,380,000","23,310,400,000",2.021E+11,162 651,B01,2,1,0,2,1,1,5,NULL,2.021E+11,215 821,162 651,B01,1,1,4,2,1949,5,8,0,-1,0,0,-1,2.021E+11,4,RUE DE VAUGIRARD,0,NULL,2,2,0,1,-1,-1,1,NULL,-1,1,0,1,30
2.021E+11,30,8,2021,13:15:00,1,75,75106,2,2,1,3,RUE DE VAUGIRARD,"488,482,380,000","23,310,400,000",2.021E+11,162 651,B01,2,1,0,2,1,1,5,NULL,2.021E+11,215 822,162 652,A01,1,1,1,1,1994,5,8,0,-1,0,0,-1,2.021E+11,4,RUE DE VAUGIRARD,0,NULL,2,2,0,1,-1,-1,1,NULL,-1,1,0,1,30
2.021E+11,24,8,2021,18:40:00,1,92,92049,2,1,1,2,CHATEAUBRIAND RUE DE,"488,117,100,000","23,092,300,000",2.021E+11,160 917,B01,2,1,0,2,1,2,5,NULL,2.021E+11,213 478,160 917,B01,1,1,4,1,1990,1,2,0,-1,-1,-1,-1,2.021E+11,4,CHATEAUBRIAND RUE DE,0,NULL,1,1,0,1,0,0,1,NULL,-1,1,0,1,30
2.021E+11,24,8,2021,18:40:00,1,92,92049,2,1,1,2,CHATEAUBRIAND RUE DE,"488,117,100,000","23,092,300,000",2.021E+11,160 917,B01,2,1,0,2,1,2,5,NULL,2.021E+11,213 479,160 918,A01,1,1,1,1,1959,4,1,0,-1,-1,-1,-1,2.021E+11,4,CHATEAUBRIAND RUE DE,0,NULL,1,1,0,1,0,0,1,NULL,-1,1,0,1,30
2.021E+11,24,8,2021,11:00:00,1,48,48194,1,1,1,6,D998,"443,349,460,000","38,740,750,000",2.021E+11,160 760,A01,1,1,6,0,1,2,5,NULL,2.021E+11,213 263,160 760,A01,1,1,3,1,1956,5,2,6,-1,0,0,-1,2.021E+11,3,998,0,NULL,2,2,0,2,61,750,3,NULL,-1,1,2,1,90
2.021E+11,29,7,2021,07:40:00,1,67,67447,2,1,1,3,BISCHWILLER (ROUTE DE),"486,078,860,000","77,498,720,000",2.021E+11,154 435,B01,1,1,0,2,1,1,5,NULL,2.021E+11,204 433,154 434,A01,1,1,1,1,1971,0,1,8,-1,-1,-1,-1,2.021E+11,7,BISCHWILLER (ROUTE DE),0,NULL,2,2,0,1,-1,-1,1,NULL,-1,1,0,1,50
2.021E+11,29,7,2021,07:40:00,1,67,67447,2,1,1,3,BISCHWILLER (ROUTE DE),"486,078,860,000","77,498,720,000",2.021E+11,154 435,B01,1,1,0,2,1,1,5,NULL,2.021E+11,204 434,154 435,B01,1,1,4,1,1984,0,8,0,-1,-1,-1,-1,2.021E+11,7,BISCHWILLER (ROUTE DE),0,NULL,2,2,0,1,-1,-1,1,NULL,-1,1,0,1,50
2.021E+11,28,7,2021,18:15:00,1,69,69386,2,1,1,1,CHARLES DE GAULLE (Q),"457,781,200,000","48,442,500,000",2.021E+11,154 135,A01,2,1,0,2,1,2,5,NULL,2.021E+11,204 032,154 134,B01,1,1,4,1,1993,5,8,0,-1,-1,-1,-1,2.021E+11,9,NULL,0,NULL,2,0,3,1,-1,-1,3,NULL,-1,1,2,6,50
2.021E+11,28,7,2021,18:15:00,1,69,69386,2,1,1,1,CHARLES DE GAULLE (Q),"457,781,200,000","48,442,500,000",2.021E+11,154 134,B01,1,1,0,2,1,2,5,NULL,2.021E+11,204 032,154 134,B01,1,1,4,1,1993,5,8,0,-1,-1,-1,-1,2.021E+11,9,NULL,0,NULL,2,0,3,1,-1,-1,3,NULL,-1,1,2,6,50
2.021E+11,28,7,2021,18:15:00,1,69,69386,2,1,1,1,CHARLES DE GAULLE (Q),"457,781,200,000","48,442,500,000",2.021E+11,154 135,A01,2,1,0,2,1,2,5,NULL,2.021E+11,204 033,154 135,A01,1,1,4,1,1980,0,8,0,-1,-1,-1,-1,2.021E+11,9,NULL,0,NULL,2,0,3,1,-1,-1,3,NULL,-1,1,2,6,50
2.021E+11,28,7,2021,18:15:00,1,69,69386,2,1,1,1,CHARLES DE GAULLE (Q),"457,781,200,000","48,442,500,000",2.021E+11,154 134,B01,1,1,0,2,1,2,5,NULL,2.021E+11,204 033,154 135,A01,1,1,4,1,1980,0,8,0,-1,-1,-1,-1,2.021E+11,9,NULL,0,NULL,2,0,3,1,-1,-1,3,NULL,-1,1,2,6,50