Num_Acc,jour,mois,an,hrmn,lum,dep,com,agg,int,atm,col,adr,lat,long,Num_Acc,id_vehicule,num_veh,senc,catv,obs,obsm,choc,manv,motor,occutc,Num_Acc,id_usager,id_vehicule,num_veh,place,catu,grav,sexe,an_nais,trajet,secu1,secu2,secu3,locp,actp,etatp,Num_Acc,catr,voie,v1,v2,circ,nbv,vosp,prof,pr,pr1,plan,lartpc,larrout,surf,infra,situ,vma
2.021E+11,29,7,2021,16:20:00,1,58,58202,1,2,1,6,D985,"470,746,120,000","37,089,800,000",2.021E+11,153 950,B01,2,1,0,2,8,19,5,NULL,2.021E+11,203 774,153 949,A01,1,1,4,2,1999,5,8,-1,-1,0,0,-1,2.021E+11,3,985,0,D,2,2,0,1,45,250,1,NULL,-1,1,0,1,80
2.021E+11,29,7,2021,16:20:00,1,58,58202,1,2,1,6,D985,"470,746,120,000","37,089,800,000",2.021E+11,153 950,B01,2,1,0,2,8,19,5,NULL,2.021E+11,203 775,153 949,A01,2,2,1,1,1992,5,8,-1,-1,0,0,-1,2.021E+11,3,985,0,D,2,2,0,1,45,250,1,NULL,-1,1,0,1,80
2.021E+11,29,7,2021,16:20:00,1,58,58202,1,2,1,6,D985,"470,746,120,000","37,089,800,000",2.021E+11,153 950,B01,2,1,0,2,8,19,5,NULL,2.021E+11,203 776,153 949,A01,7,2,1,1,2020,5,3,-1,-1,0,0,-1,2.021E+11,3,985,0,D,2,2,0,1,45,250,1,NULL,-1,1,0,1,80
2.021E+11,29,7,2021,16:20:00,1,58,58202,1,2,1,6,D985,"470,746,120,000","37,089,800,000",2.021E+11,153 950,B01,2,1,0,2,8,19,5,NULL,2.021E+11,203 777,153 949,A01,9,2,1,1,2018,5,3,-1,-1,0,0,-1,2.021E+11,3,985,0,D,2,2,0,1,45,250,1,NULL,-1,1,0,1,80
2.021E+11,29,7,2021,16:20:00,1,58,58202,1,2,1,6,D985,"470,746,120,000","37,089,800,000",2.021E+11,153 950,B01,2,1,0,2,8,19,5,NULL,2.021E+11,203 778,153 950,B01,1,1,3,1,2006,5,2,9,-1,0,0,-1,2.021E+11,3,985,0,D,2,2,0,1,45,250,1,NULL,-1,1,0,1,80
2.021E+11,23,7,2021,07:20:00,2,26,26235,2,6,1,2,Route nationale 7,"443,685,170,000","46,941,660,000",2.021E+11,152 288,B01,2,1,0,0,5,26,5,NULL,2.021E+11,201 462,152 287,A01,1,1,1,1,1960,1,1,-1,-1,0,0,-1,2.021E+11,2,7,-1,NULL,2,3,0,1,113,450,1,NULL,-1,1,5,1,50
2.021E+11,23,7,2021,07:20:00,2,26,26235,2,6,1,2,Route nationale 7,"443,685,170,000","46,941,660,000",2.021E+11,152 288,B01,2,1,0,0,5,26,5,NULL,2.021E+11,201 463,152 288,B01,1,1,3,1,1992,1,2,-1,-1,0,0,-1,2.021E+11,2,7,-1,NULL,2,3,0,1,113,450,1,NULL,-1,1,5,1,50
2.021E+11,15,7,2021,15:50:00,1,35,35238,2,9,1,6,LIBERTE (BD DE LA),"481,073,900,000","-16,803,000,000",2.021E+11,150 190,A01,1,1,0,1,1,1,5,NULL,2.021E+11,198 576,150 190,A01,10,3,4,2,1957,0,0,-1,-1,4,3,2,2.021E+11,4,LIBERTE (BD DE LA),0,NULL,3,1,2,1,-1,-1,1,NULL,"3,5",1,0,8,50
2.021E+11,15,7,2021,15:50:00,1,35,35238,2,9,1,6,LIBERTE (BD DE LA),"481,073,900,000","-16,803,000,000",2.021E+11,150 190,A01,1,1,0,1,1,1,5,NULL,2.021E+11,198 577,150 190,A01,1,1,1,2,1989,5,8,-1,-1,-1,-1,-1,2.021E+11,4,LIBERTE (BD DE LA),0,NULL,3,1,2,1,-1,-1,1,NULL,"3,5",1,0,8,50
2.021E+11,30,6,2021,08:45:00,1,37,37233,2,1,1,6,LANGEVIN (BOULEVARD PAUL),"473,907,150,425","0,7284316421",2.021E+11,145 342,A01,3,1,0,2,1,15,5,NULL,2.021E+11,191 981,145 341,B01,1,1,1,1,1964,5,1,0,-1,-1,-1,-1,2.021E+11,4,LANGEVIN (BOULEVARD PAUL),0,NULL,2,2,0,1,-1,-1,1,NULL,-1,1,0,1,50
2.021E+11,30,6,2021,08:45:00,1,37,37233,2,1,1,6,LANGEVIN (BOULEVARD PAUL),"473,907,150,425","0,7284316421",2.021E+11,145 342,A01,3,1,0,2,1,15,5,NULL,2.021E+11,191 982,145 342,A01,1,1,4,1,2004,1,2,8,-1,-1,-1,-1,2.021E+11,4,LANGEVIN (BOULEVARD PAUL),0,NULL,2,2,0,1,-1,-1,1,NULL,-1,1,0,1,50
2.021E+11,23,6,2021,17:15:00,1,67,67482,2,8,8,3,GENERAL DE GAULLE (AVENUE DU),"485,773,650,000","77,692,260,000",2.021E+11,143 731,A01,1,1,2,4,1,19,5,NULL,2.021E+11,189 795,143 731,A01,1,1,4,2,1997,0,8,0,-1,-1,-1,-1,2.021E+11,4,GENERAL DE GAULLE (AVENUE DU),0,NULL,2,6,1,1,0,0,1,NULL,-1,1,4,6,50
2.021E+11,23,6,2021,17:15:00,1,67,67482,2,8,8,3,GENERAL DE GAULLE (AVENUE DU),"485,773,650,000","77,692,260,000",2.021E+11,143 731,A01,1,1,2,4,1,19,5,NULL,2.021E+11,189 796,143 732,B01,1,1,1,1,1975,4,1,8,-1,-1,-1,-1,2.021E+11,4,GENERAL DE GAULLE (AVENUE DU),0,NULL,2,6,1,1,0,0,1,NULL,-1,1,4,6,50
2.021E+11,9,6,2021,13:30:00,1,44,44109,2,1,1,3,BOULEVARD MARTIN LUTHER KING,"472,595,400,000","-15,573,600,000",2.021E+11,138 674,B01,1,1,0,2,8,1,5,NULL,2.021E+11,183 176,138 674,B01,1,1,3,2,1971,0,8,4,-1,-1,-1,-1,2.021E+11,4,BOULEVARD MARTIN LUTHER KING,0,NULL,3,2,3,1,-1,-1,1,NULL,-1,1,0,1,50
2.021E+11,9,6,2021,13:30:00,1,44,44109,2,1,1,3,BOULEVARD MARTIN LUTHER KING,"472,595,400,000","-15,573,600,000",2.021E+11,138 674,B01,1,1,0,2,8,1,5,NULL,2.021E+11,183 177,138 675,A01,1,1,1,2,2000,0,1,0,-1,-1,-1,-1,2.021E+11,4,BOULEVARD MARTIN LUTHER KING,0,NULL,3,2,3,1,-1,-1,1,NULL,-1,1,0,1,50
2.021E+11,10,6,2021,16:11:00,1,2,2820,1,2,7,3,intersection D1 / D429,"496,246,540,000","32,713,080,000",2.021E+11,138 069,A01,1,1,0,2,1,1,5,NULL,2.021E+11,182 407,138 069,A01,1,1,3,1,1952,5,0,-1,-1,0,0,-1,2.021E+11,3,1,0,NULL,2,2,0,1,23,440,1,NULL,-1,1,0,1,80
2.021E+11,10,6,2021,16:11:00,1,2,2820,1,2,7,3,intersection D1 / D429,"496,246,540,000","32,713,080,000",2.021E+11,138 069,A01,1,1,0,2,1,1,5,NULL,2.021E+11,182 408,138 070,B01,1,1,1,2,1970,4,1,-1,-1,0,0,-1,2.021E+11,3,1,0,NULL,2,2,0,1,23,440,1,NULL,-1,1,0,1,80
2.021E+11,8,6,2021,10:00:00,1,33,33063,2,1,1,3,Rue Turenne,"448,487,300,000"," -0,5926500000",2.021E+11,137 866,B01,1,1,1,0,1,2,6,NULL,2.021E+11,182 145,137 865,A01,1,1,1,2,1941,0,8,-1,-1,-1,-1,-1,2.021E+11,4,TURENNE (RUE ),0,NULL,1,1,2,1,-1,-1,1,NULL,-1,1,0,5,30
2.021E+11,8,6,2021,10:00:00,1,33,33063,2,1,1,3,Rue Turenne,"448,487,300,000"," -0,5926500000",2.021E+11,137 866,B01,1,1,1,0,1,2,6,NULL,2.021E+11,182 146,137 866,B01,1,1,4,2,1979,1,2,-1,-1,-1,-1,-1,2.021E+11,4,TURENNE (RUE ),0,NULL,1,1,2,1,-1,-1,1,NULL,-1,1,0,5,30
2.021E+11,31,5,2021,18:00:00,1,94,94068,2,1,1,3,Rue du Pont de Créteil,"488,094,500,000","24,709,900,000",2.021E+11,135 461,B01,1,1,0,2,8,2,5,NULL,2.021E+11,179 045,135 460,A01,1,1,1,2,1947,1,1,0,-1,-1,-1,-1,2.021E+11,3,R DU PONT DE CRETEIL ,0,NULL,1,2,0,1,1,0,1,NULL,-1,1,0,1,30
2.021E+11,31,5,2021,18:00:00,1,94,94068,2,1,1,3,Rue du Pont de Créteil,"488,094,500,000","24,709,900,000",2.021E+11,135 461,B01,1,1,0,2,8,2,5,NULL,2.021E+11,179 046,135 461,B01,1,1,4,2,1972,1,2,0,-1,-1,-1,-1,2.021E+11,3,R DU PONT DE CRETEIL ,0,NULL,1,2,0,1,1,0,1,NULL,-1,1,0,1,30
2.021E+11,29,5,2021,17:45:00,1,75,75110,2,7,1,5,PLACE JACQUES BONSERGENT,"488,712,770,000","23,605,500,000",2.021E+11,134 420,B01,0,1,0,2,0,23,5,NULL,2.021E+11,177 664,134 417,C01,1,1,4,2,1964,1,2,0,-1,0,0,-1,2.021E+11,4,PLACE JACQUES BONSERGENT,0,NULL,1,2,1,1,-1,-1,1,NULL,-1,1,0,4,50
2.021E+11,29,5,2021,17:45:00,1,75,75110,2,7,1,5,PLACE JACQUES BONSERGENT,"488,712,770,000","23,605,500,000",2.021E+11,134 418,D01,0,1,0,2,0,23,5,NULL,2.021E+11,177 664,134 417,C01,1,1,4,2,1964,1,2,0,-1,0,0,-1,2.021E+11,4,PLACE JACQUES BONSERGENT,0,NULL,1,2,1,1,-1,-1,1,NULL,-1,1,0,4,50
2.021E+11,29,5,2021,17:45:00,1,75,75110,2,7,1,5,PLACE JACQUES BONSERGENT,"488,712,770,000","23,605,500,000",2.021E+11,134 417,C01,0,1,0,2,0,23,5,NULL,2.021E+11,177 664,134 417,C01,1,1,4,2,1964,1,2,0,-1,0,0,-1,2.021E+11,4,PLACE JACQUES BONSERGENT,0,NULL,1,2,1,1,-1,-1,1,NULL,-1,1,0,4,50
2.021E+11,29,5,2021,17:45:00,1,75,75110,2,7,1,5,PLACE JACQUES BONSERGENT,"488,712,770,000","23,605,500,000",2.021E+11,134 420,B01,0,1,0,2,0,23,5,NULL,2.021E+11,177 665,134 418,D01,1,1,4,2,1966,1,2,0,-1,0,0,-1,2.021E+11,4,PLACE JACQUES BONSERGENT,0,NULL,1,2,1,1,-1,-1,1,NULL,-1,1,0,4,50
2.021E+11,29,5,2021,17:45:00,1,75,75110,2,7,1,5,PLACE JACQUES BONSERGENT,"488,712,770,000","23,605,500,000",2.021E+11,134 418,D01,0,1,0,2,0,23,5,NULL,2.021E+11,177 665,134 418,D01,1,1,4,2,1966,1,2,0,-1,0,0,-1,2.021E+11,4,PLACE JACQUES BONSERGENT,0,NULL,1,2,1,1,-1,-1,1,NULL,-1,1,0,4,50
2.021E+11,29,5,2021,17:45:00,1,75,75110,2,7,1,5,PLACE JACQUES BONSERGENT,"488,712,770,000","23,605,500,000",2.021E+11,134 417,C01,0,1,0,2,0,23,5,NULL,2.021E+11,177 665,134 418,D01,1,1,4,2,1966,1,2,0,-1,0,0,-1,2.021E+11,4,PLACE JACQUES BONSERGENT,0,NULL,1,2,1,1,-1,-1,1,NULL,-1,1,0,4,50
2.021E+11,29,5,2021,17:45:00,1,75,75110,2,7,1,5,PLACE JACQUES BONSERGENT,"488,712,770,000","23,605,500,000",2.021E+11,134 420,B01,0,1,0,2,0,23,5,NULL,2.021E+11,177 666,134 419,A01,1,1,1,1,1975,1,2,6,-1,0,0,-1,2.021E+11,4,PLACE JACQUES BONSERGENT,0,NULL,1,2,1,1,-1,-1,1,NULL,-1,1,0,4,50
2.021E+11,29,5,2021,17:45:00,1,75,75110,2,7,1,5,PLACE JACQUES BONSERGENT,"488,712,770,000","23,605,500,000",2.021E+11,134 418,D01,0,1,0,2,0,23,5,NULL,2.021E+11,177 666,134 419,A01,1,1,1,1,1975,1,2,6,-1,0,0,-1,2.021E+11,4,PLACE JACQUES BONSERGENT,0,NULL,1,2,1,1,-1,-1,1,NULL,-1,1,0,4,50
2.021E+11,29,5,2021,17:45:00,1,75,75110,2,7,1,5,PLACE JACQUES BONSERGENT,"488,712,770,000","23,605,500,000",2.021E+11,134 417,C01,0,1,0,2,0,23,5,NULL,2.021E+11,177 666,134 419,A01,1,1,1,1,1975,1,2,6,-1,0,0,-1,2.021E+11,4,PLACE JACQUES BONSERGENT,0,NULL,1,2,1,1,-1,-1,1,NULL,-1,1,0,4,50
2.021E+11,29,5,2021,17:45:00,1,75,75110,2,7,1,5,PLACE JACQUES BONSERGENT,"488,712,770,000","23,605,500,000",2.021E+11,134 420,B01,0,1,0,2,0,23,5,NULL,2.021E+11,177 667,134 420,B01,1,1,4,2,1960,1,2,0,-1,0,0,-1,2.021E+11,4,PLACE JACQUES BONSERGENT,0,NULL,1,2,1,1,-1,-1,1,NULL,-1,1,0,4,50
2.021E+11,29,5,2021,17:45:00,1,75,75110,2,7,1,5,PLACE JACQUES BONSERGENT,"488,712,770,000","23,605,500,000",2.021E+11,134 418,D01,0,1,0,2,0,23,5,NULL,2.021E+11,177 667,134 420,B01,1,1,4,2,1960,1,2,0,-1,0,0,-1,2.021E+11,4,PLACE JACQUES BONSERGENT,0,NULL,1,2,1,1,-1,-1,1,NULL,-1,1,0,4,50
2.021E+11,29,5,2021,17:45:00,1,75,75110,2,7,1,5,PLACE JACQUES BONSERGENT,"488,712,770,000","23,605,500,000",2.021E+11,134 417,C01,0,1,0,2,0,23,5,NULL,2.021E+11,177 667,134 420,B01,1,1,4,2,1960,1,2,0,-1,0,0,-1,2.021E+11,4,PLACE JACQUES BONSERGENT,0,NULL,1,2,1,1,-1,-1,1,NULL,-1,1,0,4,50
2.021E+11,10,5,2021,09:30:00,1,84,84148,1,1,6,7,departementale 1,"440,768,110,000","52,630,520,000",2.021E+11,130 983,A01,1,1,5,0,2,1,5,NULL,2.021E+11,173 176,130 983,A01,1,1,2,2,1964,5,0,-1,-1,0,0,-1,2.021E+11,3,1,-1,NULL,2,2,0,2,23,100,2,NULL,-1,1,0,1,80
2.021E+11,3,5,2021,08:45:00,1,69,69386,2,1,1,7,LAFAYETTE (CR),"457,637,308,357","48,651,060,462",2.021E+11,127 432,A01,1,1,12,0,1,16,5,NULL,2.021E+11,168 479,127 432,A01,1,1,3,1,1950,5,8,0,-1,-1,-1,-1,2.021E+11,4,NULL,0,NULL,3,4,3,1,-1,-1,1,NULL,-1,1,0,6,50
2.021E+11,26,3,2021,18:15:00,2,81,81099,2,1,2,2,Avenue Marechal Juin,"439,049,450,000","18,942,720,000",2.021E+11,126 582,A01,1,1,0,2,1,1,5,NULL,2.021E+11,167 349,126 582,A01,1,1,4,1,2007,5,2,-1,-1,0,0,-1,2.021E+11,3,NULL,0,NULL,2,2,0,1,14,949,1,NULL,-1,2,0,1,50
2.021E+11,26,3,2021,18:15:00,2,81,81099,2,1,2,2,Avenue Marechal Juin,"439,049,450,000","18,942,720,000",2.021E+11,126 582,A01,1,1,0,2,1,1,5,NULL,2.021E+11,167 350,126 583,B01,1,1,1,1,1984,1,1,-1,-1,0,0,-1,2.021E+11,3,NULL,0,NULL,2,2,0,1,14,949,1,NULL,-1,2,0,1,50
2.021E+11,27,4,2021,09:00:00,1,75,75103,2,2,1,3,RUE REAUMUR,"488,654,590,000","23,561,230,000",2.021E+11,126 163,B01,2,1,0,2,7,19,5,NULL,2.021E+11,166 833,126 163,B01,1,1,4,2,1987,9,2,0,-1,0,0,-1,2.021E+11,4,RUE REAUMUR,0,NULL,1,2,0,1,-1,-1,1,NULL,-1,1,0,1,50
2.021E+11,27,4,2021,09:00:00,1,75,75103,2,2,1,3,RUE REAUMUR,"488,654,590,000","23,561,230,000",2.021E+11,126 163,B01,2,1,0,2,7,19,5,NULL,2.021E+11,166 834,126 164,A01,1,1,1,1,1990,1,2,6,-1,0,0,-1,2.021E+11,4,RUE REAUMUR,0,NULL,1,2,0,1,-1,-1,1,NULL,-1,1,0,1,50
2.021E+11,23,4,2021,20:20:00,2,67,67482,2,3,1,3,ZELLENBERG (RUE DE),"485,644,900,000","77,664,150,000",2.021E+11,125 732,B01,2,1,0,2,5,1,5,NULL,2.021E+11,166 279,125 732,B01,1,1,4,1,1994,0,8,0,-1,-1,-1,-1,2.021E+11,4,ZELLENBERG (RUE DE),0,NULL,2,2,0,1,0,0,1,NULL,-1,1,0,1,50
2.021E+11,23,4,2021,20:20:00,2,67,67482,2,3,1,3,ZELLENBERG (RUE DE),"485,644,900,000","77,664,150,000",2.021E+11,125 732,B01,2,1,0,2,5,1,5,NULL,2.021E+11,166 280,125 733,A01,1,1,1,1,2002,4,2,8,-1,-1,-1,-1,2.021E+11,4,ZELLENBERG (RUE DE),0,NULL,2,2,0,1,0,0,1,NULL,-1,1,0,1,50
2.021E+11,30,3,2021,17:15:00,1,67,67482,2,8,1,3,COLMAR (AVENUE DE),"485,628,080,000","77,525,740,000",2.021E+11,119 987,B01,2,1,0,2,6,19,5,NULL,2.021E+11,158 803,119 987,B01,1,1,4,1,1973,1,8,0,-1,-1,-1,-1,2.021E+11,4,COLMAR (AVENUE DE),0,NULL,3,4,3,1,0,0,3,NULL,-1,1,4,1,50
2.021E+11,30,3,2021,17:15:00,1,67,67482,2,8,1,3,COLMAR (AVENUE DE),"485,628,080,000","77,525,740,000",2.021E+11,119 987,B01,2,1,0,2,6,19,5,NULL,2.021E+11,158 804,119 988,A01,1,1,1,1,1971,9,1,8,-1,-1,-1,-1,2.021E+11,4,COLMAR (AVENUE DE),0,NULL,3,4,3,1,0,0,3,NULL,-1,1,4,1,50
2.021E+11,14,3,2021,17:50:00,2,75,75110,2,4,1,3,BOULEVARD DE MAGENTA,"488,794,840,000","23,531,970,000",2.021E+11,115 874,Z01,1,1,0,2,0,13,5,NULL,2.021E+11,153 539,115 874,Z01,1,1,1,-1,NULL,-1,-1,-1,-1,-1,-1,-1,2.021E+11,4,BOULEVARD DE MAGENTA,0,NULL,1,5,1,1,-1,-1,1,NULL,-1,1,-1,5,30
2.021E+11,14,3,2021,17:50:00,2,75,75110,2,4,1,3,BOULEVARD DE MAGENTA,"488,794,840,000","23,531,970,000",2.021E+11,115 874,Z01,1,1,0,2,0,13,5,NULL,2.021E+11,153 540,115 875,A01,1,1,4,1,1973,9,2,0,-1,0,0,-1,2.021E+11,4,BOULEVARD DE MAGENTA,0,NULL,1,5,1,1,-1,-1,1,NULL,-1,1,-1,5,30
2.021E+11,3,3,2021,14:20:00,1,75,75101,2,2,1,7,RUE RAMBUTEAU,"488,621,690,000","23,493,740,000",2.021E+11,113 916,A01,1,1,0,0,0,1,5,NULL,2.021E+11,151 010,113 916,A01,1,1,4,1,1996,5,8,0,-1,0,0,-1,2.021E+11,4,RUE RAMBUTEAU,0,NULL,-1,1,3,1,-1,-1,1,NULL,-1,1,6,1,20
2.021E+11,23,2,2021,15:10:00,1,44,44211,1,2,1,3,Rue Saint-Molf,"473,765,000,000","-24,597,790,000",2.021E+11,111 402,B01,1,1,0,2,1,1,0,NULL,2.021E+11,147 790,111 402,B01,1,1,3,1,1951,5,2,6,-1,0,0,-1,2.021E+11,3,252,-1,D,2,2,0,1,2,553,1,NULL,-1,1,5,1,80
2.021E+11,23,2,2021,15:10:00,1,44,44211,1,2,1,3,Rue Saint-Molf,"473,765,000,000","-24,597,790,000",2.021E+11,111 402,B01,1,1,0,2,1,1,0,NULL,2.021E+11,147 791,111 403,A01,1,1,1,2,1946,5,1,-1,-1,0,0,-1,2.021E+11,3,252,-1,D,2,2,0,1,2,553,1,NULL,-1,1,5,1,80
2.021E+11,19,10,2021,16:45:00,1,75,75113,2,3,1,3,BOULEVARD ARAGO,"488,365,670,000","23,511,750,000",2.021E+11,179 824,A01,1,1,0,2,8,13,5,NULL,2.021E+11,238 172,179 823,B01,1,1,1,1,1964,4,1,0,-1,0,0,-1,2.021E+11,4,BOULEVARD ARAGO,0,NULL,1,3,3,2,-1,-1,3,NULL,-1,1,0,6,30
2.021E+11,19,10,2021,16:45:00,1,75,75113,2,3,1,3,BOULEVARD ARAGO,"488,365,670,000","23,511,750,000",2.021E+11,179 824,A01,1,1,0,2,8,13,5,NULL,2.021E+11,238 173,179 824,A01,1,1,4,2,1941,5,2,0,-1,0,0,-1,2.021E+11,4,BOULEVARD ARAGO,0,NULL,1,3,3,2,-1,-1,3,NULL,-1,1,0,6,30
2.021E+11,17,10,2021,12:55:00,1,75,75107,2,3,1,1,QUAI D ORSAY,"488,628,760,000","23,151,900,000",2.021E+11,179 044,A01,1,1,0,2,1,17,5,NULL,2.021E+11,237 162,179 043,B01,1,1,4,2,1979,5,2,0,-1,0,0,-1,2.021E+11,4,QUAI D ORSAY,0,NULL,2,2,1,1,-1,-1,1,NULL,-1,1,-1,5,1
2.021E+11,17,10,2021,12:55:00,1,75,75107,2,3,1,1,QUAI D ORSAY,"488,628,760,000","23,151,900,000",2.021E+11,179 043,B01,2,1,0,2,1,1,5,NULL,2.021E+11,237 162,179 043,B01,1,1,4,2,1979,5,2,0,-1,0,0,-1,2.021E+11,4,QUAI D ORSAY,0,NULL,2,2,1,1,-1,-1,1,NULL,-1,1,-1,5,1
2.021E+11,17,10,2021,12:55:00,1,75,75107,2,3,1,1,QUAI D ORSAY,"488,628,760,000","23,151,900,000",2.021E+11,179 044,A01,1,1,0,2,1,17,5,NULL,2.021E+11,237 163,179 044,A01,1,1,1,2,1995,5,8,0,-1,0,0,-1,2.021E+11,4,QUAI D ORSAY,0,NULL,2,2,1,1,-1,-1,1,NULL,-1,1,-1,5,1
2.021E+11,17,10,2021,12:55:00,1,75,75107,2,3,1,1,QUAI D ORSAY,"488,628,760,000","23,151,900,000",2.021E+11,179 043,B01,2,1,0,2,1,1,5,NULL,2.021E+11,237 163,179 044,A01,1,1,1,2,1995,5,8,0,-1,0,0,-1,2.021E+11,4,QUAI D ORSAY,0,NULL,2,2,1,1,-1,-1,1,NULL,-1,1,-1,5,1
2.021E+11,13,10,2021,12:26:00,1,49,49007,2,1,1,7,VERNE,"474,461,200,000"," -0,5621000000",2.021E+11,178 040,A01,1,1,0,0,0,19,5,NULL,2.021E+11,235 839,178 040,A01,1,1,4,1,2008,2,8,0,-1,-1,-1,-1,2.021E+11,4,VERNE,0,NULL,1,1,0,1,1,0,1,NULL,-1,1,0,1,50
2.021E+11,28,9,2021,15:18:00,1,65,65031,2,1,1,7,D929,"429,055,390,000","0,3573290000",2.021E+11,172 010,A01,2,1,0,0,0,1,5,NULL,2.021E+11,228 074,172 010,A01,1,1,2,1,1947,5,2,-1,-1,0,0,-1,2.021E+11,3,D929,0,NULL,2,2,0,2,52,200,1,NULL,-1,1,0,1,50
2.021E+11,20,9,2021,13:45:00,1,75,75113,2,3,8,6,BOULEVARD VINCENT AURIOL,"488,345,736,359","23,673,703,775",2.021E+11,169 667,A01,2,1,0,1,1,1,5,NULL,2.021E+11,224 990,169 667,A01,1,1,1,2,1996,2,2,0,-1,0,0,-1,2.021E+11,4,BOULEVARD VINCENT AURIOL,0,NULL,3,3,1,1,-1,-1,1,NULL,-1,1,0,5,30
2.021E+11,20,9,2021,13:45:00,1,75,75113,2,3,8,6,BOULEVARD VINCENT AURIOL,"488,345,736,359","23,673,703,775",2.021E+11,169 667,A01,2,1,0,1,1,1,5,NULL,2.021E+11,224 991,169 667,A01,10,3,4,2,1975,1,0,-1,-1,2,3,1,2.021E+11,4,BOULEVARD VINCENT AURIOL,0,NULL,3,3,1,1,-1,-1,1,NULL,-1,1,0,5,30
2.021E+11,7,9,2021,10:45:00,1,92,92049,2,1,1,7,ARNOUX AVENUE MAURICE AUTRES N°,"488,156,900,000","23,112,100,000",2.021E+11,165 249,A01,1,1,12,0,0,21,5,NULL,2.021E+11,219 237,165 249,A01,1,1,4,2,1965,1,8,0,-1,-1,-1,-1,2.021E+11,4,ARNOUX AVENUE MAURICE AUTRES N°,0,NULL,1,1,2,1,0,0,1,NULL,-1,1,0,1,50
2.021E+11,6,9,2021,10:13:00,1,93,93001,1,1,1,1,FRANCOIS MITTERRAND (QUAI),"489,082,827,046","23,766,517,639",2.021E+11,164 827,B01,3,1,0,2,1,1,5,NULL,2.021E+11,218 688,164 826,A01,1,1,1,1,1988,5,8,0,-1,-1,-1,-1,2.021E+11,4,FRANCOIS MITTERRAND (QUAI),0,NULL,-1,0,0,1,0,0,1,NULL,-1,1,6,8,30
2.021E+11,6,9,2021,10:13:00,1,93,93001,1,1,1,1,FRANCOIS MITTERRAND (QUAI),"489,082,827,046","23,766,517,639",2.021E+11,164 826,A01,3,1,0,2,1,1,5,NULL,2.021E+11,218 688,164 826,A01,1,1,1,1,1988,5,8,0,-1,-1,-1,-1,2.021E+11,4,FRANCOIS MITTERRAND (QUAI),0,NULL,-1,0,0,1,0,0,1,NULL,-1,1,6,8,30
2.021E+11,6,9,2021,10:13:00,1,93,93001,1,1,1,1,FRANCOIS MITTERRAND (QUAI),"489,082,827,046","23,766,517,639",2.021E+11,164 827,B01,3,1,0,2,1,1,5,NULL,2.021E+11,218 689,164 827,B01,1,1,4,2,1975,5,2,0,-1,-1,-1,-1,2.021E+11,4,FRANCOIS MITTERRAND (QUAI),0,NULL,-1,0,0,1,0,0,1,NULL,-1,1,6,8,30
2.021E+11,6,9,2021,10:13:00,1,93,93001,1,1,1,1,FRANCOIS MITTERRAND (QUAI),"489,082,827,046","23,766,517,639",2.021E+11,164 826,A01,3,1,0,2,1,1,5,NULL,2.021E+11,218 689,164 827,B01,1,1,4,2,1975,5,2,0,-1,-1,-1,-1,2.021E+11,4,FRANCOIS MITTERRAND (QUAI),0,NULL,-1,0,0,1,0,0,1,NULL,-1,1,6,8,30
2.021E+11,4,9,2021,22:10:00,5,69,69034,2,9,1,1,BOUCLE (DE LA) (MO),"457,827,600,000","48,363,900,000",2.021E+11,164 416,B01,1,1,0,2,1,15,5,NULL,2.021E+11,218 133,164 415,A01,1,1,1,1,1969,9,8,-1,-1,-1,-1,-1,2.021E+11,4,BOUCLE (DE LA)                      (MO),0,NULL,1,2,2,2,-1,-1,1,NULL,-1,1,0,5,50
2.021E+11,4,9,2021,22:10:00,5,69,69034,2,9,1,1,BOUCLE (DE LA) (MO),"457,827,600,000","48,363,900,000",2.021E+11,164 416,B01,1,1,0,2,1,15,5,NULL,2.021E+11,218 134,164 416,B01,1,1,4,1,1997,1,8,-1,-1,-1,-1,-1,2.021E+11,4,BOUCLE (DE LA)                      (MO),0,NULL,1,2,2,2,-1,-1,1,NULL,-1,1,0,5,50
2.021E+11,3,9,2021,12:45:00,1,69,69387,2,1,1,6,LECLERC (AV),"457,387,200,000","48,251,200,000",2.021E+11,164 126,A01,0,1,9,1,0,1,5,NULL,2.021E+11,217 712,164 126,A01,1,1,4,1,1978,1,8,-1,-1,-1,-1,-1,2.021E+11,9,LECLERC                             (AV),0,NULL,2,1,1,1,-1,-1,1,NULL,-1,1,0,5,20
2.021E+11,1,9,2021,14:40:00,1,72,72181,2,1,1,2,GENESLAY FELIX (AV) N° PAIRS 288 ET plus,"479,695,250,000","0,2042030000",2.021E+11,163 337,A01,3,1,0,2,1,2,5,NULL,2.021E+11,216 701,163 336,B01,1,1,1,1,1974,4,1,0,-1,-1,-1,-1,2.021E+11,4,GENESLAY FELIX (AV) N° PAIRS 288 ET plus,0,NULL,3,4,0,1,0,0,1,NULL,-1,1,0,1,50