Num_Acc,jour,mois,an,hrmn,lum,dep,com,agg,int,atm,col,adr,lat,long,Num_Acc,id_vehicule,num_veh,senc,catv,obs,obsm,choc,manv,motor,occutc,Num_Acc,id_usager,id_vehicule,num_veh,place,catu,grav,sexe,an_nais,trajet,secu1,secu2,secu3,locp,actp,etatp,Num_Acc,catr,voie,v1,v2,circ,nbv,vosp,prof,pr,pr1,plan,lartpc,larrout,surf,infra,situ,vma
2.021E+11,1,9,2021,14:40:00,1,72,72181,2,1,1,2,GENESLAY FELIX (AV) N° PAIRS 288 ET plus,"479,695,250,000","0,2042030000",2.021E+11,163 337,A01,3,1,0,2,1,2,5,NULL,2.021E+11,216 702,163 337,A01,1,1,4,1,1984,0,8,0,-1,-1,-1,-1,2.021E+11,4,GENESLAY FELIX (AV) N° PAIRS 288 ET plus,0,NULL,3,4,0,1,0,0,1,NULL,-1,1,0,1,50
2.021E+11,21,8,2021,10:00:00,1,38,38565,1,1,1,4,Chemin des Digues,"452,966,450,000","56,166,150,000",2.021E+11,159 831,A01,3,1,0,0,4,15,5,NULL,2.021E+11,211 957,159 828,D01,1,1,3,1,1947,5,2,-1,-1,0,0,-1,2.021E+11,9,NULL,0,NULL,2,2,0,1,-1,-1,1,NULL,-1,1,0,5,50
2.021E+11,21,8,2021,10:00:00,1,38,38565,1,1,1,4,Chemin des Digues,"452,966,450,000","56,166,150,000",2.021E+11,159 830,B01,3,1,0,2,1,2,5,NULL,2.021E+11,211 957,159 828,D01,1,1,3,1,1947,5,2,-1,-1,0,0,-1,2.021E+11,9,NULL,0,NULL,2,2,0,1,-1,-1,1,NULL,-1,1,0,5,50
2.021E+11,21,8,2021,10:00:00,1,38,38565,1,1,1,4,Chemin des Digues,"452,966,450,000","56,166,150,000",2.021E+11,159 829,C01,3,1,0,2,1,2,5,NULL,2.021E+11,211 957,159 828,D01,1,1,3,1,1947,5,2,-1,-1,0,0,-1,2.021E+11,9,NULL,0,NULL,2,2,0,1,-1,-1,1,NULL,-1,1,0,5,50
2.021E+11,21,8,2021,10:00:00,1,38,38565,1,1,1,4,Chemin des Digues,"452,966,450,000","56,166,150,000",2.021E+11,159 828,D01,3,1,0,2,1,2,5,NULL,2.021E+11,211 957,159 828,D01,1,1,3,1,1947,5,2,-1,-1,0,0,-1,2.021E+11,9,NULL,0,NULL,2,2,0,1,-1,-1,1,NULL,-1,1,0,5,50
2.021E+11,21,8,2021,10:00:00,1,38,38565,1,1,1,4,Chemin des Digues,"452,966,450,000","56,166,150,000",2.021E+11,159 831,A01,3,1,0,0,4,15,5,NULL,2.021E+11,211 958,159 829,C01,1,1,4,1,1973,5,2,-1,-1,0,0,-1,2.021E+11,9,NULL,0,NULL,2,2,0,1,-1,-1,1,NULL,-1,1,0,5,50
2.021E+11,21,8,2021,10:00:00,1,38,38565,1,1,1,4,Chemin des Digues,"452,966,450,000","56,166,150,000",2.021E+11,159 830,B01,3,1,0,2,1,2,5,NULL,2.021E+11,211 958,159 829,C01,1,1,4,1,1973,5,2,-1,-1,0,0,-1,2.021E+11,9,NULL,0,NULL,2,2,0,1,-1,-1,1,NULL,-1,1,0,5,50
2.021E+11,21,8,2021,10:00:00,1,38,38565,1,1,1,4,Chemin des Digues,"452,966,450,000","56,166,150,000",2.021E+11,159 829,C01,3,1,0,2,1,2,5,NULL,2.021E+11,211 958,159 829,C01,1,1,4,1,1973,5,2,-1,-1,0,0,-1,2.021E+11,9,NULL,0,NULL,2,2,0,1,-1,-1,1,NULL,-1,1,0,5,50
2.021E+11,21,8,2021,10:00:00,1,38,38565,1,1,1,4,Chemin des Digues,"452,966,450,000","56,166,150,000",2.021E+11,159 828,D01,3,1,0,2,1,2,5,NULL,2.021E+11,211 958,159 829,C01,1,1,4,1,1973,5,2,-1,-1,0,0,-1,2.021E+11,9,NULL,0,NULL,2,2,0,1,-1,-1,1,NULL,-1,1,0,5,50
2.021E+11,21,8,2021,10:00:00,1,38,38565,1,1,1,4,Chemin des Digues,"452,966,450,000","56,166,150,000",2.021E+11,159 831,A01,3,1,0,0,4,15,5,NULL,2.021E+11,211 959,159 830,B01,1,1,4,1,1960,5,2,-1,-1,0,0,-1,2.021E+11,9,NULL,0,NULL,2,2,0,1,-1,-1,1,NULL,-1,1,0,5,50
2.021E+11,21,8,2021,10:00:00,1,38,38565,1,1,1,4,Chemin des Digues,"452,966,450,000","56,166,150,000",2.021E+11,159 830,B01,3,1,0,2,1,2,5,NULL,2.021E+11,211 959,159 830,B01,1,1,4,1,1960,5,2,-1,-1,0,0,-1,2.021E+11,9,NULL,0,NULL,2,2,0,1,-1,-1,1,NULL,-1,1,0,5,50
2.021E+11,21,8,2021,10:00:00,1,38,38565,1,1,1,4,Chemin des Digues,"452,966,450,000","56,166,150,000",2.021E+11,159 829,C01,3,1,0,2,1,2,5,NULL,2.021E+11,211 959,159 830,B01,1,1,4,1,1960,5,2,-1,-1,0,0,-1,2.021E+11,9,NULL,0,NULL,2,2,0,1,-1,-1,1,NULL,-1,1,0,5,50
2.021E+11,21,8,2021,10:00:00,1,38,38565,1,1,1,4,Chemin des Digues,"452,966,450,000","56,166,150,000",2.021E+11,159 828,D01,3,1,0,2,1,2,5,NULL,2.021E+11,211 959,159 830,B01,1,1,4,1,1960,5,2,-1,-1,0,0,-1,2.021E+11,9,NULL,0,NULL,2,2,0,1,-1,-1,1,NULL,-1,1,0,5,50
2.021E+11,21,8,2021,10:00:00,1,38,38565,1,1,1,4,Chemin des Digues,"452,966,450,000","56,166,150,000",2.021E+11,159 831,A01,3,1,0,0,4,15,5,NULL,2.021E+11,211 960,159 831,A01,1,1,4,1,1968,5,2,-1,-1,0,0,-1,2.021E+11,9,NULL,0,NULL,2,2,0,1,-1,-1,1,NULL,-1,1,0,5,50
2.021E+11,21,8,2021,10:00:00,1,38,38565,1,1,1,4,Chemin des Digues,"452,966,450,000","56,166,150,000",2.021E+11,159 830,B01,3,1,0,2,1,2,5,NULL,2.021E+11,211 960,159 831,A01,1,1,4,1,1968,5,2,-1,-1,0,0,-1,2.021E+11,9,NULL,0,NULL,2,2,0,1,-1,-1,1,NULL,-1,1,0,5,50
2.021E+11,21,8,2021,10:00:00,1,38,38565,1,1,1,4,Chemin des Digues,"452,966,450,000","56,166,150,000",2.021E+11,159 829,C01,3,1,0,2,1,2,5,NULL,2.021E+11,211 960,159 831,A01,1,1,4,1,1968,5,2,-1,-1,0,0,-1,2.021E+11,9,NULL,0,NULL,2,2,0,1,-1,-1,1,NULL,-1,1,0,5,50
2.021E+11,21,8,2021,10:00:00,1,38,38565,1,1,1,4,Chemin des Digues,"452,966,450,000","56,166,150,000",2.021E+11,159 828,D01,3,1,0,2,1,2,5,NULL,2.021E+11,211 960,159 831,A01,1,1,4,1,1968,5,2,-1,-1,0,0,-1,2.021E+11,9,NULL,0,NULL,2,2,0,1,-1,-1,1,NULL,-1,1,0,5,50
2.021E+11,17,8,2021,19:24:00,2,54,54197,1,9,1,3,LUPCOURT (ROUTE DE),"486,261,800,000","62,182,800,000",2.021E+11,159 246,A01,3,1,0,2,1,1,5,NULL,2.021E+11,211 170,159 245,B01,1,1,1,1,1956,0,1,0,-1,0,0,-1,2.021E+11,7,LUPCOURT (ROUTE DE),0,NULL,4,1,0,2,-1,-1,1,NULL,-1,1,2,1,70
2.021E+11,17,8,2021,19:24:00,2,54,54197,1,9,1,3,LUPCOURT (ROUTE DE),"486,261,800,000","62,182,800,000",2.021E+11,159 246,A01,3,1,0,2,1,1,5,NULL,2.021E+11,211 171,159 245,B01,2,2,1,2,1981,0,1,0,-1,0,0,-1,2.021E+11,7,LUPCOURT (ROUTE DE),0,NULL,4,1,0,2,-1,-1,1,NULL,-1,1,2,1,70
2.021E+11,17,8,2021,19:24:00,2,54,54197,1,9,1,3,LUPCOURT (ROUTE DE),"486,261,800,000","62,182,800,000",2.021E+11,159 246,A01,3,1,0,2,1,1,5,NULL,2.021E+11,211 172,159 245,B01,3,2,1,1,1951,0,1,0,-1,0,0,-1,2.021E+11,7,LUPCOURT (ROUTE DE),0,NULL,4,1,0,2,-1,-1,1,NULL,-1,1,2,1,70
2.021E+11,17,8,2021,19:24:00,2,54,54197,1,9,1,3,LUPCOURT (ROUTE DE),"486,261,800,000","62,182,800,000",2.021E+11,159 246,A01,3,1,0,2,1,1,5,NULL,2.021E+11,211 173,159 245,B01,4,2,1,2,1955,0,1,0,-1,0,0,-1,2.021E+11,7,LUPCOURT (ROUTE DE),0,NULL,4,1,0,2,-1,-1,1,NULL,-1,1,2,1,70
2.021E+11,17,8,2021,19:24:00,2,54,54197,1,9,1,3,LUPCOURT (ROUTE DE),"486,261,800,000","62,182,800,000",2.021E+11,159 246,A01,3,1,0,2,1,1,5,NULL,2.021E+11,211 174,159 245,B01,5,2,1,1,2005,0,1,0,-1,0,0,-1,2.021E+11,7,LUPCOURT (ROUTE DE),0,NULL,4,1,0,2,-1,-1,1,NULL,-1,1,2,1,70
2.021E+11,17,8,2021,19:24:00,2,54,54197,1,9,1,3,LUPCOURT (ROUTE DE),"486,261,800,000","62,182,800,000",2.021E+11,159 246,A01,3,1,0,2,1,1,5,NULL,2.021E+11,211 175,159 246,A01,1,1,4,1,1984,0,2,0,-1,0,0,-1,2.021E+11,7,LUPCOURT (ROUTE DE),0,NULL,4,1,0,2,-1,-1,1,NULL,-1,1,2,1,70
2.021E+11,8,8,2021,09:10:00,1,43,43130,1,2,1,6,2 Chemin de la Levée de Blachon,"450,610,010,000","42,422,490,000",2.021E+11,156 875,A01,1,1,0,5,2,0,5,NULL,2.021E+11,207 885,156 875,A01,1,1,3,1,1956,5,2,-1,-1,0,0,-1,2.021E+11,3,500,-1,NULL,2,1,0,2,46,746,3,NULL,-1,1,0,1,80
2.021E+11,22,7,2021,17:50:00,1,5,5079,1,1,1,2,Col du Galibier (Col de montagne),"450,606,240,000","64,114,770,000",2.021E+11,152 294,A01,1,1,0,2,1,17,5,NULL,2.021E+11,201 470,152 293,B01,1,1,1,1,1991,9,1,-1,-1,0,0,-1,2.021E+11,3,902,-1,D,2,2,0,2,1,710,2,NULL,-1,1,0,1,80
2.021E+11,22,7,2021,17:50:00,1,5,5079,1,1,1,2,Col du Galibier (Col de montagne),"450,606,240,000","64,114,770,000",2.021E+11,152 294,A01,1,1,0,2,1,17,5,NULL,2.021E+11,201 471,152 294,A01,1,1,3,1,1954,5,2,-1,-1,0,0,-1,2.021E+11,3,902,-1,D,2,2,0,2,1,710,2,NULL,-1,1,0,1,80
2.021E+11,19,7,2021,16:50:00,1,69,69383,2,2,7,3,FELIX FAURE (AV),"457,529,494,602","48,534,518,480",2.021E+11,151 493,B01,1,1,0,2,8,1,5,NULL,2.021E+11,200 430,151 492,A01,1,1,1,1,2000,5,1,-1,-1,-1,-1,-1,2.021E+11,4,FELIX FAURE                         (AV),0,NULL,2,3,2,1,-1,-1,1,NULL,-1,1,0,1,50
2.021E+11,19,7,2021,16:50:00,1,69,69383,2,2,7,3,FELIX FAURE (AV),"457,529,494,602","48,534,518,480",2.021E+11,151 493,B01,1,1,0,2,8,1,5,NULL,2.021E+11,200 431,151 493,B01,1,1,4,1,1965,5,8,-1,-1,-1,-1,-1,2.021E+11,4,FELIX FAURE                         (AV),0,NULL,2,3,2,1,-1,-1,1,NULL,-1,1,0,1,50
2.021E+11,8,7,2021,00:20:00,5,75,75106,2,2,1,3,RUE DE VAUGIRARD,"488,486,990,000","23,328,020,000",2.021E+11,148 157,A01,1,1,0,2,1,18,5,NULL,2.021E+11,195 742,148 156,Z01,3,2,1,2,1991,5,8,0,-1,0,0,-1,2.021E+11,4,RUE DE VAUGIRARD,0,NULL,2,2,0,1,-1,-1,1,NULL,-1,1,0,1,50
2.021E+11,8,7,2021,00:20:00,5,75,75106,2,2,1,3,RUE DE VAUGIRARD,"488,486,990,000","23,328,020,000",2.021E+11,148 157,A01,1,1,0,2,1,18,5,NULL,2.021E+11,195 743,148 156,Z01,1,1,1,-1,NULL,-1,-1,-1,-1,-1,-1,-1,2.021E+11,4,RUE DE VAUGIRARD,0,NULL,2,2,0,1,-1,-1,1,NULL,-1,1,0,1,50
2.021E+11,8,7,2021,00:20:00,5,75,75106,2,2,1,3,RUE DE VAUGIRARD,"488,486,990,000","23,328,020,000",2.021E+11,148 157,A01,1,1,0,2,1,18,5,NULL,2.021E+11,195 744,148 157,A01,1,1,4,1,1991,9,2,0,-1,0,0,-1,2.021E+11,4,RUE DE VAUGIRARD,0,NULL,2,2,0,1,-1,-1,1,NULL,-1,1,0,1,50
2.021E+11,6,7,2021,16:44:00,1,75,75113,2,3,1,6,AVENUE DES GOBELINS,"488,343,640,000","23,535,560,000",2.021E+11,147 728,A01,2,1,0,1,1,5,5,NULL,2.021E+11,195 209,147 728,A01,10,3,4,1,1963,3,8,8,-1,4,3,1,2.021E+11,4,AVENUE DES GOBELINS,0,NULL,1,4,0,2,-1,-1,1,NULL,-1,1,0,1,50
2.021E+11,6,7,2021,16:44:00,1,75,75113,2,3,1,6,AVENUE DES GOBELINS,"488,343,640,000","23,535,560,000",2.021E+11,147 728,A01,2,1,0,1,1,5,5,NULL,2.021E+11,195 210,147 728,A01,1,1,4,1,1996,5,8,0,-1,0,0,-1,2.021E+11,4,AVENUE DES GOBELINS,0,NULL,1,4,0,2,-1,-1,1,NULL,-1,1,0,1,50
2.021E+11,21,6,2021,17:31:00,1,75,75120,2,5,1,3,AVENUE GAMBETTA,"488,716,840,000","24,043,770,000",2.021E+11,142 622,A01,2,1,0,2,8,1,5,NULL,2.021E+11,188 390,142 621,Z01,1,1,1,-1,NULL,-1,-1,-1,-1,-1,-1,-1,2.021E+11,4,AVENUE GAMBETTA,0,NULL,2,2,0,2,-1,-1,1,NULL,-1,1,0,1,30
2.021E+11,21,6,2021,17:31:00,1,75,75120,2,5,1,3,AVENUE GAMBETTA,"488,716,840,000","24,043,770,000",2.021E+11,142 622,A01,2,1,0,2,8,1,5,NULL,2.021E+11,188 391,142 622,A01,1,1,4,1,1964,5,2,0,-1,0,0,-1,2.021E+11,4,AVENUE GAMBETTA,0,NULL,2,2,0,2,-1,-1,1,NULL,-1,1,0,1,30
2.021E+11,7,6,2021,14:30:00,1,75,75118,2,2,1,2,AVENUE DE LA PORTE DE MONTMARTRE,"488,991,510,000","23,362,640,000",2.021E+11,137 439,B01,2,1,0,2,4,1,5,NULL,2.021E+11,181 617,137 438,A01,1,1,1,1,1983,4,2,6,-1,0,0,-1,2.021E+11,4,AVENUE DE LA PORTE DE MONTMARTRE,0,NULL,2,4,0,1,-1,-1,1,NULL,-1,1,0,1,50
2.021E+11,7,6,2021,14:30:00,1,75,75118,2,2,1,2,AVENUE DE LA PORTE DE MONTMARTRE,"488,991,510,000","23,362,640,000",2.021E+11,137 439,B01,2,1,0,2,4,1,5,NULL,2.021E+11,181 618,137 439,B01,1,1,4,1,1979,4,2,0,-1,0,0,-1,2.021E+11,4,AVENUE DE LA PORTE DE MONTMARTRE,0,NULL,2,4,0,1,-1,-1,1,NULL,-1,1,0,1,50
2.021E+11,4,6,2021,22:00:00,5,69,69388,2,8,2,3,CHALLEMEL LACOUR (R),"457,293,800,000","48,505,700,000",2.021E+11,136 693,B01,1,1,0,4,4,19,5,NULL,2.021E+11,180 615,136 693,B01,1,1,3,1,1957,5,0,-1,-1,-1,-1,-1,2.021E+11,4,CHALLEMEL LACOUR                    (R ),0,NULL,2,2,3,1,-1,-1,1,NULL,-1,2,4,6,50
2.021E+11,4,6,2021,22:00:00,5,69,69388,2,8,2,3,CHALLEMEL LACOUR (R),"457,293,800,000","48,505,700,000",2.021E+11,136 693,B01,1,1,0,4,4,19,5,NULL,2.021E+11,180 616,136 694,A01,1,1,1,2,1980,4,0,-1,-1,-1,-1,-1,2.021E+11,4,CHALLEMEL LACOUR                    (R ),0,NULL,2,2,3,1,-1,-1,1,NULL,-1,2,4,6,50
2.021E+11,4,6,2021,19:35:00,1,69,69383,2,1,1,3,FREDERIC MISTRAL (R),"457,572,600,000","48,763,800,000",2.021E+11,136 691,B01,2,1,0,2,1,2,0,NULL,2.021E+11,180 611,136 690,A01,1,1,1,1,1960,0,1,-1,-1,-1,-1,-1,2.021E+11,4,FREDERIC MISTRAL                    (R ),0,NULL,2,2,2,1,-1,-1,1,NULL,-1,1,0,4,50
2.021E+11,4,6,2021,19:35:00,1,69,69383,2,1,1,3,FREDERIC MISTRAL (R),"457,572,600,000","48,763,800,000",2.021E+11,136 691,B01,2,1,0,2,1,2,0,NULL,2.021E+11,180 612,136 691,B01,1,1,4,1,1990,4,2,0,-1,-1,-1,-1,2.021E+11,4,FREDERIC MISTRAL                    (R ),0,NULL,2,2,2,1,-1,-1,1,NULL,-1,1,0,4,50
2.021E+11,2,6,2021,08:48:00,1,17,17200,2,6,1,3,VENDOME   RUE DU MOULIN  DE,"461,782,000,000","-11,530,100,000",2.021E+11,135 902,B01,2,1,0,2,1,19,5,NULL,2.021E+11,179 611,135 901,A01,1,1,1,2,1995,1,1,0,-1,-1,-1,-1,2.021E+11,4,VENDOME   RUE DU MOULIN  DE,0,NULL,-1,2,1,1,-1,-1,3,NULL,-1,1,0,1,30
2.021E+11,2,6,2021,08:48:00,1,17,17200,2,6,1,3,VENDOME   RUE DU MOULIN  DE,"461,782,000,000","-11,530,100,000",2.021E+11,135 902,B01,2,1,0,2,1,19,5,NULL,2.021E+11,179 612,135 902,B01,1,1,4,1,1952,5,8,0,-1,-1,-1,-1,2.021E+11,4,VENDOME   RUE DU MOULIN  DE,0,NULL,-1,2,1,1,-1,-1,3,NULL,-1,1,0,1,30
2.021E+11,25,5,2021,12:20:00,1,35,35238,2,3,1,2,GUEHENNO (JEAN),"481,173,460,000","-16,738,190,000",2.021E+11,133 058,A01,2,1,0,2,1,18,5,NULL,2.021E+11,175 916,133 057,B01,1,1,1,1,1990,1,1,-1,-1,-1,-1,-1,2.021E+11,4,GUEHENNO (JEAN),0,NULL,2,2,0,1,-1,-1,1,NULL,-1,1,0,1,50
2.021E+11,25,5,2021,12:20:00,1,35,35238,2,3,1,2,GUEHENNO (JEAN),"481,173,460,000","-16,738,190,000",2.021E+11,133 058,A01,2,1,0,2,1,18,5,NULL,2.021E+11,175 917,133 058,A01,1,1,4,2,1991,1,2,-1,-1,-1,-1,-1,2.021E+11,4,GUEHENNO (JEAN),0,NULL,2,2,0,1,-1,-1,1,NULL,-1,1,0,1,50
2.021E+11,24,5,2021,12:20:00,1,61,61153,2,1,2,6,Rue des 3 Freres Terrier,"487,179,510,000"," -0,1243530000",2.021E+11,132 714,A01,2,1,0,1,1,0,5,NULL,2.021E+11,175 463,132 714,A01,1,1,1,1,1976,0,0,-1,-1,0,0,-1,2.021E+11,4,NULL,-1,NULL,2,2,0,1,-1,-1,1,NULL,-1,2,0,1,20
2.021E+11,24,5,2021,12:20:00,1,61,61153,2,1,2,6,Rue des 3 Freres Terrier,"487,179,510,000"," -0,1243530000",2.021E+11,132 714,A01,2,1,0,1,1,0,5,NULL,2.021E+11,175 464,132 714,A01,10,3,3,2,1949,5,0,-1,-1,2,3,1,2.021E+11,4,NULL,-1,NULL,2,2,0,1,-1,-1,1,NULL,-1,2,0,1,20
2.021E+11,22,5,2021,16:25:00,1,974,97407,2,9,1,7,MASCAREIGNES(BOULEVARD),"-209,337,100,000","553,076,100,000",2.021E+11,132 391,A01,3,1,0,0,0,19,6,NULL,2.021E+11,175 009,132 391,A01,1,1,4,1,2005,1,8,0,-1,-1,-1,-1,2.021E+11,4,MASCAREIGNES(BOULEVARD),0,NULL,-1,0,1,1,0,0,1,NULL,-1,1,9,8,10
2.021E+11,3,5,2021,16:00:00,1,94,94016,2,1,1,6,Avenue de la Division Leclerc,"487,849,800,000","23,285,300,000",2.021E+11,127 308,B01,1,1,8,2,3,1,5,NULL,2.021E+11,168 314,127 308,B01,1,1,4,2,1992,1,2,0,-1,-1,-1,-1,2.021E+11,3,DIVISION LECLERC (AV DE LA),0,NULL,2,2,1,1,1,0,1,NULL,-1,1,0,5,50
2.021E+11,3,5,2021,16:00:00,1,94,94016,2,1,1,6,Avenue de la Division Leclerc,"487,849,800,000","23,285,300,000",2.021E+11,127 308,B01,1,1,8,2,3,1,5,NULL,2.021E+11,168 315,127 309,A01,1,1,1,2,2000,5,1,0,-1,-1,-1,-1,2.021E+11,3,DIVISION LECLERC (AV DE LA),0,NULL,2,2,1,1,1,0,1,NULL,-1,1,0,5,50
2.021E+11,21,4,2021,13:55:00,1,75,75110,2,1,1,6,BOULEVARD DE MAGENTA,"488,696,270,000","23,620,340,000",2.021E+11,124 703,A01,1,1,0,1,8,1,5,NULL,2.021E+11,164 949,124 703,A01,10,3,4,2,1992,5,0,-1,-1,2,1,2,2.021E+11,4,BOULEVARD DE MAGENTA,0,NULL,2,6,2,1,-1,-1,1,NULL,-1,1,-1,5,50
2.021E+11,21,4,2021,13:55:00,1,75,75110,2,1,1,6,BOULEVARD DE MAGENTA,"488,696,270,000","23,620,340,000",2.021E+11,124 703,A01,1,1,0,1,8,1,5,NULL,2.021E+11,164 950,124 703,A01,10,3,4,1,2020,5,0,-1,-1,2,1,2,2.021E+11,4,BOULEVARD DE MAGENTA,0,NULL,2,6,2,1,-1,-1,1,NULL,-1,1,-1,5,50
2.021E+11,21,4,2021,13:55:00,1,75,75110,2,1,1,6,BOULEVARD DE MAGENTA,"488,696,270,000","23,620,340,000",2.021E+11,124 703,A01,1,1,0,1,8,1,5,NULL,2.021E+11,164 951,124 703,A01,1,1,4,1,1991,5,8,0,-1,0,0,-1,2.021E+11,4,BOULEVARD DE MAGENTA,0,NULL,2,6,2,1,-1,-1,1,NULL,-1,1,-1,5,50
2.021E+11,21,4,2021,14:00:00,1,45,45196,2,3,1,3,Rue du Gris Meunier,"478,465,979,978","17,914,614,036",2.021E+11,124 341,B01,3,1,0,2,8,15,5,NULL,2.021E+11,164 489,124 341,B01,1,1,3,1,2010,5,0,-1,-1,0,0,-1,2.021E+11,4,NULL,-1,NULL,2,2,0,1,-1,-1,1,NULL,5,1,0,1,50
2.021E+11,21,4,2021,14:00:00,1,45,45196,2,3,1,3,Rue du Gris Meunier,"478,465,979,978","17,914,614,036",2.021E+11,124 341,B01,3,1,0,2,8,15,5,NULL,2.021E+11,164 490,124 342,A01,1,1,1,2,1975,5,8,-1,-1,0,0,-1,2.021E+11,4,NULL,-1,NULL,2,2,0,1,-1,-1,1,NULL,5,1,0,1,50
2.021E+11,20,4,2021,09:00:00,1,93,93005,2,1,1,3,MAXIMILIEN ROBESPIERRE (RUE),"489,481,700,000","25,020,600,000",2.021E+11,124 146,B01,3,1,1,2,1,1,0,NULL,2.021E+11,164 244,124 145,A01,1,1,1,2,1992,9,1,8,-1,-1,-1,-1,2.021E+11,4,MAXIMILIEN ROBESPIERRE (RUE),0,NULL,1,1,0,1,0,0,1,NULL,-1,1,0,8,10
2.021E+11,20,4,2021,09:00:00,1,93,93005,2,1,1,3,MAXIMILIEN ROBESPIERRE (RUE),"489,481,700,000","25,020,600,000",2.021E+11,124 146,B01,3,1,1,2,1,1,0,NULL,2.021E+11,164 245,124 146,B01,1,1,4,1,1958,5,0,8,-1,-1,-1,-1,2.021E+11,4,MAXIMILIEN ROBESPIERRE (RUE),0,NULL,1,1,0,1,0,0,1,NULL,-1,1,0,8,10
2.021E+11,31,3,2021,08:50:00,1,67,67118,2,1,1,3,Piste cyclable du canal de la Bruche,"485,746,620,000","76,923,720,000",2.021E+11,119 765,A01,3,1,0,2,8,13,5,NULL,2.021E+11,158 516,119 764,B01,1,1,3,1,1960,1,0,-1,-1,0,0,-1,2.021E+11,9,NULL,-1,NULL,2,1,1,1,-1,-1,3,NULL,-1,1,0,1,-1
2.021E+11,31,3,2021,08:50:00,1,67,67118,2,1,1,3,Piste cyclable du canal de la Bruche,"485,746,620,000","76,923,720,000",2.021E+11,119 765,A01,3,1,0,2,8,13,5,NULL,2.021E+11,158 517,119 765,A01,1,1,1,1,1998,1,2,-1,-1,0,0,-1,2.021E+11,9,NULL,-1,NULL,2,1,1,1,-1,-1,3,NULL,-1,1,0,1,-1
2.021E+11,18,3,2021,17:30:00,1,92,92004,2,3,1,7,CHANZY ( RUE DE ),"489,098,081,991","22,726,544,738",2.021E+11,116 781,A01,1,1,0,0,0,1,5,NULL,2.021E+11,154 699,116 781,A01,1,1,4,1,1977,0,2,8,-1,-1,-1,-1,2.021E+11,3,NULL,-1,NULL,2,-1,-1,1,-1,-1,2,NULL,-1,8,0,1,-1
2.021E+11,8,3,2021,11:00:00,1,988,98818,2,1,1,2,PROMENADE ROGER LAROQUE,"-223,028,000,000","1,664,432,200,000",2.021E+11,115 562,A01,1,1,0,2,1,2,5,NULL,2.021E+11,153 119,115 561,B01,1,1,1,2,1933,9,1,8,-1,0,0,-1,2.021E+11,4,PROMENADE ROGER LAROQUE,0,NULL,3,4,0,1,0,0,1,NULL,-1,1,8,1,50
2.021E+11,8,3,2021,11:00:00,1,988,98818,2,1,1,2,PROMENADE ROGER LAROQUE,"-223,028,000,000","1,664,432,200,000",2.021E+11,115 562,A01,1,1,0,2,1,2,5,NULL,2.021E+11,153 120,115 562,A01,1,1,4,1,2005,5,2,2,-1,0,0,-1,2.021E+11,4,PROMENADE ROGER LAROQUE,0,NULL,3,4,0,1,0,0,1,NULL,-1,1,8,1,50
2.021E+11,27,1,2021,07:15:00,5,56,56121,2,6,2,3,RUE LOUIS GUIGUEN,"477,549,600,000","-33,546,100,000",2.021E+11,106 178,B01,1,1,0,2,1,1,5,NULL,2.021E+11,141 019,106 177,A01,1,1,1,2,1970,1,1,8,-1,-1,-1,-1,2.021E+11,4,RUE LOUIS GUIGUEN,0,NULL,2,2,0,1,-1,-1,1,NULL,-1,2,5,1,30
2.021E+11,27,1,2021,07:15:00,5,56,56121,2,6,2,3,RUE LOUIS GUIGUEN,"477,549,600,000","-33,546,100,000",2.021E+11,106 178,B01,1,1,0,2,1,1,5,NULL,2.021E+11,141 020,106 178,B01,1,1,4,1,1985,1,2,8,-1,-1,-1,-1,2.021E+11,4,RUE LOUIS GUIGUEN,0,NULL,2,2,0,1,-1,-1,1,NULL,-1,2,5,1,30
2.021E+11,12,1,2021,08:00:00,5,91,91103,2,3,2,3,BD DE FRANCE,"485,989,700,000","23,044,200,000",2.021E+11,103 014,B01,3,1,0,2,8,16,5,NULL,2.021E+11,136 708,103 013,A01,1,1,1,2,1956,1,1,0,-1,-1,-1,-1,2.021E+11,4,BD DE FRANCE,0,NULL,2,2,0,1,0,0,1,NULL,-1,2,0,1,50
2.021E+11,12,1,2021,08:00:00,5,91,91103,2,3,2,3,BD DE FRANCE,"485,989,700,000","23,044,200,000",2.021E+11,103 014,B01,3,1,0,2,8,16,5,NULL,2.021E+11,136 709,103 014,B01,1,1,4,1,2008,2,8,0,-1,-1,-1,-1,2.021E+11,4,BD DE FRANCE,0,NULL,2,2,0,1,0,0,1,NULL,-1,2,0,1,50
2.021E+11,21,10,2021,14:15:00,1,75,75103,2,2,3,3,RUE DES FONTAINES DU TEMPLE,"488,659,030,000","23,581,330,000",2.021E+11,180 530,A01,1,1,0,2,7,1,5,NULL,2.021E+11,239 084,180 529,B01,1,1,1,1,1986,1,1,0,-1,0,0,-1,2.021E+11,4,RUE DE TURBIGO,0,NULL,2,2,1,1,-1,-1,1,NULL,-1,2,-1,5,30
2.021E+11,21,10,2021,14:15:00,1,75,75103,2,2,3,3,RUE DES FONTAINES DU TEMPLE,"488,659,030,000","23,581,330,000",2.021E+11,180 530,A01,1,1,0,2,7,1,5,NULL,2.021E+11,239 085,180 530,A01,1,1,4,1,2005,5,8,0,-1,0,0,-1,2.021E+11,4,RUE DE TURBIGO,0,NULL,2,2,1,1,-1,-1,1,NULL,-1,2,-1,5,30