Num_Acc,jour,mois,an,hrmn,lum,dep,com,agg,int,atm,col,adr,lat,long,Num_Acc,id_vehicule,num_veh,senc,catv,obs,obsm,choc,manv,motor,occutc,Num_Acc,id_usager,id_vehicule,num_veh,place,catu,grav,sexe,an_nais,trajet,secu1,secu2,secu3,locp,actp,etatp,Num_Acc,catr,voie,v1,v2,circ,nbv,vosp,prof,pr,pr1,plan,lartpc,larrout,surf,infra,situ,vma
2.021E+11,4,9,2021,16:30:00,1,51,51326,2,2,1,3,Rue du Général de Gaulle,"491,123,240,000","43,095,370,000",2.021E+11,163 889,A01,3,1,0,2,8,19,5,NULL,2.021E+11,217 422,163 889,A01,1,1,4,1,2009,5,0,-1,-1,0,0,-1,2.021E+11,3,994,0,D,2,1,0,1,4,200,1,NULL,-1,1,0,1,50
2.021E+11,27,8,2021,16:45:00,1,22,22182,1,1,1,2,La Ville Richard,"485,429,210,000","-29,609,660,000",2.021E+11,163 195,B01,1,1,0,2,4,1,5,NULL,2.021E+11,216 524,163 195,B01,1,1,3,1,1949,5,2,-1,-1,0,0,-1,2.021E+11,3,712,-1,NULL,2,2,0,2,-1,-1,1,NULL,-1,1,0,1,80
2.021E+11,27,8,2021,16:45:00,1,22,22182,1,1,1,2,La Ville Richard,"485,429,210,000","-29,609,660,000",2.021E+11,163 195,B01,1,1,0,2,4,1,5,NULL,2.021E+11,216 525,163 196,A01,1,1,1,1,1934,3,1,-1,-1,0,0,-1,2.021E+11,3,712,-1,NULL,2,2,0,2,-1,-1,1,NULL,-1,1,0,1,80
2.021E+11,22,8,2021,09:30:00,1,56,56147,1,1,1,5,LE ROSIER,"475,510,280,000","-22,540,860,000",2.021E+11,160 220,B01,2,1,0,2,1,1,5,NULL,2.021E+11,212 513,160 217,D01,1,1,4,1,1967,5,2,-1,-1,0,0,-1,2.021E+11,3,176,0,NULL,2,2,0,2,5,280,1,NULL,-1,1,0,1,80
2.021E+11,22,8,2021,09:30:00,1,56,56147,1,1,1,5,LE ROSIER,"475,510,280,000","-22,540,860,000",2.021E+11,160 219,E01,2,1,0,2,1,1,5,NULL,2.021E+11,212 513,160 217,D01,1,1,4,1,1967,5,2,-1,-1,0,0,-1,2.021E+11,3,176,0,NULL,2,2,0,2,5,280,1,NULL,-1,1,0,1,80
2.021E+11,22,8,2021,09:30:00,1,56,56147,1,1,1,5,LE ROSIER,"475,510,280,000","-22,540,860,000",2.021E+11,160 218,C01,2,1,0,2,1,1,5,NULL,2.021E+11,212 513,160 217,D01,1,1,4,1,1967,5,2,-1,-1,0,0,-1,2.021E+11,3,176,0,NULL,2,2,0,2,5,280,1,NULL,-1,1,0,1,80
2.021E+11,22,8,2021,09:30:00,1,56,56147,1,1,1,5,LE ROSIER,"475,510,280,000","-22,540,860,000",2.021E+11,160 217,D01,2,1,0,2,1,1,5,NULL,2.021E+11,212 513,160 217,D01,1,1,4,1,1967,5,2,-1,-1,0,0,-1,2.021E+11,3,176,0,NULL,2,2,0,2,5,280,1,NULL,-1,1,0,1,80
2.021E+11,22,8,2021,09:30:00,1,56,56147,1,1,1,5,LE ROSIER,"475,510,280,000","-22,540,860,000",2.021E+11,160 220,B01,2,1,0,2,1,1,5,NULL,2.021E+11,212 514,160 218,C01,1,1,4,1,1965,5,2,-1,-1,0,0,-1,2.021E+11,3,176,0,NULL,2,2,0,2,5,280,1,NULL,-1,1,0,1,80
2.021E+11,22,8,2021,09:30:00,1,56,56147,1,1,1,5,LE ROSIER,"475,510,280,000","-22,540,860,000",2.021E+11,160 219,E01,2,1,0,2,1,1,5,NULL,2.021E+11,212 514,160 218,C01,1,1,4,1,1965,5,2,-1,-1,0,0,-1,2.021E+11,3,176,0,NULL,2,2,0,2,5,280,1,NULL,-1,1,0,1,80
2.021E+11,22,8,2021,09:30:00,1,56,56147,1,1,1,5,LE ROSIER,"475,510,280,000","-22,540,860,000",2.021E+11,160 218,C01,2,1,0,2,1,1,5,NULL,2.021E+11,212 514,160 218,C01,1,1,4,1,1965,5,2,-1,-1,0,0,-1,2.021E+11,3,176,0,NULL,2,2,0,2,5,280,1,NULL,-1,1,0,1,80
2.021E+11,22,8,2021,09:30:00,1,56,56147,1,1,1,5,LE ROSIER,"475,510,280,000","-22,540,860,000",2.021E+11,160 217,D01,2,1,0,2,1,1,5,NULL,2.021E+11,212 514,160 218,C01,1,1,4,1,1965,5,2,-1,-1,0,0,-1,2.021E+11,3,176,0,NULL,2,2,0,2,5,280,1,NULL,-1,1,0,1,80
2.021E+11,22,8,2021,09:30:00,1,56,56147,1,1,1,5,LE ROSIER,"475,510,280,000","-22,540,860,000",2.021E+11,160 220,B01,2,1,0,2,1,1,5,NULL,2.021E+11,212 515,160 219,E01,1,1,4,1,1984,5,2,-1,-1,0,0,-1,2.021E+11,3,176,0,NULL,2,2,0,2,5,280,1,NULL,-1,1,0,1,80
2.021E+11,22,8,2021,09:30:00,1,56,56147,1,1,1,5,LE ROSIER,"475,510,280,000","-22,540,860,000",2.021E+11,160 219,E01,2,1,0,2,1,1,5,NULL,2.021E+11,212 515,160 219,E01,1,1,4,1,1984,5,2,-1,-1,0,0,-1,2.021E+11,3,176,0,NULL,2,2,0,2,5,280,1,NULL,-1,1,0,1,80
2.021E+11,22,8,2021,09:30:00,1,56,56147,1,1,1,5,LE ROSIER,"475,510,280,000","-22,540,860,000",2.021E+11,160 218,C01,2,1,0,2,1,1,5,NULL,2.021E+11,212 515,160 219,E01,1,1,4,1,1984,5,2,-1,-1,0,0,-1,2.021E+11,3,176,0,NULL,2,2,0,2,5,280,1,NULL,-1,1,0,1,80
2.021E+11,22,8,2021,09:30:00,1,56,56147,1,1,1,5,LE ROSIER,"475,510,280,000","-22,540,860,000",2.021E+11,160 217,D01,2,1,0,2,1,1,5,NULL,2.021E+11,212 515,160 219,E01,1,1,4,1,1984,5,2,-1,-1,0,0,-1,2.021E+11,3,176,0,NULL,2,2,0,2,5,280,1,NULL,-1,1,0,1,80
2.021E+11,22,8,2021,09:30:00,1,56,56147,1,1,1,5,LE ROSIER,"475,510,280,000","-22,540,860,000",2.021E+11,160 220,B01,2,1,0,2,1,1,5,NULL,2.021E+11,212 516,160 220,B01,1,1,4,1,1968,5,2,-1,-1,0,0,-1,2.021E+11,3,176,0,NULL,2,2,0,2,5,280,1,NULL,-1,1,0,1,80
2.021E+11,22,8,2021,09:30:00,1,56,56147,1,1,1,5,LE ROSIER,"475,510,280,000","-22,540,860,000",2.021E+11,160 219,E01,2,1,0,2,1,1,5,NULL,2.021E+11,212 516,160 220,B01,1,1,4,1,1968,5,2,-1,-1,0,0,-1,2.021E+11,3,176,0,NULL,2,2,0,2,5,280,1,NULL,-1,1,0,1,80
2.021E+11,22,8,2021,09:30:00,1,56,56147,1,1,1,5,LE ROSIER,"475,510,280,000","-22,540,860,000",2.021E+11,160 218,C01,2,1,0,2,1,1,5,NULL,2.021E+11,212 516,160 220,B01,1,1,4,1,1968,5,2,-1,-1,0,0,-1,2.021E+11,3,176,0,NULL,2,2,0,2,5,280,1,NULL,-1,1,0,1,80
2.021E+11,22,8,2021,09:30:00,1,56,56147,1,1,1,5,LE ROSIER,"475,510,280,000","-22,540,860,000",2.021E+11,160 217,D01,2,1,0,2,1,1,5,NULL,2.021E+11,212 516,160 220,B01,1,1,4,1,1968,5,2,-1,-1,0,0,-1,2.021E+11,3,176,0,NULL,2,2,0,2,5,280,1,NULL,-1,1,0,1,80
2.021E+11,22,8,2021,09:30:00,1,56,56147,1,1,1,5,LE ROSIER,"475,510,280,000","-22,540,860,000",2.021E+11,160 220,B01,2,1,0,2,1,1,5,NULL,2.021E+11,212 517,160 221,A01,1,1,1,-1,NULL,-1,8,-1,-1,-1,-1,-1,2.021E+11,3,176,0,NULL,2,2,0,2,5,280,1,NULL,-1,1,0,1,80
2.021E+11,22,8,2021,09:30:00,1,56,56147,1,1,1,5,LE ROSIER,"475,510,280,000","-22,540,860,000",2.021E+11,160 219,E01,2,1,0,2,1,1,5,NULL,2.021E+11,212 517,160 221,A01,1,1,1,-1,NULL,-1,8,-1,-1,-1,-1,-1,2.021E+11,3,176,0,NULL,2,2,0,2,5,280,1,NULL,-1,1,0,1,80
2.021E+11,22,8,2021,09:30:00,1,56,56147,1,1,1,5,LE ROSIER,"475,510,280,000","-22,540,860,000",2.021E+11,160 218,C01,2,1,0,2,1,1,5,NULL,2.021E+11,212 517,160 221,A01,1,1,1,-1,NULL,-1,8,-1,-1,-1,-1,-1,2.021E+11,3,176,0,NULL,2,2,0,2,5,280,1,NULL,-1,1,0,1,80
2.021E+11,22,8,2021,09:30:00,1,56,56147,1,1,1,5,LE ROSIER,"475,510,280,000","-22,540,860,000",2.021E+11,160 217,D01,2,1,0,2,1,1,5,NULL,2.021E+11,212 517,160 221,A01,1,1,1,-1,NULL,-1,8,-1,-1,-1,-1,-1,2.021E+11,3,176,0,NULL,2,2,0,2,5,280,1,NULL,-1,1,0,1,80
2.021E+11,9,7,2021,07:43:00,1,95,95427,2,2,1,3,Rue du Muret,"489,749,120,725","23,428,559,303",2.021E+11,148 619,B01,3,1,0,2,3,1,5,NULL,2.021E+11,196 356,148 619,B01,1,1,4,1,1978,1,8,-1,-1,-1,0,-1,2.021E+11,3,GARE (AVENUE DE LA),0,NULL,2,2,0,1,11,660,1,NULL,-1,1,5,1,50
2.021E+11,9,7,2021,07:43:00,1,95,95427,2,2,1,3,Rue du Muret,"489,749,120,725","23,428,559,303",2.021E+11,148 619,B01,3,1,0,2,3,1,5,NULL,2.021E+11,196 357,148 620,A01,1,1,1,-1,NULL,-1,-1,-1,-1,-1,-1,-1,2.021E+11,3,GARE (AVENUE DE LA),0,NULL,2,2,0,1,11,660,1,NULL,-1,1,5,1,50
2.021E+11,2,7,2021,14:45:00,1,21,21171,2,6,1,3,M107,"473,035,870,000","51,191,730,000",2.021E+11,145 454,B01,3,1,0,2,7,1,5,NULL,2.021E+11,192 126,145 454,B01,1,1,2,1,1962,5,0,-1,-1,0,0,-1,2.021E+11,7,107,-1,NULL,1,2,0,1,-1,-1,2,NULL,-1,1,5,1,50
2.021E+11,2,7,2021,14:45:00,1,21,21171,2,6,1,3,M107,"473,035,870,000","51,191,730,000",2.021E+11,145 454,B01,3,1,0,2,7,1,5,NULL,2.021E+11,192 127,145 455,A01,1,1,1,1,1945,0,8,-1,-1,0,0,-1,2.021E+11,7,107,-1,NULL,1,2,0,1,-1,-1,2,NULL,-1,1,5,1,50
2.021E+11,29,6,2021,09:15:00,1,92,92040,2,6,2,7,RESISTANCE (PLACE DE LA),"488,214,070,000","22,502,910,000",2.021E+11,144 988,Y01,3,1,0,0,0,25,5,NULL,2.021E+11,191 513,144 988,Y01,1,1,4,1,1992,0,8,8,-1,0,0,-1,2.021E+11,3,RESISTANCE (PLACE DE LA),0,NULL,1,2,1,1,-1,-1,3,NULL,-1,2,0,5,50
2.021E+11,29,6,2021,12:53:00,1,92,92012,2,2,1,6,GALLIENI (RUE) 55/157 - 50/140,"488,375,820,000","22,479,480,000",2.021E+11,144 981,A01,3,1,0,2,8,1,5,NULL,2.021E+11,191 502,144 980,B01,1,1,1,2,1964,0,1,0,-1,-1,-1,-1,2.021E+11,4,NULL,0,NULL,2,3,1,1,0,0,1,NULL,-1,1,0,5,50
2.021E+11,29,6,2021,12:53:00,1,92,92012,2,2,1,6,GALLIENI (RUE) 55/157 - 50/140,"488,375,820,000","22,479,480,000",2.021E+11,144 981,A01,3,1,0,2,8,1,5,NULL,2.021E+11,191 503,144 980,B01,10,3,4,1,2006,0,8,8,-1,2,3,1,2.021E+11,4,NULL,0,NULL,2,3,1,1,0,0,1,NULL,-1,1,0,5,50
2.021E+11,29,6,2021,12:53:00,1,92,92012,2,2,1,6,GALLIENI (RUE) 55/157 - 50/140,"488,375,820,000","22,479,480,000",2.021E+11,144 981,A01,3,1,0,2,8,1,5,NULL,2.021E+11,191 504,144 981,A01,1,1,4,1,2005,-1,2,0,0,-1,-1,-1,2.021E+11,4,NULL,0,NULL,2,3,1,1,0,0,1,NULL,-1,1,0,5,50
2.021E+11,7,6,2021,10:20:00,1,26,26031,1,6,1,3,Route de Montélimar,"445,551,960,000","48,515,260,000",2.021E+11,137 120,B01,2,1,0,2,2,1,5,NULL,2.021E+11,181 196,137 119,A01,1,1,1,1,1941,3,1,-1,-1,0,0,-1,2.021E+11,3,540,-1,NULL,-1,1,0,1,10,365,2,NULL,-1,1,5,1,80
2.021E+11,7,6,2021,10:20:00,1,26,26031,1,6,1,3,Route de Montélimar,"445,551,960,000","48,515,260,000",2.021E+11,137 120,B01,2,1,0,2,2,1,5,NULL,2.021E+11,181 197,137 120,B01,1,1,3,1,1975,5,2,-1,-1,0,0,-1,2.021E+11,3,540,-1,NULL,-1,1,0,1,10,365,2,NULL,-1,1,5,1,80
2.021E+11,10,5,2021,11:45:00,1,75,75101,2,4,1,3,RUE ETIENNE MARCEL,"488,638,440,000","23,490,820,000",2.021E+11,129 190,B01,1,1,0,2,2,1,5,NULL,2.021E+11,170 783,129 189,A01,1,1,1,1,1970,9,1,0,-1,0,0,-1,2.021E+11,4,RUE ETIENNE MARCEL,0,NULL,2,3,1,1,-1,-1,1,NULL,-1,1,0,5,50
2.021E+11,10,5,2021,11:45:00,1,75,75101,2,4,1,3,RUE ETIENNE MARCEL,"488,638,440,000","23,490,820,000",2.021E+11,129 190,B01,1,1,0,2,2,1,5,NULL,2.021E+11,170 784,129 190,B01,1,1,4,1,1986,9,2,0,-1,0,0,-1,2.021E+11,4,RUE ETIENNE MARCEL,0,NULL,2,3,1,1,-1,-1,1,NULL,-1,1,0,5,50
2.021E+11,6,5,2021,20:15:00,5,75,75116,2,2,2,3,ALLEE DE LONGCHAMP,"488,725,270,000","22,644,360,000",2.021E+11,128 073,A01,2,1,0,2,7,19,5,NULL,2.021E+11,169 283,128 073,A01,1,1,4,1,2004,5,8,0,-1,0,0,-1,2.021E+11,4,ALLEE DE LONGCHAMP,0,NULL,2,3,3,1,-1,-1,1,NULL,-1,2,0,6,50
2.021E+11,6,5,2021,20:15:00,5,75,75116,2,2,2,3,ALLEE DE LONGCHAMP,"488,725,270,000","22,644,360,000",2.021E+11,128 073,A01,2,1,0,2,7,19,5,NULL,2.021E+11,169 284,128 074,B01,1,1,1,1,2002,5,1,0,-1,0,0,-1,2.021E+11,4,ALLEE DE LONGCHAMP,0,NULL,2,3,3,1,-1,-1,1,NULL,-1,2,0,6,50
2.021E+11,6,5,2021,20:15:00,5,75,75116,2,2,2,3,ALLEE DE LONGCHAMP,"488,725,270,000","22,644,360,000",2.021E+11,128 073,A01,2,1,0,2,7,19,5,NULL,2.021E+11,169 285,128 074,B01,2,2,1,1,2002,5,1,0,-1,0,0,-1,2.021E+11,4,ALLEE DE LONGCHAMP,0,NULL,2,3,3,1,-1,-1,1,NULL,-1,2,0,6,50
2.021E+11,2,4,2021,17:21:00,1,11,11262,2,1,1,1,AUGE (BOULEVARD DU DR LEON),"431,882,100,000","30,035,900,000",2.021E+11,121 358,B01,3,1,0,2,1,1,5,NULL,2.021E+11,160 627,121 358,B01,1,1,4,2,1994,9,0,-1,-1,0,0,-1,2.021E+11,4,AUGE (BOULEVARD DU DR LEON),0,NULL,2,2,3,1,0,0,1,NULL,-1,1,9,6,30
2.021E+11,2,4,2021,17:21:00,1,11,11262,2,1,1,1,AUGE (BOULEVARD DU DR LEON),"431,882,100,000","30,035,900,000",2.021E+11,121 358,B01,3,1,0,2,1,1,5,NULL,2.021E+11,160 628,121 359,A01,1,1,1,1,1977,4,1,8,-1,-1,-1,-1,2.021E+11,4,AUGE (BOULEVARD DU DR LEON),0,NULL,2,2,3,1,0,0,1,NULL,-1,1,9,6,30
2.021E+11,24,3,2021,20:00:00,5,75,75120,2,3,1,1,RUE DES FOUGERES,"488,733,870,000","24,102,650,000",2.021E+11,118 157,B01,2,1,0,2,1,9,5,NULL,2.021E+11,156 473,118 156,Z01,1,1,1,-1,NULL,-1,-1,-1,-1,-1,-1,-1,2.021E+11,4,RUE DES FOUGERES,0,NULL,1,1,1,2,-1,-1,1,NULL,-1,1,-1,5,50
2.021E+11,24,3,2021,20:00:00,5,75,75120,2,3,1,1,RUE DES FOUGERES,"488,733,870,000","24,102,650,000",2.021E+11,118 157,B01,2,1,0,2,1,9,5,NULL,2.021E+11,156 474,118 157,B01,1,1,4,1,1972,1,8,4,-1,0,0,-1,2.021E+11,4,RUE DES FOUGERES,0,NULL,1,1,1,2,-1,-1,1,NULL,-1,1,-1,5,50
2.021E+11,2,3,2021,17:30:00,1,75,75116,2,1,1,6,ROUTE DE LA SEINE A LA BUTTE MORTEMART,"488,515,080,000","22,341,800,000",2.021E+11,117 309,A01,3,1,0,1,1,1,5,NULL,2.021E+11,155 370,117 309,A01,1,1,4,1,1981,5,2,6,-1,0,0,-1,2.021E+11,4,ROUTE DE LA SEINE A LA BUTTE MORTEMART,0,NULL,1,1,1,1,-1,-1,3,NULL,-1,1,-1,5,50
2.021E+11,2,3,2021,17:30:00,1,75,75116,2,1,1,6,ROUTE DE LA SEINE A LA BUTTE MORTEMART,"488,515,080,000","22,341,800,000",2.021E+11,117 309,A01,3,1,0,1,1,1,5,NULL,2.021E+11,155 371,117 309,A01,10,3,1,2,1995,5,0,-1,-1,2,5,1,2.021E+11,4,ROUTE DE LA SEINE A LA BUTTE MORTEMART,0,NULL,1,1,1,1,-1,-1,3,NULL,-1,1,-1,5,50
2.021E+11,16,3,2021,15:40:00,1,69,69386,2,1,1,6,VITTON (CR),"457,693,758,130","48,512,677,517",2.021E+11,116 379,A01,2,1,0,1,0,0,5,NULL,2.021E+11,154 193,116 379,A01,1,1,1,1,1993,1,8,-1,-1,-1,-1,-1,2.021E+11,4,VITTON                              (CO),0,NULL,1,2,1,1,-1,-1,1,NULL,-1,1,0,1,50
2.021E+11,16,3,2021,15:40:00,1,69,69386,2,1,1,6,VITTON (CR),"457,693,758,130","48,512,677,517",2.021E+11,116 379,A01,2,1,0,1,0,0,5,NULL,2.021E+11,154 194,116 379,A01,10,3,4,2,1974,3,0,-1,-1,4,3,1,2.021E+11,4,VITTON                              (CO),0,NULL,1,2,1,1,-1,-1,1,NULL,-1,1,0,1,50
2.021E+11,15,3,2021,16:30:00,1,62,62038,2,2,1,3,Route de SAINT-OMER,"508,534,980,000","19,849,020,000",2.021E+11,115 980,B01,2,1,0,2,7,1,5,NULL,2.021E+11,153 673,115 979,A01,1,1,1,1,1982,1,1,-1,-1,0,0,-1,2.021E+11,3,943,-1,NULL,2,2,0,1,88,750,1,NULL,-1,1,5,1,50
2.021E+11,15,3,2021,16:30:00,1,62,62038,2,2,1,3,Route de SAINT-OMER,"508,534,980,000","19,849,020,000",2.021E+11,115 980,B01,2,1,0,2,7,1,5,NULL,2.021E+11,153 674,115 980,B01,1,1,3,1,1982,5,2,-1,-1,0,0,-1,2.021E+11,3,943,-1,NULL,2,2,0,1,88,750,1,NULL,-1,1,5,1,50
2.021E+11,10,3,2021,08:35:00,1,75,75114,2,2,1,7,RUE DES PLANTES,"488,292,940,000","23,226,490,000",2.021E+11,114 938,A01,1,1,0,0,0,1,5,NULL,2.021E+11,152 313,114 938,A01,1,1,4,1,1982,9,2,0,-1,0,0,-1,2.021E+11,4,RUE DES PLANTES,0,NULL,1,1,0,1,-1,-1,1,NULL,-1,1,0,1,50
2.021E+11,9,2,2021,17:50:00,5,69,69388,2,1,1,3,BERTHELOT                           (AV),"457,395,300,000","48,594,100,000",2.021E+11,108 780,A01,1,1,0,2,8,15,5,NULL,2.021E+11,144 379,108 780,A01,1,1,4,2,1998,0,2,8,-1,-1,-1,-1,2.021E+11,4,BERTHELOT                           (AV),0,NULL,1,3,0,1,-1,-1,1,NULL,-1,1,0,1,50
2.021E+11,9,2,2021,17:50:00,5,69,69388,2,1,1,3,BERTHELOT                           (AV),"457,395,300,000","48,594,100,000",2.021E+11,108 780,A01,1,1,0,2,8,15,5,NULL,2.021E+11,144 380,108 781,B01,1,1,1,1,1991,1,1,-1,-1,-1,-1,-1,2.021E+11,4,BERTHELOT                           (AV),0,NULL,1,3,0,1,-1,-1,1,NULL,-1,1,0,1,50
2.021E+11,3,2,2021,16:05:00,1,31,31483,2,1,1,7,JOFFRE (AVENUE DU MARECHAL),"431,070,900,000","0,7201100000",2.021E+11,107 789,A01,1,1,0,2,0,13,0,NULL,2.021E+11,143 078,107 788,B01,1,1,1,2,1959,0,1,0,-1,-1,-1,-1,2.021E+11,3,JOFFRE (AVENUE DU MARECHAL),0,NULL,2,2,0,1,78,444,1,NULL,-1,1,0,1,50
2.021E+11,3,2,2021,16:05:00,1,31,31483,2,1,1,7,JOFFRE (AVENUE DU MARECHAL),"431,070,900,000","0,7201100000",2.021E+11,107 789,A01,1,1,0,2,0,13,0,NULL,2.021E+11,143 079,107 789,A01,1,1,4,1,1999,0,8,0,-1,-1,-1,-1,2.021E+11,3,JOFFRE (AVENUE DU MARECHAL),0,NULL,2,2,0,1,78,444,1,NULL,-1,1,0,1,50
2.021E+11,3,2,2021,10:35:00,1,76,76055,1,2,1,3,D131,"496,361,600,000","0,7354900000",2.021E+11,107 644,A01,2,1,0,2,1,1,5,NULL,2.021E+11,142 896,107 644,A01,1,1,3,1,1974,5,2,-1,-1,0,0,-1,2.021E+11,3,131,0,NULL,2,2,0,1,20,610,1,NULL,-1,1,0,1,80
2.021E+11,3,2,2021,10:35:00,1,76,76055,1,2,1,3,D131,"496,361,600,000","0,7354900000",2.021E+11,107 644,A01,2,1,0,2,1,1,5,NULL,2.021E+11,142 897,107 645,B01,1,1,1,1,1944,5,1,-1,-1,0,0,-1,2.021E+11,3,131,0,NULL,2,2,0,1,20,610,1,NULL,-1,1,0,1,80
2.021E+11,18,1,2021,12:14:00,1,40,40192,2,1,1,2,HOUGA (AV DU),"438,832,100,000"," -0,4896100000",2.021E+11,104 854,B01,2,1,0,2,8,15,0,NULL,2.021E+11,139 182,104 853,A01,1,1,1,1,2002,9,1,0,-1,-1,-1,-1,2.021E+11,3,HOUGA (AV DU),0,NULL,2,2,1,1,1,0,1,NULL,-1,2,0,1,50
2.021E+11,18,1,2021,12:14:00,1,40,40192,2,1,1,2,HOUGA (AV DU),"438,832,100,000"," -0,4896100000",2.021E+11,104 854,B01,2,1,0,2,8,15,0,NULL,2.021E+11,139 183,104 854,B01,1,1,4,2,1972,4,2,0,-1,-1,-1,-1,2.021E+11,3,HOUGA (AV DU),0,NULL,2,2,1,1,1,0,1,NULL,-1,2,0,1,50
2.021E+11,4,1,2021,17:05:00,2,34,34111,2,6,1,3,rond point de l'Europe,"439,322,540,000","37,112,870,000",2.021E+11,101 259,A01,1,1,0,2,1,25,5,NULL,2.021E+11,134 375,101 259,A01,1,1,4,1,2008,2,0,-1,-1,0,0,-1,2.021E+11,3,986,0,NULL,4,2,0,1,0,8,1,NULL,-1,1,5,1,50
2.021E+11,4,1,2021,17:05:00,2,34,34111,2,6,1,3,rond point de l'Europe,"439,322,540,000","37,112,870,000",2.021E+11,101 259,A01,1,1,0,2,1,25,5,NULL,2.021E+11,134 376,101 260,B01,1,1,1,2,1951,3,1,-1,-1,0,0,-1,2.021E+11,3,986,0,NULL,4,2,0,1,0,8,1,NULL,-1,1,5,1,50
2.021E+11,26,10,2021,08:15:00,1,35,35051,2,6,5,3,FONTAINE (RUE DE LA),"481,140,500,000","-16,073,000,000",2.021E+11,182 229,B01,2,1,0,2,1,1,0,NULL,2.021E+11,241 319,182 228,A01,1,1,1,1,1993,5,1,0,-1,-1,-1,-1,2.021E+11,4,FONTAINE (RUE DE LA),0,NULL,-1,2,0,1,-1,-1,1,NULL,-1,1,0,1,50
2.021E+11,26,10,2021,08:15:00,1,35,35051,2,6,5,3,FONTAINE (RUE DE LA),"481,140,500,000","-16,073,000,000",2.021E+11,182 229,B01,2,1,0,2,1,1,0,NULL,2.021E+11,241 320,182 229,B01,1,1,4,1,1971,1,2,0,-1,-1,-1,-1,2.021E+11,4,FONTAINE (RUE DE LA),0,NULL,-1,2,0,1,-1,-1,1,NULL,-1,1,0,1,50
2.021E+11,17,10,2021,09:50:00,1,7,7188,2,6,1,3,rond-point du Pontet,"451,906,570,000","46,869,130,000",2.021E+11,178 953,B01,3,1,0,0,0,0,5,NULL,2.021E+11,237 038,178 953,B01,1,1,4,1,1948,5,2,-1,-1,0,0,-1,2.021E+11,3,578,-1,NULL,1,1,0,1,6,720,2,NULL,-1,1,0,1,50
2.021E+11,17,10,2021,09:50:00,1,7,7188,2,6,1,3,rond-point du Pontet,"451,906,570,000","46,869,130,000",2.021E+11,178 953,B01,3,1,0,0,0,0,5,NULL,2.021E+11,237 039,178 954,A01,1,1,1,-1,NULL,-1,-1,-1,-1,-1,-1,-1,2.021E+11,3,578,-1,NULL,1,1,0,1,6,720,2,NULL,-1,1,0,1,50
2.021E+11,16,10,2021,05:45:00,3,37,37261,2,1,1,6,BERANGER (BOULEVARD),"473,889,900,000","0,6789900000",2.021E+11,178 777,A01,1,1,1,0,1,1,5,NULL,2.021E+11,236 786,178 777,A01,1,1,4,1,1993,5,8,0,-1,-1,-1,-1,2.021E+11,4,BERANGER (BOULEVARD),0,NULL,2,4,0,1,-1,-1,1,NULL,-1,1,0,1,50
2.021E+11,14,10,2021,17:00:00,1,56,56162,1,1,1,3,Boulevard des Sables Blancs,"477,278,000,000","-34,938,800,000",2.021E+11,178 383,B01,2,1,0,2,8,1,5,NULL,2.021E+11,236 266,178 382,Z01,1,1,1,1,1945,5,8,8,-1,-1,-1,-1,2.021E+11,3,152,0,NULL,2,2,0,1,10,110,1,NULL,-1,1,0,1,30
2.021E+11,14,10,2021,17:00:00,1,56,56162,1,1,1,3,Boulevard des Sables Blancs,"477,278,000,000","-34,938,800,000",2.021E+11,178 383,B01,2,1,0,2,8,1,5,NULL,2.021E+11,236 267,178 383,B01,1,1,4,2,1996,5,2,8,-1,-1,-1,-1,2.021E+11,3,152,0,NULL,2,2,0,1,10,110,1,NULL,-1,1,0,1,30
2.021E+11,12,10,2021,18:40:00,1,75,75109,2,3,1,3,RUE DU CONSERVATOIRE,"488,730,720,000","23,468,400,000",2.021E+11,177 225,B01,2,1,0,2,1,16,5,NULL,2.021E+11,234 816,177 225,B01,1,1,4,2,1996,9,2,0,-1,0,0,-1,2.021E+11,4,RUE DU CONSERVATOIRE,0,NULL,1,1,2,1,-1,-1,1,NULL,-1,1,-1,5,30
2.021E+11,12,10,2021,18:40:00,1,75,75109,2,3,1,3,RUE DU CONSERVATOIRE,"488,730,720,000","23,468,400,000",2.021E+11,177 225,B01,2,1,0,2,1,16,5,NULL,2.021E+11,234 817,177 226,A01,1,1,1,1,1974,1,1,0,-1,0,0,-1,2.021E+11,4,RUE DU CONSERVATOIRE,0,NULL,1,1,2,1,-1,-1,1,NULL,-1,1,-1,5,30
2.021E+11,7,10,2021,15:55:00,1,75,75113,2,3,1,3,AVENUE DE CHOISY,"488,290,280,000","23,577,020,000",2.021E+11,175 554,B01,2,1,0,2,1,1,5,NULL,2.021E+11,232 646,175 554,B01,1,1,4,2,2005,9,2,0,-1,0,0,-1,2.021E+11,4,AVENUE DE CHOISY,0,NULL,2,3,0,1,-1,-1,1,NULL,-1,1,0,1,30