Num_Acc,jour,mois,an,hrmn,lum,dep,com,agg,int,atm,col,adr,lat,long,Num_Acc,id_vehicule,num_veh,senc,catv,obs,obsm,choc,manv,motor,occutc,Num_Acc,id_usager,id_vehicule,num_veh,place,catu,grav,sexe,an_nais,trajet,secu1,secu2,secu3,locp,actp,etatp,Num_Acc,catr,voie,v1,v2,circ,nbv,vosp,prof,pr,pr1,plan,lartpc,larrout,surf,infra,situ,vma
2.021E+11,23,10,2021,13:45:00,1,59,59317,2,1,1,1,SAINT EXUPERY  (RUE),"506,956,300,000","29,205,400,000",2.021E+11,181 699,B01,1,1,0,2,1,13,5,NULL,2.021E+11,240 640,181 699,B01,1,1,3,1,1953,5,2,0,-1,-1,-1,-1,2.021E+11,7,SAINT EXUPERY  (RUE),0,NULL,2,2,0,1,-1,-1,1,NULL,-1,1,0,1,50
2.021E+11,23,10,2021,01:45:00,5,94,94011,2,9,1,2,Carrefour du-Général-de-Gaulle,"487,679,700,000","24,877,800,000",2.021E+11,181 289,B01,2,1,0,2,1,1,5,NULL,2.021E+11,240 090,181 288,A01,1,1,1,1,1963,1,1,4,-1,-1,-1,-1,2.021E+11,3,GAULLE(CARREFOUR CHARLES DE),0,NULL,1,2,0,1,1,0,3,NULL,-1,1,5,1,50
2.021E+11,23,10,2021,01:45:00,5,94,94011,2,9,1,2,Carrefour du-Général-de-Gaulle,"487,679,700,000","24,877,800,000",2.021E+11,181 289,B01,2,1,0,2,1,1,5,NULL,2.021E+11,240 091,181 289,B01,1,1,4,1,2002,9,0,0,-1,-1,-1,-1,2.021E+11,3,GAULLE(CARREFOUR CHARLES DE),0,NULL,1,2,0,1,1,0,3,NULL,-1,1,5,1,50
2.021E+11,18,10,2021,08:50:00,1,95,95607,2,1,1,3,DIVISION LECLERC (AVENUE DE LA),"490,133,850,000","22,158,780,000",2.021E+11,179 558,B01,1,1,0,2,3,1,5,NULL,2.021E+11,237 851,179 557,A01,1,1,1,1,1964,1,1,-1,-1,-1,0,-1,2.021E+11,3,DIVISION LECLERC (AVENUE DE LA),0,NULL,3,2,0,1,2,600,1,NULL,-1,1,0,1,50
2.021E+11,18,10,2021,08:50:00,1,95,95607,2,1,1,3,DIVISION LECLERC (AVENUE DE LA),"490,133,850,000","22,158,780,000",2.021E+11,179 558,B01,1,1,0,2,3,1,5,NULL,2.021E+11,237 852,179 558,B01,1,1,4,1,1979,1,2,8,-1,-1,0,-1,2.021E+11,3,DIVISION LECLERC (AVENUE DE LA),0,NULL,3,2,0,1,2,600,1,NULL,-1,1,0,1,50
2.021E+11,15,10,2021,19:50:00,4,92,92025,2,1,1,6,HENRI BARBUSSE (AV),"489,215,610,000","22,526,690,000",2.021E+11,178 248,B01,1,1,1,0,1,1,5,NULL,2.021E+11,236 093,178 248,B01,1,1,4,1,1987,1,8,0,-1,-1,-1,-1,2.021E+11,3,HENRI BARBUSSE (AV),0,NULL,2,2,0,1,0,0,1,NULL,-1,1,0,1,50
2.021E+11,15,10,2021,19:50:00,4,92,92025,2,1,1,6,HENRI BARBUSSE (AV),"489,215,610,000","22,526,690,000",2.021E+11,178 248,B01,1,1,1,0,1,1,5,NULL,2.021E+11,236 094,178 249,A01,1,1,1,1,1975,5,1,0,-1,-1,-1,-1,2.021E+11,3,HENRI BARBUSSE (AV),0,NULL,2,2,0,1,0,0,1,NULL,-1,1,0,1,50
2.021E+11,1,9,2021,18:37:00,1,68,68066,2,3,7,3,ROUFFACH (ROUTE DE),"480,669,700,000","73,431,100,000",2.021E+11,171 475,B01,1,1,0,2,8,13,5,NULL,2.021E+11,227 327,171 475,B01,1,1,4,1,1961,5,2,0,-1,-1,-1,-1,2.021E+11,4,ROUFFACH (ROUTE DE),0,NULL,2,2,0,1,-1,-1,1,NULL,-1,1,9,1,50
2.021E+11,1,9,2021,18:37:00,1,68,68066,2,3,7,3,ROUFFACH (ROUTE DE),"480,669,700,000","73,431,100,000",2.021E+11,171 475,B01,1,1,0,2,8,13,5,NULL,2.021E+11,227 328,171 476,A01,1,1,1,1,1970,1,1,0,-1,-1,-1,-1,2.021E+11,4,ROUFFACH (ROUTE DE),0,NULL,2,2,0,1,-1,-1,1,NULL,-1,1,9,1,50
2.021E+11,23,9,2021,10:39:00,1,75,75113,2,3,1,7,BOULEVARD MASSENA,"488,234,010,000","23,750,320,000",2.021E+11,171 195,A01,2,1,0,0,1,1,5,NULL,2.021E+11,226 970,171 195,A01,1,1,3,1,1979,5,2,0,-1,0,0,-1,2.021E+11,4,BOULEVARD MASSENA,0,NULL,3,2,1,2,-1,-1,1,NULL,-1,1,0,5,30
2.021E+11,26,9,2021,10:00:00,1,60,60446,1,1,1,7,D922,"491,371,930,000","27,776,960,000",2.021E+11,170 663,D01,1,1,0,0,0,1,5,NULL,2.021E+11,226 259,170 660,C01,1,1,4,1,1962,5,2,-1,-1,0,0,-1,2.021E+11,3,922,0,D,2,2,0,1,24,600,1,NULL,-1,1,0,1,70
2.021E+11,26,9,2021,10:00:00,1,60,60446,1,1,1,7,D922,"491,371,930,000","27,776,960,000",2.021E+11,170 662,B01,1,1,0,0,0,1,5,NULL,2.021E+11,226 259,170 660,C01,1,1,4,1,1962,5,2,-1,-1,0,0,-1,2.021E+11,3,922,0,D,2,2,0,1,24,600,1,NULL,-1,1,0,1,70
2.021E+11,26,9,2021,10:00:00,1,60,60446,1,1,1,7,D922,"491,371,930,000","27,776,960,000",2.021E+11,170 661,A01,1,1,0,9,0,1,5,NULL,2.021E+11,226 259,170 660,C01,1,1,4,1,1962,5,2,-1,-1,0,0,-1,2.021E+11,3,922,0,D,2,2,0,1,24,600,1,NULL,-1,1,0,1,70
2.021E+11,26,9,2021,10:00:00,1,60,60446,1,1,1,7,D922,"491,371,930,000","27,776,960,000",2.021E+11,170 660,C01,1,1,0,0,0,1,5,NULL,2.021E+11,226 259,170 660,C01,1,1,4,1,1962,5,2,-1,-1,0,0,-1,2.021E+11,3,922,0,D,2,2,0,1,24,600,1,NULL,-1,1,0,1,70
2.021E+11,26,9,2021,10:00:00,1,60,60446,1,1,1,7,D922,"491,371,930,000","27,776,960,000",2.021E+11,170 663,D01,1,1,0,0,0,1,5,NULL,2.021E+11,226 260,170 661,A01,1,1,4,1,1946,5,2,-1,-1,0,0,-1,2.021E+11,3,922,0,D,2,2,0,1,24,600,1,NULL,-1,1,0,1,70
2.021E+11,26,9,2021,10:00:00,1,60,60446,1,1,1,7,D922,"491,371,930,000","27,776,960,000",2.021E+11,170 662,B01,1,1,0,0,0,1,5,NULL,2.021E+11,226 260,170 661,A01,1,1,4,1,1946,5,2,-1,-1,0,0,-1,2.021E+11,3,922,0,D,2,2,0,1,24,600,1,NULL,-1,1,0,1,70
2.021E+11,26,9,2021,10:00:00,1,60,60446,1,1,1,7,D922,"491,371,930,000","27,776,960,000",2.021E+11,170 661,A01,1,1,0,9,0,1,5,NULL,2.021E+11,226 260,170 661,A01,1,1,4,1,1946,5,2,-1,-1,0,0,-1,2.021E+11,3,922,0,D,2,2,0,1,24,600,1,NULL,-1,1,0,1,70
2.021E+11,26,9,2021,10:00:00,1,60,60446,1,1,1,7,D922,"491,371,930,000","27,776,960,000",2.021E+11,170 660,C01,1,1,0,0,0,1,5,NULL,2.021E+11,226 260,170 661,A01,1,1,4,1,1946,5,2,-1,-1,0,0,-1,2.021E+11,3,922,0,D,2,2,0,1,24,600,1,NULL,-1,1,0,1,70
2.021E+11,26,9,2021,10:00:00,1,60,60446,1,1,1,7,D922,"491,371,930,000","27,776,960,000",2.021E+11,170 663,D01,1,1,0,0,0,1,5,NULL,2.021E+11,226 261,170 662,B01,1,1,4,1,1974,5,2,-1,-1,0,0,-1,2.021E+11,3,922,0,D,2,2,0,1,24,600,1,NULL,-1,1,0,1,70
2.021E+11,26,9,2021,10:00:00,1,60,60446,1,1,1,7,D922,"491,371,930,000","27,776,960,000",2.021E+11,170 662,B01,1,1,0,0,0,1,5,NULL,2.021E+11,226 261,170 662,B01,1,1,4,1,1974,5,2,-1,-1,0,0,-1,2.021E+11,3,922,0,D,2,2,0,1,24,600,1,NULL,-1,1,0,1,70
2.021E+11,26,9,2021,10:00:00,1,60,60446,1,1,1,7,D922,"491,371,930,000","27,776,960,000",2.021E+11,170 661,A01,1,1,0,9,0,1,5,NULL,2.021E+11,226 261,170 662,B01,1,1,4,1,1974,5,2,-1,-1,0,0,-1,2.021E+11,3,922,0,D,2,2,0,1,24,600,1,NULL,-1,1,0,1,70
2.021E+11,26,9,2021,10:00:00,1,60,60446,1,1,1,7,D922,"491,371,930,000","27,776,960,000",2.021E+11,170 660,C01,1,1,0,0,0,1,5,NULL,2.021E+11,226 261,170 662,B01,1,1,4,1,1974,5,2,-1,-1,0,0,-1,2.021E+11,3,922,0,D,2,2,0,1,24,600,1,NULL,-1,1,0,1,70
2.021E+11,26,9,2021,10:00:00,1,60,60446,1,1,1,7,D922,"491,371,930,000","27,776,960,000",2.021E+11,170 663,D01,1,1,0,0,0,1,5,NULL,2.021E+11,226 262,170 663,D01,1,1,3,1,1955,5,2,-1,-1,0,0,-1,2.021E+11,3,922,0,D,2,2,0,1,24,600,1,NULL,-1,1,0,1,70
2.021E+11,26,9,2021,10:00:00,1,60,60446,1,1,1,7,D922,"491,371,930,000","27,776,960,000",2.021E+11,170 662,B01,1,1,0,0,0,1,5,NULL,2.021E+11,226 262,170 663,D01,1,1,3,1,1955,5,2,-1,-1,0,0,-1,2.021E+11,3,922,0,D,2,2,0,1,24,600,1,NULL,-1,1,0,1,70
2.021E+11,26,9,2021,10:00:00,1,60,60446,1,1,1,7,D922,"491,371,930,000","27,776,960,000",2.021E+11,170 661,A01,1,1,0,9,0,1,5,NULL,2.021E+11,226 262,170 663,D01,1,1,3,1,1955,5,2,-1,-1,0,0,-1,2.021E+11,3,922,0,D,2,2,0,1,24,600,1,NULL,-1,1,0,1,70
2.021E+11,26,9,2021,10:00:00,1,60,60446,1,1,1,7,D922,"491,371,930,000","27,776,960,000",2.021E+11,170 660,C01,1,1,0,0,0,1,5,NULL,2.021E+11,226 262,170 663,D01,1,1,3,1,1955,5,2,-1,-1,0,0,-1,2.021E+11,3,922,0,D,2,2,0,1,24,600,1,NULL,-1,1,0,1,70
2.021E+11,8,9,2021,07:56:00,1,94,94003,2,1,1,6,VLADIMIR ILLITCH LENINE (AV),"488,105,600,000","23,305,300,000",2.021E+11,165 666,B01,1,1,1,0,3,17,5,NULL,2.021E+11,219 779,165 665,A01,1,1,1,1,1989,4,8,0,-1,-1,-1,-1,2.021E+11,3,VLADIMIR ILLITCH LENINE (AV),0,NULL,1,1,1,1,0,0,1,NULL,-1,1,0,1,50
2.021E+11,8,9,2021,07:56:00,1,94,94003,2,1,1,6,VLADIMIR ILLITCH LENINE (AV),"488,105,600,000","23,305,300,000",2.021E+11,165 666,B01,1,1,1,0,3,17,5,NULL,2.021E+11,219 780,165 666,B01,1,1,4,1,1980,1,8,0,-1,-1,-1,-1,2.021E+11,3,VLADIMIR ILLITCH LENINE (AV),0,NULL,1,1,1,1,0,0,1,NULL,-1,1,0,1,50
2.021E+11,6,9,2021,12:15:00,1,35,35238,2,1,1,2,SAINT-HELIER,"481,062,600,000","-16,674,400,000",2.021E+11,164 932,B01,0,1,0,2,1,21,0,NULL,2.021E+11,218 822,164 932,B01,1,1,4,1,1998,1,8,-1,-1,-1,-1,-1,2.021E+11,4,SAINT-HELIER,0,NULL,2,2,2,1,-1,-1,1,NULL,-1,1,0,5,30
2.021E+11,6,9,2021,12:15:00,1,35,35238,2,1,1,2,SAINT-HELIER,"481,062,600,000","-16,674,400,000",2.021E+11,164 932,B01,0,1,0,2,1,21,0,NULL,2.021E+11,218 823,164 933,A01,1,1,1,1,1976,1,1,-1,-1,-1,-1,-1,2.021E+11,4,SAINT-HELIER,0,NULL,2,2,2,1,-1,-1,1,NULL,-1,1,0,5,30
2.021E+11,4,9,2021,11:15:00,1,13,13015,2,3,1,3,AVENUE THIERS,"434,475,840,000","54,329,060,000",2.021E+11,164 481,B01,1,1,0,2,1,1,5,NULL,2.021E+11,218 217,164 480,C01,1,1,4,1,1970,5,2,-1,-1,0,0,-1,2.021E+11,7,60,-1,A,2,2,0,1,0,0,1,NULL,-1,1,5,1,50
2.021E+11,4,9,2021,11:15:00,1,13,13015,2,3,1,3,AVENUE THIERS,"434,475,840,000","54,329,060,000",2.021E+11,164 480,C01,2,1,0,9,1,1,5,NULL,2.021E+11,218 217,164 480,C01,1,1,4,1,1970,5,2,-1,-1,0,0,-1,2.021E+11,7,60,-1,A,2,2,0,1,0,0,1,NULL,-1,1,5,1,50
2.021E+11,4,9,2021,11:15:00,1,13,13015,2,3,1,3,AVENUE THIERS,"434,475,840,000","54,329,060,000",2.021E+11,164 481,B01,1,1,0,2,1,1,5,NULL,2.021E+11,218 218,164 481,B01,1,1,3,1,1966,5,2,-1,-1,0,0,-1,2.021E+11,7,60,-1,A,2,2,0,1,0,0,1,NULL,-1,1,5,1,50
2.021E+11,4,9,2021,11:15:00,1,13,13015,2,3,1,3,AVENUE THIERS,"434,475,840,000","54,329,060,000",2.021E+11,164 480,C01,2,1,0,9,1,1,5,NULL,2.021E+11,218 218,164 481,B01,1,1,3,1,1966,5,2,-1,-1,0,0,-1,2.021E+11,7,60,-1,A,2,2,0,1,0,0,1,NULL,-1,1,5,1,50
2.021E+11,4,9,2021,11:15:00,1,13,13015,2,3,1,3,AVENUE THIERS,"434,475,840,000","54,329,060,000",2.021E+11,164 481,B01,1,1,0,2,1,1,5,NULL,2.021E+11,218 219,164 482,A01,1,1,1,1,1939,5,1,-1,-1,0,0,-1,2.021E+11,7,60,-1,A,2,2,0,1,0,0,1,NULL,-1,1,5,1,50
2.021E+11,4,9,2021,11:15:00,1,13,13015,2,3,1,3,AVENUE THIERS,"434,475,840,000","54,329,060,000",2.021E+11,164 480,C01,2,1,0,9,1,1,5,NULL,2.021E+11,218 219,164 482,A01,1,1,1,1,1939,5,1,-1,-1,0,0,-1,2.021E+11,7,60,-1,A,2,2,0,1,0,0,1,NULL,-1,1,5,1,50
2.021E+11,1,9,2021,14:30:00,1,25,25320,1,2,1,3,Avenue de la Gare,"467,879,320,000","62,777,420,000",2.021E+11,163 170,B01,2,1,0,2,1,1,5,NULL,2.021E+11,216 493,163 170,B01,1,1,4,1,1945,5,2,-1,-1,0,0,-1,2.021E+11,3,D9,-1,NULL,2,2,0,1,68,635,1,NULL,-1,1,5,1,70
2.021E+11,1,9,2021,14:30:00,1,25,25320,1,2,1,3,Avenue de la Gare,"467,879,320,000","62,777,420,000",2.021E+11,163 170,B01,2,1,0,2,1,1,5,NULL,2.021E+11,216 494,163 171,A01,1,1,1,1,1981,0,1,-1,-1,0,0,-1,2.021E+11,3,D9,-1,NULL,2,2,0,1,68,635,1,NULL,-1,1,5,1,70
2.021E+11,27,5,2021,11:15:00,1,73,73002,1,1,1,1,D73,"455,320,900,000","63,067,320,000",2.021E+11,163 076,A01,2,1,4,2,1,1,5,NULL,2.021E+11,216 379,163 075,B01,1,1,1,2,1947,3,1,-1,-1,0,0,-1,2.021E+11,3,73,-1,NULL,2,2,0,2,4,360,4,NULL,-1,1,8,1,-1
2.021E+11,27,5,2021,11:15:00,1,73,73002,1,1,1,1,D73,"455,320,900,000","63,067,320,000",2.021E+11,163 076,A01,2,1,4,2,1,1,5,NULL,2.021E+11,216 380,163 076,A01,1,1,3,1,1976,5,2,-1,-1,0,0,-1,2.021E+11,3,73,-1,NULL,2,2,0,2,4,360,4,NULL,-1,1,8,1,-1
2.021E+11,27,8,2021,15:10:00,1,65,65226,1,1,1,1,D64,"432,409,654,402","0,0185206532",2.021E+11,162 439,B01,1,1,0,2,1,15,5,NULL,2.021E+11,215 527,162 438,A01,1,1,1,1,1961,5,1,-1,-1,0,0,-1,2.021E+11,3,DEPARTEMENTALE 64 (ROUTE),0,NULL,2,2,0,1,2,912,1,NULL,-1,1,0,1,50
2.021E+11,27,8,2021,15:10:00,1,65,65226,1,1,1,1,D64,"432,409,654,402","0,0185206532",2.021E+11,162 439,B01,1,1,0,2,1,15,5,NULL,2.021E+11,215 528,162 439,B01,1,1,4,2,2000,3,8,-1,-1,0,0,-1,2.021E+11,3,DEPARTEMENTALE 64 (ROUTE),0,NULL,2,2,0,1,2,912,1,NULL,-1,1,0,1,50
2.021E+11,25,8,2021,17:15:00,1,9,9122,2,1,1,7,CADIRAC (AVENUE DE),"429,568,180,000","16,035,440,000",2.021E+11,161 795,A01,2,1,0,0,1,1,5,NULL,2.021E+11,214 629,161 795,A01,1,1,3,1,1960,5,2,6,-1,-1,-1,-1,2.021E+11,3,CADIRAC (AVENUE DE),0,NULL,2,2,0,2,0,893,1,NULL,-1,1,9,1,30
2.021E+11,6,8,2021,15:40:00,1,33,33529,2,1,1,6,Rue du Port,"446,369,300,000","-11,445,900,000",2.021E+11,156 438,C01,1,1,0,2,8,1,5,NULL,2.021E+11,207 230,156 437,B01,1,1,4,2,1975,0,2,-1,-1,-1,-1,-1,2.021E+11,4,NULL,0,NULL,2,2,0,1,-1,-1,1,NULL,-1,1,0,1,50
2.021E+11,6,8,2021,15:40:00,1,33,33529,2,1,1,6,Rue du Port,"446,369,300,000","-11,445,900,000",2.021E+11,156 437,B01,1,1,0,2,8,1,5,NULL,2.021E+11,207 230,156 437,B01,1,1,4,2,1975,0,2,-1,-1,-1,-1,-1,2.021E+11,4,NULL,0,NULL,2,2,0,1,-1,-1,1,NULL,-1,1,0,1,50
2.021E+11,6,8,2021,15:40:00,1,33,33529,2,1,1,6,Rue du Port,"446,369,300,000","-11,445,900,000",2.021E+11,156 438,C01,1,1,0,2,8,1,5,NULL,2.021E+11,207 231,156 438,C01,1,1,4,2,2004,0,2,-1,-1,-1,-1,-1,2.021E+11,4,NULL,0,NULL,2,2,0,1,-1,-1,1,NULL,-1,1,0,1,50
2.021E+11,6,8,2021,15:40:00,1,33,33529,2,1,1,6,Rue du Port,"446,369,300,000","-11,445,900,000",2.021E+11,156 437,B01,1,1,0,2,8,1,5,NULL,2.021E+11,207 231,156 438,C01,1,1,4,2,2004,0,2,-1,-1,-1,-1,-1,2.021E+11,4,NULL,0,NULL,2,2,0,1,-1,-1,1,NULL,-1,1,0,1,50
2.021E+11,6,8,2021,15:40:00,1,33,33529,2,1,1,6,Rue du Port,"446,369,300,000","-11,445,900,000",2.021E+11,156 438,C01,1,1,0,2,8,1,5,NULL,2.021E+11,207 232,156 439,A01,1,1,1,1,1954,0,1,-1,-1,-1,-1,-1,2.021E+11,4,NULL,0,NULL,2,2,0,1,-1,-1,1,NULL,-1,1,0,1,50
2.021E+11,6,8,2021,15:40:00,1,33,33529,2,1,1,6,Rue du Port,"446,369,300,000","-11,445,900,000",2.021E+11,156 437,B01,1,1,0,2,8,1,5,NULL,2.021E+11,207 232,156 439,A01,1,1,1,1,1954,0,1,-1,-1,-1,-1,-1,2.021E+11,4,NULL,0,NULL,2,2,0,1,-1,-1,1,NULL,-1,1,0,1,50
2.021E+11,25,6,2021,18:50:00,1,59,59069,1,1,1,3,Départementale 114,"502,545,590,000","35,443,780,000",2.021E+11,152 284,A01,2,1,0,2,8,1,5,NULL,2.021E+11,201 457,152 283,B01,1,1,1,1,1937,0,1,-1,-1,0,0,-1,2.021E+11,3,114,-1,NULL,2,2,0,1,1,1,1,NULL,-1,1,0,1,80
2.021E+11,25,6,2021,18:50:00,1,59,59069,1,1,1,3,Départementale 114,"502,545,590,000","35,443,780,000",2.021E+11,152 284,A01,2,1,0,2,8,1,5,NULL,2.021E+11,201 458,152 284,A01,1,1,4,1,1988,5,2,-1,-1,0,0,-1,2.021E+11,3,114,-1,NULL,2,2,0,1,1,1,1,NULL,-1,1,0,1,80
2.021E+11,20,7,2021,19:45:00,1,37,37233,2,6,1,6,PAUL (RUE MARCEL),"473,949,811,924","0,7263194025",2.021E+11,152 135,B01,3,1,0,2,1,1,5,NULL,2.021E+11,201 268,152 134,A01,1,1,1,2,1944,1,1,8,-1,-1,-1,-1,2.021E+11,4,PAUL (RUE MARCEL),0,NULL,2,2,0,1,-1,-1,1,NULL,-1,1,0,1,50
2.021E+11,20,7,2021,19:45:00,1,37,37233,2,6,1,6,PAUL (RUE MARCEL),"473,949,811,924","0,7263194025",2.021E+11,152 135,B01,3,1,0,2,1,1,5,NULL,2.021E+11,201 269,152 135,B01,1,1,3,2,1968,1,8,0,-1,-1,-1,-1,2.021E+11,4,PAUL (RUE MARCEL),0,NULL,2,2,0,1,-1,-1,1,NULL,-1,1,0,1,50
2.021E+11,22,6,2021,13:41:00,1,6,6004,1,1,1,2,R.N.98 BORD DE MER SIESTA,"435,957,750,000","71,254,200,000",2.021E+11,144 018,B01,2,1,0,2,4,2,0,NULL,2.021E+11,190 173,144 017,A01,1,1,1,1,1975,5,1,0,-1,0,0,-1,2.021E+11,3,R.N.98 BORD DE MER SIESTA,0,NULL,2,2,2,1,24,948,1,NULL,-1,1,0,5,70
2.021E+11,22,6,2021,13:41:00,1,6,6004,1,1,1,2,R.N.98 BORD DE MER SIESTA,"435,957,750,000","71,254,200,000",2.021E+11,144 018,B01,2,1,0,2,4,2,0,NULL,2.021E+11,190 174,144 018,B01,1,1,3,1,1964,1,2,8,-1,0,0,-1,2.021E+11,3,R.N.98 BORD DE MER SIESTA,0,NULL,2,2,2,1,24,948,1,NULL,-1,1,0,5,70
2.021E+11,12,6,2021,11:50:00,1,83,83123,2,1,1,3,Quai Charles de Gaulle,"431,177,200,000","58,008,800,000",2.021E+11,142 710,B01,2,1,0,2,8,1,5,NULL,2.021E+11,188 519,142 710,B01,1,1,4,1,1960,0,2,8,-1,-1,-1,-1,2.021E+11,3,TOULON (ANCIEN CHEMIN DE),0,NULL,2,2,0,1,17,60,1,NULL,-1,1,0,1,50
2.021E+11,12,6,2021,11:50:00,1,83,83123,2,1,1,3,Quai Charles de Gaulle,"431,177,200,000","58,008,800,000",2.021E+11,142 710,B01,2,1,0,2,8,1,5,NULL,2.021E+11,188 520,142 711,A01,1,1,1,1,1988,4,1,8,-1,-1,-1,-1,2.021E+11,3,TOULON (ANCIEN CHEMIN DE),0,NULL,2,2,0,1,17,60,1,NULL,-1,1,0,1,50
2.021E+11,11,6,2021,17:30:00,1,51,51454,2,1,1,3,Rue Robert Sayen,"492,117,800,000","40,264,700,000",2.021E+11,139 142,B01,1,1,0,2,1,2,5,NULL,2.021E+11,183 800,139 142,B01,1,1,4,1,1987,1,2,6,-1,-1,-1,-1,2.021E+11,4,SAYEN (RUE ROBERT),0,NULL,2,2,0,2,-1,-1,1,NULL,-1,1,0,1,30
2.021E+11,11,6,2021,17:30:00,1,51,51454,2,1,1,3,Rue Robert Sayen,"492,117,800,000","40,264,700,000",2.021E+11,139 142,B01,1,1,0,2,1,2,5,NULL,2.021E+11,183 801,139 143,A01,1,1,1,1,1986,0,1,-1,-1,-1,-1,-1,2.021E+11,4,SAYEN (RUE ROBERT),0,NULL,2,2,0,2,-1,-1,1,NULL,-1,1,0,1,30
2.021E+11,11,6,2021,18:00:00,1,93,93039,2,1,1,3,SEINE (QUAI DE ),"489,370,600,000","23,425,600,000",2.021E+11,138 987,B01,3,1,0,2,8,2,5,NULL,2.021E+11,183 610,138 986,A01,1,1,1,1,1988,1,1,0,-1,-1,-1,-1,2.021E+11,3,SEINE (QUAI DE ),0,NULL,-1,1,0,1,0,1,1,NULL,-1,1,0,1,50
2.021E+11,11,6,2021,18:00:00,1,93,93039,2,1,1,3,SEINE (QUAI DE ),"489,370,600,000","23,425,600,000",2.021E+11,138 987,B01,3,1,0,2,8,2,5,NULL,2.021E+11,183 611,138 987,B01,1,1,4,1,1994,0,8,0,-1,-1,-1,-1,2.021E+11,3,SEINE (QUAI DE ),0,NULL,-1,1,0,1,0,1,1,NULL,-1,1,0,1,50
2.021E+11,9,6,2021,10:47:00,1,56,56260,2,6,1,3,CLISCOUET (GIRATOIRE),"476,399,200,000","-27,693,000,000",2.021E+11,138 685,B01,3,1,0,2,7,1,5,NULL,2.021E+11,183 191,138 684,A01,1,1,1,2,1976,3,1,0,-1,-1,-1,-1,2.021E+11,4,NULL,0,NULL,1,1,0,3,-1,-1,1,NULL,-1,1,5,1,50
2.021E+11,9,6,2021,10:47:00,1,56,56260,2,6,1,3,CLISCOUET (GIRATOIRE),"476,399,200,000","-27,693,000,000",2.021E+11,138 685,B01,3,1,0,2,7,1,5,NULL,2.021E+11,183 192,138 685,B01,1,1,3,1,1986,5,8,0,-1,-1,-1,-1,2.021E+11,4,NULL,0,NULL,1,1,0,3,-1,-1,1,NULL,-1,1,5,1,50
2.021E+11,6,6,2021,17:45:00,1,75,75111,2,4,1,3,AVENUE PHILIPPE AUGUSTE,"488,583,290,000","23,897,000,000",2.021E+11,137 154,A01,2,1,0,2,1,1,5,NULL,2.021E+11,181 245,137 154,A01,1,1,4,1,1991,9,8,0,-1,0,0,-1,2.021E+11,4,BOULEVARD DE CHARONNE,0,NULL,3,4,2,1,-1,-1,1,NULL,-1,1,0,1,50
2.021E+11,6,6,2021,17:45:00,1,75,75111,2,4,1,3,AVENUE PHILIPPE AUGUSTE,"488,583,290,000","23,897,000,000",2.021E+11,137 154,A01,2,1,0,2,1,1,5,NULL,2.021E+11,181 246,137 155,B01,1,1,1,1,1984,5,1,0,-1,0,0,-1,2.021E+11,4,BOULEVARD DE CHARONNE,0,NULL,3,4,2,1,-1,-1,1,NULL,-1,1,0,1,50
2.021E+11,30,5,2021,15:30:00,1,77,77005,1,1,1,1,D45,"489,223,550,000","27,242,020,000",2.021E+11,134 287,B01,1,1,0,2,1,1,5,NULL,2.021E+11,177 484,134 287,B01,1,1,4,1,1977,5,2,-1,-1,0,0,-1,2.021E+11,3,45,0,NULL,2,2,0,1,6,621,1,NULL,-1,1,0,1,70
2.021E+11,30,5,2021,15:30:00,1,77,77005,1,1,1,1,D45,"489,223,550,000","27,242,020,000",2.021E+11,134 287,B01,1,1,0,2,1,1,5,NULL,2.021E+11,177 485,134 288,A01,2,2,1,2,2002,0,1,-1,-1,0,0,-1,2.021E+11,3,45,0,NULL,2,2,0,1,6,621,1,NULL,-1,1,0,1,70
2.021E+11,30,5,2021,15:30:00,1,77,77005,1,1,1,1,D45,"489,223,550,000","27,242,020,000",2.021E+11,134 287,B01,1,1,0,2,1,1,5,NULL,2.021E+11,177 486,134 288,A01,1,1,1,1,2005,0,1,-1,-1,0,0,-1,2.021E+11,3,45,0,NULL,2,2,0,1,6,621,1,NULL,-1,1,0,1,70
2.021E+11,30,5,2021,15:30:00,1,77,77005,1,1,1,1,D45,"489,223,550,000","27,242,020,000",2.021E+11,134 287,B01,1,1,0,2,1,1,5,NULL,2.021E+11,177 487,134 288,A01,5,2,1,1,2006,0,1,-1,-1,0,0,-1,2.021E+11,3,45,0,NULL,2,2,0,1,6,621,1,NULL,-1,1,0,1,70
2.021E+11,30,5,2021,15:30:00,1,77,77005,1,1,1,1,D45,"489,223,550,000","27,242,020,000",2.021E+11,134 287,B01,1,1,0,2,1,1,5,NULL,2.021E+11,177 488,134 288,A01,4,2,1,2,2002,0,1,-1,-1,0,0,-1,2.021E+11,3,45,0,NULL,2,2,0,1,6,621,1,NULL,-1,1,0,1,70
2.021E+11,30,5,2021,15:30:00,1,77,77005,1,1,1,1,D45,"489,223,550,000","27,242,020,000",2.021E+11,134 287,B01,1,1,0,2,1,1,5,NULL,2.021E+11,177 489,134 288,A01,3,2,1,1,2005,0,1,-1,-1,0,0,-1,2.021E+11,3,45,0,NULL,2,2,0,1,6,621,1,NULL,-1,1,0,1,70