Num_Acc,jour,mois,an,hrmn,lum,dep,com,agg,int,atm,col,adr,lat,long,Num_Acc,id_vehicule,num_veh,senc,catv,obs,obsm,choc,manv,motor,occutc,Num_Acc,id_usager,id_vehicule,num_veh,place,catu,grav,sexe,an_nais,trajet,secu1,secu2,secu3,locp,actp,etatp,Num_Acc,catr,voie,v1,v2,circ,nbv,vosp,prof,pr,pr1,plan,lartpc,larrout,surf,infra,situ,vma
2.021E+11,21,5,2021,08:35:00,1,92,92073,2,1,1,3,FUSILLES DE LA RESISTANCE 1940-1945 (ROU,"488,787,202,496","22,174,036,503",2.021E+11,131 935,B01,1,1,0,2,1,17,0,NULL,2.021E+11,174 398,131 935,B01,1,1,4,1,1973,1,2,0,-1,-1,-1,-1,2.021E+11,3,NULL,0,NULL,2,2,0,2,1,0,1,NULL,-1,1,0,1,50
2.021E+11,21,5,2021,08:35:00,1,92,92073,2,1,1,3,FUSILLES DE LA RESISTANCE 1940-1945 (ROU,"488,787,202,496","22,174,036,503",2.021E+11,131 935,B01,1,1,0,2,1,17,0,NULL,2.021E+11,174 399,131 936,A01,1,1,1,1,1992,1,1,0,-1,-1,-1,-1,2.021E+11,3,NULL,0,NULL,2,2,0,2,1,0,1,NULL,-1,1,0,1,50
2.021E+11,19,5,2021,15:15:00,1,974,97416,2,6,1,3,DONAT (AVENUE LUC),"-213,385,000,000","554,586,000,000",2.021E+11,131 451,B01,3,1,0,2,1,15,5,NULL,2.021E+11,173 774,131 450,A01,1,1,1,1,1972,0,1,0,-1,-1,-1,-1,2.021E+11,4,HUBERT DE LISLE(BOULEVARD),0,NULL,2,2,0,1,0,0,2,NULL,-1,1,5,1,50
2.021E+11,19,5,2021,15:15:00,1,974,97416,2,6,1,3,DONAT (AVENUE LUC),"-213,385,000,000","554,586,000,000",2.021E+11,131 451,B01,3,1,0,2,1,15,5,NULL,2.021E+11,173 775,131 451,B01,1,1,4,2,1968,5,8,0,-1,-1,-1,-1,2.021E+11,4,HUBERT DE LISLE(BOULEVARD),0,NULL,2,2,0,1,0,0,2,NULL,-1,1,5,1,50
2.021E+11,17,5,2021,13:14:00,1,72,72181,2,1,2,2,EDISON THOMAS (RUE),"480,248,000,000","0,1790900000",2.021E+11,130 868,B01,1,1,0,2,1,1,0,NULL,2.021E+11,173 027,130 868,B01,1,1,4,1,1965,0,8,0,-1,-1,-1,-1,2.021E+11,4,EDISON THOMAS (RUE),0,NULL,2,2,2,1,0,0,1,NULL,-1,2,0,5,50
2.021E+11,17,5,2021,13:14:00,1,72,72181,2,1,2,2,EDISON THOMAS (RUE),"480,248,000,000","0,1790900000",2.021E+11,130 868,B01,1,1,0,2,1,1,0,NULL,2.021E+11,173 028,130 869,A01,1,1,4,2,1997,0,1,0,-1,-1,-1,-1,2.021E+11,4,EDISON THOMAS (RUE),0,NULL,2,2,2,1,0,0,1,NULL,-1,2,0,5,50
2.021E+11,10,5,2021,14:15:00,1,974,97411,2,1,1,3,MOUFIA (ROUTE DE),"-208,972,800,000","554,914,000,000",2.021E+11,129 321,B01,0,1,0,2,1,2,5,NULL,2.021E+11,170 949,129 320,A01,1,1,1,2,1956,9,1,0,-1,-1,-1,-1,2.021E+11,4,MOUFIA (ROUTE DE),0,NULL,2,2,0,2,0,0,1,NULL,-1,1,0,1,50
2.021E+11,10,5,2021,14:15:00,1,974,97411,2,1,1,3,MOUFIA (ROUTE DE),"-208,972,800,000","554,914,000,000",2.021E+11,129 321,B01,0,1,0,2,1,2,5,NULL,2.021E+11,170 950,129 321,B01,1,1,4,1,2003,0,0,-1,-1,0,0,-1,2.021E+11,4,MOUFIA (ROUTE DE),0,NULL,2,2,0,2,0,0,1,NULL,-1,1,0,1,50
2.021E+11,8,5,2021,09:45:00,1,68,68223,2,3,1,3,route du Gascnhey,"480,273,470,000","70,793,260,000",2.021E+11,128 883,B01,1,1,0,0,2,1,5,NULL,2.021E+11,170 368,128 883,B01,1,1,3,1,1952,5,2,-1,-1,0,0,-1,2.021E+11,3,310,0,NULL,2,2,0,2,0,790,1,NULL,4,1,0,1,50
2.021E+11,8,5,2021,09:45:00,1,68,68223,2,3,1,3,route du Gascnhey,"480,273,470,000","70,793,260,000",2.021E+11,128 883,B01,1,1,0,0,2,1,5,NULL,2.021E+11,170 369,128 884,A01,2,2,1,2,1970,5,1,-1,-1,0,0,-1,2.021E+11,3,310,0,NULL,2,2,0,2,0,790,1,NULL,4,1,0,1,50
2.021E+11,8,5,2021,09:45:00,1,68,68223,2,3,1,3,route du Gascnhey,"480,273,470,000","70,793,260,000",2.021E+11,128 883,B01,1,1,0,0,2,1,5,NULL,2.021E+11,170 370,128 884,A01,1,1,1,1,1971,5,1,-1,-1,0,0,-1,2.021E+11,3,310,0,NULL,2,2,0,2,0,790,1,NULL,4,1,0,1,50
2.021E+11,29,4,2021,13:35:00,1,17,17300,2,1,1,3,CARNOT   AVENUE,"461,645,400,000","-11,782,500,000",2.021E+11,126 473,B01,1,1,1,0,2,1,5,NULL,2.021E+11,167 206,126 473,B01,1,1,4,2,1943,5,8,0,-1,-1,-1,-1,2.021E+11,4,CARNOT   AVENUE,0,NULL,2,4,1,1,-1,-1,1,NULL,-1,1,0,1,50
2.021E+11,29,4,2021,13:35:00,1,17,17300,2,1,1,3,CARNOT   AVENUE,"461,645,400,000","-11,782,500,000",2.021E+11,126 473,B01,1,1,1,0,2,1,5,NULL,2.021E+11,167 207,126 474,A01,1,1,1,1,1974,4,8,8,-1,-1,-1,-1,2.021E+11,4,CARNOT   AVENUE,0,NULL,2,4,1,1,-1,-1,1,NULL,-1,1,0,1,50
2.021E+11,18,4,2021,10:00:00,1,29,29103,2,6,1,3,Rue du Roual,"484,385,680,000","-42,683,550,000",2.021E+11,124 609,A01,1,1,0,2,1,1,5,NULL,2.021E+11,164 834,124 609,A01,1,1,4,1,1967,5,2,-1,-1,0,0,-1,2.021E+11,3,29,0,A,1,2,0,2,-1,-1,1,NULL,-1,1,5,1,50
2.021E+11,18,4,2021,10:00:00,1,29,29103,2,6,1,3,Rue du Roual,"484,385,680,000","-42,683,550,000",2.021E+11,124 609,A01,1,1,0,2,1,1,5,NULL,2.021E+11,164 835,124 610,B01,1,1,1,2,1982,4,1,-1,-1,0,0,-1,2.021E+11,3,29,0,A,1,2,0,2,-1,-1,1,NULL,-1,1,5,1,50
2.021E+11,9,4,2021,10:10:00,1,69,69386,2,2,1,6,SULLY (R),"457,714,407,660","48,519,980,907",2.021E+11,122 112,A01,2,1,0,1,1,1,5,NULL,2.021E+11,161 604,122 112,A01,10,3,4,2,1957,5,0,-1,-1,3,3,1,2.021E+11,4,SULLY                               (R ),0,NULL,1,2,1,1,-1,-1,1,NULL,-1,1,0,1,50
2.021E+11,9,4,2021,10:10:00,1,69,69386,2,2,1,6,SULLY (R),"457,714,407,660","48,519,980,907",2.021E+11,122 112,A01,2,1,0,1,1,1,5,NULL,2.021E+11,161 605,122 112,A01,1,1,1,1,1949,5,0,-1,-1,-1,-1,-1,2.021E+11,4,SULLY                               (R ),0,NULL,1,2,1,1,-1,-1,1,NULL,-1,1,0,1,50
2.021E+11,9,3,2021,07:55:00,1,71,71230,2,1,1,7,6 Rue Jean Mermoz,"466,008,210,000","40,504,570,000",2.021E+11,121 963,A01,2,1,0,0,0,0,5,NULL,2.021E+11,161 408,121 963,A01,1,1,4,1,2003,1,0,-1,-1,0,0,-1,2.021E+11,4,NULL,0,NULL,2,2,0,1,-1,-1,1,NULL,-1,1,0,1,50
2.021E+11,7,4,2021,08:50:00,1,35,35238,2,9,1,7,SOLFERINO (BD),"481,049,400,000","-16,671,000,000",2.021E+11,121 594,A01,0,1,0,0,1,2,5,NULL,2.021E+11,160 929,121 594,A01,1,1,4,1,1960,0,8,-1,-1,-1,-1,-1,2.021E+11,4,SOLFERINO (BD),0,NULL,2,2,0,1,-1,-1,1,NULL,-1,1,0,1,50
2.021E+11,8,4,2021,08:00:00,1,50,50531,1,1,1,2,D5,"486,835,090,000","-12,593,510,000",2.021E+11,121 465,B01,0,1,0,0,4,2,5,NULL,2.021E+11,160 766,121 465,B01,1,1,3,1,1951,5,2,6,-1,0,0,-1,2.021E+11,3,5,-1,NULL,2,2,0,1,7,614,1,NULL,-1,1,0,1,80
2.021E+11,8,4,2021,08:00:00,1,50,50531,1,1,1,2,D5,"486,835,090,000","-12,593,510,000",2.021E+11,121 465,B01,0,1,0,0,4,2,5,NULL,2.021E+11,160 767,121 466,A01,1,1,1,1,1995,4,1,-1,-1,0,0,-1,2.021E+11,3,5,-1,NULL,2,2,0,1,7,614,1,NULL,-1,1,0,1,80
2.021E+11,26,3,2021,12:30:00,1,32,32053,1,1,1,7,Cd 139,"433,890,200,000","0,6070380000",2.021E+11,118 329,A01,1,1,0,0,8,1,5,NULL,2.021E+11,156 681,118 329,A01,1,1,3,1,1934,5,0,-1,-1,0,0,-1,2.021E+11,3,139,-1,NULL,2,2,0,1,4,600,1,NULL,-1,1,0,1,80
2.021E+11,10,3,2021,10:00:00,1,83,83129,2,3,7,1,MONT SALVA (CHEMIN DU),"430,715,900,000","58,086,700,000",2.021E+11,115 529,A01,1,1,0,2,1,15,0,NULL,2.021E+11,153 078,115 529,A01,1,1,4,1,1959,5,2,-1,-1,-1,-1,-1,2.021E+11,4,MONT SALVA (CHEMIN DU),0,NULL,2,1,0,1,0,0,2,NULL,-1,1,0,1,30
2.021E+11,10,3,2021,10:00:00,1,83,83129,2,3,7,1,MONT SALVA (CHEMIN DU),"430,715,900,000","58,086,700,000",2.021E+11,115 529,A01,1,1,0,2,1,15,0,NULL,2.021E+11,153 079,115 530,B01,1,1,1,1,1948,0,1,8,-1,-1,-1,-1,2.021E+11,4,MONT SALVA (CHEMIN DU),0,NULL,2,1,0,1,0,0,2,NULL,-1,1,0,1,30
2.021E+11,24,2,2021,14:00:00,1,974,97416,1,1,1,3,Chemin Neuf,"-212,914,100,000","554,708,000,000",2.021E+11,111 794,B01,1,1,0,2,1,13,6,NULL,2.021E+11,148 278,111 793,A01,1,1,1,1,1972,0,1,0,-1,-1,-1,-1,2.021E+11,4,NEUF (CHEMIN),0,NULL,2,-1,0,2,0,0,2,NULL,-1,1,0,1,50
2.021E+11,24,2,2021,14:00:00,1,974,97416,1,1,1,3,Chemin Neuf,"-212,914,100,000","554,708,000,000",2.021E+11,111 794,B01,1,1,0,2,1,13,6,NULL,2.021E+11,148 279,111 794,B01,1,1,4,1,1971,0,8,0,-1,-1,-1,-1,2.021E+11,4,NEUF (CHEMIN),0,NULL,2,-1,0,2,0,0,2,NULL,-1,1,0,1,50
2.021E+11,23,2,2021,08:35:00,1,33,33009,2,6,7,3,Boulevard Mestrezat,"446,536,100,000","-11,467,500,000",2.021E+11,111 488,B01,2,1,0,2,2,1,5,NULL,2.021E+11,147 907,111 488,B01,1,1,3,1,1954,0,8,-1,-1,-1,-1,-1,2.021E+11,3,MESTREZAT (BD),0,NULL,2,3,1,1,18,900,2,NULL,-1,1,-1,1,50
2.021E+11,23,2,2021,08:35:00,1,33,33009,2,6,7,3,Boulevard Mestrezat,"446,536,100,000","-11,467,500,000",2.021E+11,111 488,B01,2,1,0,2,2,1,5,NULL,2.021E+11,147 908,111 489,A01,1,1,1,1,1936,0,1,-1,-1,-1,-1,-1,2.021E+11,3,MESTREZAT (BD),0,NULL,2,3,1,1,18,900,2,NULL,-1,1,-1,1,50
2.021E+11,21,2,2021,16:35:00,1,69,69208,1,2,1,3,D19,"458,743,520,000","46,038,270,000",2.021E+11,111 163,B01,0,1,0,2,7,26,5,NULL,2.021E+11,147 486,111 162,A01,1,1,1,1,1964,5,1,-1,-1,0,0,-1,2.021E+11,3,19,0,D,2,2,0,1,9,500,2,NULL,-1,1,0,1,50
2.021E+11,21,2,2021,16:35:00,1,69,69208,1,2,1,3,D19,"458,743,520,000","46,038,270,000",2.021E+11,111 163,B01,0,1,0,2,7,26,5,NULL,2.021E+11,147 487,111 163,B01,1,1,3,1,2011,5,0,-1,-1,0,0,-1,2.021E+11,3,19,0,D,2,2,0,1,9,500,2,NULL,-1,1,0,1,50
2.021E+11,28,1,2021,14:10:00,1,973,97302,2,1,1,3,ZEPHIR (ROCADE),"49,335,500,000","-523,092,500,000",2.021E+11,106 417,B01,1,1,0,2,1,19,0,NULL,2.021E+11,141 316,106 416,A01,1,1,1,2,1972,0,1,0,-1,-1,-1,-1,2.021E+11,3,ZEPHIR (ROCADE),0,NULL,2,2,0,1,2,600,1,NULL,-1,1,0,1,50
2.021E+11,28,1,2021,14:10:00,1,973,97302,2,1,1,3,ZEPHIR (ROCADE),"49,335,500,000","-523,092,500,000",2.021E+11,106 417,B01,1,1,0,2,1,19,0,NULL,2.021E+11,141 317,106 417,B01,1,1,4,2,1997,0,8,0,-1,-1,-1,-1,2.021E+11,3,ZEPHIR (ROCADE),0,NULL,2,2,0,1,2,600,1,NULL,-1,1,0,1,50
2.021E+11,15,1,2021,15:00:00,1,51,51662,2,3,1,3, Place Chante Reine,"492,947,566,128","41,249,895,544",2.021E+11,103 830,B01,2,1,0,2,1,1,5,NULL,2.021E+11,137 783,103 830,B01,1,1,4,1,1997,5,2,9,-1,0,0,-1,2.021E+11,4,NULL,-1,NULL,2,2,0,2,-1,-1,1,NULL,-1,1,0,1,50
2.021E+11,15,1,2021,15:00:00,1,51,51662,2,3,1,3, Place Chante Reine,"492,947,566,128","41,249,895,544",2.021E+11,103 830,B01,2,1,0,2,1,1,5,NULL,2.021E+11,137 784,103 831,A01,1,1,1,2,1990,5,1,-1,-1,0,0,-1,2.021E+11,4,NULL,-1,NULL,2,2,0,2,-1,-1,1,NULL,-1,1,0,1,50
2.021E+11,12,1,2021,17:09:00,2,49,49007,2,1,1,7,ESTIENNE D'ORVES BOULEVARD,"474,597,530,994"," -0,5204636418",2.021E+11,103 188,A01,1,1,0,0,0,1,5,NULL,2.021E+11,136 928,103 188,A01,1,1,4,2,1998,1,8,0,-1,-1,-1,-1,2.021E+11,4,ESTIENNE D'ORVES BOULEVARD,0,NULL,-1,2,0,1,1,0,1,NULL,-1,1,0,1,50
2.021E+11,1,11,2021,17:25:00,2,17,17300,2,9,3,1,SARTRE   AVENUE JEAN-PAUL,"461,529,600,000","-11,369,100,000",2.021E+11,184 199,B01,2,1,0,2,1,0,0,NULL,2.021E+11,244 033,184 199,B01,1,1,3,1,1990,5,2,-1,-1,-1,-1,-1,2.021E+11,4,SARTRE   AVENUE JEAN-PAUL,0,NULL,2,2,1,1,-1,-1,1,NULL,-1,2,0,8,50
2.021E+11,1,11,2021,17:25:00,2,17,17300,2,9,3,1,SARTRE   AVENUE JEAN-PAUL,"461,529,600,000","-11,369,100,000",2.021E+11,184 199,B01,2,1,0,2,1,0,0,NULL,2.021E+11,244 034,184 200,A01,1,1,1,1,1988,5,2,6,-1,-1,-1,-1,2.021E+11,4,SARTRE   AVENUE JEAN-PAUL,0,NULL,2,2,1,1,-1,-1,1,NULL,-1,2,0,8,50
2.021E+11,26,10,2021,20:15:00,5,94,94011,2,9,1,3,Avenue de Paris,"487,757,910,000","24,802,210,000",2.021E+11,182 520,B01,1,1,0,2,0,1,5,NULL,2.021E+11,241 686,182 520,B01,1,1,4,2,1975,9,8,0,-1,-1,-1,-1,2.021E+11,3,PARIS(AVENUE DE),0,NULL,2,2,1,1,1,0,1,NULL,-1,1,0,5,50
2.021E+11,26,10,2021,20:15:00,5,94,94011,2,9,1,3,Avenue de Paris,"487,757,910,000","24,802,210,000",2.021E+11,182 520,B01,1,1,0,2,0,1,5,NULL,2.021E+11,241 687,182 521,A01,1,1,1,1,1976,4,1,0,-1,-1,-1,-1,2.021E+11,3,PARIS(AVENUE DE),0,NULL,2,2,1,1,1,0,1,NULL,-1,1,0,5,50
2.021E+11,20,10,2021,12:40:00,1,75,75112,2,3,8,2,BOULEVARD DE PICPUS,"488,465,200,000","24,002,000,000",2.021E+11,180 174,B01,1,1,0,2,7,9,5,NULL,2.021E+11,238 640,180 173,A01,1,1,1,2,1962,5,1,0,-1,0,0,-1,2.021E+11,4,BOULEVARD DE PICPUS,0,NULL,1,2,1,1,-1,-1,1,NULL,-1,1,0,1,50
2.021E+11,20,10,2021,12:40:00,1,75,75112,2,3,8,2,BOULEVARD DE PICPUS,"488,465,200,000","24,002,000,000",2.021E+11,180 174,B01,1,1,0,2,7,9,5,NULL,2.021E+11,238 641,180 174,B01,1,1,4,2,1977,1,8,0,-1,0,0,-1,2.021E+11,4,BOULEVARD DE PICPUS,0,NULL,1,2,1,1,-1,-1,1,NULL,-1,1,0,1,50
2.021E+11,13,10,2021,14:00:00,1,37,37214,2,1,1,3,BERGSON (RUE HENRI),"474,121,442,112","0,6595250219",2.021E+11,178 026,B01,2,1,0,2,2,1,5,NULL,2.021E+11,235 821,178 026,B01,1,1,4,1,1982,5,2,4,-1,-1,-1,-1,2.021E+11,4,BERGSON (RUE HENRI),0,NULL,2,2,2,1,-1,-1,1,NULL,-1,1,0,1,30
2.021E+11,13,10,2021,14:00:00,1,37,37214,2,1,1,3,BERGSON (RUE HENRI),"474,121,442,112","0,6595250219",2.021E+11,178 026,B01,2,1,0,2,2,1,5,NULL,2.021E+11,235 822,178 027,A01,1,1,1,2,1944,5,1,4,-1,-1,-1,-1,2.021E+11,4,BERGSON (RUE HENRI),0,NULL,2,2,2,1,-1,-1,1,NULL,-1,1,0,1,30
2.021E+11,3,10,2021,00:15:00,5,93,93048,2,1,2,3,Rue de Paris,"488,562,470,089","24,260,076,284",2.021E+11,174 235,B01,1,1,1,0,1,1,0,NULL,2.021E+11,230 947,174 235,B01,1,1,4,1,1991,4,8,0,-1,-1,-1,-1,2.021E+11,3,PARIS (RUE DE),0,NULL,2,2,0,1,0,1,1,NULL,-1,2,0,1,50
2.021E+11,3,10,2021,00:15:00,5,93,93048,2,1,2,3,Rue de Paris,"488,562,470,089","24,260,076,284",2.021E+11,174 235,B01,1,1,1,0,1,1,0,NULL,2.021E+11,230 948,174 236,A01,1,1,1,2,1981,5,8,0,-1,-1,-1,-1,2.021E+11,3,PARIS (RUE DE),0,NULL,2,2,0,1,0,1,1,NULL,-1,2,0,1,50
2.021E+11,1,10,2021,09:11:00,1,92,92076,2,1,1,3,SURESNES,"488,458,250,000","21,799,680,000",2.021E+11,173 471,A01,0,1,0,2,8,13,5,NULL,2.021E+11,229 951,173 471,A01,1,1,4,2,1971,2,2,0,-1,-1,-1,-1,2.021E+11,4,NULL,0,NULL,2,1,0,1,0,0,1,NULL,-1,1,0,1,30
2.021E+11,1,10,2021,09:11:00,1,92,92076,2,1,1,3,SURESNES,"488,458,250,000","21,799,680,000",2.021E+11,173 471,A01,0,1,0,2,8,13,5,NULL,2.021E+11,229 952,173 472,B01,1,1,1,2,1973,1,1,0,-1,-1,-1,-1,2.021E+11,4,NULL,0,NULL,2,1,0,1,0,0,1,NULL,-1,1,0,1,30
2.021E+11,1,10,2021,10:55:00,1,34,34337,1,3,1,3,Cd 185,"435,379,400,000","38,643,980,000",2.021E+11,173 391,B01,2,1,0,2,1,0,5,NULL,2.021E+11,229 838,173 391,B01,1,1,3,1,1946,5,2,-1,-1,0,0,-1,2.021E+11,7,185,-1,NULL,-1,2,1,1,12,386,1,NULL,-1,1,0,5,70
2.021E+11,1,10,2021,10:55:00,1,34,34337,1,3,1,3,Cd 185,"435,379,400,000","38,643,980,000",2.021E+11,173 391,B01,2,1,0,2,1,0,5,NULL,2.021E+11,229 839,173 392,A01,1,1,1,1,1958,1,1,-1,-1,0,0,-1,2.021E+11,7,185,-1,NULL,-1,2,1,1,12,386,1,NULL,-1,1,0,5,70
2.021E+11,20,9,2021,13:15:00,1,974,97416,2,1,1,2,CHARITE (RUE DE LA),"-213,332,900,000","554,752,600,000",2.021E+11,169 821,B01,1,1,0,2,6,1,5,NULL,2.021E+11,225 186,169 820,A01,1,1,1,2,1955,9,1,8,-1,-1,-1,-1,2.021E+11,4,CHARITE (RUE DE LA),0,NULL,1,1,0,1,0,0,1,NULL,-1,1,0,1,50
2.021E+11,20,9,2021,13:15:00,1,974,97416,2,1,1,2,CHARITE (RUE DE LA),"-213,332,900,000","554,752,600,000",2.021E+11,169 821,B01,1,1,0,2,6,1,5,NULL,2.021E+11,225 187,169 821,B01,1,1,4,2,2006,0,8,8,-1,-1,-1,-1,2.021E+11,4,CHARITE (RUE DE LA),0,NULL,1,1,0,1,0,0,1,NULL,-1,1,0,1,50
2.021E+11,16,9,2021,15:20:00,1,58,58194,2,1,1,6,JONCTION (QUAI),"469,786,000,000","31,661,600,000",2.021E+11,169 740,B01,3,1,0,2,1,1,5,NULL,2.021E+11,225 085,169 739,A01,1,1,1,2,1991,1,1,0,-1,-1,-1,-1,2.021E+11,4,JONCTION (QUAI),0,NULL,2,2,0,1,0,0,1,NULL,-1,1,0,1,50
2.021E+11,16,9,2021,15:20:00,1,58,58194,2,1,1,6,JONCTION (QUAI),"469,786,000,000","31,661,600,000",2.021E+11,169 740,B01,3,1,0,2,1,1,5,NULL,2.021E+11,225 086,169 740,B01,1,1,3,1,1937,5,2,0,-1,-1,-1,-1,2.021E+11,4,JONCTION (QUAI),0,NULL,2,2,0,1,0,0,1,NULL,-1,1,0,1,50
2.021E+11,11,9,2021,01:30:00,5,10,10387,2,7,1,3,LA FONTAINE (RUE),"482,956,000,000","40,815,800,000",2.021E+11,166 768,A01,3,1,0,2,7,19,6,NULL,2.021E+11,221 191,166 768,A01,1,1,3,1,1999,5,2,0,-1,0,0,-1,2.021E+11,4,LA FONTAINE (RUE),0,NULL,1,1,0,1,-1,-1,1,NULL,-1,1,0,1,50
2.021E+11,11,9,2021,01:30:00,5,10,10387,2,7,1,3,LA FONTAINE (RUE),"482,956,000,000","40,815,800,000",2.021E+11,166 768,A01,3,1,0,2,7,19,6,NULL,2.021E+11,221 192,166 769,B01,1,1,1,1,1998,5,1,8,-1,0,0,-1,2.021E+11,4,LA FONTAINE (RUE),0,NULL,1,1,0,1,-1,-1,1,NULL,-1,1,0,1,50
2.021E+11,8,9,2021,09:00:00,1,59,59512,2,2,7,1,NOTTE (RUE JEAN BAPTISTE),"506,790,941,349","31,832,804,861",2.021E+11,165 749,B01,1,1,0,2,1,1,0,NULL,2.021E+11,219 880,165 749,B01,1,1,4,2,1981,9,2,8,-1,-1,-1,-1,2.021E+11,4,NOTTE (RUE JEAN BAPTISTE),0,NULL,2,2,0,1,0,0,1,NULL,-1,1,5,1,50
2.021E+11,8,9,2021,09:00:00,1,59,59512,2,2,7,1,NOTTE (RUE JEAN BAPTISTE),"506,790,941,349","31,832,804,861",2.021E+11,165 749,B01,1,1,0,2,1,1,0,NULL,2.021E+11,219 881,165 750,A01,1,1,1,1,1972,3,1,0,-1,-1,-1,-1,2.021E+11,4,NOTTE (RUE JEAN BAPTISTE),0,NULL,2,2,0,1,0,0,1,NULL,-1,1,5,1,50
2.021E+11,6,9,2021,09:55:00,1,51,51454,2,2,1,3,Rue Clovis Chezel,"492,415,999,633","40,352,492,439",2.021E+11,165 387,A01,0,1,0,2,7,19,5,NULL,2.021E+11,219 410,165 387,A01,1,1,4,2,1948,0,8,-1,-1,-1,-1,-1,2.021E+11,4,CHEZEL (RUE CLOVIS),0,NULL,2,2,0,1,-1,-1,1,NULL,-1,1,0,1,50
2.021E+11,6,9,2021,09:55:00,1,51,51454,2,2,1,3,Rue Clovis Chezel,"492,415,999,633","40,352,492,439",2.021E+11,165 387,A01,0,1,0,2,7,19,5,NULL,2.021E+11,219 411,165 388,B01,1,1,1,1,1942,0,1,-1,-1,-1,-1,-1,2.021E+11,4,CHEZEL (RUE CLOVIS),0,NULL,2,2,0,1,-1,-1,1,NULL,-1,1,0,1,50
2.021E+11,1,9,2021,12:50:00,1,35,35238,2,1,1,6,HEVIN (PIERRE),"481,047,370,000","-16,915,940,000",2.021E+11,163 748,B01,0,1,1,0,1,1,0,NULL,2.021E+11,217 233,163 748,B01,1,1,4,2,1990,0,8,-1,-1,-1,-1,-1,2.021E+11,4,HEVIN (PIERRE),0,NULL,2,2,0,1,-1,-1,1,NULL,-1,1,0,1,50
2.021E+11,1,9,2021,12:50:00,1,35,35238,2,1,1,6,HEVIN (PIERRE),"481,047,370,000","-16,915,940,000",2.021E+11,163 748,B01,0,1,1,0,1,1,0,NULL,2.021E+11,217 234,163 749,A01,1,1,1,1,1982,0,8,-1,-1,-1,-1,-1,2.021E+11,4,HEVIN (PIERRE),0,NULL,2,2,0,1,-1,-1,1,NULL,-1,1,0,1,50
2.021E+11,1,9,2021,19:10:00,1,91,91223,1,1,1,7,CD63,"484,158,500,000","21,940,500,000",2.021E+11,163 724,A01,1,1,0,0,0,1,5,NULL,2.021E+11,217 200,163 724,A01,1,1,4,1,2005,0,8,8,-1,-1,-1,-1,2.021E+11,3,CD63,0,NULL,2,2,0,1,0,0,1,NULL,-1,1,0,1,80
2.021E+11,28,8,2021,22:15:00,5,17,17300,2,3,1,3,NORMANDIN   RUE EMILE,"461,495,000,000","-11,446,500,000",2.021E+11,162 133,B01,0,1,0,0,0,0,0,NULL,2.021E+11,215 089,162 132,A01,1,1,1,2,1969,1,1,0,-1,-1,-1,-1,2.021E+11,4,NORMANDIN   RUE EMILE,0,NULL,2,2,0,2,-1,-1,1,NULL,-1,1,0,5,30
2.021E+11,28,8,2021,22:15:00,5,17,17300,2,3,1,3,NORMANDIN   RUE EMILE,"461,495,000,000","-11,446,500,000",2.021E+11,162 133,B01,0,1,0,0,0,0,0,NULL,2.021E+11,215 090,162 133,B01,1,1,4,1,2015,9,8,0,-1,-1,-1,-1,2.021E+11,4,NORMANDIN   RUE EMILE,0,NULL,2,2,0,2,-1,-1,1,NULL,-1,1,0,5,30
2.021E+11,28,8,2021,10:55:00,1,92,92046,2,1,1,7,ETIENNE DOLET (RUE),"488,164,805,186","22,973,200,679",2.021E+11,162 078,A01,2,1,0,0,6,1,6,NULL,2.021E+11,215 017,162 078,A01,5,2,4,1,2015,5,2,8,-1,-1,-1,-1,2.021E+11,4,ETIENNE DOLET (RUE),0,NULL,2,1,0,1,0,0,1,NULL,-1,1,0,1,30
2.021E+11,28,8,2021,10:55:00,1,92,92046,2,1,1,7,ETIENNE DOLET (RUE),"488,164,805,186","22,973,200,679",2.021E+11,162 078,A01,2,1,0,0,6,1,6,NULL,2.021E+11,215 018,162 078,A01,1,1,1,1,1976,5,8,0,-1,-1,-1,-1,2.021E+11,4,ETIENNE DOLET (RUE),0,NULL,2,1,0,1,0,0,1,NULL,-1,1,0,1,30
2.021E+11,25,8,2021,18:00:00,1,67,67482,2,1,1,3,MARECHAL LEFEBVRE (RUE DU),"485,608,600,000","77,424,700,000",2.021E+11,161 571,B01,2,1,0,2,0,1,5,NULL,2.021E+11,214 316,161 570,A01,1,1,1,1,1992,5,1,8,-1,-1,-1,-1,2.021E+11,4,NULL,0,NULL,2,2,0,1,0,0,1,NULL,-1,1,0,1,50
2.021E+11,25,8,2021,18:00:00,1,67,67482,2,1,1,3,MARECHAL LEFEBVRE (RUE DU),"485,608,600,000","77,424,700,000",2.021E+11,161 571,B01,2,1,0,2,0,1,5,NULL,2.021E+11,214 317,161 571,B01,1,1,4,1,1992,1,8,0,-1,-1,-1,-1,2.021E+11,4,NULL,0,NULL,2,2,0,1,0,0,1,NULL,-1,1,0,1,50
2.021E+11,12,8,2021,17:30:00,1,38,38115,1,1,1,3,LES CADORATS,"449,651,320,000","56,378,320,000",2.021E+11,158 155,A01,2,1,0,2,8,10,5,NULL,2.021E+11,209 617,158 154,B01,1,1,1,2,1967,5,1,-1,-1,0,0,-1,2.021E+11,3,1075,-1,NULL,2,2,0,1,116,500,1,NULL,-1,1,0,1,70