Num_Acc,jour,mois,an,hrmn,lum,dep,com,agg,int,atm,col,adr,lat,long,Num_Acc,id_vehicule,num_veh,senc,catv,obs,obsm,choc,manv,motor,occutc,Num_Acc,id_usager,id_vehicule,num_veh,place,catu,grav,sexe,an_nais,trajet,secu1,secu2,secu3,locp,actp,etatp,Num_Acc,catr,voie,v1,v2,circ,nbv,vosp,prof,pr,pr1,plan,lartpc,larrout,surf,infra,situ,vma
2.021E+11,8,1,2021,16:50:00,1,26,26198,2,1,1,3,18  Avenue de Gournier,"445,326,000,000","47,392,000,000",2.021E+11,102 348,B01,2,1,0,2,1,5,5,NULL,2.021E+11,135 807,102 348,B01,1,1,4,1,2004,9,2,-1,-1,0,0,-1,2.021E+11,2,7,0,NULL,2,3,0,1,92,549,1,NULL,-1,1,0,1,70
2.021E+11,20,10,2021,09:15:00,1,33,33200,2,6,1,3,Avenue des Satellites,"448,588,900,000"," -0,6728900000",2.021E+11,180 215,B01,3,1,0,2,1,2,5,NULL,2.021E+11,238 697,180 215,B01,1,1,4,1,1982,1,0,-1,-1,-1,-1,-1,2.021E+11,4,RUE DES SATELLITES,0,NULL,2,2,0,1,-1,-1,1,NULL,-1,1,9,8,50
2.021E+11,20,10,2021,09:15:00,1,33,33200,2,6,1,3,Avenue des Satellites,"448,588,900,000"," -0,6728900000",2.021E+11,180 215,B01,3,1,0,2,1,2,5,NULL,2.021E+11,238 698,180 216,A01,1,1,1,1,1977,1,1,-1,-1,-1,-1,-1,2.021E+11,4,RUE DES SATELLITES,0,NULL,2,2,0,1,-1,-1,1,NULL,-1,1,9,8,50
2.021E+11,19,9,2021,19:45:00,1,60,60057,2,1,1,6,Rue Gambetta,"494,330,432,787","20,847,279,131",2.021E+11,169 456,A01,1,1,0,1,1,1,5,NULL,2.021E+11,224 717,169 456,A01,10,3,4,1,1952,3,0,-1,-1,5,9,1,2.021E+11,4,GAMBETTA (RUE),0,NULL,-1,0,0,1,-1,-1,1,NULL,-1,1,6,4,30
2.021E+11,19,9,2021,19:45:00,1,60,60057,2,1,1,6,Rue Gambetta,"494,330,432,787","20,847,279,131",2.021E+11,169 456,A01,1,1,0,1,1,1,5,NULL,2.021E+11,224 718,169 456,A01,1,1,1,1,1998,5,8,0,-1,-1,-1,-1,2.021E+11,4,GAMBETTA (RUE),0,NULL,-1,0,0,1,-1,-1,1,NULL,-1,1,6,4,30
2.021E+11,7,9,2021,14:55:00,1,27,27229,2,1,1,7,SEMARD (RUE PIERRE),"490,163,000,000","11,622,800,000",2.021E+11,165 347,A01,3,1,9,0,1,1,5,NULL,2.021E+11,219 360,165 347,A01,1,1,4,1,1993,5,2,6,-1,0,0,-1,2.021E+11,4,SAINT ANDRE (ROUTE DE),0,NULL,2,2,0,2,-1,-1,3,NULL,-1,1,0,4,50
2.021E+11,29,8,2021,22:16:00,3,77,77327,1,1,1,1,D619,"485,715,670,000","29,995,890,000",2.021E+11,162 280,B01,1,1,0,2,1,14,5,NULL,2.021E+11,215 302,162 279,A01,1,1,1,2,2000,3,1,-1,-1,0,0,-1,2.021E+11,3,619,-1,NULL,2,2,0,1,36,0,1,NULL,-1,1,0,1,80
2.021E+11,29,8,2021,22:16:00,3,77,77327,1,1,1,1,D619,"485,715,670,000","29,995,890,000",2.021E+11,162 280,B01,1,1,0,2,1,14,5,NULL,2.021E+11,215 303,162 280,B01,1,1,3,1,1977,5,0,-1,-1,0,0,-1,2.021E+11,3,619,-1,NULL,2,2,0,1,36,0,1,NULL,-1,1,0,1,80
2.021E+11,23,8,2021,11:36:00,1,3,3024,1,1,1,6,21 Lieu Dit les Rebourgeons,"463,334,800,000","37,116,570,000",2.021E+11,160 588,A01,2,1,0,9,1,1,5,NULL,2.021E+11,213 011,160 588,A01,1,1,3,2,1952,5,2,-1,-1,0,0,-1,2.021E+11,3,124,0,NULL,2,2,0,2,13,180,1,NULL,-1,1,0,1,90
2.021E+11,20,8,2021,18:06:00,1,10,10333,2,6,7,3,ECHENILLY (RUE),"482,780,600,000","40,384,100,000",2.021E+11,159 960,A01,1,1,0,2,7,26,5,NULL,2.021E+11,212 149,159 960,A01,1,1,3,1,1957,5,2,6,-1,-1,-1,-1,2.021E+11,3,ECHENILLY (RUE),0,NULL,1,2,1,1,1,450,2,NULL,-1,1,0,1,50
2.021E+11,20,8,2021,18:06:00,1,10,10333,2,6,7,3,ECHENILLY (RUE),"482,780,600,000","40,384,100,000",2.021E+11,159 960,A01,1,1,0,2,7,26,5,NULL,2.021E+11,212 150,159 961,B01,1,1,1,1,1960,5,1,0,-1,-1,-1,-1,2.021E+11,3,ECHENILLY (RUE),0,NULL,1,2,1,1,1,450,2,NULL,-1,1,0,1,50
2.021E+11,24,7,2021,12:50:00,1,56,56204,1,1,2,1,Keriolas,"478,931,560,000","-27,528,560,000",2.021E+11,152 706,B01,2,1,0,2,1,1,5,NULL,2.021E+11,202 026,152 706,B01,1,1,4,1,1988,0,0,-1,-1,0,0,-1,2.021E+11,3,150,0,NULL,2,2,0,2,22,70,3,NULL,-1,2,0,1,80
2.021E+11,24,7,2021,12:50:00,1,56,56204,1,1,2,1,Keriolas,"478,931,560,000","-27,528,560,000",2.021E+11,152 706,B01,2,1,0,2,1,1,5,NULL,2.021E+11,202 027,152 707,A01,1,1,1,2,1961,5,1,-1,-1,0,0,-1,2.021E+11,3,150,0,NULL,2,2,0,2,22,70,3,NULL,-1,2,0,1,80
2.021E+11,5,7,2021,13:35:00,1,56,56121,2,2,1,3,INDES ( QUAI DES ),"477,451,900,000","-33,585,400,000",2.021E+11,148 565,B01,3,1,0,2,0,1,5,NULL,2.021E+11,196 287,148 564,A01,1,1,1,1,1969,4,1,8,-1,-1,-1,-1,2.021E+11,4,INDES ( QUAI DES ),0,NULL,2,2,0,1,-1,-1,1,NULL,-1,1,0,1,30
2.021E+11,5,7,2021,13:35:00,1,56,56121,2,2,1,3,INDES ( QUAI DES ),"477,451,900,000","-33,585,400,000",2.021E+11,148 565,B01,3,1,0,2,0,1,5,NULL,2.021E+11,196 288,148 565,B01,1,1,4,2,2001,5,8,8,-1,-1,-1,-1,2.021E+11,4,INDES ( QUAI DES ),0,NULL,2,2,0,1,-1,-1,1,NULL,-1,1,0,1,30
2.021E+11,29,6,2021,17:00:00,1,31,31555,2,1,1,3,BD DE L EMBOUCHURE,"436,117,910,000","14,220,910,000",2.021E+11,145 093,A01,1,1,0,2,7,19,6,NULL,2.021E+11,191 653,145 093,A01,1,1,3,1,1971,9,8,0,-1,-1,-1,-1,2.021E+11,4,BD DE L EMBOUCHURE,0,NULL,1,4,3,1,-1,-1,1,NULL,-1,1,0,1,50
2.021E+11,29,6,2021,17:00:00,1,31,31555,2,1,1,3,BD DE L EMBOUCHURE,"436,117,910,000","14,220,910,000",2.021E+11,145 093,A01,1,1,0,2,7,19,6,NULL,2.021E+11,191 654,145 094,B01,1,1,1,1,1998,1,2,6,-1,-1,-1,-1,2.021E+11,4,BD DE L EMBOUCHURE,0,NULL,1,4,3,1,-1,-1,1,NULL,-1,1,0,1,50
2.021E+11,18,6,2021,17:25:00,1,31,31291,2,1,1,6,Avenue Carreli,"436,063,130,000","12,311,550,000",2.021E+11,141 895,A01,3,1,0,1,1,1,5,NULL,2.021E+11,187 390,141 895,A01,1,1,1,1,1958,5,8,-1,-1,0,0,-1,2.021E+11,4,NULL,0,NULL,2,1,0,1,-1,-1,1,NULL,3,1,0,1,50
2.021E+11,18,6,2021,17:25:00,1,31,31291,2,1,1,6,Avenue Carreli,"436,063,130,000","12,311,550,000",2.021E+11,141 895,A01,3,1,0,1,1,1,5,NULL,2.021E+11,187 391,141 895,A01,10,3,4,2,2009,2,0,-1,-1,1,4,1,2.021E+11,4,NULL,0,NULL,2,1,0,1,-1,-1,1,NULL,3,1,0,1,50
2.021E+11,10,6,2021,20:28:00,2,75,75110,2,2,1,3,RUE DE CHABROL,"488,773,590,000","23,496,320,000",2.021E+11,138 575,B01,0,1,0,2,7,1,5,NULL,2.021E+11,183 050,138 575,B01,1,1,4,1,1992,9,2,0,-1,0,0,-1,2.021E+11,4,RUE DE CHABROL,0,NULL,2,2,0,2,-1,-1,1,NULL,-1,1,0,1,30
2.021E+11,10,6,2021,20:28:00,2,75,75110,2,2,1,3,RUE DE CHABROL,"488,773,590,000","23,496,320,000",2.021E+11,138 575,B01,0,1,0,2,7,1,5,NULL,2.021E+11,183 051,138 576,A01,1,1,1,1,1961,1,1,0,-1,0,0,-1,2.021E+11,4,RUE DE CHABROL,0,NULL,2,2,0,2,-1,-1,1,NULL,-1,1,0,1,30
2.021E+11,9,6,2021,23:33:00,5,75,75108,2,2,1,3,BOULEVARD DES BATIGNOLLES,"488,822,200,000","23,203,890,000",2.021E+11,138 560,B01,2,1,0,2,0,19,5,NULL,2.021E+11,183 032,138 559,A01,1,1,3,1,1971,9,2,0,-1,0,0,-1,2.021E+11,4,BOULEVARD DES BATIGNOLLES,0,NULL,3,3,0,1,-1,-1,1,NULL,-1,1,5,1,50
2.021E+11,9,6,2021,23:33:00,5,75,75108,2,2,1,3,BOULEVARD DES BATIGNOLLES,"488,822,200,000","23,203,890,000",2.021E+11,138 560,B01,2,1,0,2,0,19,5,NULL,2.021E+11,183 033,138 560,B01,1,1,3,2,1999,9,2,0,-1,0,0,-1,2.021E+11,4,BOULEVARD DES BATIGNOLLES,0,NULL,3,3,0,1,-1,-1,1,NULL,-1,1,5,1,50
2.021E+11,9,6,2021,08:15:00,1,83,83068,1,1,1,2,RD 14,"432,696,870,000","65,415,000,000",2.021E+11,137 649,A01,1,1,0,0,4,9,5,NULL,2.021E+11,181 879,137 648,B01,1,1,1,1,2001,1,1,-1,-1,0,0,-1,2.021E+11,3,14,-1,NULL,2,2,0,2,44,900,3,NULL,-1,1,0,1,-1
2.021E+11,9,6,2021,08:15:00,1,83,83068,1,1,1,2,RD 14,"432,696,870,000","65,415,000,000",2.021E+11,137 649,A01,1,1,0,0,4,9,5,NULL,2.021E+11,181 880,137 649,A01,1,1,3,1,1937,5,2,-1,-1,0,0,-1,2.021E+11,3,14,-1,NULL,2,2,0,2,44,900,3,NULL,-1,1,0,1,-1
2.021E+11,30,5,2021,12:30:00,1,75,75116,2,7,1,3,PONT D IENA,"488,603,890,000","22,912,580,000",2.021E+11,134 724,A01,3,1,0,2,1,2,5,NULL,2.021E+11,178 093,134 724,A01,1,1,4,1,1992,5,2,8,-1,0,0,-1,2.021E+11,4,PONT D IENA,0,NULL,2,8,1,1,-1,-1,1,NULL,-1,1,2,1,50
2.021E+11,30,5,2021,12:30:00,1,75,75116,2,7,1,3,PONT D IENA,"488,603,890,000","22,912,580,000",2.021E+11,134 724,A01,3,1,0,2,1,2,5,NULL,2.021E+11,178 094,134 725,B01,1,1,4,2,2000,5,8,0,-1,0,0,-1,2.021E+11,4,PONT D IENA,0,NULL,2,8,1,1,-1,-1,1,NULL,-1,1,2,1,50
2.021E+11,26,5,2021,13:45:00,1,38,38384,1,2,1,3,D518,"453,427,430,000","53,334,060,000",2.021E+11,132 932,B01,0,1,0,2,1,1,5,NULL,2.021E+11,175 755,132 931,A01,1,1,1,1,1961,4,1,-1,-1,0,0,-1,2.021E+11,3,518,-1,NULL,2,2,0,1,-1,-1,1,NULL,-1,1,5,1,80
2.021E+11,26,5,2021,13:45:00,1,38,38384,1,2,1,3,D518,"453,427,430,000","53,334,060,000",2.021E+11,132 932,B01,0,1,0,2,1,1,5,NULL,2.021E+11,175 756,132 932,B01,1,1,3,1,2006,5,0,-1,-1,0,0,-1,2.021E+11,3,518,-1,NULL,2,2,0,1,-1,-1,1,NULL,-1,1,5,1,80
2.021E+11,20,5,2021,15:10:00,1,69,69387,2,1,1,2,JEAN JAURES                         (AV),"457,488,600,000","48,440,300,000",2.021E+11,131 813,B01,1,1,0,2,8,15,5,NULL,2.021E+11,174 230,131 813,B01,1,1,4,2,1994,9,8,-1,-1,-1,-1,-1,2.021E+11,4,JEAN JAURES                         (AV),0,NULL,2,4,3,1,-1,-1,1,NULL,-1,1,0,1,50
2.021E+11,20,5,2021,15:10:00,1,69,69387,2,1,1,2,JEAN JAURES                         (AV),"457,488,600,000","48,440,300,000",2.021E+11,131 813,B01,1,1,0,2,8,15,5,NULL,2.021E+11,174 231,131 814,A01,1,1,1,1,1979,0,1,0,-1,-1,-1,-1,2.021E+11,4,JEAN JAURES                         (AV),0,NULL,2,4,3,1,-1,-1,1,NULL,-1,1,0,1,50
2.021E+11,19,5,2021,17:45:00,1,64,64129,2,3,1,3,BAYONNE DE,"433,042,500,000"," -0,4003000000",2.021E+11,131 399,B01,2,1,0,2,1,1,5,NULL,2.021E+11,173 713,131 399,B01,1,1,4,1,2001,9,8,0,-1,-1,-1,-1,2.021E+11,4,BAYONNE DE,0,NULL,2,2,2,1,0,0,1,NULL,-1,1,0,5,50
2.021E+11,19,5,2021,17:45:00,1,64,64129,2,3,1,3,BAYONNE DE,"433,042,500,000"," -0,4003000000",2.021E+11,131 399,B01,2,1,0,2,1,1,5,NULL,2.021E+11,173 714,131 400,A01,1,1,1,1,1966,9,1,8,-1,-1,-1,-1,2.021E+11,4,BAYONNE DE,0,NULL,2,2,2,1,0,0,1,NULL,-1,1,0,5,50
2.021E+11,28,4,2021,16:10:00,1,33,33032,2,3,1,6,Rue de Rome,"448,962,990,000"," -0,5201960000",2.021E+11,126 217,B01,1,1,0,2,8,12,5,NULL,2.021E+11,166 895,126 216,A01,1,1,1,2,1977,1,1,-1,-1,-1,-1,-1,2.021E+11,4,RUE DE ROME,0,NULL,2,2,0,2,-1,-1,1,NULL,-1,1,0,1,50
2.021E+11,28,4,2021,16:10:00,1,33,33032,2,3,1,6,Rue de Rome,"448,962,990,000"," -0,5201960000",2.021E+11,126 217,B01,1,1,0,2,8,12,5,NULL,2.021E+11,166 896,126 217,B01,1,1,4,1,1975,1,2,-1,-1,-1,-1,-1,2.021E+11,4,RUE DE ROME,0,NULL,2,2,0,2,-1,-1,1,NULL,-1,1,0,1,50
2.021E+11,26,4,2021,09:45:00,1,44,44162,2,1,1,3,BOULEVARD SALVADOR ALLENDE,"472,190,800,000","-16,216,000,000",2.021E+11,125 709,B01,1,1,0,2,1,1,5,NULL,2.021E+11,166 252,125 708,Z01,1,1,1,-1,NULL,-1,-1,-1,-1,-1,-1,-1,2.021E+11,4,BOULEVARD SALVADOR ALLENDE,0,NULL,2,2,0,1,-1,-1,1,NULL,-1,1,0,1,50
2.021E+11,26,4,2021,09:45:00,1,44,44162,2,1,1,3,BOULEVARD SALVADOR ALLENDE,"472,190,800,000","-16,216,000,000",2.021E+11,125 709,B01,1,1,0,2,1,1,5,NULL,2.021E+11,166 253,125 709,B01,1,1,4,1,2000,1,2,0,-1,-1,-1,-1,2.021E+11,4,BOULEVARD SALVADOR ALLENDE,0,NULL,2,2,0,1,-1,-1,1,NULL,-1,1,0,1,50
2.021E+11,23,4,2021,10:37:00,1,10,10362,2,1,1,3,CHANTELOUP (CD),"482,955,800,000","40,436,700,000",2.021E+11,124 988,A01,2,1,1,0,1,26,5,NULL,2.021E+11,165 316,124 987,B01,1,1,1,2,1975,0,1,0,-1,-1,-1,-1,2.021E+11,4,CHANTELOUP (CD),0,NULL,2,2,0,1,-1,-1,1,NULL,-1,1,0,1,50
2.021E+11,23,4,2021,10:37:00,1,10,10362,2,1,1,3,CHANTELOUP (CD),"482,955,800,000","40,436,700,000",2.021E+11,124 988,A01,2,1,1,0,1,26,5,NULL,2.021E+11,165 317,124 988,A01,1,1,4,2,1944,3,2,0,-1,-1,-1,-1,2.021E+11,4,CHANTELOUP (CD),0,NULL,2,2,0,1,-1,-1,1,NULL,-1,1,0,1,50
2.021E+11,5,4,2021,12:30:00,1,11,11192,1,1,1,1,ROUTE DEPATEMENTALE 28,"432,991,190,000","20,515,250,000",2.021E+11,120 962,B01,2,1,0,2,1,5,5,NULL,2.021E+11,160 100,120 961,A01,1,1,1,1,1954,1,8,-1,-1,0,0,-1,2.021E+11,3,28,0,D,2,2,0,1,3,500,1,NULL,-1,1,0,1,80
2.021E+11,5,4,2021,12:30:00,1,11,11192,1,1,1,1,ROUTE DEPATEMENTALE 28,"432,991,190,000","20,515,250,000",2.021E+11,120 962,B01,2,1,0,2,1,5,5,NULL,2.021E+11,160 101,120 962,B01,1,1,3,1,1962,0,2,4,-1,0,0,-1,2.021E+11,3,28,0,D,2,2,0,1,3,500,1,NULL,-1,1,0,1,80
2.021E+11,18,3,2021,08:21:00,1,75,75110,2,7,1,3,PLACE FRANZ LISZT,"488,780,710,000","23,513,170,000",2.021E+11,116 804,B01,1,1,0,2,3,1,5,NULL,2.021E+11,154 728,116 803,A01,1,1,1,1,1972,1,2,6,-1,0,0,-1,2.021E+11,4,PLACE FRANZ LISZT,0,NULL,1,4,1,1,-1,-1,1,NULL,-1,1,-1,5,50
2.021E+11,18,3,2021,08:21:00,1,75,75110,2,7,1,3,PLACE FRANZ LISZT,"488,780,710,000","23,513,170,000",2.021E+11,116 804,B01,1,1,0,2,3,1,5,NULL,2.021E+11,154 729,116 804,B01,1,1,4,1,1984,1,8,0,-1,0,0,-1,2.021E+11,4,PLACE FRANZ LISZT,0,NULL,1,4,1,1,-1,-1,1,NULL,-1,1,-1,5,50
2.021E+11,17,3,2021,14:05:00,1,10,10387,2,1,2,7,BEGAND (RUE),"482,946,400,000","40,653,100,000",2.021E+11,116 596,A01,1,1,0,0,0,0,5,NULL,2.021E+11,154 459,116 596,A01,1,1,4,1,2004,1,8,0,-1,-1,-1,-1,2.021E+11,4,BEGAND (RUE),0,NULL,1,1,0,2,0,0,1,NULL,-1,2,0,1,50
2.021E+11,26,2,2021,17:05:00,1,1,1014,2,6,1,3,CARREFOUR POINT B,"462,849,200,000","56,617,600,000",2.021E+11,115 444,B01,1,1,0,2,8,14,5,NULL,2.021E+11,152 958,115 444,B01,1,1,3,1,1951,5,2,8,-1,0,-1,-1,2.021E+11,1,POINT B (RUE DU),0,NULL,3,0,3,1,20,570,1,NULL,-1,1,3,1,110
2.021E+11,26,2,2021,17:05:00,1,1,1014,2,6,1,3,CARREFOUR POINT B,"462,849,200,000","56,617,600,000",2.021E+11,115 444,B01,1,1,0,2,8,14,5,NULL,2.021E+11,152 959,115 445,A01,1,1,1,1,1999,0,1,0,-1,0,-1,-1,2.021E+11,1,POINT B (RUE DU),0,NULL,3,0,3,1,20,570,1,NULL,-1,1,3,1,110
2.021E+11,9,3,2021,15:25:00,1,74,74010,2,2,1,3,PRESIDENT FAVRE,"459,033,000,000","61,260,300,000",2.021E+11,115 031,B01,1,1,14,0,2,25,0,NULL,2.021E+11,152 434,115 030,A01,1,1,1,1,1962,0,8,0,-1,-1,-1,-1,2.021E+11,4,PRESIDENT FAVRE,0,NULL,2,1,1,1,0,0,1,NULL,-1,1,0,4,50
2.021E+11,9,3,2021,15:25:00,1,74,74010,2,2,1,3,PRESIDENT FAVRE,"459,033,000,000","61,260,300,000",2.021E+11,115 031,B01,1,1,14,0,2,25,0,NULL,2.021E+11,152 435,115 031,B01,1,1,3,1,1971,0,0,0,-1,-1,-1,-1,2.021E+11,4,PRESIDENT FAVRE,0,NULL,2,1,1,1,0,0,1,NULL,-1,1,0,4,50
2.021E+11,26,2,2021,08:50:00,1,75,75116,2,5,1,3,VOIE GEORGES POMPIDOU,"488,580,870,000","22,883,520,000",2.021E+11,112 265,B01,3,1,0,2,8,13,5,NULL,2.021E+11,148 894,112 264,A01,1,1,4,1,1969,1,8,0,-1,0,0,-1,2.021E+11,4,VOIE GEORGES POMPIDOU,0,NULL,2,2,1,1,-1,-1,1,NULL,-1,1,-1,5,50
2.021E+11,26,2,2021,08:50:00,1,75,75116,2,5,1,3,VOIE GEORGES POMPIDOU,"488,580,870,000","22,883,520,000",2.021E+11,112 265,B01,3,1,0,2,8,13,5,NULL,2.021E+11,148 895,112 265,B01,1,1,1,1,1995,1,2,0,-1,0,0,-1,2.021E+11,4,VOIE GEORGES POMPIDOU,0,NULL,2,2,1,1,-1,-1,1,NULL,-1,1,-1,5,50
2.021E+11,21,2,2021,15:35:00,1,89,89404,1,1,7,2,RD 660,"481,717,670,000","32,167,200,000",2.021E+11,111 208,B01,1,1,0,0,4,1,5,NULL,2.021E+11,147 539,111 207,A01,1,1,1,1,1944,5,1,-1,-1,0,0,-1,2.021E+11,3,660,-1,NULL,2,2,0,2,33,670,1,NULL,-1,1,0,1,80
2.021E+11,21,2,2021,15:35:00,1,89,89404,1,1,7,2,RD 660,"481,717,670,000","32,167,200,000",2.021E+11,111 208,B01,1,1,0,0,4,1,5,NULL,2.021E+11,147 540,111 208,B01,1,1,4,1,1969,5,2,-1,-1,0,0,-1,2.021E+11,3,660,-1,NULL,2,2,0,2,33,670,1,NULL,-1,1,0,1,80
2.021E+11,20,2,2021,10:24:00,1,57,57708,1,1,7,2,D913,"490,221,950,000","61,987,780,000",2.021E+11,110 586,B01,1,1,0,2,4,2,5,NULL,2.021E+11,146 761,110 585,A01,1,1,1,2,1935,0,8,-1,-1,0,0,-1,2.021E+11,3,913,0,NULL,2,3,0,3,11,0,1,NULL,-1,1,0,1,90
2.021E+11,20,2,2021,10:24:00,1,57,57708,1,1,7,2,D913,"490,221,950,000","61,987,780,000",2.021E+11,110 586,B01,1,1,0,2,4,2,5,NULL,2.021E+11,146 762,110 586,B01,1,1,4,1,1980,5,2,-1,-1,0,0,-1,2.021E+11,3,913,0,NULL,2,3,0,3,11,0,1,NULL,-1,1,0,1,90
2.021E+11,9,2,2021,16:25:00,1,59,59043,2,1,9,2,PHARAON DE WINTER (RUE),"507,343,102,475","27,258,954,942",2.021E+11,108 934,B01,1,1,0,2,8,1,0,NULL,2.021E+11,144 575,108 933,A01,1,1,1,1,1967,4,1,0,-1,-1,-1,-1,2.021E+11,3,PHARAON DE WINTER (RUE),0,NULL,2,2,0,2,-1,-1,1,NULL,-1,7,0,1,30
2.021E+11,9,2,2021,16:25:00,1,59,59043,2,1,9,2,PHARAON DE WINTER (RUE),"507,343,102,475","27,258,954,942",2.021E+11,108 934,B01,1,1,0,2,8,1,0,NULL,2.021E+11,144 576,108 934,B01,1,1,4,2,1964,4,8,0,-1,-1,-1,-1,2.021E+11,3,PHARAON DE WINTER (RUE),0,NULL,2,2,0,2,-1,-1,1,NULL,-1,7,0,1,30
2.021E+11,5,2,2021,20:05:00,5,51,51454,2,1,1,1,Rue de Vesle,"492,534,281,470","40,287,633,484",2.021E+11,108 214,A01,2,1,0,4,1,13,5,NULL,2.021E+11,143 636,108 213,B01,1,1,1,1,1972,4,1,-1,-1,-1,-1,-1,2.021E+11,4,VESLE (RUE),0,NULL,2,2,3,1,-1,-1,1,NULL,-1,1,-1,6,30
2.021E+11,5,2,2021,20:05:00,5,51,51454,2,1,1,1,Rue de Vesle,"492,534,281,470","40,287,633,484",2.021E+11,108 214,A01,2,1,0,4,1,13,5,NULL,2.021E+11,143 637,108 214,A01,1,1,3,1,1996,0,8,6,-1,-1,-1,-1,2.021E+11,4,VESLE (RUE),0,NULL,2,2,3,1,-1,-1,1,NULL,-1,1,-1,6,30
2.021E+11,26,1,2021,07:30:00,5,44,44162,2,1,1,3,QUAI EMILE CORMERAIS,"471,945,700,000","-16,197,600,000",2.021E+11,105 914,B01,1,1,0,2,8,1,5,NULL,2.021E+11,140 666,105 913,A01,1,1,1,2,1996,0,1,0,-1,-1,-1,-1,2.021E+11,7,QUAI EMILE CORMERAIS,0,NULL,3,2,1,1,-1,0,1,NULL,-1,1,0,1,30
2.021E+11,26,1,2021,07:30:00,5,44,44162,2,1,1,3,QUAI EMILE CORMERAIS,"471,945,700,000","-16,197,600,000",2.021E+11,105 914,B01,1,1,0,2,8,1,5,NULL,2.021E+11,140 667,105 914,B01,1,1,4,1,1989,0,8,0,-1,-1,-1,-1,2.021E+11,7,QUAI EMILE CORMERAIS,0,NULL,3,2,1,1,-1,0,1,NULL,-1,1,0,1,30
2.021E+11,23,1,2021,14:17:00,1,37,37261,2,2,1,6,BERANGER (BOULEVARD),"473,894,753,520","0,6843098403",2.021E+11,105 332,A01,1,1,0,2,8,1,5,NULL,2.021E+11,139 852,105 331,B01,2,2,1,2,1994,5,1,0,-1,-1,-1,-1,2.021E+11,4,BERANGER (BOULEVARD),0,NULL,3,4,0,1,-1,-1,1,NULL,-1,2,0,1,50
2.021E+11,23,1,2021,14:17:00,1,37,37261,2,2,1,6,BERANGER (BOULEVARD),"473,894,753,520","0,6843098403",2.021E+11,105 332,A01,1,1,0,2,8,1,5,NULL,2.021E+11,139 853,105 331,B01,1,1,1,1,1992,5,1,0,-1,-1,-1,-1,2.021E+11,4,BERANGER (BOULEVARD),0,NULL,3,4,0,1,-1,-1,1,NULL,-1,2,0,1,50
2.021E+11,23,1,2021,14:17:00,1,37,37261,2,2,1,6,BERANGER (BOULEVARD),"473,894,753,520","0,6843098403",2.021E+11,105 332,A01,1,1,0,2,8,1,5,NULL,2.021E+11,139 854,105 332,A01,1,1,4,1,1965,5,2,0,-1,-1,-1,-1,2.021E+11,4,BERANGER (BOULEVARD),0,NULL,3,4,0,1,-1,-1,1,NULL,-1,2,0,1,50
2.021E+11,13,1,2021,09:00:00,1,75,75108,2,3,2,3,RUE D AMSTERDAM,"488,771,100,000","23,269,130,000",2.021E+11,103 122,B01,2,1,0,2,0,1,5,NULL,2.021E+11,136 844,103 121,Z01,1,1,1,-1,NULL,-1,-1,-1,-1,-1,-1,-1,2.021E+11,4,RUE D AMSTERDAM,0,NULL,2,2,1,2,-1,-1,1,NULL,-1,2,0,1,50
2.021E+11,13,1,2021,09:00:00,1,75,75108,2,3,2,3,RUE D AMSTERDAM,"488,771,100,000","23,269,130,000",2.021E+11,103 122,B01,2,1,0,2,0,1,5,NULL,2.021E+11,136 845,103 122,B01,1,1,4,1,2003,5,8,0,-1,0,0,-1,2.021E+11,4,RUE D AMSTERDAM,0,NULL,2,2,1,2,-1,-1,1,NULL,-1,2,0,1,50
2.021E+11,9,1,2021,15:00:00,1,29,29174,1,1,1,3,D2 - Coat-Hellen (Restaurant),"478,778,176,242","-42,468,126,814",2.021E+11,102 286,B01,1,1,0,2,8,15,5,NULL,2.021E+11,135 718,102 286,B01,1,1,3,1,1959,5,0,-1,-1,0,0,-1,2.021E+11,3,2,-1,NULL,2,2,0,1,24,200,1,NULL,-1,1,0,1,80
2.021E+11,9,1,2021,15:00:00,1,29,29174,1,1,1,3,D2 - Coat-Hellen (Restaurant),"478,778,176,242","-42,468,126,814",2.021E+11,102 286,B01,1,1,0,2,8,15,5,NULL,2.021E+11,135 719,102 287,A01,1,1,1,1,1991,3,1,-1,-1,0,0,-1,2.021E+11,3,2,-1,NULL,2,2,0,1,24,200,1,NULL,-1,1,0,1,80
2.021E+11,18,10,2021,15:30:00,1,52,52538,1,1,1,2,RD143,"479,861,920,000","51,913,020,000",2.021E+11,179 348,A01,1,1,0,0,4,1,5,NULL,2.021E+11,237 559,179 347,B01,1,1,2,1,1946,5,2,-1,-1,0,0,-1,2.021E+11,3,143,-1,NULL,2,2,0,1,13,380,1,NULL,-1,1,0,1,80
2.021E+11,18,10,2021,15:30:00,1,52,52538,1,1,1,2,RD143,"479,861,920,000","51,913,020,000",2.021E+11,179 347,B01,2,1,0,2,1,1,5,NULL,2.021E+11,237 559,179 347,B01,1,1,2,1,1946,5,2,-1,-1,0,0,-1,2.021E+11,3,143,-1,NULL,2,2,0,1,13,380,1,NULL,-1,1,0,1,80