Num_Acc,jour,mois,an,hrmn,lum,dep,com,agg,int,atm,col,adr,lat,long,Num_Acc,id_vehicule,num_veh,senc,catv,obs,obsm,choc,manv,motor,occutc,Num_Acc,id_usager,id_vehicule,num_veh,place,catu,grav,sexe,an_nais,trajet,secu1,secu2,secu3,locp,actp,etatp,Num_Acc,catr,voie,v1,v2,circ,nbv,vosp,prof,pr,pr1,plan,lartpc,larrout,surf,infra,situ,vma
2.021E+11,18,10,2021,15:30:00,1,52,52538,1,1,1,2,RD143,"479,861,920,000","51,913,020,000",2.021E+11,179 348,A01,1,1,0,0,4,1,5,NULL,2.021E+11,237 560,179 348,A01,1,1,1,1,1953,5,2,-1,-1,0,0,-1,2.021E+11,3,143,-1,NULL,2,2,0,1,13,380,1,NULL,-1,1,0,1,80
2.021E+11,18,10,2021,15:30:00,1,52,52538,1,1,1,2,RD143,"479,861,920,000","51,913,020,000",2.021E+11,179 347,B01,2,1,0,2,1,1,5,NULL,2.021E+11,237 560,179 348,A01,1,1,1,1,1953,5,2,-1,-1,0,0,-1,2.021E+11,3,143,-1,NULL,2,2,0,1,13,380,1,NULL,-1,1,0,1,80
2.021E+11,24,9,2021,12:45:00,1,91,91549,2,1,1,3,MARE AU CHANVRE (RUE DE LA),"486,240,700,000","23,412,400,000",2.021E+11,171 565,B01,3,1,0,2,8,19,5,NULL,2.021E+11,227 449,171 565,B01,1,1,4,1,1985,4,0,-1,-1,-1,-1,-1,2.021E+11,4,NULL,0,NULL,3,2,0,1,0,0,3,NULL,-1,1,0,1,50
2.021E+11,24,9,2021,12:45:00,1,91,91549,2,1,1,3,MARE AU CHANVRE (RUE DE LA),"486,240,700,000","23,412,400,000",2.021E+11,171 565,B01,3,1,0,2,8,19,5,NULL,2.021E+11,227 450,171 566,A01,1,1,1,1,1964,5,1,4,-1,-1,-1,-1,2.021E+11,4,NULL,0,NULL,3,2,0,1,0,0,3,NULL,-1,1,0,1,50
2.021E+11,15,9,2021,08:50:00,1,75,75111,2,2,2,3,BOULEVARD VOLTAIRE,"488,651,680,000","23,677,590,000",2.021E+11,168 032,A01,2,1,0,2,8,15,5,NULL,2.021E+11,222 833,168 032,A01,1,1,4,2,1984,1,2,0,-1,0,0,-1,2.021E+11,4,BOULEVARD VOLTAIRE,0,NULL,2,4,0,1,-1,-1,1,NULL,-1,2,0,1,30
2.021E+11,15,9,2021,08:50:00,1,75,75111,2,2,2,3,BOULEVARD VOLTAIRE,"488,651,680,000","23,677,590,000",2.021E+11,168 032,A01,2,1,0,2,8,15,5,NULL,2.021E+11,222 834,168 033,B01,1,1,1,2,1988,1,2,6,-1,0,0,-1,2.021E+11,4,BOULEVARD VOLTAIRE,0,NULL,2,4,0,1,-1,-1,1,NULL,-1,2,0,1,30
2.021E+11,20,8,2021,15:45:00,1,17,17300,2,1,1,2,ROMPSAY   AVENUE DE,"461,612,800,000","-11,316,100,000",2.021E+11,159 974,B01,3,1,0,2,4,13,5,NULL,2.021E+11,212 162,159 973,A01,1,1,1,1,1995,5,1,0,-1,-1,-1,-1,2.021E+11,4,ROMPSAY   AVENUE DE,0,NULL,2,2,0,1,-1,-1,1,NULL,-1,1,0,1,30
2.021E+11,20,8,2021,15:45:00,1,17,17300,2,1,1,2,ROMPSAY   AVENUE DE,"461,612,800,000","-11,316,100,000",2.021E+11,159 974,B01,3,1,0,2,4,13,5,NULL,2.021E+11,212 163,159 974,B01,1,1,4,1,2000,0,2,0,-1,-1,-1,-1,2.021E+11,4,ROMPSAY   AVENUE DE,0,NULL,2,2,0,1,-1,-1,1,NULL,-1,1,0,1,30
2.021E+11,10,8,2021,17:00:00,1,33,33009,2,1,1,6,Allée Florida,"446,495,900,000","-11,872,100,000",2.021E+11,157 404,A01,0,1,12,0,0,12,5,NULL,2.021E+11,208 602,157 404,A01,1,1,4,2,1963,0,2,-1,-1,-1,-1,-1,2.021E+11,4,FLORIDA (ALL.),0,NULL,1,2,0,1,-1,-1,1,NULL,-1,1,0,1,50
2.021E+11,2,8,2021,18:25:00,1,93,93007,2,1,1,3,8 MAI 45 (AVENUE DU 184 AU 240)  Z1,"489,518,200,000","24,409,600,000",2.021E+11,155 420,B01,-1,1,0,2,8,19,5,NULL,2.021E+11,205 828,155 419,A01,1,1,1,1,1987,4,1,0,-1,-1,-1,-1,2.021E+11,3,8 MAI 45 (AVENUE DU 184 AU 240)  Z1,0,NULL,3,2,0,1,0,1,1,NULL,-1,1,0,1,50
2.021E+11,2,8,2021,18:25:00,1,93,93007,2,1,1,3,8 MAI 45 (AVENUE DU 184 AU 240)  Z1,"489,518,200,000","24,409,600,000",2.021E+11,155 420,B01,-1,1,0,2,8,19,5,NULL,2.021E+11,205 829,155 420,B01,1,1,3,1,1973,5,2,8,-1,-1,-1,-1,2.021E+11,3,8 MAI 45 (AVENUE DU 184 AU 240)  Z1,0,NULL,3,2,0,1,0,1,1,NULL,-1,1,0,1,50
2.021E+11,29,7,2021,17:00:00,1,28,28405,1,1,1,2,D152,"487,604,040,000","13,096,310,000",2.021E+11,154 535,B01,1,1,0,2,4,1,5,NULL,2.021E+11,204 557,154 535,B01,1,1,4,1,1998,1,0,-1,-1,0,0,-1,2.021E+11,3,D152,-1,NULL,2,2,0,1,4,600,1,NULL,-1,1,0,1,80
2.021E+11,29,7,2021,17:00:00,1,28,28405,1,1,1,2,D152,"487,604,040,000","13,096,310,000",2.021E+11,154 535,B01,1,1,0,2,4,1,5,NULL,2.021E+11,204 558,154 536,A01,1,1,1,2,2001,1,1,-1,-1,0,0,-1,2.021E+11,3,D152,-1,NULL,2,2,0,1,4,600,1,NULL,-1,1,0,1,80
2.021E+11,11,7,2021,10:45:00,1,89,89286,1,1,1,2,la croix rouge,"477,565,580,000","33,424,620,000",2.021E+11,149 284,B01,1,1,0,0,4,2,5,NULL,2.021E+11,197 337,149 283,A01,1,1,1,1,1945,5,1,-1,-1,0,0,-1,2.021E+11,3,48,-1,NULL,2,2,0,1,3,0,3,NULL,-1,1,0,1,80
2.021E+11,11,7,2021,10:45:00,1,89,89286,1,1,1,2,la croix rouge,"477,565,580,000","33,424,620,000",2.021E+11,149 284,B01,1,1,0,0,4,2,5,NULL,2.021E+11,197 338,149 284,B01,1,1,3,1,1947,5,0,-1,-1,0,0,-1,2.021E+11,3,48,-1,NULL,2,2,0,1,3,0,3,NULL,-1,1,0,1,80
2.021E+11,5,7,2021,12:00:00,1,44,44069,1,1,1,6,D192,"472,901,390,000","-24,050,940,000",2.021E+11,146 531,A01,1,1,0,1,3,1,5,NULL,2.021E+11,193 581,146 531,A01,10,3,1,1,2003,5,0,-1,-1,9,2,1,2.021E+11,3,192,0,NULL,2,2,1,1,1,347,2,NULL,-1,1,0,5,80
2.021E+11,5,7,2021,12:00:00,1,44,44069,1,1,1,6,D192,"472,901,390,000","-24,050,940,000",2.021E+11,146 531,A01,1,1,0,1,3,1,5,NULL,2.021E+11,193 582,146 531,A01,1,1,4,1,1956,5,2,-1,-1,0,0,-1,2.021E+11,3,192,0,NULL,2,2,1,1,1,347,2,NULL,-1,1,0,5,80
2.021E+11,30,6,2021,15:00:00,1,73,73179,2,4,1,3,D1 / R Jean et Andre Riottot,"455,885,490,000","58,825,460,000",2.021E+11,145 432,A01,2,1,0,2,8,19,5,NULL,2.021E+11,192 096,145 432,A01,1,1,4,1,1975,5,2,-1,-1,0,0,-1,2.021E+11,3,D1,0,NULL,2,2,1,1,2,700,1,NULL,-1,1,-1,5,50
2.021E+11,30,6,2021,15:00:00,1,73,73179,2,4,1,3,D1 / R Jean et Andre Riottot,"455,885,490,000","58,825,460,000",2.021E+11,145 432,A01,2,1,0,2,8,19,5,NULL,2.021E+11,192 097,145 433,B01,1,1,1,2,1990,4,1,-1,-1,0,0,-1,2.021E+11,3,D1,0,NULL,2,2,1,1,2,700,1,NULL,-1,1,-1,5,50
2.021E+11,18,6,2021,12:40:00,1,75,75118,2,4,1,3,RUE DE LA CHAPELLE,"488,908,490,000","23,599,210,000",2.021E+11,142 027,A01,1,1,0,2,8,8,5,NULL,2.021E+11,187 589,142 026,B01,1,1,1,1,1981,9,2,0,-1,0,0,-1,2.021E+11,4,RUE DE LA CHAPELLE,0,NULL,2,4,3,1,-1,-1,1,NULL,-1,1,0,6,50
2.021E+11,18,6,2021,12:40:00,1,75,75118,2,4,1,3,RUE DE LA CHAPELLE,"488,908,490,000","23,599,210,000",2.021E+11,142 027,A01,1,1,0,2,8,8,5,NULL,2.021E+11,187 590,142 027,A01,1,1,4,2,2005,9,2,0,-1,0,0,-1,2.021E+11,4,RUE DE LA CHAPELLE,0,NULL,2,4,3,1,-1,-1,1,NULL,-1,1,0,6,50
2.021E+11,10,6,2021,19:45:00,1,92,92048,2,2,1,3,GARDES (ROUTE DES) N° 5 A 51,"488,188,247,793","22,346,502,542",2.021E+11,138 519,B01,2,1,0,2,1,1,5,NULL,2.021E+11,182 978,138 518,A01,1,1,1,1,1984,4,1,8,-1,-1,-1,-1,2.021E+11,3,GARDES (ROUTE DES) N° 5 A 51,0,NULL,-1,2,0,2,0,0,1,NULL,-1,1,0,1,50
2.021E+11,10,6,2021,19:45:00,1,92,92048,2,2,1,3,GARDES (ROUTE DES) N° 5 A 51,"488,188,247,793","22,346,502,542",2.021E+11,138 519,B01,2,1,0,2,1,1,5,NULL,2.021E+11,182 979,138 518,A01,3,2,1,2,1985,9,1,8,-1,-1,-1,-1,2.021E+11,3,GARDES (ROUTE DES) N° 5 A 51,0,NULL,-1,2,0,2,0,0,1,NULL,-1,1,0,1,50
2.021E+11,10,6,2021,19:45:00,1,92,92048,2,2,1,3,GARDES (ROUTE DES) N° 5 A 51,"488,188,247,793","22,346,502,542",2.021E+11,138 519,B01,2,1,0,2,1,1,5,NULL,2.021E+11,182 980,138 519,B01,1,1,4,1,1992,5,2,8,-1,-1,-1,-1,2.021E+11,3,GARDES (ROUTE DES) N° 5 A 51,0,NULL,-1,2,0,2,0,0,1,NULL,-1,1,0,1,50
2.021E+11,4,6,2021,10:00:00,1,4,4102,1,1,1,6,RD 954 - Cimetière Village noyé de l'Ubaye,"444,635,790,000","63,621,700,000",2.021E+11,136 139,A01,1,1,0,5,8,1,5,NULL,2.021E+11,179 911,136 139,A01,1,1,4,1,1958,5,2,-1,-1,0,0,-1,2.021E+11,3,954,-1,NULL,2,2,0,1,16,850,1,NULL,-1,1,0,1,80
2.021E+11,31,5,2021,17:10:00,1,64,64335,2,2,1,3,MAURICE COUSTEAU,"433,341,400,000"," -0,4199500000",2.021E+11,135 162,B01,1,1,0,2,3,1,5,NULL,2.021E+11,178 672,135 161,A01,1,1,1,1,1970,9,1,8,-1,-1,-1,-1,2.021E+11,4,MAURICE COUSTEAU,0,NULL,2,2,0,1,0,0,1,NULL,-1,1,0,1,50
2.021E+11,31,5,2021,17:10:00,1,64,64335,2,2,1,3,MAURICE COUSTEAU,"433,341,400,000"," -0,4199500000",2.021E+11,135 162,B01,1,1,0,2,3,1,5,NULL,2.021E+11,178 673,135 162,B01,1,1,4,2,1965,9,2,0,-1,-1,-1,-1,2.021E+11,4,MAURICE COUSTEAU,0,NULL,2,2,0,1,0,0,1,NULL,-1,1,0,1,50
2.021E+11,21,5,2021,13:17:00,1,94,94041,2,9,1,2,Avenue Georges Gosnat,"488,134,500,000","23,885,900,000",2.021E+11,131 974,B01,1,1,0,2,0,1,5,NULL,2.021E+11,174 444,131 973,A01,1,1,1,1,1974,4,1,0,-1,-1,-1,-1,2.021E+11,3,GEORGES GOSNAT (AV),0,NULL,2,3,3,1,0,0,1,NULL,-1,1,0,1,50
2.021E+11,21,5,2021,13:17:00,1,94,94041,2,9,1,2,Avenue Georges Gosnat,"488,134,500,000","23,885,900,000",2.021E+11,131 974,B01,1,1,0,2,0,1,5,NULL,2.021E+11,174 445,131 974,B01,1,1,4,1,1979,0,8,0,-1,-1,-1,-1,2.021E+11,3,GEORGES GOSNAT (AV),0,NULL,2,3,3,1,0,0,1,NULL,-1,1,0,1,50
2.021E+11,12,5,2021,18:35:00,1,63,63113,2,1,1,6,JOUHAUX (BD LEON),"457,916,504,591","31,153,103,167",2.021E+11,130 210,A01,2,1,0,4,0,2,5,NULL,2.021E+11,172 131,130 209,B01,1,1,1,1,1971,4,1,0,-1,0,0,-1,2.021E+11,4,JOUHAUX (BD LEON),0,NULL,-1,2,3,1,-1,-1,1,NULL,-1,1,4,6,50
2.021E+11,12,5,2021,18:35:00,1,63,63113,2,1,1,6,JOUHAUX (BD LEON),"457,916,504,591","31,153,103,167",2.021E+11,130 210,A01,2,1,0,4,0,2,5,NULL,2.021E+11,172 132,130 210,A01,1,1,4,2,2002,0,8,0,-1,0,0,-1,2.021E+11,4,JOUHAUX (BD LEON),0,NULL,-1,2,3,1,-1,-1,1,NULL,-1,1,4,6,50
2.021E+11,21,2,2021,10:45:00,1,75,75116,2,1,1,1,ROUTE DE LA SEINE A LA BUTTE MORTEMART,"488,515,540,000","22,379,880,000",2.021E+11,128 582,A01,3,1,0,2,1,13,5,NULL,2.021E+11,169 952,128 581,B01,2,2,4,1,2017,5,3,2,-1,0,0,-1,2.021E+11,4,ROUTE DE LA SEINE A LA BUTTE MORTEMART,0,NULL,2,1,1,1,-1,-1,1,NULL,-1,1,-1,5,50
2.021E+11,21,2,2021,10:45:00,1,75,75116,2,1,1,1,ROUTE DE LA SEINE A LA BUTTE MORTEMART,"488,515,540,000","22,379,880,000",2.021E+11,128 581,B01,3,1,0,2,1,1,5,NULL,2.021E+11,169 952,128 581,B01,2,2,4,1,2017,5,3,2,-1,0,0,-1,2.021E+11,4,ROUTE DE LA SEINE A LA BUTTE MORTEMART,0,NULL,2,1,1,1,-1,-1,1,NULL,-1,1,-1,5,50
2.021E+11,21,2,2021,10:45:00,1,75,75116,2,1,1,1,ROUTE DE LA SEINE A LA BUTTE MORTEMART,"488,515,540,000","22,379,880,000",2.021E+11,128 582,A01,3,1,0,2,1,13,5,NULL,2.021E+11,169 953,128 581,B01,1,1,4,1,1973,5,2,0,-1,0,0,-1,2.021E+11,4,ROUTE DE LA SEINE A LA BUTTE MORTEMART,0,NULL,2,1,1,1,-1,-1,1,NULL,-1,1,-1,5,50
2.021E+11,21,2,2021,10:45:00,1,75,75116,2,1,1,1,ROUTE DE LA SEINE A LA BUTTE MORTEMART,"488,515,540,000","22,379,880,000",2.021E+11,128 581,B01,3,1,0,2,1,1,5,NULL,2.021E+11,169 953,128 581,B01,1,1,4,1,1973,5,2,0,-1,0,0,-1,2.021E+11,4,ROUTE DE LA SEINE A LA BUTTE MORTEMART,0,NULL,2,1,1,1,-1,-1,1,NULL,-1,1,-1,5,50
2.021E+11,21,2,2021,10:45:00,1,75,75116,2,1,1,1,ROUTE DE LA SEINE A LA BUTTE MORTEMART,"488,515,540,000","22,379,880,000",2.021E+11,128 582,A01,3,1,0,2,1,13,5,NULL,2.021E+11,169 954,128 582,A01,1,1,4,1,1996,5,2,0,-1,0,0,-1,2.021E+11,4,ROUTE DE LA SEINE A LA BUTTE MORTEMART,0,NULL,2,1,1,1,-1,-1,1,NULL,-1,1,-1,5,50
2.021E+11,21,2,2021,10:45:00,1,75,75116,2,1,1,1,ROUTE DE LA SEINE A LA BUTTE MORTEMART,"488,515,540,000","22,379,880,000",2.021E+11,128 581,B01,3,1,0,2,1,1,5,NULL,2.021E+11,169 954,128 582,A01,1,1,4,1,1996,5,2,0,-1,0,0,-1,2.021E+11,4,ROUTE DE LA SEINE A LA BUTTE MORTEMART,0,NULL,2,1,1,1,-1,-1,1,NULL,-1,1,-1,5,50
2.021E+11,4,5,2021,19:41:00,1,75,75108,2,2,1,3,AVENUE WINSTON CHURCHILL,"488,677,470,000","23,139,770,000",2.021E+11,127 582,B01,0,1,0,2,0,18,5,NULL,2.021E+11,168 659,127 582,B01,1,1,4,1,1968,9,2,0,-1,0,0,-1,2.021E+11,4,AVENUE WINSTON CHURCHILL,0,NULL,2,6,0,1,-1,-1,1,NULL,-1,1,0,1,50
2.021E+11,4,5,2021,19:41:00,1,75,75108,2,2,1,3,AVENUE WINSTON CHURCHILL,"488,677,470,000","23,139,770,000",2.021E+11,127 582,B01,0,1,0,2,0,18,5,NULL,2.021E+11,168 660,127 583,A01,1,1,1,1,1978,9,1,8,-1,0,0,-1,2.021E+11,4,AVENUE WINSTON CHURCHILL,0,NULL,2,6,0,1,-1,-1,1,NULL,-1,1,0,1,50
2.021E+11,19,4,2021,06:21:00,2,21,21231,2,9,1,3,Rue des Perrières,"473,232,790,660","50,218,033,791",2.021E+11,123 987,A01,1,1,0,2,8,9,5,NULL,2.021E+11,164 040,123 986,B01,1,1,4,2,1965,1,1,0,-1,-1,-1,-1,2.021E+11,4,PERRIERES (DES) (RUE),0,NULL,2,2,0,1,-1,-1,3,NULL,-1,1,0,1,50
2.021E+11,19,4,2021,06:21:00,2,21,21231,2,9,1,3,Rue des Perrières,"473,232,790,660","50,218,033,791",2.021E+11,123 987,A01,1,1,0,2,8,9,5,NULL,2.021E+11,164 041,123 987,A01,1,1,3,1,2002,1,0,0,-1,-1,-1,-1,2.021E+11,4,PERRIERES (DES) (RUE),0,NULL,2,2,0,1,-1,-1,3,NULL,-1,1,0,1,50
2.021E+11,4,4,2021,16:49:00,1,94,94080,2,2,1,6,Avenue de la République,"488,498,700,000","24,345,500,000",2.021E+11,121 220,Y01,2,1,0,2,2,1,5,NULL,2.021E+11,160 451,121 220,Y01,1,1,4,1,1986,5,2,0,-1,-1,-1,-1,2.021E+11,4,REPUBLIQUE (AV DE LA),0,NULL,2,2,0,1,1,0,1,NULL,-1,1,0,1,30
2.021E+11,29,3,2021,07:40:00,1,27,27188,1,1,7,2,route départementale 321,"492,971,220,000","10,696,810,000",2.021E+11,120 041,B01,1,1,0,0,4,1,5,NULL,2.021E+11,158 876,120 040,A01,1,1,1,1,1993,1,1,-1,-1,0,0,-1,2.021E+11,3,321,-1,NULL,2,2,0,1,1,425,1,NULL,-1,1,0,1,70
2.021E+11,29,3,2021,07:40:00,1,27,27188,1,1,7,2,route départementale 321,"492,971,220,000","10,696,810,000",2.021E+11,120 041,B01,1,1,0,0,4,1,5,NULL,2.021E+11,158 877,120 041,B01,1,1,3,1,1966,1,4,-1,-1,0,0,-1,2.021E+11,3,321,-1,NULL,2,2,0,1,1,425,1,NULL,-1,1,0,1,70
2.021E+11,29,3,2021,17:01:00,1,75,75101,2,3,1,3,RUE DE RIVOLI,"488,662,930,000","23,241,810,000",2.021E+11,119 582,B01,1,1,0,2,7,16,5,NULL,2.021E+11,158 277,119 582,B01,1,1,4,1,1991,9,8,0,-1,0,0,-1,2.021E+11,4,RUE DE RIVOLI,0,NULL,3,3,3,1,-1,-1,1,NULL,-1,1,-1,6,50
2.021E+11,29,3,2021,17:01:00,1,75,75101,2,3,1,3,RUE DE RIVOLI,"488,662,930,000","23,241,810,000",2.021E+11,119 582,B01,1,1,0,2,7,16,5,NULL,2.021E+11,158 278,119 583,A01,1,1,3,1,1968,9,2,6,-1,0,0,-1,2.021E+11,4,RUE DE RIVOLI,0,NULL,3,3,3,1,-1,-1,1,NULL,-1,1,-1,6,50
2.021E+11,30,3,2021,14:50:00,1,75,75101,2,3,1,7,BOULEVARD DE SEBASTOPOL,"488,629,510,000","23,506,450,000",2.021E+11,119 558,A01,2,1,0,0,0,1,5,NULL,2.021E+11,158 249,119 558,A01,1,1,4,2,1997,1,8,0,-1,0,0,-1,2.021E+11,4,BOULEVARD DE SEBASTOPOL,0,NULL,2,5,1,1,-1,-1,1,NULL,-1,1,-1,5,50
2.021E+11,12,3,2021,15:45:00,1,49,49007,2,1,1,3,SAINT JACQUES,"474,737,823,441"," -0,5744015589",2.021E+11,115 486,A01,3,1,0,2,1,1,5,NULL,2.021E+11,153 015,115 485,B01,1,1,1,2,1976,0,1,0,-1,-1,-1,-1,2.021E+11,4,SAINT JACQUES,0,NULL,2,2,0,1,1,0,1,NULL,-1,1,0,1,50
2.021E+11,12,3,2021,15:45:00,1,49,49007,2,1,1,3,SAINT JACQUES,"474,737,823,441"," -0,5744015589",2.021E+11,115 486,A01,3,1,0,2,1,1,5,NULL,2.021E+11,153 016,115 486,A01,1,1,4,1,1990,0,8,0,-1,-1,-1,-1,2.021E+11,4,SAINT JACQUES,0,NULL,2,2,0,1,1,0,1,NULL,-1,1,0,1,50
2.021E+11,27,1,2021,21:00:00,5,75,75115,2,5,2,3,RUE SAINT CHARLES,"488,499,660,000","22,884,250,000",2.021E+11,106 359,A01,1,1,0,2,1,5,5,NULL,2.021E+11,141 241,106 358,B01,1,1,1,1,1972,1,1,8,-1,0,0,-1,2.021E+11,4,RUE SAINT CHARLES,0,NULL,1,1,0,1,-1,-1,1,NULL,-1,2,0,1,50
2.021E+11,27,1,2021,21:00:00,5,75,75115,2,5,2,3,RUE SAINT CHARLES,"488,499,660,000","22,884,250,000",2.021E+11,106 359,A01,1,1,0,2,1,5,5,NULL,2.021E+11,141 242,106 359,A01,1,1,4,1,2002,4,8,0,-1,0,0,-1,2.021E+11,4,RUE SAINT CHARLES,0,NULL,1,1,0,1,-1,-1,1,NULL,-1,2,0,1,50
2.021E+11,14,1,2021,17:00:00,2,13,13063,2,1,1,3,ARC EN CIEL AVENUE DE L',"435,981,810,000","50,089,300,000",2.021E+11,103 395,B01,1,1,0,2,1,19,5,NULL,2.021E+11,137 190,103 394,A01,2,2,1,1,2002,5,2,-1,-1,-1,-1,-1,2.021E+11,4,ARC EN CIEL AVENUE DE L',0,NULL,-1,2,0,1,-1,-1,1,NULL,-1,1,0,1,50
2.021E+11,14,1,2021,17:00:00,2,13,13063,2,1,1,3,ARC EN CIEL AVENUE DE L',"435,981,810,000","50,089,300,000",2.021E+11,103 395,B01,1,1,0,2,1,19,5,NULL,2.021E+11,137 191,103 394,A01,1,1,1,1,2003,5,2,6,-1,-1,-1,-1,2.021E+11,4,ARC EN CIEL AVENUE DE L',0,NULL,-1,2,0,1,-1,-1,1,NULL,-1,1,0,1,50
2.021E+11,14,1,2021,17:00:00,2,13,13063,2,1,1,3,ARC EN CIEL AVENUE DE L',"435,981,810,000","50,089,300,000",2.021E+11,103 395,B01,1,1,0,2,1,19,5,NULL,2.021E+11,137 192,103 395,B01,1,1,3,1,2011,5,8,0,-1,-1,-1,-1,2.021E+11,4,ARC EN CIEL AVENUE DE L',0,NULL,-1,2,0,1,-1,-1,1,NULL,-1,1,0,1,50
2.021E+11,10,1,2021,19:50:00,5,75,75111,2,4,1,6,AVENUE LEDRU ROLLIN,"488,545,127,779","23,780,304,193",2.021E+11,102 592,A01,1,1,0,1,1,1,5,NULL,2.021E+11,136 132,102 592,A01,10,3,4,2,1954,3,0,-1,-1,3,3,1,2.021E+11,4,AVENUE LEDRU ROLLIN,0,NULL,2,2,0,1,-1,-1,1,NULL,-1,1,0,1,50
2.021E+11,10,1,2021,19:50:00,5,75,75111,2,4,1,6,AVENUE LEDRU ROLLIN,"488,545,127,779","23,780,304,193",2.021E+11,102 592,A01,1,1,0,1,1,1,5,NULL,2.021E+11,136 133,102 592,A01,1,1,4,1,1999,4,8,0,-1,0,0,-1,2.021E+11,4,AVENUE LEDRU ROLLIN,0,NULL,2,2,0,1,-1,-1,1,NULL,-1,1,0,1,50
2.021E+11,25,10,2021,19:40:00,3,14,14137,2,1,1,6,GAULLE ( AVENUE CHARLES DE ),"491,895,800,000"," -0,4418200000",2.021E+11,182 208,B01,1,1,0,2,0,2,5,NULL,2.021E+11,241 296,182 208,B01,1,1,3,1,2000,1,0,-1,-1,0,0,-1,2.021E+11,3,GAULLE ( AVENUE CHARLES DE ),0,NULL,-1,1,0,1,1,0,1,NULL,-1,2,0,1,1
2.021E+11,25,10,2021,19:40:00,3,14,14137,2,1,1,6,GAULLE ( AVENUE CHARLES DE ),"491,895,800,000"," -0,4418200000",2.021E+11,182 208,B01,1,1,0,2,0,2,5,NULL,2.021E+11,241 297,182 209,A01,10,3,1,1,1997,5,0,-1,-1,6,1,1,2.021E+11,3,GAULLE ( AVENUE CHARLES DE ),0,NULL,-1,1,0,1,1,0,1,NULL,-1,2,0,1,1
2.021E+11,25,10,2021,19:40:00,3,14,14137,2,1,1,6,GAULLE ( AVENUE CHARLES DE ),"491,895,800,000"," -0,4418200000",2.021E+11,182 208,B01,1,1,0,2,0,2,5,NULL,2.021E+11,241 298,182 209,A01,1,1,1,1,1971,0,1,-1,-1,0,0,-1,2.021E+11,3,GAULLE ( AVENUE CHARLES DE ),0,NULL,-1,1,0,1,1,0,1,NULL,-1,2,0,1,1
2.021E+11,21,10,2021,10:20:00,1,49,49007,2,1,1,7,HARAS ALLEE ET RUE,"474,662,200,000"," -0,5531600000",2.021E+11,181 009,A01,1,1,0,0,0,26,5,NULL,2.021E+11,239 696,181 009,A01,1,1,4,1,1967,9,8,0,-1,-1,-1,-1,2.021E+11,4,HARAS ALLEE ET RUE,0,NULL,2,2,2,1,1,0,1,NULL,-1,1,0,5,50
2.021E+11,15,10,2021,16:15:00,1,44,44143,2,1,1,5,RUE DE LA CALIFORNIE,"471,922,600,000","-15,839,300,000",2.021E+11,178 362,C01,1,1,0,2,1,1,5,NULL,2.021E+11,236 236,178 360,A01,1,1,1,2,1964,0,1,0,-1,-1,-1,-1,2.021E+11,4,RUE DE LA CALIFORNIE,0,NULL,2,0,0,1,-1,-1,1,NULL,-1,1,0,1,30
2.021E+11,15,10,2021,16:15:00,1,44,44143,2,1,1,5,RUE DE LA CALIFORNIE,"471,922,600,000","-15,839,300,000",2.021E+11,178 361,B01,0,1,0,2,1,1,5,NULL,2.021E+11,236 236,178 360,A01,1,1,1,2,1964,0,1,0,-1,-1,-1,-1,2.021E+11,4,RUE DE LA CALIFORNIE,0,NULL,2,0,0,1,-1,-1,1,NULL,-1,1,0,1,30
2.021E+11,15,10,2021,16:15:00,1,44,44143,2,1,1,5,RUE DE LA CALIFORNIE,"471,922,600,000","-15,839,300,000",2.021E+11,178 362,C01,1,1,0,2,1,1,5,NULL,2.021E+11,236 237,178 361,B01,1,1,4,2,1956,5,8,0,-1,-1,-1,-1,2.021E+11,4,RUE DE LA CALIFORNIE,0,NULL,2,0,0,1,-1,-1,1,NULL,-1,1,0,1,30
2.021E+11,15,10,2021,16:15:00,1,44,44143,2,1,1,5,RUE DE LA CALIFORNIE,"471,922,600,000","-15,839,300,000",2.021E+11,178 361,B01,0,1,0,2,1,1,5,NULL,2.021E+11,236 237,178 361,B01,1,1,4,2,1956,5,8,0,-1,-1,-1,-1,2.021E+11,4,RUE DE LA CALIFORNIE,0,NULL,2,0,0,1,-1,-1,1,NULL,-1,1,0,1,30
2.021E+11,15,10,2021,16:15:00,1,44,44143,2,1,1,5,RUE DE LA CALIFORNIE,"471,922,600,000","-15,839,300,000",2.021E+11,178 362,C01,1,1,0,2,1,1,5,NULL,2.021E+11,236 238,178 362,C01,1,1,4,1,1953,4,8,0,-1,-1,-1,-1,2.021E+11,4,RUE DE LA CALIFORNIE,0,NULL,2,0,0,1,-1,-1,1,NULL,-1,1,0,1,30
2.021E+11,15,10,2021,16:15:00,1,44,44143,2,1,1,5,RUE DE LA CALIFORNIE,"471,922,600,000","-15,839,300,000",2.021E+11,178 361,B01,0,1,0,2,1,1,5,NULL,2.021E+11,236 238,178 362,C01,1,1,4,1,1953,4,8,0,-1,-1,-1,-1,2.021E+11,4,RUE DE LA CALIFORNIE,0,NULL,2,0,0,1,-1,-1,1,NULL,-1,1,0,1,30
2.021E+11,14,10,2021,18:40:00,2,92,92020,2,1,1,3,EXUPERY AVENUE SAINT,"488,090,900,000","22,983,900,000",2.021E+11,177 906,B01,1,1,1,0,1,1,5,NULL,2.021E+11,235 653,177 905,A01,3,2,1,1,2002,9,1,0,-1,-1,-1,-1,2.021E+11,3,63A,0,NULL,2,2,0,1,0,1,1,NULL,-1,1,0,1,50