Num_Acc,jour,mois,an,hrmn,lum,dep,com,agg,int,atm,col,adr,lat,long,Num_Acc,id_vehicule,num_veh,senc,catv,obs,obsm,choc,manv,motor,occutc,Num_Acc,id_usager,id_vehicule,num_veh,place,catu,grav,sexe,an_nais,trajet,secu1,secu2,secu3,locp,actp,etatp,Num_Acc,catr,voie,v1,v2,circ,nbv,vosp,prof,pr,pr1,plan,lartpc,larrout,surf,infra,situ,vma
2.021E+11,14,10,2021,18:40:00,2,92,92020,2,1,1,3,EXUPERY AVENUE SAINT,"488,090,900,000","22,983,900,000",2.021E+11,177 906,B01,1,1,1,0,1,1,5,NULL,2.021E+11,235 654,177 905,A01,1,1,1,1,1984,4,1,0,-1,-1,-1,-1,2.021E+11,3,63A,0,NULL,2,2,0,1,0,1,1,NULL,-1,1,0,1,50
2.021E+11,14,10,2021,18:40:00,2,92,92020,2,1,1,3,EXUPERY AVENUE SAINT,"488,090,900,000","22,983,900,000",2.021E+11,177 906,B01,1,1,1,0,1,1,5,NULL,2.021E+11,235 655,177 906,B01,1,1,4,1,1946,9,8,0,-1,0,0,-1,2.021E+11,3,63A,0,NULL,2,2,0,1,0,1,1,NULL,-1,1,0,1,50
2.021E+11,12,10,2021,17:45:00,1,26,26235,2,6,1,3,77 Avenue du General de Gaulle,"443,705,640,000","46,958,990,000",2.021E+11,177 881,B01,3,1,0,2,7,1,5,NULL,2.021E+11,235 619,177 880,A01,1,1,1,2,1983,1,1,-1,-1,0,0,-1,2.021E+11,4,NULL,-1,NULL,2,2,0,1,-1,-1,1,NULL,4,1,0,1,50
2.021E+11,12,10,2021,17:45:00,1,26,26235,2,6,1,3,77 Avenue du General de Gaulle,"443,705,640,000","46,958,990,000",2.021E+11,177 881,B01,3,1,0,2,7,1,5,NULL,2.021E+11,235 620,177 881,B01,1,1,4,1,1980,3,0,-1,-1,0,0,-1,2.021E+11,4,NULL,-1,NULL,2,2,0,1,-1,-1,1,NULL,4,1,0,1,50
2.021E+11,12,10,2021,00:38:00,5,94,94076,2,3,1,3,Boulevard Maxime Gorki,"487,884,300,000","23,681,700,000",2.021E+11,177 214,B01,1,1,0,2,9,0,5,NULL,2.021E+11,234 802,177 214,B01,1,1,4,1,1992,4,2,0,-1,-1,-1,-1,2.021E+11,3,MAXIME GORKI (BD),0,NULL,2,4,0,1,1,0,1,NULL,-1,1,8,1,50
2.021E+11,12,10,2021,00:38:00,5,94,94076,2,3,1,3,Boulevard Maxime Gorki,"487,884,300,000","23,681,700,000",2.021E+11,177 214,B01,1,1,0,2,9,0,5,NULL,2.021E+11,234 803,177 215,A01,1,1,1,1,1974,4,1,0,-1,-1,-1,-1,2.021E+11,3,MAXIME GORKI (BD),0,NULL,2,4,0,1,1,0,1,NULL,-1,1,8,1,50
2.021E+11,27,9,2021,19:30:00,5,92,92035,2,1,1,6,National ( boulevard ),"489,047,376,140","22,394,151,986",2.021E+11,172 029,A01,1,1,0,1,1,1,5,NULL,2.021E+11,228 098,172 029,A01,10,3,4,1,1978,0,0,-1,-1,5,3,1,2.021E+11,3,992,0,NULL,2,4,1,1,0,0,1,NULL,-1,1,0,4,50
2.021E+11,27,9,2021,19:30:00,5,92,92035,2,1,1,6,National ( boulevard ),"489,047,376,140","22,394,151,986",2.021E+11,172 029,A01,1,1,0,1,1,1,5,NULL,2.021E+11,228 099,172 029,A01,1,1,1,1,1978,4,8,0,-1,-1,-1,-1,2.021E+11,3,992,0,NULL,2,4,1,1,0,0,1,NULL,-1,1,0,4,50
2.021E+11,21,9,2021,13:38:00,1,68,68066,2,6,7,1,ALSACE (RUE D'),"480,624,500,000","73,626,900,000",2.021E+11,170 459,B01,1,1,14,0,7,1,5,NULL,2.021E+11,226 013,170 458,A01,1,1,1,1,1957,4,1,0,-1,-1,-1,-1,2.021E+11,3,ALSACE (RUE D'),0,NULL,3,1,0,1,-1,-1,1,NULL,-1,1,0,5,50
2.021E+11,21,9,2021,13:38:00,1,68,68066,2,6,7,1,ALSACE (RUE D'),"480,624,500,000","73,626,900,000",2.021E+11,170 459,B01,1,1,14,0,7,1,5,NULL,2.021E+11,226 014,170 459,B01,1,1,4,2,2010,2,2,8,-1,-1,-1,-1,2.021E+11,3,ALSACE (RUE D'),0,NULL,3,1,0,1,-1,-1,1,NULL,-1,1,0,5,50
2.021E+11,14,9,2021,09:00:00,1,92,92025,2,1,2,1,COLBERT  55 A 113   42 A 102 (RUE),"489,130,550,000","22,354,290,000",2.021E+11,168 663,B01,1,1,0,2,7,1,5,NULL,2.021E+11,223 640,168 662,A01,1,1,1,1,1969,1,1,0,-1,-1,-1,-1,2.021E+11,4,NULL,0,NULL,1,3,1,1,0,0,1,NULL,-1,2,0,5,50
2.021E+11,14,9,2021,09:00:00,1,92,92025,2,1,2,1,COLBERT  55 A 113   42 A 102 (RUE),"489,130,550,000","22,354,290,000",2.021E+11,168 663,B01,1,1,0,2,7,1,5,NULL,2.021E+11,223 641,168 663,B01,2,1,4,2,1991,0,8,0,-1,-1,-1,-1,2.021E+11,4,NULL,0,NULL,1,3,1,1,0,0,1,NULL,-1,2,0,5,50
2.021E+11,18,9,2021,01:20:00,3,86,86277,1,3,1,2,D347,"467,730,840,000","0,1908020000",2.021E+11,168 636,B01,2,1,0,0,4,2,5,NULL,2.021E+11,223 601,168 636,B01,1,1,2,1,2007,5,0,-1,-1,0,0,-1,2.021E+11,3,347,0,NULL,2,2,0,1,16,635,1,NULL,-1,1,0,1,90
2.021E+11,18,9,2021,01:20:00,3,86,86277,1,3,1,2,D347,"467,730,840,000","0,1908020000",2.021E+11,168 636,B01,2,1,0,0,4,2,5,NULL,2.021E+11,223 602,168 637,A01,1,1,1,1,1999,5,1,0,-1,0,0,-1,2.021E+11,3,347,0,NULL,2,2,0,1,16,635,1,NULL,-1,1,0,1,90
2.021E+11,8,9,2021,19:10:00,1,92,92049,2,1,1,6,REPUBLIQUE AVENUE DE LA N°92 A FIN,"488,134,290,230","23,164,626,052",2.021E+11,166 009,A01,1,1,0,1,2,1,5,NULL,2.021E+11,220 209,166 009,A01,10,3,4,2,1979,5,0,-1,-1,1,3,1,2.021E+11,4,63,0,NULL,-1,2,0,1,0,0,1,NULL,-1,1,0,1,50
2.021E+11,8,9,2021,19:10:00,1,92,92049,2,1,1,6,REPUBLIQUE AVENUE DE LA N°92 A FIN,"488,134,290,230","23,164,626,052",2.021E+11,166 009,A01,1,1,0,1,2,1,5,NULL,2.021E+11,220 210,166 009,A01,1,1,1,1,1964,5,8,0,-1,-1,-1,-1,2.021E+11,4,63,0,NULL,-1,2,0,1,0,0,1,NULL,-1,1,0,1,50
2.021E+11,6,9,2021,08:21:00,1,49,49007,2,1,1,7,CHAPEAU DE GENDARME,"474,522,400,000"," -0,5535900000",2.021E+11,164 951,A01,1,1,0,0,0,1,5,NULL,2.021E+11,218 849,164 951,A01,1,1,1,1,1986,2,8,0,-1,-1,-1,-1,2.021E+11,4,CHAPEAU DE GENDARME,0,NULL,2,2,0,1,1,0,1,NULL,-1,1,0,1,50
2.021E+11,6,9,2021,08:21:00,1,49,49007,2,1,1,7,CHAPEAU DE GENDARME,"474,522,400,000"," -0,5535900000",2.021E+11,164 951,A01,1,1,0,0,0,1,5,NULL,2.021E+11,218 850,164 951,A01,2,2,4,1,2010,2,8,0,-1,-1,-1,-1,2.021E+11,4,CHAPEAU DE GENDARME,0,NULL,2,2,0,1,1,0,1,NULL,-1,1,0,1,50
2.021E+11,6,8,2021,10:00:00,1,31,31555,2,1,1,3,IMP DE LA GLACIERE,"436,467,600,000","14,228,500,000",2.021E+11,156 435,B01,3,1,0,2,1,26,5,NULL,2.021E+11,207 228,156 435,B01,1,1,3,1,1969,5,8,0,-1,-1,-1,-1,2.021E+11,4,IMP DE LA GLACIERE,0,NULL,-1,1,0,1,-1,-1,1,NULL,-1,1,0,1,50
2.021E+11,6,8,2021,10:00:00,1,31,31555,2,1,1,3,IMP DE LA GLACIERE,"436,467,600,000","14,228,500,000",2.021E+11,156 435,B01,3,1,0,2,1,26,5,NULL,2.021E+11,207 229,156 436,Z01,1,1,1,-1,NULL,-1,-1,-1,-1,-1,-1,-1,2.021E+11,4,IMP DE LA GLACIERE,0,NULL,-1,1,0,1,-1,-1,1,NULL,-1,1,0,1,50
2.021E+11,22,7,2021,18:35:00,1,54,54395,2,2,1,3,SAINTE CATHERINE (QUAI),"486,938,500,000","61,918,600,000",2.021E+11,152 828,A01,1,1,0,2,7,19,5,NULL,2.021E+11,202 195,152 827,B01,1,1,1,1,1981,0,1,0,-1,0,0,-1,2.021E+11,4,NULL,0,NULL,1,3,0,1,-1,-1,1,NULL,-1,1,0,1,50
2.021E+11,22,7,2021,18:35:00,1,54,54395,2,2,1,3,SAINTE CATHERINE (QUAI),"486,938,500,000","61,918,600,000",2.021E+11,152 828,A01,1,1,0,2,7,19,5,NULL,2.021E+11,202 196,152 828,A01,1,1,3,1,1983,0,8,8,-1,0,0,-1,2.021E+11,4,NULL,0,NULL,1,3,0,1,-1,-1,1,NULL,-1,1,0,1,50
2.021E+11,15,6,2021,22:15:00,5,62,62736,2,1,1,3,1173 Rue de la Lys,"506,585,440,000","27,708,630,000",2.021E+11,147 019,A01,1,1,1,0,7,14,0,NULL,2.021E+11,194 252,147 018,B01,1,1,1,-1,NULL,-1,-1,-1,-1,-1,-1,-1,2.021E+11,3,D945,-1,NULL,2,2,0,1,14,430,1,NULL,-1,1,0,4,50
2.021E+11,15,6,2021,22:15:00,5,62,62736,2,1,1,3,1173 Rue de la Lys,"506,585,440,000","27,708,630,000",2.021E+11,147 019,A01,1,1,1,0,7,14,0,NULL,2.021E+11,194 253,147 019,A01,1,1,3,2,1969,5,0,-1,-1,0,0,-1,2.021E+11,3,D945,-1,NULL,2,2,0,1,14,430,1,NULL,-1,1,0,4,50
2.021E+11,18,6,2021,14:50:00,1,18,18279,2,3,1,3,MIRANDA DE EBRO (RUE ),"472,100,000,000","20,600,000,000",2.021E+11,143 678,A01,3,1,0,2,8,0,5,NULL,2.021E+11,189 732,143 678,A01,1,1,4,1,1980,0,0,-1,-1,-1,-1,-1,2.021E+11,4,MIRANDA DE EBRO (RUE ),0,NULL,2,2,0,1,1,0,1,NULL,-1,1,0,1,50
2.021E+11,18,6,2021,14:50:00,1,18,18279,2,3,1,3,MIRANDA DE EBRO (RUE ),"472,100,000,000","20,600,000,000",2.021E+11,143 678,A01,3,1,0,2,8,0,5,NULL,2.021E+11,189 733,143 679,B01,1,1,1,1,1996,0,1,8,-1,-1,-1,-1,2.021E+11,4,MIRANDA DE EBRO (RUE ),0,NULL,2,2,0,1,1,0,1,NULL,-1,1,0,1,50
2.021E+11,23,6,2021,20:10:00,1,75,75116,2,2,1,3,BOULEVARD DE L AMIRAL BRUIX,"488,752,220,000","22,795,170,000",2.021E+11,143 655,B01,1,1,0,2,6,7,5,NULL,2.021E+11,189 704,143 654,A01,1,1,1,1,1959,1,1,0,-1,0,0,-1,2.021E+11,4,BOULEVARD DE L AMIRAL BRUIX,0,NULL,2,4,3,1,-1,-1,3,NULL,-1,1,0,6,50
2.021E+11,23,6,2021,20:10:00,1,75,75116,2,2,1,3,BOULEVARD DE L AMIRAL BRUIX,"488,752,220,000","22,795,170,000",2.021E+11,143 655,B01,1,1,0,2,6,7,5,NULL,2.021E+11,189 705,143 655,B01,1,1,4,1,1973,9,2,0,-1,0,0,-1,2.021E+11,4,BOULEVARD DE L AMIRAL BRUIX,0,NULL,2,4,3,1,-1,-1,3,NULL,-1,1,0,6,50
2.021E+11,24,6,2021,18:40:00,3,987,98722,1,1,2,3,PK 31+900,"-175,653,610,000","-1,493,274,590,000",2.021E+11,143 503,A01,2,1,0,2,8,19,5,NULL,2.021E+11,189 512,143 502,B01,1,1,1,1,1965,5,1,-1,-1,0,0,-1,2.021E+11,2,2,-1,NULL,2,2,0,2,31,900,1,NULL,-1,2,2,1,50
2.021E+11,24,6,2021,18:40:00,3,987,98722,1,1,2,3,PK 31+900,"-175,653,610,000","-1,493,274,590,000",2.021E+11,143 503,A01,2,1,0,2,8,19,5,NULL,2.021E+11,189 513,143 503,A01,1,1,3,1,1979,5,0,-1,-1,0,0,-1,2.021E+11,2,2,-1,NULL,2,2,0,2,31,900,1,NULL,-1,2,2,1,50
2.021E+11,23,6,2021,12:56:00,1,75,75118,2,3,8,2,RUE GERMAIN PILON,"488,828,620,000","23,361,830,000",2.021E+11,143 320,B01,2,1,0,2,1,2,5,NULL,2.021E+11,189 291,143 320,B01,1,1,4,1,1996,4,2,0,-1,0,0,-1,2.021E+11,4,RUE GERMAIN PILON,0,NULL,1,1,0,2,-1,-1,1,NULL,-1,1,0,1,50
2.021E+11,23,6,2021,12:56:00,1,75,75118,2,3,8,2,RUE GERMAIN PILON,"488,828,620,000","23,361,830,000",2.021E+11,143 320,B01,2,1,0,2,1,2,5,NULL,2.021E+11,189 292,143 321,A01,1,1,1,1,1992,4,1,0,-1,0,0,-1,2.021E+11,4,RUE GERMAIN PILON,0,NULL,1,1,0,2,-1,-1,1,NULL,-1,1,0,1,50
2.021E+11,19,6,2021,21:00:00,1,75,75113,2,7,8,3,PLACE D ITALIE,"488,318,810,000","23,558,590,000",2.021E+11,142 394,B01,0,1,0,2,2,1,5,NULL,2.021E+11,188 099,142 394,B01,1,1,1,1,2002,4,2,0,-1,0,0,-1,2.021E+11,4,PLACE D ITALIE,0,NULL,2,4,0,1,-1,-1,3,NULL,-1,2,0,1,50
2.021E+11,19,6,2021,21:00:00,1,75,75113,2,7,8,3,PLACE D ITALIE,"488,318,810,000","23,558,590,000",2.021E+11,142 394,B01,0,1,0,2,2,1,5,NULL,2.021E+11,188 100,142 395,A01,1,1,4,1,1986,9,2,6,-1,0,0,-1,2.021E+11,4,PLACE D ITALIE,0,NULL,2,4,0,1,-1,-1,3,NULL,-1,2,0,1,50
2.021E+11,20,6,2021,13:30:00,1,75,75101,2,3,1,3,RUE DE RIVOLI,"488,624,770,000","23,362,520,000",2.021E+11,142 386,A01,1,1,0,2,2,1,5,NULL,2.021E+11,188 089,142 386,A01,1,1,4,1,1998,4,8,0,-1,0,0,-1,2.021E+11,4,RUE DE RIVOLI,0,NULL,3,3,1,1,-1,-1,1,NULL,-1,1,0,5,50
2.021E+11,20,6,2021,13:30:00,1,75,75101,2,3,1,3,RUE DE RIVOLI,"488,624,770,000","23,362,520,000",2.021E+11,142 386,A01,1,1,0,2,2,1,5,NULL,2.021E+11,188 090,142 387,Z01,1,1,1,-1,NULL,-1,-1,-1,-1,-1,-1,-1,2.021E+11,4,RUE DE RIVOLI,0,NULL,3,3,1,1,-1,-1,1,NULL,-1,1,0,5,50
2.021E+11,13,6,2021,11:00:00,1,29,29277,2,1,1,6,Streat Ar Skol,"483,736,247,958","-40,208,406,937",2.021E+11,140 137,A01,1,1,0,5,1,1,5,NULL,2.021E+11,185 142,140 137,A01,1,1,3,1,1976,5,2,-1,-1,0,0,-1,2.021E+11,4,30,0,NULL,2,2,0,1,10,700,1,NULL,-1,1,0,1,50
2.021E+11,13,6,2021,21:50:00,2,69,69387,2,2,1,3,GARIBALDI (R),"457,464,500,000","48,499,300,000",2.021E+11,139 961,A01,1,1,0,2,8,1,5,NULL,2.021E+11,184 925,139 960,B01,1,1,1,1,1994,0,1,-1,-1,-1,-1,-1,2.021E+11,4,GARIBALDI                           (R ),0,NULL,1,5,3,1,-1,-1,1,NULL,-1,1,0,6,50
2.021E+11,13,6,2021,21:50:00,2,69,69387,2,2,1,3,GARIBALDI (R),"457,464,500,000","48,499,300,000",2.021E+11,139 961,A01,1,1,0,2,8,1,5,NULL,2.021E+11,184 926,139 961,A01,1,1,4,1,1998,4,8,-1,-1,-1,-1,-1,2.021E+11,4,GARIBALDI                           (R ),0,NULL,1,5,3,1,-1,-1,1,NULL,-1,1,0,6,50
2.021E+11,13,6,2021,21:00:00,2,93,93048,2,2,1,3,Boulevard Jeanne d’Arc / Rue de la Solidarité,"488,528,300,000","24,446,800,000",2.021E+11,139 821,B01,3,1,0,2,1,1,0,NULL,2.021E+11,184 732,139 820,A01,1,1,1,1,1979,0,1,0,-1,-1,-1,-1,2.021E+11,3,SOLIDARITE (RUE DE LA),0,NULL,2,2,1,2,1,0,1,NULL,-1,1,0,1,50
2.021E+11,13,6,2021,21:00:00,2,93,93048,2,2,1,3,Boulevard Jeanne d’Arc / Rue de la Solidarité,"488,528,300,000","24,446,800,000",2.021E+11,139 821,B01,3,1,0,2,1,1,0,NULL,2.021E+11,184 733,139 821,B01,1,1,4,1,2001,0,8,0,-1,-1,-1,-1,2.021E+11,3,SOLIDARITE (RUE DE LA),0,NULL,2,2,1,2,1,0,1,NULL,-1,1,0,1,50
2.021E+11,10,6,2021,11:20:00,1,94,94078,2,1,1,6,HENRI JANIN (R),"487,301,700,000","24,483,800,000",2.021E+11,138 550,B01,0,1,1,0,0,2,5,NULL,2.021E+11,183 023,138 550,B01,1,1,4,1,1979,0,2,0,-1,-1,-1,-1,2.021E+11,4,HENRI JANIN (R),0,NULL,1,1,0,1,1,0,1,NULL,-1,1,0,1,50
2.021E+11,10,6,2021,11:20:00,1,94,94078,2,1,1,6,HENRI JANIN (R),"487,301,700,000","24,483,800,000",2.021E+11,138 550,B01,0,1,1,0,0,2,5,NULL,2.021E+11,183 024,138 551,A01,1,1,1,1,1976,0,1,0,-1,-1,-1,-1,2.021E+11,4,HENRI JANIN (R),0,NULL,1,1,0,1,1,0,1,NULL,-1,1,0,1,50
2.021E+11,4,6,2021,14:10:00,1,89,89257,1,4,1,1,D377,"479,583,370,000","35,040,650,000",2.021E+11,136 398,A01,2,1,0,2,7,15,5,NULL,2.021E+11,180 238,136 397,B01,1,1,1,2,1998,1,1,-1,-1,0,0,-1,2.021E+11,3,377,-1,NULL,2,2,0,1,0,10,3,NULL,-1,1,5,1,80
2.021E+11,4,6,2021,14:10:00,1,89,89257,1,4,1,1,D377,"479,583,370,000","35,040,650,000",2.021E+11,136 398,A01,2,1,0,2,7,15,5,NULL,2.021E+11,180 239,136 398,A01,1,1,4,1,2006,5,0,-1,-1,0,0,-1,2.021E+11,3,377,-1,NULL,2,2,0,1,0,10,3,NULL,-1,1,5,1,80
2.021E+11,2,6,2021,16:00:00,1,29,29232,2,6,1,1,Rond Point du 18 Juin 1940,"480,059,117,241","-40,975,025,296",2.021E+11,135 914,B01,1,1,0,2,1,1,5,NULL,2.021E+11,179 630,135 914,B01,1,1,4,1,2005,0,8,-1,-1,-1,0,-1,2.021E+11,4,SEMINAIRE  ROND POINT DU,0,NULL,1,1,0,1,-1,-1,1,NULL,-1,1,0,1,50
2.021E+11,2,6,2021,16:00:00,1,29,29232,2,6,1,1,Rond Point du 18 Juin 1940,"480,059,117,241","-40,975,025,296",2.021E+11,135 914,B01,1,1,0,2,1,1,5,NULL,2.021E+11,179 631,135 915,A01,1,1,1,2,1970,0,1,-1,-1,0,-1,-1,2.021E+11,4,SEMINAIRE  ROND POINT DU,0,NULL,1,1,0,1,-1,-1,1,NULL,-1,1,0,1,50
2.021E+11,3,5,2021,18:30:00,1,71,71105,2,6,1,3,CLUNY (ROUTE DE),"463,127,900,000","47,857,600,000",2.021E+11,135 183,B01,1,1,0,2,7,2,0,NULL,2.021E+11,178 696,135 182,A01,1,1,1,2,1971,1,1,0,-1,0,0,-1,2.021E+11,3,CLUNY (ROUTE DE),0,NULL,1,2,1,1,78,99,2,NULL,-1,1,5,1,50
2.021E+11,3,5,2021,18:30:00,1,71,71105,2,6,1,3,CLUNY (ROUTE DE),"463,127,900,000","47,857,600,000",2.021E+11,135 183,B01,1,1,0,2,7,2,0,NULL,2.021E+11,178 697,135 183,B01,1,1,4,1,1959,1,2,8,-1,0,0,-1,2.021E+11,3,CLUNY (ROUTE DE),0,NULL,1,2,1,1,78,99,2,NULL,-1,1,5,1,50
2.021E+11,30,5,2021,18:25:00,1,42,42207,2,3,1,3,Place Louis Comte,"454,573,755,716","45,047,198,832",2.021E+11,134 757,A01,3,1,0,2,8,25,0,NULL,2.021E+11,178 141,134 756,B01,1,1,1,2,1960,5,1,8,-1,0,0,-1,2.021E+11,7,COMTE LOUIS PLACE,0,NULL,2,2,0,1,12,1300,1,NULL,-1,1,0,1,30
2.021E+11,30,5,2021,18:25:00,1,42,42207,2,3,1,3,Place Louis Comte,"454,573,755,716","45,047,198,832",2.021E+11,134 757,A01,3,1,0,2,8,25,0,NULL,2.021E+11,178 142,134 757,A01,1,1,4,1,2009,5,2,0,-1,0,0,-1,2.021E+11,7,COMTE LOUIS PLACE,0,NULL,2,2,0,1,12,1300,1,NULL,-1,1,0,1,30
2.021E+11,26,5,2021,18:35:00,1,35,35238,2,1,1,3,SAINT-MARTIN (CANAL),"481,231,000,000","-16,773,000,000",2.021E+11,133 399,B01,0,1,1,0,1,1,0,NULL,2.021E+11,176 369,133 399,B01,1,1,4,2,1968,5,2,0,-1,-1,-1,-1,2.021E+11,4,SAINT-MARTIN (CANAL),0,NULL,2,0,0,1,-1,-1,1,NULL,-1,3,0,1,30
2.021E+11,26,5,2021,18:35:00,1,35,35238,2,1,1,3,SAINT-MARTIN (CANAL),"481,231,000,000","-16,773,000,000",2.021E+11,133 399,B01,0,1,1,0,1,1,0,NULL,2.021E+11,176 370,133 400,A01,1,1,1,2,1970,5,1,-1,-1,-1,-1,-1,2.021E+11,4,SAINT-MARTIN (CANAL),0,NULL,2,0,0,1,-1,-1,1,NULL,-1,3,0,1,30
2.021E+11,18,5,2021,16:30:00,1,91,91665,2,1,1,7,Rue de Gaillard,"486,586,190,000","22,705,650,000",2.021E+11,131 600,A01,0,1,0,0,8,2,5,NULL,2.021E+11,173 966,131 600,A01,1,1,3,1,2006,2,0,-1,-1,0,0,-1,2.021E+11,4,NULL,-1,NULL,1,1,0,1,-1,-1,1,NULL,-1,1,0,1,30
2.021E+11,18,5,2021,11:30:00,1,51,51454,2,2,1,3,Boulevard des Belges,"492,762,900,000","40,268,700,000",2.021E+11,131 387,B01,0,1,0,2,8,26,5,NULL,2.021E+11,173 697,131 386,A01,1,1,1,-1,NULL,-1,-1,-1,-1,-1,-1,-1,2.021E+11,4,BELGES (BOULEVARD DES) DU 67 A FIN ET 11,0,NULL,2,2,0,1,-1,-1,1,NULL,-1,1,0,1,50
2.021E+11,18,5,2021,11:30:00,1,51,51454,2,2,1,3,Boulevard des Belges,"492,762,900,000","40,268,700,000",2.021E+11,131 387,B01,0,1,0,2,8,26,5,NULL,2.021E+11,173 698,131 387,B01,1,1,4,1,1997,0,8,-1,-1,-1,-1,-1,2.021E+11,4,BELGES (BOULEVARD DES) DU 67 A FIN ET 11,0,NULL,2,2,0,1,-1,-1,1,NULL,-1,1,0,1,50
2.021E+11,12,5,2021,15:01:00,1,51,51454,2,1,1,3,Rue du Pdt Franklin Roosevelt,"492,625,800,000","40,275,600,000",2.021E+11,129 783,B01,2,1,1,0,1,0,5,NULL,2.021E+11,171 547,129 782,A01,1,1,1,1,1992,4,1,-1,-1,-1,-1,-1,2.021E+11,3,ROOSEVELT F. (RUE DU PRESIDENT),0,NULL,2,2,1,2,0,100,1,NULL,-1,1,0,1,50
2.021E+11,12,5,2021,15:01:00,1,51,51454,2,1,1,3,Rue du Pdt Franklin Roosevelt,"492,625,800,000","40,275,600,000",2.021E+11,129 783,B01,2,1,1,0,1,0,5,NULL,2.021E+11,171 548,129 783,B01,1,1,4,1,2006,5,8,-1,-1,-1,-1,-1,2.021E+11,3,ROOSEVELT F. (RUE DU PRESIDENT),0,NULL,2,2,1,2,0,100,1,NULL,-1,1,0,1,50
2.021E+11,25,4,2021,15:15:00,1,92,92064,2,1,1,7,PARC SAINT CLOUD,"488,363,310,000","22,106,710,000",2.021E+11,125 455,A01,0,1,0,0,1,1,5,NULL,2.021E+11,165 934,125 455,A01,1,1,4,2,1975,5,2,0,-1,-1,-1,-1,2.021E+11,9,NULL,0,NULL,-1,1,0,2,0,0,1,NULL,-1,1,0,1,30
2.021E+11,24,4,2021,12:00:00,1,51,51149,2,2,1,3,Rue Hubert Boullez,"489,002,000,000","44,406,120,000",2.021E+11,124 895,B01,2,1,0,2,7,1,5,NULL,2.021E+11,165 200,124 894,A01,1,1,1,1,1983,5,1,-1,-1,0,0,-1,2.021E+11,3,60,0,NULL,2,2,0,1,7,300,1,NULL,-1,1,5,1,50
2.021E+11,24,4,2021,12:00:00,1,51,51149,2,2,1,3,Rue Hubert Boullez,"489,002,000,000","44,406,120,000",2.021E+11,124 895,B01,2,1,0,2,7,1,5,NULL,2.021E+11,165 201,124 895,B01,1,1,4,1,1956,5,2,-1,-1,0,0,-1,2.021E+11,3,60,0,NULL,2,2,0,1,7,300,1,NULL,-1,1,5,1,50
2.021E+11,20,4,2021,09:20:00,1,75,75115,2,2,1,3,BOULEVARD PASTEUR,"488,403,870,000","23,151,320,000",2.021E+11,124 175,B01,2,1,0,2,3,1,5,NULL,2.021E+11,164 283,124 174,A01,1,1,1,1,1974,4,1,0,-1,0,0,-1,2.021E+11,4,BOULEVARD PASTEUR,0,NULL,1,1,1,1,-1,-1,1,NULL,-1,1,-1,5,50
2.021E+11,20,4,2021,09:20:00,1,75,75115,2,2,1,3,BOULEVARD PASTEUR,"488,403,870,000","23,151,320,000",2.021E+11,124 175,B01,2,1,0,2,3,1,5,NULL,2.021E+11,164 284,124 175,B01,1,1,4,2,1988,9,2,6,-1,0,0,-1,2.021E+11,4,BOULEVARD PASTEUR,0,NULL,1,1,1,1,-1,-1,1,NULL,-1,1,-1,5,50
2.021E+11,1,4,2021,15:30:00,1,92,92036,2,1,1,1,JEAN PERRIN (RUE),"489,348,616,662","22,912,019,491",2.021E+11,120 115,B01,1,1,0,2,1,5,5,NULL,2.021E+11,158 967,120 115,B01,1,1,4,1,2007,2,2,0,-1,-1,-1,-1,2.021E+11,4,JEAN PERRIN (RUE),0,NULL,1,1,0,1,0,0,1,NULL,-1,1,0,1,50
2.021E+11,1,4,2021,15:30:00,1,92,92036,2,1,1,1,JEAN PERRIN (RUE),"489,348,616,662","22,912,019,491",2.021E+11,120 115,B01,1,1,0,2,1,5,5,NULL,2.021E+11,158 968,120 116,A01,1,1,1,2,1991,5,1,8,-1,-1,-1,-1,2.021E+11,4,JEAN PERRIN (RUE),0,NULL,1,1,0,1,0,0,1,NULL,-1,1,0,1,50
2.021E+11,11,3,2021,08:50:00,1,75,75114,2,7,2,3,AVENUE DENFERT ROCHEREAU,"488,344,870,000","23,325,860,000",2.021E+11,115 183,Z01,2,1,0,2,0,1,5,NULL,2.021E+11,152 625,115 182,A01,1,1,4,2,1975,1,2,0,-1,0,0,-1,2.021E+11,4,AVENUE DENFERT ROCHEREAU,0,NULL,2,4,0,1,-1,-1,1,NULL,-1,2,0,1,50
2.021E+11,11,3,2021,08:50:00,1,75,75114,2,7,2,3,AVENUE DENFERT ROCHEREAU,"488,344,870,000","23,325,860,000",2.021E+11,115 182,A01,1,1,0,2,0,1,5,NULL,2.021E+11,152 625,115 182,A01,1,1,4,2,1975,1,2,0,-1,0,0,-1,2.021E+11,4,AVENUE DENFERT ROCHEREAU,0,NULL,2,4,0,1,-1,-1,1,NULL,-1,2,0,1,50
2.021E+11,11,3,2021,08:50:00,1,75,75114,2,7,2,3,AVENUE DENFERT ROCHEREAU,"488,344,870,000","23,325,860,000",2.021E+11,115 183,Z01,2,1,0,2,0,1,5,NULL,2.021E+11,152 626,115 183,Z01,1,1,1,-1,NULL,-1,-1,-1,-1,-1,-1,-1,2.021E+11,4,AVENUE DENFERT ROCHEREAU,0,NULL,2,4,0,1,-1,-1,1,NULL,-1,2,0,1,50