Num_Acc,jour,mois,an,hrmn,lum,dep,com,agg,int,atm,col,adr,lat,long,Num_Acc,id_vehicule,num_veh,senc,catv,obs,obsm,choc,manv,motor,occutc,Num_Acc,id_usager,id_vehicule,num_veh,place,catu,grav,sexe,an_nais,trajet,secu1,secu2,secu3,locp,actp,etatp,Num_Acc,catr,voie,v1,v2,circ,nbv,vosp,prof,pr,pr1,plan,lartpc,larrout,surf,infra,situ,vma
2.021E+11,11,3,2021,08:50:00,1,75,75114,2,7,2,3,AVENUE DENFERT ROCHEREAU,"488,344,870,000","23,325,860,000",2.021E+11,115 182,A01,1,1,0,2,0,1,5,NULL,2.021E+11,152 626,115 183,Z01,1,1,1,-1,NULL,-1,-1,-1,-1,-1,-1,-1,2.021E+11,4,AVENUE DENFERT ROCHEREAU,0,NULL,2,4,0,1,-1,-1,1,NULL,-1,2,0,1,50
2.021E+11,28,2,2021,20:00:00,5,13,13206,2,2,1,3,BAILLE (BOULEVARD),"432,874,900,000","53,890,700,000",2.021E+11,113 248,A01,2,1,0,2,6,19,0,NULL,2.021E+11,150 164,113 248,A01,1,1,1,1,1975,0,8,4,-1,-1,-1,-1,2.021E+11,4,BAILLE (BOULEVARD),0,NULL,3,4,0,2,0,0,1,NULL,-1,1,0,1,50
2.021E+11,28,2,2021,20:00:00,5,13,13206,2,2,1,3,BAILLE (BOULEVARD),"432,874,900,000","53,890,700,000",2.021E+11,113 248,A01,2,1,0,2,6,19,0,NULL,2.021E+11,150 165,113 249,B01,1,1,3,1,1967,0,2,8,-1,-1,-1,-1,2.021E+11,4,BAILLE (BOULEVARD),0,NULL,3,4,0,2,0,0,1,NULL,-1,1,0,1,50
2.021E+11,26,2,2021,11:15:00,1,85,85226,2,3,1,1,Intersection Rue de la Touche / Avenue du Terre-Fort,"467,162,980,000","-19,618,590,000",2.021E+11,112 134,C01,3,1,0,2,9,15,-1,NULL,2.021E+11,148 702,112 134,C01,1,1,3,2,1943,-1,0,0,0,-1,-1,-1,2.021E+11,4,NULL,-1,NULL,2,2,0,1,-1,-1,1,NULL,-1,1,0,1,50
2.021E+11,26,2,2021,11:15:00,1,85,85226,2,3,1,1,Intersection Rue de la Touche / Avenue du Terre-Fort,"467,162,980,000","-19,618,590,000",2.021E+11,112 134,C01,3,1,0,2,9,15,-1,NULL,2.021E+11,148 703,112 135,A01,1,1,1,1,1965,1,1,-1,-1,0,0,-1,2.021E+11,4,NULL,-1,NULL,2,2,0,1,-1,-1,1,NULL,-1,1,0,1,50
2.021E+11,6,2,2021,11:45:00,1,31,31555,2,1,1,2,ROND-POINT JOSEPH SAUVEUR,"435,783,300,000","13,939,000,000",2.021E+11,108 727,B01,1,1,0,2,4,1,5,NULL,2.021E+11,144 314,108 726,A01,1,1,1,1,1975,0,1,0,-1,-1,-1,-1,2.021E+11,4,ROND-POINT JOSEPH SAUVEUR,0,NULL,-1,2,0,1,-1,-1,2,NULL,-1,1,0,1,50
2.021E+11,6,2,2021,11:45:00,1,31,31555,2,1,1,2,ROND-POINT JOSEPH SAUVEUR,"435,783,300,000","13,939,000,000",2.021E+11,108 727,B01,1,1,0,2,4,1,5,NULL,2.021E+11,144 315,108 727,B01,1,1,4,1,1974,0,2,0,-1,-1,-1,-1,2.021E+11,4,ROND-POINT JOSEPH SAUVEUR,0,NULL,-1,2,0,1,-1,-1,2,NULL,-1,1,0,1,50
2.021E+11,21,1,2021,11:20:00,1,75,75111,2,3,1,3,RUE SERVAN,"488,587,090,000","23,843,380,000",2.021E+11,104 792,A01,2,1,0,2,1,17,5,NULL,2.021E+11,139 096,104 791,B01,1,1,1,1,2002,9,1,0,-1,0,0,-1,2.021E+11,4,RUE SERVAN,0,NULL,1,1,0,1,-1,-1,1,NULL,-1,1,8,1,30
2.021E+11,21,1,2021,11:20:00,1,75,75111,2,3,1,3,RUE SERVAN,"488,587,090,000","23,843,380,000",2.021E+11,104 792,A01,2,1,0,2,1,17,5,NULL,2.021E+11,139 097,104 792,A01,1,1,4,2,1984,9,8,0,-1,0,0,-1,2.021E+11,4,RUE SERVAN,0,NULL,1,1,0,1,-1,-1,1,NULL,-1,1,8,1,30
2.021E+11,26,10,2021,17:20:00,1,44,44162,2,1,1,3,BOULEVARD SALVADOR ALLENDE,"472,191,200,000","-16,216,600,000",2.021E+11,182 241,B01,1,1,0,2,4,1,5,NULL,2.021E+11,241 340,182 241,B01,1,1,4,1,1997,0,8,0,-1,-1,-1,-1,2.021E+11,4,BOULEVARD SALVADOR ALLENDE,0,NULL,3,0,0,1,-1,-1,3,NULL,-1,1,0,1,50
2.021E+11,26,10,2021,17:20:00,1,44,44162,2,1,1,3,BOULEVARD SALVADOR ALLENDE,"472,191,200,000","-16,216,600,000",2.021E+11,182 241,B01,1,1,0,2,4,1,5,NULL,2.021E+11,241 341,182 242,A01,1,1,1,2,1999,0,1,0,-1,-1,-1,-1,2.021E+11,4,BOULEVARD SALVADOR ALLENDE,0,NULL,3,0,0,1,-1,-1,3,NULL,-1,1,0,1,50
2.021E+11,23,10,2021,12:30:00,1,972,97209,2,9,1,6,REPUBLIQUE (RUE DE LA ),"146,053,100,000","-610,703,000,000",2.021E+11,181 459,A01,3,1,0,1,4,25,6,NULL,2.021E+11,240 311,181 459,A01,1,1,1,-1,NULL,-1,-1,-1,-1,-1,-1,-1,2.021E+11,9,REPUBLIQUE (RUE DE LA ),0,NULL,-1,0,0,1,0,0,1,NULL,-1,1,9,6,10
2.021E+11,23,10,2021,12:30:00,1,972,97209,2,9,1,6,REPUBLIQUE (RUE DE LA ),"146,053,100,000","-610,703,000,000",2.021E+11,181 459,A01,3,1,0,1,4,25,6,NULL,2.021E+11,240 312,181 459,A01,10,3,4,1,2017,0,8,8,-1,8,9,2,2.021E+11,9,REPUBLIQUE (RUE DE LA ),0,NULL,-1,0,0,1,0,0,1,NULL,-1,1,9,6,10
2.021E+11,22,10,2021,09:07:00,1,75,75114,2,2,1,6,BOULEVARD DU MONTPARNASSE,"488,419,560,000","23,295,930,000",2.021E+11,180 910,A01,1,1,12,0,7,14,5,NULL,2.021E+11,239 582,180 910,A01,1,1,4,1,1996,9,8,0,-1,0,0,-1,2.021E+11,4,BOULEVARD DU MONTPARNASSE,0,NULL,1,1,3,1,-1,-1,1,NULL,-1,1,0,1,30
2.021E+11,11,10,2021,07:50:00,2,38,38169,2,1,1,3,MAIL MARCEL CACHIN,"451,931,000,000","56,874,800,000",2.021E+11,176 928,B01,1,1,0,2,1,1,5,NULL,2.021E+11,234 449,176 928,B01,1,1,3,2,1970,1,8,4,-1,-1,-1,-1,2.021E+11,4,MAIL MARCEL CACHIN,0,NULL,2,2,1,1,-1,-1,1,NULL,-1,1,0,8,30
2.021E+11,11,10,2021,07:50:00,2,38,38169,2,1,1,3,MAIL MARCEL CACHIN,"451,931,000,000","56,874,800,000",2.021E+11,176 928,B01,1,1,0,2,1,1,5,NULL,2.021E+11,234 450,176 929,A01,1,1,1,1,1967,4,1,0,-1,-1,-1,-1,2.021E+11,4,MAIL MARCEL CACHIN,0,NULL,2,2,1,1,-1,-1,1,NULL,-1,1,0,8,30
2.021E+11,6,10,2021,16:25:00,1,92,92012,2,2,1,2,SILLY (RUE DE) 89/FIN - 90/FIN,"488,333,684,520","22,334,541,815",2.021E+11,175 133,B01,1,1,0,2,1,2,5,NULL,2.021E+11,232 110,175 132,A01,1,1,1,2,1948,5,1,0,-1,-1,-1,-1,2.021E+11,4,NULL,0,NULL,2,2,0,1,0,0,1,NULL,-1,1,0,1,30
2.021E+11,6,10,2021,16:25:00,1,92,92012,2,2,1,2,SILLY (RUE DE) 89/FIN - 90/FIN,"488,333,684,520","22,334,541,815",2.021E+11,175 133,B01,1,1,0,2,1,2,5,NULL,2.021E+11,232 111,175 133,B01,1,1,4,1,2007,5,8,0,-1,-1,-1,-1,2.021E+11,4,NULL,0,NULL,2,2,0,1,0,0,1,NULL,-1,1,0,1,30
2.021E+11,27,9,2021,07:00:00,2,38,38229,2,1,1,3,Chemin du Vieux Chêne,"452,086,840,000","57,911,470,000",2.021E+11,171 995,B01,3,1,0,2,1,1,5,NULL,2.021E+11,228 046,171 995,B01,1,1,3,1,1995,1,0,-1,-1,0,0,-1,2.021E+11,7,NULL,-1,NULL,2,2,1,1,-1,-1,1,NULL,4,1,0,5,50
2.021E+11,27,9,2021,07:00:00,2,38,38229,2,1,1,3,Chemin du Vieux Chêne,"452,086,840,000","57,911,470,000",2.021E+11,171 995,B01,3,1,0,2,1,1,5,NULL,2.021E+11,228 047,171 996,A01,1,1,1,1,1992,4,1,-1,-1,0,0,-1,2.021E+11,7,NULL,-1,NULL,2,2,1,1,-1,-1,1,NULL,4,1,0,5,50
2.021E+11,23,9,2021,16:45:00,1,45,45234,2,3,1,1,Rue Vieille Levée,"478,925,000,000","18,957,700,000",2.021E+11,171 386,B01,2,1,0,2,1,1,5,NULL,2.021E+11,227 206,171 386,B01,1,1,4,1,2007,2,2,0,-1,-1,-1,-1,2.021E+11,4,NULL,0,NULL,2,4,0,1,-1,-1,1,NULL,-1,1,0,1,50
2.021E+11,23,9,2021,16:45:00,1,45,45234,2,3,1,1,Rue Vieille Levée,"478,925,000,000","18,957,700,000",2.021E+11,171 386,B01,2,1,0,2,1,1,5,NULL,2.021E+11,227 207,171 387,A01,3,2,1,2,2021,2,3,0,-1,-1,-1,-1,2.021E+11,4,NULL,0,NULL,2,4,0,1,-1,-1,1,NULL,-1,1,0,1,50
2.021E+11,23,9,2021,16:45:00,1,45,45234,2,3,1,1,Rue Vieille Levée,"478,925,000,000","18,957,700,000",2.021E+11,171 386,B01,2,1,0,2,1,1,5,NULL,2.021E+11,227 208,171 387,A01,4,2,1,1,2017,2,3,0,-1,-1,-1,-1,2.021E+11,4,NULL,0,NULL,2,4,0,1,-1,-1,1,NULL,-1,1,0,1,50
2.021E+11,23,9,2021,16:45:00,1,45,45234,2,3,1,1,Rue Vieille Levée,"478,925,000,000","18,957,700,000",2.021E+11,171 386,B01,2,1,0,2,1,1,5,NULL,2.021E+11,227 209,171 387,A01,1,1,1,2,1993,9,1,0,-1,-1,-1,-1,2.021E+11,4,NULL,0,NULL,2,4,0,1,-1,-1,1,NULL,-1,1,0,1,50
2.021E+11,19,9,2021,11:15:00,1,44,44028,2,1,1,7,10 Rue des Mazères,"473,180,150,000","-13,469,530,000",2.021E+11,168 998,A01,2,1,12,0,1,1,5,NULL,2.021E+11,224 089,168 998,A01,1,1,2,1,1969,5,2,-1,-1,0,0,-1,2.021E+11,3,68,-1,NULL,2,2,0,2,8,137,1,NULL,-1,1,0,1,30
2.021E+11,15,9,2021,10:55:00,1,29,29295,1,1,1,5,D74 - Lieu-Dit Menhir,"485,150,390,000","-42,426,320,000",2.021E+11,167 515,C01,1,1,0,2,8,2,5,NULL,2.021E+11,222 191,167 513,A01,1,1,1,2,1996,5,1,-1,-1,0,0,-1,2.021E+11,3,74,0,D,2,2,0,1,3,100,2,NULL,-1,1,5,1,70
2.021E+11,15,9,2021,10:55:00,1,29,29295,1,1,1,5,D74 - Lieu-Dit Menhir,"485,150,390,000","-42,426,320,000",2.021E+11,167 515,C01,1,1,0,2,8,2,5,NULL,2.021E+11,222 192,167 514,B01,1,1,1,2,1982,4,1,-1,-1,0,0,-1,2.021E+11,3,74,0,D,2,2,0,1,3,100,2,NULL,-1,1,5,1,70
2.021E+11,15,9,2021,10:55:00,1,29,29295,1,1,1,5,D74 - Lieu-Dit Menhir,"485,150,390,000","-42,426,320,000",2.021E+11,167 515,C01,1,1,0,2,8,2,5,NULL,2.021E+11,222 193,167 515,C01,1,1,4,1,1943,5,2,4,6,0,0,-1,2.021E+11,3,74,0,D,2,2,0,1,3,100,2,NULL,-1,1,5,1,70
2.021E+11,11,9,2021,19:05:00,1,51,51649,2,1,1,3,Rue du 8 Mai 1945,"487,169,210,000","45,901,130,000",2.021E+11,166 712,B01,3,1,0,2,7,1,5,NULL,2.021E+11,221 117,166 711,A01,1,1,4,1,2002,5,0,-1,-1,0,0,-1,2.021E+11,4,NULL,-1,NULL,2,2,1,1,-1,-1,1,NULL,4,1,9,5,-1
2.021E+11,11,9,2021,19:05:00,1,51,51649,2,1,1,3,Rue du 8 Mai 1945,"487,169,210,000","45,901,130,000",2.021E+11,166 712,B01,3,1,0,2,7,1,5,NULL,2.021E+11,221 118,166 712,B01,1,1,3,1,2010,5,0,-1,-1,0,0,-1,2.021E+11,4,NULL,-1,NULL,2,2,1,1,-1,-1,1,NULL,4,1,9,5,-1
2.021E+11,11,9,2021,15:09:00,1,8,8190,2,6,1,3,Route de Beauraing,"501,335,850,000","48,519,110,000",2.021E+11,166 642,B01,1,1,0,2,1,0,5,NULL,2.021E+11,221 030,166 642,B01,1,1,4,1,1949,5,0,-1,-1,0,0,-1,2.021E+11,3,949,-1,D,1,1,0,1,-1,-1,2,NULL,-1,1,0,1,50
2.021E+11,11,9,2021,15:09:00,1,8,8190,2,6,1,3,Route de Beauraing,"501,335,850,000","48,519,110,000",2.021E+11,166 642,B01,1,1,0,2,1,0,5,NULL,2.021E+11,221 031,166 643,A01,1,1,1,2,1960,0,1,-1,-1,0,0,-1,2.021E+11,3,949,-1,D,1,1,0,1,-1,-1,2,NULL,-1,1,0,1,50
2.021E+11,5,9,2021,11:25:00,1,75,75115,2,2,1,3,QUAI BRANLY,"488,546,170,000","22,888,520,000",2.021E+11,164 874,B01,3,1,0,2,7,19,5,NULL,2.021E+11,218 746,164 873,A01,1,1,1,2,1975,4,1,0,-1,0,0,-1,2.021E+11,4,QUAI BRANLY,0,NULL,2,4,0,1,-1,-1,1,NULL,-1,1,0,1,30
2.021E+11,5,9,2021,11:25:00,1,75,75115,2,2,1,3,QUAI BRANLY,"488,546,170,000","22,888,520,000",2.021E+11,164 874,B01,3,1,0,2,7,19,5,NULL,2.021E+11,218 747,164 874,B01,1,1,4,2,2012,5,2,0,-1,0,0,-1,2.021E+11,4,QUAI BRANLY,0,NULL,2,4,0,1,-1,-1,1,NULL,-1,1,0,1,30
2.021E+11,20,8,2021,15:50:00,1,92,92044,2,2,1,3,ANA. FRANCE(RUE)1A75 ET 2A72,"488,980,500,000","22,796,400,000",2.021E+11,159 914,B01,3,1,0,2,8,0,5,NULL,2.021E+11,212 089,159 914,B01,1,1,4,1,1994,0,1,0,-1,-1,-1,-1,2.021E+11,3,9,0,NULL,1,4,0,1,0,0,1,NULL,-1,1,0,1,50
2.021E+11,20,8,2021,15:50:00,1,92,92044,2,2,1,3,ANA. FRANCE(RUE)1A75 ET 2A72,"488,980,500,000","22,796,400,000",2.021E+11,159 914,B01,3,1,0,2,8,0,5,NULL,2.021E+11,212 090,159 915,A01,1,1,4,1,1998,0,8,0,-1,-1,-1,-1,2.021E+11,3,9,0,NULL,1,4,0,1,0,0,1,NULL,-1,1,0,1,50
2.021E+11,11,8,2021,10:30:00,1,16,16003,2,1,1,2,Lieu-dit Le Pont d'Agris,"457,846,700,000","0,3421480000",2.021E+11,157 556,A01,1,1,0,2,4,1,5,NULL,2.021E+11,208 824,157 556,A01,1,1,3,1,1957,5,2,-1,-1,0,0,-1,2.021E+11,3,6,-1,NULL,2,2,0,1,25,870,1,0,6,1,0,1,50
2.021E+11,11,8,2021,10:30:00,1,16,16003,2,1,1,2,Lieu-dit Le Pont d'Agris,"457,846,700,000","0,3421480000",2.021E+11,157 556,A01,1,1,0,2,4,1,5,NULL,2.021E+11,208 825,157 557,B01,1,1,1,-1,NULL,-1,-1,-1,-1,-1,-1,-1,2.021E+11,3,6,-1,NULL,2,2,0,1,25,870,1,0,6,1,0,1,50
2.021E+11,6,7,2021,19:30:00,1,75,75115,2,3,1,6,BOULEVARD VICTOR,"488,352,940,000","22,809,570,000",2.021E+11,147 409,A01,2,1,12,0,0,12,5,NULL,2.021E+11,194 766,147 409,A01,1,1,4,1,1969,9,2,0,-1,0,0,-1,2.021E+11,4,BOULEVARD VICTOR,0,NULL,1,1,0,1,-1,-1,1,NULL,-1,1,0,5,50
2.021E+11,19,6,2021,19:20:00,1,40,40304,2,2,1,3,Avenue Bremontier,"436,562,530,000","-14,332,280,000",2.021E+11,146 573,B01,1,1,0,2,5,1,5,NULL,2.021E+11,193 637,146 572,A01,1,1,1,2,1957,1,8,-1,-1,0,0,-1,2.021E+11,4,NULL,-1,NULL,1,2,1,1,-1,-1,1,NULL,4,1,0,5,50
2.021E+11,19,6,2021,19:20:00,1,40,40304,2,2,1,3,Avenue Bremontier,"436,562,530,000","-14,332,280,000",2.021E+11,146 573,B01,1,1,0,2,5,1,5,NULL,2.021E+11,193 638,146 573,B01,1,1,4,1,1999,5,0,-1,-1,0,0,-1,2.021E+11,4,NULL,-1,NULL,1,2,1,1,-1,-1,1,NULL,4,1,0,5,50
2.021E+11,8,6,2021,09:55:00,1,75,75103,2,2,1,3,RUE DE TURBIGO,"488,654,590,000","23,561,170,000",2.021E+11,138 159,B01,1,1,0,2,7,1,5,NULL,2.021E+11,182 531,138 159,B01,1,1,4,1,1988,5,8,0,-1,0,0,-1,2.021E+11,4,RUE DE TURBIGO,0,NULL,1,4,1,1,-1,-1,1,NULL,-1,1,0,1,30
2.021E+11,8,6,2021,09:55:00,1,75,75103,2,2,1,3,RUE DE TURBIGO,"488,654,590,000","23,561,170,000",2.021E+11,138 159,B01,1,1,0,2,7,1,5,NULL,2.021E+11,182 532,138 160,A01,1,1,1,1,1995,1,1,0,-1,0,0,-1,2.021E+11,4,RUE DE TURBIGO,0,NULL,1,4,1,1,-1,-1,1,NULL,-1,1,0,1,30
2.021E+11,28,5,2021,14:15:00,1,974,97407,2,2,1,3,JEAN MOULIN (RUE) - RIV. DES GALETS,"-209,588,800,000","553,174,300,000",2.021E+11,134 220,B01,3,1,0,2,8,1,5,NULL,2.021E+11,177 404,134 220,B01,1,1,4,1,1970,0,8,8,-1,-1,-1,-1,2.021E+11,4,JEAN MOULIN (RUE) - RIV. DES GALETS,0,NULL,2,2,0,1,0,0,1,NULL,-1,1,5,1,50
2.021E+11,28,5,2021,14:15:00,1,974,97407,2,2,1,3,JEAN MOULIN (RUE) - RIV. DES GALETS,"-209,588,800,000","553,174,300,000",2.021E+11,134 220,B01,3,1,0,2,8,1,5,NULL,2.021E+11,177 405,134 221,A01,1,1,1,1,1998,0,1,0,-1,-1,-1,-1,2.021E+11,4,JEAN MOULIN (RUE) - RIV. DES GALETS,0,NULL,2,2,0,1,0,0,1,NULL,-1,1,5,1,50
2.021E+11,27,5,2021,22:30:00,5,75,75105,2,2,1,7,RUE DU PETIT PONT,"488,523,560,000","23,482,280,000",2.021E+11,133 659,A01,1,1,0,0,0,21,5,NULL,2.021E+11,176 699,133 659,A01,1,1,4,2,1956,5,8,0,-1,0,0,-1,2.021E+11,4,RUE DU PETIT PONT,0,NULL,1,3,1,1,-1,-1,1,NULL,-1,1,2,5,30
2.021E+11,9,5,2021,11:20:00,1,75,75119,2,2,1,3,RUE DE BELLEVILLE,"488,754,630,000","23,990,100,000",2.021E+11,128 995,B01,3,1,0,2,1,1,5,NULL,2.021E+11,170 516,128 994,A01,2,2,1,1,1969,9,1,0,-1,0,0,-1,2.021E+11,4,RUE DE BELLEVILLE,0,NULL,2,4,0,1,-1,-1,1,NULL,-1,1,0,1,50
2.021E+11,9,5,2021,11:20:00,1,75,75119,2,2,1,3,RUE DE BELLEVILLE,"488,754,630,000","23,990,100,000",2.021E+11,128 995,B01,3,1,0,2,1,1,5,NULL,2.021E+11,170 517,128 994,A01,1,1,1,1,2001,9,1,0,-1,0,0,-1,2.021E+11,4,RUE DE BELLEVILLE,0,NULL,2,4,0,1,-1,-1,1,NULL,-1,1,0,1,50
2.021E+11,9,5,2021,11:20:00,1,75,75119,2,2,1,3,RUE DE BELLEVILLE,"488,754,630,000","23,990,100,000",2.021E+11,128 995,B01,3,1,0,2,1,1,5,NULL,2.021E+11,170 518,128 995,B01,1,1,4,1,1983,9,8,0,-1,0,0,-1,2.021E+11,4,RUE DE BELLEVILLE,0,NULL,2,4,0,1,-1,-1,1,NULL,-1,1,0,1,50
2.021E+11,7,5,2021,16:55:00,1,75,75107,2,3,1,7,QUAI ANATOLE FRANCE,"488,624,160,000","23,198,510,000",2.021E+11,128 410,A01,1,1,0,0,1,1,5,NULL,2.021E+11,169 746,128 410,A01,1,1,4,1,1972,9,8,0,-1,0,0,-1,2.021E+11,4,QUAI ANATOLE FRANCE,0,NULL,2,5,1,1,-1,-1,1,NULL,-1,1,0,5,50
2.021E+11,6,5,2021,08:55:00,1,92,92073,2,1,2,7,ROOSVELT (AVENUE FRANKLIN),"488,749,340,569","22,198,873,758",2.021E+11,128 025,A01,1,1,0,0,0,16,5,NULL,2.021E+11,169 227,128 025,A01,1,1,4,2,1982,0,2,0,-1,-1,-1,-1,2.021E+11,3,ROOSVELT (AVENUE FRANKLIN),0,NULL,2,2,0,2,1,0,2,NULL,-1,2,0,1,50
2.021E+11,3,5,2021,19:50:00,1,71,71153,2,1,1,3,MONTCENIS (ROUTE DE),"468,008,000,000","44,116,000,000",2.021E+11,127 403,B01,2,1,0,2,1,1,5,NULL,2.021E+11,168 439,127 402,A01,1,1,1,1,1961,5,8,0,-1,0,0,-1,2.021E+11,3,MONTCENIS (ROUTE DE),0,NULL,2,2,0,1,2,0,2,NULL,-1,1,0,1,50
2.021E+11,3,5,2021,19:50:00,1,71,71153,2,1,1,3,MONTCENIS (ROUTE DE),"468,008,000,000","44,116,000,000",2.021E+11,127 403,B01,2,1,0,2,1,1,5,NULL,2.021E+11,168 440,127 403,B01,1,1,3,1,1994,5,2,6,-1,0,0,-1,2.021E+11,3,MONTCENIS (ROUTE DE),0,NULL,2,2,0,1,2,0,2,NULL,-1,1,0,1,50
2.021E+11,14,4,2021,18:45:00,1,94,94081,2,1,1,3,GENERAL MALLERET JOINVILLE (R DU),"487,800,000,000","24,000,000,000",2.021E+11,123 168,B01,3,1,0,2,0,0,5,NULL,2.021E+11,162 971,123 167,A01,1,1,1,2,2003,5,1,0,-1,-1,-1,-1,2.021E+11,4,GENERAL MALLERET JOINVILLE (R DU),0,NULL,2,2,0,1,109,0,1,NULL,-1,1,0,1,50
2.021E+11,14,4,2021,18:45:00,1,94,94081,2,1,1,3,GENERAL MALLERET JOINVILLE (R DU),"487,800,000,000","24,000,000,000",2.021E+11,123 168,B01,3,1,0,2,0,0,5,NULL,2.021E+11,162 972,123 168,B01,1,1,4,2,2008,5,8,0,-1,-1,-1,-1,2.021E+11,4,GENERAL MALLERET JOINVILLE (R DU),0,NULL,2,2,0,1,109,0,1,NULL,-1,1,0,1,50
2.021E+11,4,4,2021,19:10:00,1,49,49007,2,1,1,1,BICHON PLACE,"474,783,550,000"," -0,5648880000",2.021E+11,121 835,B01,3,1,0,2,8,0,5,NULL,2.021E+11,161 245,121 835,B01,1,1,4,1,2002,0,8,0,-1,-1,-1,-1,2.021E+11,4,BICHON PLACE,0,NULL,2,4,2,1,1,0,1,NULL,-1,1,0,1,50
2.021E+11,4,4,2021,19:10:00,1,49,49007,2,1,1,1,BICHON PLACE,"474,783,550,000"," -0,5648880000",2.021E+11,121 835,B01,3,1,0,2,8,0,5,NULL,2.021E+11,161 246,121 836,A01,1,1,1,1,1994,0,1,0,-1,-1,-1,-1,2.021E+11,4,BICHON PLACE,0,NULL,2,4,2,1,1,0,1,NULL,-1,1,0,1,50
2.021E+11,1,4,2021,07:45:00,1,35,35238,2,2,1,3,ALMA (DE L'),"480,973,700,000","-16,749,640,000",2.021E+11,120 228,B01,2,1,0,2,1,1,5,NULL,2.021E+11,159 108,120 228,B01,1,1,4,1,2006,2,2,0,-1,-1,-1,-1,2.021E+11,4,CARTIER (BD JACQUES),0,NULL,2,2,0,1,-1,-1,1,NULL,-1,1,5,1,50
2.021E+11,1,4,2021,07:45:00,1,35,35238,2,2,1,3,ALMA (DE L'),"480,973,700,000","-16,749,640,000",2.021E+11,120 228,B01,2,1,0,2,1,1,5,NULL,2.021E+11,159 109,120 229,A01,1,1,1,2,1956,4,1,-1,-1,-1,-1,-1,2.021E+11,4,CARTIER (BD JACQUES),0,NULL,2,2,0,1,-1,-1,1,NULL,-1,1,5,1,50
2.021E+11,23,3,2021,17:13:00,1,64,64445,2,6,7,3,LAURIERS DES,"433,017,600,000"," -0,3446400000",2.021E+11,117 939,B01,1,1,0,2,0,0,5,NULL,2.021E+11,156 200,117 938,A01,1,1,1,2,1960,5,1,0,-1,-1,-1,-1,2.021E+11,4,LAURIERS DES,0,NULL,2,2,0,1,0,0,3,NULL,-1,1,0,1,30
2.021E+11,23,3,2021,17:13:00,1,64,64445,2,6,7,3,LAURIERS DES,"433,017,600,000"," -0,3446400000",2.021E+11,117 939,B01,1,1,0,2,0,0,5,NULL,2.021E+11,156 201,117 939,B01,1,1,4,1,2008,2,0,0,-1,-1,-1,-1,2.021E+11,4,LAURIERS DES,0,NULL,2,2,0,1,0,0,3,NULL,-1,1,0,1,30
2.021E+11,21,3,2021,18:35:00,1,35,35238,2,1,1,3,SAINT-HELIER,"481,059,850,000","-16,665,240,000",2.021E+11,117 533,B01,1,1,0,2,0,0,0,NULL,2.021E+11,155 680,117 532,A01,1,1,1,2,1979,5,1,-1,-1,-1,-1,-1,2.021E+11,4,SAINT-HELIER,0,NULL,2,2,1,1,-1,-1,1,NULL,-1,1,0,1,50
2.021E+11,21,3,2021,18:35:00,1,35,35238,2,1,1,3,SAINT-HELIER,"481,059,850,000","-16,665,240,000",2.021E+11,117 533,B01,1,1,0,2,0,0,0,NULL,2.021E+11,155 681,117 533,B01,1,1,4,1,1981,9,0,-1,-1,-1,-1,-1,2.021E+11,4,SAINT-HELIER,0,NULL,2,2,1,1,-1,-1,1,NULL,-1,1,0,1,50
2.021E+11,23,2,2021,16:20:00,1,69,69259,2,6,7,2,CORBAS (DE) (RTE),"456,861,270,500","48,922,385,400",2.021E+11,111 550,B01,2,1,0,2,0,1,5,NULL,2.021E+11,147 981,111 550,B01,1,1,4,1,1993,1,0,-1,-1,-1,-1,-1,2.021E+11,7,CORBAS (DE)                         (RO),0,NULL,2,1,0,3,-1,-1,2,NULL,-1,1,9,1,30
2.021E+11,23,2,2021,16:20:00,1,69,69259,2,6,7,2,CORBAS (DE) (RTE),"456,861,270,500","48,922,385,400",2.021E+11,111 550,B01,2,1,0,2,0,1,5,NULL,2.021E+11,147 982,111 551,A01,1,1,1,1,1978,0,8,-1,-1,-1,-1,-1,2.021E+11,7,CORBAS (DE)                         (RO),0,NULL,2,1,0,3,-1,-1,2,NULL,-1,1,9,1,30
2.021E+11,23,2,2021,16:20:00,1,69,69259,2,6,7,2,CORBAS (DE) (RTE),"456,861,270,500","48,922,385,400",2.021E+11,111 550,B01,2,1,0,2,0,1,5,NULL,2.021E+11,147 983,111 551,A01,2,2,1,1,1967,0,8,0,-1,-1,-1,-1,2.021E+11,7,CORBAS (DE)                         (RO),0,NULL,2,1,0,3,-1,-1,2,NULL,-1,1,9,1,30
2.021E+11,18,2,2021,11:31:00,1,33,33063,2,3,1,3,Place André Meunier Dit Mureine,"448,294,990,000"," -0,5612960000",2.021E+11,110 408,A01,2,1,0,2,8,19,5,NULL,2.021E+11,146 529,110 407,B01,1,1,1,1,1974,4,1,-1,-1,-1,-1,-1,2.021E+11,4,RUE DES ETABLES,0,NULL,1,-1,3,1,-1,-1,1,NULL,-1,1,-1,6,30
2.021E+11,18,2,2021,11:31:00,1,33,33063,2,3,1,3,Place André Meunier Dit Mureine,"448,294,990,000"," -0,5612960000",2.021E+11,110 408,A01,2,1,0,2,8,19,5,NULL,2.021E+11,146 530,110 408,A01,1,1,4,1,1991,4,8,0,-1,-1,-1,-1,2.021E+11,4,RUE DES ETABLES,0,NULL,1,-1,3,1,-1,-1,1,NULL,-1,1,-1,6,30