Num_Acc,jour,mois,an,hrmn,lum,dep,com,agg,int,atm,col,adr,lat,long,Num_Acc,id_vehicule,num_veh,senc,catv,obs,obsm,choc,manv,motor,occutc,Num_Acc,id_usager,id_vehicule,num_veh,place,catu,grav,sexe,an_nais,trajet,secu1,secu2,secu3,locp,actp,etatp,Num_Acc,catr,voie,v1,v2,circ,nbv,vosp,prof,pr,pr1,plan,lartpc,larrout,surf,infra,situ,vma
2.021E+11,21,5,2021,18:00:00,1,27,27554,2,1,2,1,D64,"490,958,590,000","13,784,840,000",2.021E+11,132 330,B01,2,1,0,2,1,5,5,NULL,2.021E+11,174 932,132 330,B01,1,1,3,1,1969,5,2,0,-1,0,0,-1,2.021E+11,3,D64E (voie nouvelle),0,NULL,1,1,0,2,0,570,1,NULL,-1,2,0,1,50
2.021E+11,9,5,2021,18:30:00,1,38,38185,2,2,1,3,COURS BERRIAT,"451,882,323,797","57,162,165,642",2.021E+11,129 250,B01,3,1,0,2,1,1,5,NULL,2.021E+11,170 861,129 250,B01,1,1,3,1,1991,0,8,0,-1,-1,-1,-1,2.021E+11,4,COURS BERRIAT,0,NULL,2,4,2,2,-1,-1,1,NULL,-1,1,0,5,30
2.021E+11,9,5,2021,18:30:00,1,38,38185,2,2,1,3,COURS BERRIAT,"451,882,323,797","57,162,165,642",2.021E+11,129 250,B01,3,1,0,2,1,1,5,NULL,2.021E+11,170 862,129 251,A01,1,1,1,-1,NULL,-1,-1,-1,-1,-1,-1,-1,2.021E+11,4,COURS BERRIAT,0,NULL,2,4,2,2,-1,-1,1,NULL,-1,1,0,5,30
2.021E+11,26,3,2021,13:25:00,1,73,73261,2,6,1,3,D1006 R du Temple,"452,199,380,000","64,647,840,000",2.021E+11,127 218,B01,2,1,0,2,1,1,5,NULL,2.021E+11,168 199,127 217,A01,1,1,1,2,1968,1,1,-1,-1,0,0,-1,2.021E+11,3,1006,-1,NULL,1,1,0,1,122,365,2,NULL,-1,1,5,1,50
2.021E+11,26,3,2021,13:25:00,1,73,73261,2,6,1,3,D1006 R du Temple,"452,199,380,000","64,647,840,000",2.021E+11,127 218,B01,2,1,0,2,1,1,5,NULL,2.021E+11,168 200,127 218,B01,1,1,3,1,1969,5,2,-1,-1,0,0,-1,2.021E+11,3,1006,-1,NULL,1,1,0,1,122,365,2,NULL,-1,1,5,1,50
2.021E+11,30,4,2021,18:50:00,1,93,93048,2,2,1,3,PRESIDENT WILSON (AVENUE DU),"488,556,608,490","24,395,569,358",2.021E+11,126 639,B01,1,1,0,2,1,1,0,NULL,2.021E+11,167 433,126 639,B01,1,1,4,1,1999,0,8,0,-1,-1,-1,-1,2.021E+11,4,PRESIDENT WILSON (AVENUE DU),0,NULL,2,2,0,1,0,0,1,NULL,-1,1,0,1,50
2.021E+11,30,4,2021,18:50:00,1,93,93048,2,2,1,3,PRESIDENT WILSON (AVENUE DU),"488,556,608,490","24,395,569,358",2.021E+11,126 639,B01,1,1,0,2,1,1,0,NULL,2.021E+11,167 434,126 640,A01,1,1,1,2,1965,0,1,0,-1,-1,-1,-1,2.021E+11,4,PRESIDENT WILSON (AVENUE DU),0,NULL,2,2,0,1,0,0,1,NULL,-1,1,0,1,50
2.021E+11,25,4,2021,13:10:00,1,75,75104,2,2,1,3,QUAI DE L HOTEL DE VILLE,"488,543,930,000","23,549,860,000",2.021E+11,125 637,B01,1,1,0,2,1,1,5,NULL,2.021E+11,166 163,125 637,B01,1,1,4,1,1996,9,8,0,-1,0,0,-1,2.021E+11,4,QUAI DE L HOTEL DE VILLE,0,NULL,2,4,1,1,-1,-1,1,NULL,-1,1,0,5,30
2.021E+11,25,4,2021,13:10:00,1,75,75104,2,2,1,3,QUAI DE L HOTEL DE VILLE,"488,543,930,000","23,549,860,000",2.021E+11,125 637,B01,1,1,0,2,1,1,5,NULL,2.021E+11,166 164,125 638,A01,1,1,1,2,2000,9,1,0,-1,0,0,-1,2.021E+11,4,QUAI DE L HOTEL DE VILLE,0,NULL,2,4,1,1,-1,-1,1,NULL,-1,1,0,5,30
2.021E+11,25,4,2021,13:10:00,1,75,75104,2,2,1,3,QUAI DE L HOTEL DE VILLE,"488,543,930,000","23,549,860,000",2.021E+11,125 637,B01,1,1,0,2,1,1,5,NULL,2.021E+11,166 165,125 638,A01,2,2,1,1,2000,9,1,0,-1,0,0,-1,2.021E+11,4,QUAI DE L HOTEL DE VILLE,0,NULL,2,4,1,1,-1,-1,1,NULL,-1,1,0,5,30
2.021E+11,22,4,2021,16:57:00,1,51,51454,2,6,1,3,Avenue Paul Marchandeau,"492,421,371,036","40,244,113,972",2.021E+11,124 769,B01,3,1,0,2,8,19,5,NULL,2.021E+11,165 038,124 768,A01,1,1,1,2,1961,0,1,-1,-1,0,0,-1,2.021E+11,4,MARCHANDEAU (AVENUE PAUL),0,NULL,1,1,0,1,-1,-1,1,NULL,-1,1,0,1,50
2.021E+11,22,4,2021,16:57:00,1,51,51454,2,6,1,3,Avenue Paul Marchandeau,"492,421,371,036","40,244,113,972",2.021E+11,124 769,B01,3,1,0,2,8,19,5,NULL,2.021E+11,165 039,124 769,B01,1,1,3,1,2009,5,8,-1,-1,-1,-1,-1,2.021E+11,4,MARCHANDEAU (AVENUE PAUL),0,NULL,1,1,0,1,-1,-1,1,NULL,-1,1,0,1,50
2.021E+11,17,4,2021,15:20:00,1,36,36034,2,1,8,6,40 Rue de Safran,"472,579,960,000","16,536,890,000",2.021E+11,123 358,A01,1,1,0,9,1,0,5,NULL,2.021E+11,163 234,123 358,A01,1,1,3,1,2007,5,0,-1,-1,0,0,-1,2.021E+11,4,NULL,-1,NULL,2,2,0,2,-1,-1,1,NULL,-1,1,0,1,50
2.021E+11,13,4,2021,13:52:00,1,56,56098,2,1,1,7,CREBILLON (RUE  PROSPER ),"477,669,200,000","-33,487,500,000",2.021E+11,122 988,A01,1,1,16,0,0,21,5,NULL,2.021E+11,162 747,122 988,A01,1,1,4,2,1967,1,2,0,-1,-1,-1,-1,2.021E+11,4,CREBILLON (RUE  PROSPER ),0,NULL,2,2,0,1,-1,-1,1,NULL,-1,1,0,1,30
2.021E+11,1,4,2021,16:00:00,1,69,69386,2,1,1,2,EMERAUDES (DES) (R),"457,688,600,000","48,602,000,000",2.021E+11,120 349,A01,1,1,0,2,1,1,5,NULL,2.021E+11,159 265,120 349,A01,1,1,4,1,1999,4,8,-1,-1,-1,-1,-1,2.021E+11,4,EMERAUDES (DES)                     (R ),0,NULL,2,2,1,1,-1,-1,1,NULL,-1,1,0,1,50
2.021E+11,1,4,2021,16:00:00,1,69,69386,2,1,1,2,EMERAUDES (DES) (R),"457,688,600,000","48,602,000,000",2.021E+11,120 349,A01,1,1,0,2,1,1,5,NULL,2.021E+11,159 266,120 350,B01,2,2,1,1,1989,9,1,-1,-1,-1,-1,-1,2.021E+11,4,EMERAUDES (DES)                     (R ),0,NULL,2,2,1,1,-1,-1,1,NULL,-1,1,0,1,50
2.021E+11,1,4,2021,16:00:00,1,69,69386,2,1,1,2,EMERAUDES (DES) (R),"457,688,600,000","48,602,000,000",2.021E+11,120 349,A01,1,1,0,2,1,1,5,NULL,2.021E+11,159 267,120 350,B01,1,1,1,2,1963,9,1,-1,-1,-1,-1,-1,2.021E+11,4,EMERAUDES (DES)                     (R ),0,NULL,2,2,1,1,-1,-1,1,NULL,-1,1,0,1,50
2.021E+11,5,3,2021,11:15:00,1,74,74012,2,9,1,3,ZOLA (RUE EMILE),"461,958,270,000","62,314,080,000",2.021E+11,116 441,B01,1,1,0,2,1,1,5,NULL,2.021E+11,154 276,116 441,B01,1,1,3,1,1956,3,2,0,-1,-1,-1,-1,2.021E+11,4,ZOLA (RUE EMILE),0,NULL,1,1,0,1,0,0,2,NULL,-1,1,9,1,50
2.021E+11,5,3,2021,11:15:00,1,74,74012,2,9,1,3,ZOLA (RUE EMILE),"461,958,270,000","62,314,080,000",2.021E+11,116 441,B01,1,1,0,2,1,1,5,NULL,2.021E+11,154 277,116 442,A01,1,1,1,2,1944,5,1,0,-1,-1,-1,-1,2.021E+11,4,ZOLA (RUE EMILE),0,NULL,1,1,0,1,0,0,2,NULL,-1,1,9,1,50
2.021E+11,14,3,2021,12:16:00,1,17,17300,2,3,1,3,SAINT-CLAUDE   RUE,"461,584,500,000","-11,465,300,000",2.021E+11,115 900,B01,1,1,0,2,8,1,5,NULL,2.021E+11,153 571,115 900,B01,1,1,4,1,2002,5,8,0,-1,-1,-1,-1,2.021E+11,4,SAINT-CLAUDE   RUE,0,NULL,1,1,1,1,-1,-1,1,NULL,-1,1,0,1,50
2.021E+11,14,3,2021,12:16:00,1,17,17300,2,3,1,3,SAINT-CLAUDE   RUE,"461,584,500,000","-11,465,300,000",2.021E+11,115 900,B01,1,1,0,2,8,1,5,NULL,2.021E+11,153 572,115 901,A01,1,1,1,1,1981,5,1,8,-1,-1,-1,-1,2.021E+11,4,SAINT-CLAUDE   RUE,0,NULL,1,1,1,1,-1,-1,1,NULL,-1,1,0,1,50
2.021E+11,3,3,2021,17:00:00,1,83,83069,1,9,1,1,DECUGIS (AVENUE ALFRED),"431,165,000,000","61,467,000,000",2.021E+11,113 515,Y01,1,1,0,2,7,9,5,NULL,2.021E+11,150 492,113 515,Y01,1,1,4,1,1971,9,0,-1,-1,0,0,-1,2.021E+11,4,DECUGIS (AVENUE ALFRED),0,NULL,-1,1,0,1,0,0,2,NULL,-1,1,9,1,50
2.021E+11,3,3,2021,17:00:00,1,83,83069,1,9,1,1,DECUGIS (AVENUE ALFRED),"431,165,000,000","61,467,000,000",2.021E+11,113 515,Y01,1,1,0,2,7,9,5,NULL,2.021E+11,150 493,113 516,A01,1,1,1,1,1954,0,1,8,-1,-1,-1,-1,2.021E+11,4,DECUGIS (AVENUE ALFRED),0,NULL,-1,1,0,1,0,0,2,NULL,-1,1,9,1,50
2.021E+11,1,3,2021,08:40:00,1,91,91103,2,9,1,6,RUE DE LEUVILLE,"486,169,000,000","22,934,000,000",2.021E+11,113 079,B01,3,1,0,2,3,1,5,NULL,2.021E+11,149 963,113 079,B01,1,1,4,1,1956,5,2,0,-1,-1,-1,-1,2.021E+11,4,RUE DE LEUVILLE,0,NULL,2,2,0,1,0,0,1,NULL,-1,1,0,1,50
2.021E+11,1,3,2021,08:40:00,1,91,91103,2,9,1,6,RUE DE LEUVILLE,"486,169,000,000","22,934,000,000",2.021E+11,113 079,B01,3,1,0,2,3,1,5,NULL,2.021E+11,149 964,113 080,A01,1,1,1,1,1950,1,1,0,-1,-1,-1,-1,2.021E+11,4,RUE DE LEUVILLE,0,NULL,2,2,0,1,0,0,1,NULL,-1,1,0,1,50
2.021E+11,18,2,2021,11:15:00,1,26,26198,1,9,1,6,ESPELUCHE (Route d'),"445,429,100,000","47,731,000,000",2.021E+11,110 396,B01,3,1,0,2,7,1,5,NULL,2.021E+11,146 513,110 395,A01,1,1,1,2,1946,5,1,-1,-1,0,0,-1,2.021E+11,3,ESPELUCHE (Route d'),0,NULL,2,2,0,1,3,695,1,NULL,-1,1,0,1,50
2.021E+11,18,2,2021,11:15:00,1,26,26198,1,9,1,6,ESPELUCHE (Route d'),"445,429,100,000","47,731,000,000",2.021E+11,110 396,B01,3,1,0,2,7,1,5,NULL,2.021E+11,146 514,110 396,B01,1,1,4,1,1945,5,2,8,-1,0,0,-1,2.021E+11,3,ESPELUCHE (Route d'),0,NULL,2,2,0,1,3,695,1,NULL,-1,1,0,1,50
2.021E+11,17,2,2021,12:30:00,1,75,75103,2,4,1,1,RUE DU TEMPLE,"488,668,096,515","23,620,036,436",2.021E+11,110 361,A01,1,1,8,2,3,15,5,NULL,2.021E+11,146 468,110 360,B01,1,1,1,1,1974,1,1,0,-1,0,0,-1,2.021E+11,4,RUE DU TEMPLE,0,NULL,1,3,0,1,-1,-1,3,NULL,-1,1,0,1,50
2.021E+11,17,2,2021,12:30:00,1,75,75103,2,4,1,1,RUE DU TEMPLE,"488,668,096,515","23,620,036,436",2.021E+11,110 361,A01,1,1,8,2,3,15,5,NULL,2.021E+11,146 469,110 361,A01,1,1,4,1,1983,1,8,0,-1,0,0,-1,2.021E+11,4,RUE DU TEMPLE,0,NULL,1,3,0,1,-1,-1,3,NULL,-1,1,0,1,50
2.021E+11,16,1,2021,17:50:00,5,75,75115,2,1,2,6,QUAI ANDRE CITROEN,"488,452,930,000","22,760,370,000",2.021E+11,103 871,A01,2,1,12,0,1,1,5,NULL,2.021E+11,137 835,103 871,A01,1,1,4,1,2003,5,8,0,-1,0,0,-1,2.021E+11,4,QUAI ANDRE CITROEN,0,NULL,1,2,1,1,-1,-1,1,NULL,-1,2,-1,5,50
2.021E+11,2,11,2021,16:00:00,1,66,66021,1,6,7,3,RD 31,"427,266,030,000","29,466,100,000",2.021E+11,184 443,B01,2,1,0,2,7,1,5,NULL,2.021E+11,244 369,184 442,A01,1,1,1,2,1966,5,1,-1,-1,0,0,-1,2.021E+11,3,31,0,D,1,1,0,1,5,363,3,NULL,-1,1,0,1,80
2.021E+11,2,11,2021,16:00:00,1,66,66021,1,6,7,3,RD 31,"427,266,030,000","29,466,100,000",2.021E+11,184 443,B01,2,1,0,2,7,1,5,NULL,2.021E+11,244 370,184 443,B01,1,1,3,1,1950,5,2,-1,-1,0,0,-1,2.021E+11,3,31,0,D,1,1,0,1,5,363,3,NULL,-1,1,0,1,80
2.021E+11,2,11,2021,17:50:00,1,33,33063,2,1,2,2,Cours Pasteur,"448,343,100,000"," -0,5746900000",2.021E+11,184 217,A01,2,1,0,2,1,1,5,NULL,2.021E+11,244 058,184 216,B01,1,1,1,2,1988,0,8,-1,-1,-1,-1,-1,2.021E+11,4,CRS PASTEUR,0,NULL,1,3,0,1,-1,-1,1,NULL,-1,2,0,1,50
2.021E+11,2,11,2021,17:50:00,1,33,33063,2,1,2,2,Cours Pasteur,"448,343,100,000"," -0,5746900000",2.021E+11,184 217,A01,2,1,0,2,1,1,5,NULL,2.021E+11,244 059,184 217,A01,1,1,4,1,2000,0,2,-1,-1,-1,-1,-1,2.021E+11,4,CRS PASTEUR,0,NULL,1,3,0,1,-1,-1,1,NULL,-1,2,0,1,50
2.021E+11,11,10,2021,07:20:00,1,67,67482,2,1,5,3,ROBERTSAU (ALLEE DE LA),"485,867,690,000","77,636,620,000",2.021E+11,177 373,B01,1,1,0,2,4,1,5,NULL,2.021E+11,234 995,177 373,B01,1,1,4,1,1961,0,8,0,-1,-1,-1,-1,2.021E+11,4,ROBERTSAU (ALLEE DE LA),0,NULL,3,4,1,1,0,0,1,NULL,-1,1,0,1,50
2.021E+11,11,10,2021,07:20:00,1,67,67482,2,1,5,3,ROBERTSAU (ALLEE DE LA),"485,867,690,000","77,636,620,000",2.021E+11,177 373,B01,1,1,0,2,4,1,5,NULL,2.021E+11,234 996,177 374,A01,1,1,1,1,1967,4,1,8,-1,-1,-1,-1,2.021E+11,4,ROBERTSAU (ALLEE DE LA),0,NULL,3,4,1,1,0,0,1,NULL,-1,1,0,1,50
2.021E+11,30,9,2021,12:30:00,1,54,54395,2,2,1,1,JAURES (BOULEVARD JEAN),"486,806,500,000","61,789,000,000",2.021E+11,173 876,A01,1,1,0,2,1,1,5,NULL,2.021E+11,230 480,173 876,A01,1,1,4,1,1949,0,2,0,-1,0,0,-1,2.021E+11,4,JAURES (BOULEVARD JEAN),0,NULL,1,2,0,1,-1,-1,1,NULL,-1,1,0,1,30
2.021E+11,30,9,2021,12:30:00,1,54,54395,2,2,1,1,JAURES (BOULEVARD JEAN),"486,806,500,000","61,789,000,000",2.021E+11,173 876,A01,1,1,0,2,1,1,5,NULL,2.021E+11,230 481,173 877,B01,1,1,1,1,2001,0,1,0,-1,0,0,-1,2.021E+11,4,JAURES (BOULEVARD JEAN),0,NULL,1,2,0,1,-1,-1,1,NULL,-1,1,0,1,30
2.021E+11,23,9,2021,17:25:00,1,92,92073,2,1,1,2,GALLIENI (QUAI),"488,704,690,000","22,319,200,000",2.021E+11,171 003,B01,3,1,0,2,4,11,0,NULL,2.021E+11,226 727,171 003,B01,1,1,1,1,1997,2,8,0,-1,-1,-1,-1,2.021E+11,3,GALLIENI (QUAI),0,NULL,1,2,0,1,1,0,1,NULL,-1,1,0,1,50
2.021E+11,23,9,2021,17:25:00,1,92,92073,2,1,1,2,GALLIENI (QUAI),"488,704,690,000","22,319,200,000",2.021E+11,171 003,B01,3,1,0,2,4,11,0,NULL,2.021E+11,226 728,171 004,A01,1,1,4,1,1971,1,2,6,-1,-1,-1,-1,2.021E+11,3,GALLIENI (QUAI),0,NULL,1,2,0,1,1,0,1,NULL,-1,1,0,1,50
2.021E+11,25,9,2021,09:20:00,1,44,44066,1,2,1,3,Rue du Bois du Plessis,"473,737,060,000","-16,049,700,000",2.021E+11,170 693,B01,1,1,0,2,7,1,5,NULL,2.021E+11,226 301,170 693,B01,1,1,3,2,1952,5,0,-1,-1,0,0,-1,2.021E+11,3,26,-1,NULL,2,2,0,1,38,455,1,NULL,-1,1,5,1,80
2.021E+11,25,9,2021,09:20:00,1,44,44066,1,2,1,3,Rue du Bois du Plessis,"473,737,060,000","-16,049,700,000",2.021E+11,170 693,B01,1,1,0,2,7,1,5,NULL,2.021E+11,226 302,170 694,A01,1,1,1,2,1972,5,1,-1,-1,0,0,-1,2.021E+11,3,26,-1,NULL,2,2,0,1,38,455,1,NULL,-1,1,5,1,80
2.021E+11,16,9,2021,18:20:00,1,68,68290,2,1,1,1,Rue des Primevères,"479,441,010,000","74,560,960,000",2.021E+11,167 962,B01,0,1,0,2,1,15,5,NULL,2.021E+11,222 741,167 962,B01,1,1,3,1,2014,5,2,-1,-1,0,0,-1,2.021E+11,4,NULL,-1,NULL,2,1,0,1,-1,-1,1,NULL,"3,5",1,0,1,-1
2.021E+11,16,9,2021,18:20:00,1,68,68290,2,1,1,1,Rue des Primevères,"479,441,010,000","74,560,960,000",2.021E+11,167 962,B01,0,1,0,2,1,15,5,NULL,2.021E+11,222 742,167 963,A01,1,1,1,1,1967,4,8,-1,-1,0,0,-1,2.021E+11,4,NULL,-1,NULL,2,1,0,1,-1,-1,1,NULL,"3,5",1,0,1,-1
2.021E+11,13,9,2021,07:30:00,1,69,69266,2,2,1,6,PAUL VERLAINE (R),"457,647,700,000","48,804,500,000",2.021E+11,167 432,A01,0,1,0,1,1,1,5,NULL,2.021E+11,222 101,167 432,A01,1,1,1,1,2004,2,8,-1,-1,-1,-1,-1,2.021E+11,4,PAUL VERLAINE       (Rue),0,NULL,2,2,2,1,-1,-1,1,NULL,-1,1,0,1,50
2.021E+11,13,9,2021,07:30:00,1,69,69266,2,2,1,6,PAUL VERLAINE (R),"457,647,700,000","48,804,500,000",2.021E+11,167 432,A01,0,1,0,1,1,1,5,NULL,2.021E+11,222 102,167 432,A01,10,3,4,1,1952,5,0,-1,-1,9,B,1,2.021E+11,4,PAUL VERLAINE       (Rue),0,NULL,2,2,2,1,-1,-1,1,NULL,-1,1,0,1,50
2.021E+11,5,9,2021,12:45:00,1,91,91215,2,1,1,6,RUE DE LA FORET,"486,919,700,000","25,145,400,000",2.021E+11,164 668,B01,1,1,1,2,1,1,5,NULL,2.021E+11,218 489,164 668,B01,1,1,4,1,1970,5,2,8,-1,-1,-1,-1,2.021E+11,4,RUE DE LA FORET,0,NULL,2,2,0,2,0,0,1,NULL,-1,1,0,1,30
2.021E+11,5,9,2021,12:45:00,1,91,91215,2,1,1,6,RUE DE LA FORET,"486,919,700,000","25,145,400,000",2.021E+11,164 668,B01,1,1,1,2,1,1,5,NULL,2.021E+11,218 490,164 669,A01,2,2,1,2,1996,5,8,0,-1,-1,-1,-1,2.021E+11,4,RUE DE LA FORET,0,NULL,2,2,0,2,0,0,1,NULL,-1,1,0,1,30
2.021E+11,5,9,2021,12:45:00,1,91,91215,2,1,1,6,RUE DE LA FORET,"486,919,700,000","25,145,400,000",2.021E+11,164 668,B01,1,1,1,2,1,1,5,NULL,2.021E+11,218 491,164 669,A01,1,1,1,1,1987,5,8,0,-1,-1,-1,-1,2.021E+11,4,RUE DE LA FORET,0,NULL,2,2,0,2,0,0,1,NULL,-1,1,0,1,30
2.021E+11,4,9,2021,10:55:00,1,17,17300,2,9,8,6,CHAUDRIER   RUE,"461,628,000,000","-11,523,400,000",2.021E+11,164 337,Z01,3,1,0,1,0,0,5,NULL,2.021E+11,218 028,164 337,Z01,10,3,4,1,1931,3,8,8,-1,3,3,1,2.021E+11,4,CHAUDRIER   RUE,0,NULL,2,2,2,1,-1,-1,1,NULL,-1,1,6,8,30
2.021E+11,4,9,2021,10:55:00,1,17,17300,2,9,8,6,CHAUDRIER   RUE,"461,628,000,000","-11,523,400,000",2.021E+11,164 337,Z01,3,1,0,1,0,0,5,NULL,2.021E+11,218 029,164 337,Z01,1,1,1,1,2004,0,8,0,-1,-1,-1,-1,2.021E+11,4,CHAUDRIER   RUE,0,NULL,2,2,2,1,-1,-1,1,NULL,-1,1,6,8,30
2.021E+11,29,8,2021,12:40:00,1,50,50612,1,2,1,3,Intersection D41 et route de genets,"486,752,020,000","-14,528,220,000",2.021E+11,161 973,B01,3,1,7,0,8,1,6,NULL,2.021E+11,214 869,161 972,A01,1,1,1,2,1973,9,1,-1,-1,0,0,-1,2.021E+11,3,41,0,NULL,2,1,0,1,-1,-1,1,NULL,3,1,0,1,80
2.021E+11,29,8,2021,12:40:00,1,50,50612,1,2,1,3,Intersection D41 et route de genets,"486,752,020,000","-14,528,220,000",2.021E+11,161 973,B01,3,1,7,0,8,1,6,NULL,2.021E+11,214 870,161 973,B01,1,1,3,1,1979,0,0,-1,-1,0,0,-1,2.021E+11,3,41,0,NULL,2,1,0,1,-1,-1,1,NULL,3,1,0,1,80
2.021E+11,23,8,2021,18:30:00,1,56,56162,2,1,1,3,PLOEMEUR (RUE DE),"477,336,400,000","-34,951,100,000",2.021E+11,161 001,B01,2,1,0,2,7,1,5,NULL,2.021E+11,213 590,161 001,B01,1,1,4,2,1990,1,2,0,-1,-1,-1,-1,2.021E+11,3,162E,0,NULL,2,2,0,1,3,372,1,NULL,-1,1,0,1,30
2.021E+11,23,8,2021,18:30:00,1,56,56162,2,1,1,3,PLOEMEUR (RUE DE),"477,336,400,000","-34,951,100,000",2.021E+11,161 001,B01,2,1,0,2,7,1,5,NULL,2.021E+11,213 591,161 002,A01,1,1,1,2,1973,5,1,8,-1,-1,-1,-1,2.021E+11,3,162E,0,NULL,2,2,0,1,3,372,1,NULL,-1,1,0,1,30
2.021E+11,17,8,2021,18:15:00,1,62,62793,2,1,2,3,38 Rue de la Mairie,"504,061,560,000","26,416,120,000",2.021E+11,159 046,B01,3,1,0,2,8,26,5,NULL,2.021E+11,210 886,159 046,B01,1,1,2,2,1950,5,0,-1,-1,0,0,-1,2.021E+11,4,VC,-1,NULL,2,2,0,1,-1,-1,1,NULL,-1,2,0,1,50
2.021E+11,17,8,2021,18:15:00,1,62,62793,2,1,2,3,38 Rue de la Mairie,"504,061,560,000","26,416,120,000",2.021E+11,159 046,B01,3,1,0,2,8,26,5,NULL,2.021E+11,210 887,159 047,A01,1,1,1,1,2001,4,1,-1,-1,0,0,-1,2.021E+11,4,VC,-1,NULL,2,2,0,1,-1,-1,1,NULL,-1,2,0,1,50
2.021E+11,12,8,2021,15:00:00,1,92,92048,2,6,1,3,VERDUN (AVENUE DE) DU 152 AU 226,"488,179,000,000","22,488,400,000",2.021E+11,157 740,B01,1,1,0,2,8,15,5,NULL,2.021E+11,209 066,157 740,B01,1,1,4,1,1964,1,2,0,-1,-1,-1,-1,2.021E+11,3,VERDUN (AVENUE DE) DU 152 AU 226,0,NULL,2,2,0,1,0,0,1,NULL,-1,1,5,1,30
2.021E+11,12,8,2021,15:00:00,1,92,92048,2,6,1,3,VERDUN (AVENUE DE) DU 152 AU 226,"488,179,000,000","22,488,400,000",2.021E+11,157 740,B01,1,1,0,2,8,15,5,NULL,2.021E+11,209 067,157 741,A01,1,1,1,1,1985,4,1,0,-1,-1,-1,-1,2.021E+11,3,VERDUN (AVENUE DE) DU 152 AU 226,0,NULL,2,2,0,1,0,0,1,NULL,-1,1,5,1,30
2.021E+11,11,7,2021,12:15:00,1,38,38561,2,1,1,6,Chemin de la Madone,"453,110,730,000","52,121,380,000",2.021E+11,149 069,A01,2,1,0,0,0,0,5,NULL,2.021E+11,197 028,149 069,A01,1,1,3,2,1999,0,0,-1,-1,0,0,-1,2.021E+11,3,NULL,-1,NULL,2,1,0,2,-1,-1,1,NULL,"3,5",1,0,1,50
2.021E+11,6,7,2021,19:10:00,1,91,91645,2,9,1,3,CHARLES DE GAULLE (PLACE),"487,465,030,000","22,668,670,000",2.021E+11,147 539,Y01,1,1,0,2,0,26,6,NULL,2.021E+11,194 943,147 538,A01,1,1,1,1,1965,0,8,0,-1,-1,-1,-1,2.021E+11,4,CHARLES DE GAULLE (PLACE),0,NULL,-1,1,0,1,-1,-1,1,NULL,-1,1,0,1,50
2.021E+11,6,7,2021,19:10:00,1,91,91645,2,9,1,3,CHARLES DE GAULLE (PLACE),"487,465,030,000","22,668,670,000",2.021E+11,147 539,Y01,1,1,0,2,0,26,6,NULL,2.021E+11,194 944,147 539,Y01,1,1,4,2,1971,9,2,4,-1,-1,-1,-1,2.021E+11,4,CHARLES DE GAULLE (PLACE),0,NULL,-1,1,0,1,-1,-1,1,NULL,-1,1,0,1,50
2.021E+11,22,6,2021,16:19:00,1,54,54483,2,1,1,6,FRANCE (RUE ANATOLE),"486,323,100,000","63,069,400,000",2.021E+11,143 716,A01,2,1,0,1,2,25,5,NULL,2.021E+11,189 775,143 716,A01,10,3,4,1,1963,4,0,-1,-1,5,3,1,2.021E+11,3,FRANCE (RUE ANATOLE),0,NULL,1,1,0,2,-1,-1,1,NULL,-1,1,9,4,30
2.021E+11,22,6,2021,16:19:00,1,54,54483,2,1,1,6,FRANCE (RUE ANATOLE),"486,323,100,000","63,069,400,000",2.021E+11,143 716,A01,2,1,0,1,2,25,5,NULL,2.021E+11,189 776,143 716,A01,1,1,1,1,1963,0,8,0,-1,0,0,-1,2.021E+11,3,FRANCE (RUE ANATOLE),0,NULL,1,1,0,2,-1,-1,1,NULL,-1,1,9,4,30
2.021E+11,14,6,2021,15:00:00,1,76,76351,2,1,1,6,VERDUN (RUE DE),"495,012,849,989","0,1492971182",2.021E+11,140 551,B01,2,1,0,2,1,1,5,NULL,2.021E+11,185 660,140 551,B01,1,1,4,1,1991,5,2,0,-1,-1,-1,-1,2.021E+11,3,VERDUN (RUE DE),0,NULL,2,2,0,1,70,5148,1,NULL,-1,1,0,1,50
2.021E+11,16,6,2021,00:22:00,5,59,59350,2,2,1,3,SOLFERINO RUE N°1 - 159,"506,302,530,000","30,566,480,000",2.021E+11,140 514,B01,2,1,0,2,1,1,5,NULL,2.021E+11,185 615,140 513,A01,1,1,1,1,1998,5,1,8,-1,-1,-1,-1,2.021E+11,4,SOLFERINO RUE N°1 - 159,0,NULL,2,2,0,1,-1,-1,1,NULL,-1,1,5,1,50
2.021E+11,16,6,2021,00:22:00,5,59,59350,2,2,1,3,SOLFERINO RUE N°1 - 159,"506,302,530,000","30,566,480,000",2.021E+11,140 514,B01,2,1,0,2,1,1,5,NULL,2.021E+11,185 616,140 514,B01,1,1,3,1,1992,4,8,0,-1,-1,-1,-1,2.021E+11,4,SOLFERINO RUE N°1 - 159,0,NULL,2,2,0,1,-1,-1,1,NULL,-1,1,5,1,50
2.021E+11,13,6,2021,09:30:00,1,93,93048,2,2,1,3,Rue de Rosny / Avenue Walwein,"488,618,400,000","24,465,500,000",2.021E+11,139 818,B01,2,1,0,2,1,1,0,NULL,2.021E+11,184 730,139 818,B01,1,1,4,2,1972,0,1,0,-1,-1,-1,-1,2.021E+11,4,ROSNY (RUE DE),0,NULL,2,2,0,2,1,0,1,NULL,-1,1,0,1,30