Num_Acc,jour,mois,an,hrmn,lum,dep,com,agg,int,atm,col,adr,lat,long,Num_Acc,id_vehicule,num_veh,senc,catv,obs,obsm,choc,manv,motor,occutc,Num_Acc,id_usager,id_vehicule,num_veh,place,catu,grav,sexe,an_nais,trajet,secu1,secu2,secu3,locp,actp,etatp,Num_Acc,catr,voie,v1,v2,circ,nbv,vosp,prof,pr,pr1,plan,lartpc,larrout,surf,infra,situ,vma
2.021E+11,17,9,2021,18:05:00,1,69,69386,2,2,1,3,JULES FAVRE (BD),"457,662,200,000","48,591,700,000",2.021E+11,168 917,B01,2,1,0,2,8,1,0,NULL,2.021E+11,223 973,168 918,A01,1,1,1,1,1957,9,1,-1,-1,-1,-1,-1,2.021E+11,4,JULES FAVRE                         (BD),0,NULL,2,4,3,1,-1,-1,1,NULL,-1,1,0,5,50
2.021E+11,15,9,2021,17:15:00,1,51,51108,2,1,8,1,Avenue du 29 Août 1944,"489,451,483,219","43,709,034,694",2.021E+11,168 439,A01,2,1,0,2,1,1,5,NULL,2.021E+11,223 344,168 439,A01,1,1,3,1,1974,5,0,-1,-1,-1,-1,-1,2.021E+11,4,VINGT NEUF AOUT 1944 (AVE DU),0,NULL,2,2,0,1,-1,-1,1,NULL,-1,2,0,1,30
2.021E+11,15,9,2021,17:15:00,1,51,51108,2,1,8,1,Avenue du 29 Août 1944,"489,451,483,219","43,709,034,694",2.021E+11,168 439,A01,2,1,0,2,1,1,5,NULL,2.021E+11,223 345,168 440,Z01,1,1,1,-1,NULL,-1,-1,-1,-1,-1,-1,-1,2.021E+11,4,VINGT NEUF AOUT 1944 (AVE DU),0,NULL,2,2,0,1,-1,-1,1,NULL,-1,2,0,1,30
2.021E+11,14,9,2021,06:50:00,5,33,33056,2,9,1,3,Avenue du Général de Gaulle,"449,271,010,000"," -0,6349620000",2.021E+11,168 243,B01,1,1,0,2,8,19,5,NULL,2.021E+11,223 094,168 243,B01,1,1,3,1,1971,0,2,-1,-1,0,0,-1,2.021E+11,4,NULL,0,NULL,2,2,1,1,-1,-1,1,NULL,"3,5",1,0,1,50
2.021E+11,14,9,2021,06:50:00,5,33,33056,2,9,1,3,Avenue du Général de Gaulle,"449,271,010,000"," -0,6349620000",2.021E+11,168 243,B01,1,1,0,2,8,19,5,NULL,2.021E+11,223 095,168 244,A01,1,1,1,2,1997,1,1,-1,-1,0,0,-1,2.021E+11,4,NULL,0,NULL,2,2,1,1,-1,-1,1,NULL,"3,5",1,0,1,50
2.021E+11,13,9,2021,07:50:00,1,16,16104,1,1,7,2,Lieu-dit chez Ballon,"460,374,900,000","0,2148340000",2.021E+11,166 921,B01,2,1,0,2,4,2,5,NULL,2.021E+11,221 396,166 920,A01,1,1,1,2,1992,1,1,-1,-1,0,0,-1,2.021E+11,3,8,0,D,2,2,0,2,5,880,1,0,"5,2",1,0,1,80
2.021E+11,13,9,2021,07:50:00,1,16,16104,1,1,7,2,Lieu-dit chez Ballon,"460,374,900,000","0,2148340000",2.021E+11,166 921,B01,2,1,0,2,4,2,5,NULL,2.021E+11,221 397,166 921,B01,1,1,2,1,1993,1,0,-1,-1,0,0,-1,2.021E+11,3,8,0,D,2,2,0,2,5,880,1,0,"5,2",1,0,1,80
2.021E+11,8,9,2021,16:20:00,1,69,69388,2,1,1,3,FRERES LUMIERE (DES) (AV),"457,452,049,118","48,658,860,122",2.021E+11,165 803,A01,2,1,0,2,8,15,5,NULL,2.021E+11,219 949,165 802,B01,1,1,4,2,1969,4,8,-1,-1,-1,-1,-1,2.021E+11,4,FRERES LUMIERE (DES)                (AV),0,NULL,1,2,2,1,-1,-1,1,NULL,-1,1,0,5,50
2.021E+11,8,9,2021,16:20:00,1,69,69388,2,1,1,3,FRERES LUMIERE (DES) (AV),"457,452,049,118","48,658,860,122",2.021E+11,165 803,A01,2,1,0,2,8,15,5,NULL,2.021E+11,219 950,165 803,A01,1,1,1,1,1995,4,8,-1,-1,-1,-1,-1,2.021E+11,4,FRERES LUMIERE (DES)                (AV),0,NULL,1,2,2,1,-1,-1,1,NULL,-1,1,0,5,50
2.021E+11,1,9,2021,12:50:00,1,52,52121,2,1,1,7,PRIEURE (RUE DU),"481,186,200,000","51,553,800,000",2.021E+11,164 383,A01,1,1,12,0,1,1,5,NULL,2.021E+11,218 091,164 383,A01,1,1,4,1,1972,5,2,8,-1,-1,-1,-1,2.021E+11,3,PRIEURE (RUE DU),0,NULL,2,1,0,1,0,5,1,NULL,-1,1,0,1,50
2.021E+11,3,9,2021,14:35:00,1,974,97411,2,1,1,1,KENTIAS (ALLEE DES),"-209,079,400,000","554,807,900,000",2.021E+11,164 141,B01,0,1,0,2,1,16,6,NULL,2.021E+11,217 727,164 140,A01,1,1,4,2,1992,5,1,8,-1,-1,-1,-1,2.021E+11,9,KENTIAS (ALLEE DES),0,NULL,1,1,0,1,0,0,2,NULL,-1,1,9,1,30
2.021E+11,3,9,2021,14:35:00,1,974,97411,2,1,1,1,KENTIAS (ALLEE DES),"-209,079,400,000","554,807,900,000",2.021E+11,164 141,B01,0,1,0,2,1,16,6,NULL,2.021E+11,217 728,164 141,B01,1,1,1,-1,NULL,-1,-1,-1,-1,-1,-1,-1,2.021E+11,9,KENTIAS (ALLEE DES),0,NULL,1,1,0,1,0,0,2,NULL,-1,1,9,1,30
2.021E+11,16,8,2021,07:35:00,1,5,5061,2,1,1,3,FREDERIC EUZIERES ( PLACE ),"445,568,700,000","60,771,700,000",2.021E+11,159 434,B01,3,1,0,2,8,19,5,NULL,2.021E+11,211 415,159 434,B01,1,1,4,1,1978,0,2,0,-1,0,0,-1,2.021E+11,4,FREDERIC EUZIERES ( PLACE ),0,NULL,1,1,0,1,0,1,1,NULL,-1,1,0,1,30
2.021E+11,16,8,2021,07:35:00,1,5,5061,2,1,1,3,FREDERIC EUZIERES ( PLACE ),"445,568,700,000","60,771,700,000",2.021E+11,159 434,B01,3,1,0,2,8,19,5,NULL,2.021E+11,211 416,159 435,A01,1,1,1,2,1991,1,1,-1,-1,0,0,-1,2.021E+11,4,FREDERIC EUZIERES ( PLACE ),0,NULL,1,1,0,1,0,1,1,NULL,-1,1,0,1,30
2.021E+11,7,8,2021,08:15:00,1,83,83064,2,6,1,3,Boulevard de la Libération,"433,308,130,000","60,465,630,000",2.021E+11,157 036,B01,2,1,0,0,4,1,5,NULL,2.021E+11,208 110,157 036,B01,1,1,3,2,1954,5,0,-1,-1,0,0,-1,2.021E+11,3,554,-1,NULL,-1,2,0,1,73,200,1,NULL,-1,1,5,1,50
2.021E+11,7,8,2021,08:15:00,1,83,83064,2,6,1,3,Boulevard de la Libération,"433,308,130,000","60,465,630,000",2.021E+11,157 036,B01,2,1,0,0,4,1,5,NULL,2.021E+11,208 111,157 037,A01,1,1,1,1,1941,3,1,-1,-1,0,0,-1,2.021E+11,3,554,-1,NULL,-1,2,0,1,73,200,1,NULL,-1,1,5,1,50
2.021E+11,1,8,2021,11:49:00,1,78,78640,2,1,1,2,LOUIS BREGUET (AVENUE),"487,811,800,000","21,842,000,000",2.021E+11,156 502,B01,3,1,0,2,1,1,5,NULL,2.021E+11,207 314,156 502,B01,1,1,3,1,1962,5,2,8,-1,-1,-1,-1,2.021E+11,4,LOUIS BREGUET (AVENUE),0,NULL,1,2,0,1,-1,-1,1,NULL,-1,1,0,1,50
2.021E+11,1,8,2021,11:49:00,1,78,78640,2,1,1,2,LOUIS BREGUET (AVENUE),"487,811,800,000","21,842,000,000",2.021E+11,156 502,B01,3,1,0,2,1,1,5,NULL,2.021E+11,207 315,156 503,A01,1,1,1,-1,NULL,-1,-1,-1,-1,-1,-1,-1,2.021E+11,4,LOUIS BREGUET (AVENUE),0,NULL,1,2,0,1,-1,-1,1,NULL,-1,1,0,1,50
2.021E+11,3,8,2021,18:20:00,1,75,75112,2,1,1,3,AVENUE DU GENERAL MICHEL BIZOT,"488,356,870,000","24,021,950,000",2.021E+11,155 623,B01,2,1,0,2,1,1,5,NULL,2.021E+11,206 112,155 622,A01,1,1,1,1,1977,4,8,0,-1,0,0,-1,2.021E+11,4,AVENUE DU GENERAL MICHEL BIZOT,0,NULL,2,2,0,1,-1,-1,1,NULL,-1,1,0,1,50
2.021E+11,3,8,2021,18:20:00,1,75,75112,2,1,1,3,AVENUE DU GENERAL MICHEL BIZOT,"488,356,870,000","24,021,950,000",2.021E+11,155 623,B01,2,1,0,2,1,1,5,NULL,2.021E+11,206 113,155 623,B01,1,1,4,1,1987,5,8,0,-1,0,0,-1,2.021E+11,4,AVENUE DU GENERAL MICHEL BIZOT,0,NULL,2,2,0,1,-1,-1,1,NULL,-1,1,0,1,50
2.021E+11,18,7,2021,09:45:00,1,28,28116,2,3,1,3,Rue de Chartres,"484,485,570,000","12,515,290,000",2.021E+11,150 958,B01,1,1,0,2,1,1,5,NULL,2.021E+11,199 687,150 958,B01,1,1,3,1,1965,5,2,-1,-1,0,0,-1,2.021E+11,3,920,0,NULL,2,2,0,1,0,50,1,NULL,-1,1,0,1,50
2.021E+11,18,7,2021,09:45:00,1,28,28116,2,3,1,3,Rue de Chartres,"484,485,570,000","12,515,290,000",2.021E+11,150 958,B01,1,1,0,2,1,1,5,NULL,2.021E+11,199 688,150 959,A01,1,1,1,2,1980,5,1,-1,-1,0,0,-1,2.021E+11,3,920,0,NULL,2,2,0,1,0,50,1,NULL,-1,1,0,1,50
2.021E+11,13,7,2021,13:40:00,1,92,92026,2,1,3,3,Rue du Général Audran,"488,903,452,139","22,535,356,879",2.021E+11,149 594,A01,1,1,0,2,3,15,0,NULL,2.021E+11,197 779,149 593,B01,1,1,1,2,1991,0,1,0,-1,-1,-1,-1,2.021E+11,3,6A,0,NULL,1,2,0,2,0,0,2,NULL,-1,2,0,1,50
2.021E+11,13,7,2021,13:40:00,1,92,92026,2,1,3,3,Rue du Général Audran,"488,903,452,139","22,535,356,879",2.021E+11,149 594,A01,1,1,0,2,3,15,0,NULL,2.021E+11,197 780,149 594,A01,1,1,3,2,1971,9,8,0,-1,-1,-1,-1,2.021E+11,3,6A,0,NULL,1,2,0,2,0,0,2,NULL,-1,2,0,1,50
2.021E+11,10,7,2021,09:05:00,1,83,83069,1,1,1,6,GIENS (ROUTE DE ),"430,666,000,000","61,472,000,000",2.021E+11,148 922,B01,2,1,0,2,8,1,5,NULL,2.021E+11,196 815,148 922,B01,1,1,4,1,1949,5,2,0,-1,-1,-1,-1,2.021E+11,7,GIENS (ROUTE DE ),0,NULL,2,2,0,1,5,450,1,NULL,-1,1,0,1,70
2.021E+11,10,7,2021,09:05:00,1,83,83069,1,1,1,6,GIENS (ROUTE DE ),"430,666,000,000","61,472,000,000",2.021E+11,148 922,B01,2,1,0,2,8,1,5,NULL,2.021E+11,196 816,148 923,A01,1,1,1,1,1940,5,1,0,-1,-1,-1,-1,2.021E+11,7,GIENS (ROUTE DE ),0,NULL,2,2,0,1,5,450,1,NULL,-1,1,0,1,70
2.021E+11,10,7,2021,09:05:00,1,83,83069,1,1,1,6,GIENS (ROUTE DE ),"430,666,000,000","61,472,000,000",2.021E+11,148 922,B01,2,1,0,2,8,1,5,NULL,2.021E+11,196 817,148 923,A01,2,2,1,2,1936,5,1,0,-1,-1,-1,-1,2.021E+11,7,GIENS (ROUTE DE ),0,NULL,2,2,0,1,5,450,1,NULL,-1,1,0,1,70
2.021E+11,9,7,2021,12:45:00,1,60,60402,2,2,1,3,Rue du Général de Gaulle,"493,562,909,381","27,583,375,013",2.021E+11,148 325,B01,1,1,0,2,2,1,5,NULL,2.021E+11,195 961,148 325,B01,1,1,3,1,1955,5,2,-1,-1,0,0,-1,2.021E+11,3,98,0,D,2,2,0,1,21,910,1,NULL,-1,1,0,1,50
2.021E+11,9,7,2021,12:45:00,1,60,60402,2,2,1,3,Rue du Général de Gaulle,"493,562,909,381","27,583,375,013",2.021E+11,148 325,B01,1,1,0,2,2,1,5,NULL,2.021E+11,195 962,148 326,A01,1,1,1,1,1968,1,1,-1,-1,0,0,-1,2.021E+11,3,98,0,D,2,2,0,1,21,910,1,NULL,-1,1,0,1,50
2.021E+11,3,7,2021,12:00:00,1,75,75118,2,1,8,6,RUE DAMREMONT,"488,912,140,000","23,347,170,000",2.021E+11,145 981,A01,2,1,0,1,7,1,5,NULL,2.021E+11,192 826,145 981,A01,1,1,1,1,2001,5,2,0,-1,0,0,-1,2.021E+11,4,RUE DAMREMONT,0,NULL,1,1,1,2,-1,-1,1,NULL,-1,1,0,5,50
2.021E+11,3,7,2021,12:00:00,1,75,75118,2,1,8,6,RUE DAMREMONT,"488,912,140,000","23,347,170,000",2.021E+11,145 981,A01,2,1,0,1,7,1,5,NULL,2.021E+11,192 827,145 981,A01,10,3,4,2,1938,5,0,-1,-1,2,3,1,2.021E+11,4,RUE DAMREMONT,0,NULL,1,1,1,2,-1,-1,1,NULL,-1,1,0,5,50
2.021E+11,26,6,2021,11:00:00,1,67,67482,2,1,1,3,RACINE (AVENUE),"485,960,100,000","77,002,900,000",2.021E+11,144 823,B01,2,1,0,2,7,1,0,NULL,2.021E+11,191 301,144 822,A01,1,1,1,2,1995,0,1,8,-1,-1,-1,-1,2.021E+11,4,RACINE (AVENUE),0,NULL,1,1,1,1,0,0,1,NULL,-1,1,9,5,30
2.021E+11,26,6,2021,11:00:00,1,67,67482,2,1,1,3,RACINE (AVENUE),"485,960,100,000","77,002,900,000",2.021E+11,144 823,B01,2,1,0,2,7,1,0,NULL,2.021E+11,191 302,144 823,B01,1,1,4,1,1993,0,8,0,-1,-1,-1,-1,2.021E+11,4,RACINE (AVENUE),0,NULL,1,1,1,1,0,0,1,NULL,-1,1,9,5,30
2.021E+11,24,6,2021,14:10:00,1,56,56121,2,3,1,2,Avenue Étienne-François de Choiseul,"477,511,800,000","-33,580,200,000",2.021E+11,144 080,B01,2,1,0,2,4,1,5,NULL,2.021E+11,190 253,144 080,B01,1,1,4,2,1949,5,2,8,-1,-1,-1,-1,2.021E+11,4,NULL,0,NULL,2,2,0,1,-1,-1,1,NULL,-1,1,0,1,30
2.021E+11,24,6,2021,14:10:00,1,56,56121,2,3,1,2,Avenue Étienne-François de Choiseul,"477,511,800,000","-33,580,200,000",2.021E+11,144 080,B01,2,1,0,2,4,1,5,NULL,2.021E+11,190 254,144 081,A01,1,1,1,1,1990,1,1,8,-1,-1,-1,-1,2.021E+11,4,NULL,0,NULL,2,2,0,1,-1,-1,1,NULL,-1,1,0,1,30
2.021E+11,25,6,2021,15:45:00,1,75,75110,2,1,2,3,BOULEVARD DE STRASBOURG,"488,713,700,000","23,554,330,000",2.021E+11,143 977,B01,1,1,0,2,2,1,5,NULL,2.021E+11,190 125,143 976,A01,4,2,1,1,1992,9,1,0,-1,0,0,-1,2.021E+11,4,BOULEVARD DE STRASBOURG,0,NULL,1,3,1,1,-1,-1,1,NULL,-1,2,0,5,50
2.021E+11,25,6,2021,15:45:00,1,75,75110,2,1,2,3,BOULEVARD DE STRASBOURG,"488,713,700,000","23,554,330,000",2.021E+11,143 977,B01,1,1,0,2,2,1,5,NULL,2.021E+11,190 126,143 976,A01,1,1,1,2,1974,4,1,0,-1,0,0,-1,2.021E+11,4,BOULEVARD DE STRASBOURG,0,NULL,1,3,1,1,-1,-1,1,NULL,-1,2,0,5,50
2.021E+11,25,6,2021,15:45:00,1,75,75110,2,1,2,3,BOULEVARD DE STRASBOURG,"488,713,700,000","23,554,330,000",2.021E+11,143 977,B01,1,1,0,2,2,1,5,NULL,2.021E+11,190 127,143 977,B01,1,1,4,2,1970,9,2,0,-1,0,0,-1,2.021E+11,4,BOULEVARD DE STRASBOURG,0,NULL,1,3,1,1,-1,-1,1,NULL,-1,2,0,5,50
2.021E+11,20,6,2021,14:30:00,1,75,75118,2,1,1,1,BOULEVARD NEY,"488,984,840,000","23,536,140,000",2.021E+11,142 403,Z01,2,1,0,2,1,13,0,NULL,2.021E+11,188 108,142 402,A01,1,1,4,1,1943,5,8,0,-1,0,0,-1,2.021E+11,4,BOULEVARD NEY,0,NULL,1,-1,1,2,-1,-1,1,NULL,-1,1,0,5,50
2.021E+11,20,6,2021,14:30:00,1,75,75118,2,1,1,1,BOULEVARD NEY,"488,984,840,000","23,536,140,000",2.021E+11,142 402,A01,1,1,0,2,1,1,5,NULL,2.021E+11,188 108,142 402,A01,1,1,4,1,1943,5,8,0,-1,0,0,-1,2.021E+11,4,BOULEVARD NEY,0,NULL,1,-1,1,2,-1,-1,1,NULL,-1,1,0,5,50
2.021E+11,20,6,2021,14:30:00,1,75,75118,2,1,1,1,BOULEVARD NEY,"488,984,840,000","23,536,140,000",2.021E+11,142 403,Z01,2,1,0,2,1,13,0,NULL,2.021E+11,188 109,142 403,Z01,1,1,1,-1,NULL,-1,-1,-1,-1,-1,-1,-1,2.021E+11,4,BOULEVARD NEY,0,NULL,1,-1,1,2,-1,-1,1,NULL,-1,1,0,5,50
2.021E+11,20,6,2021,14:30:00,1,75,75118,2,1,1,1,BOULEVARD NEY,"488,984,840,000","23,536,140,000",2.021E+11,142 402,A01,1,1,0,2,1,1,5,NULL,2.021E+11,188 109,142 403,Z01,1,1,1,-1,NULL,-1,-1,-1,-1,-1,-1,-1,2.021E+11,4,BOULEVARD NEY,0,NULL,1,-1,1,2,-1,-1,1,NULL,-1,1,0,5,50
2.021E+11,9,6,2021,18:12:00,1,94,94068,2,9,1,1,Rue du Pont de Créteil,"488,072,500,000","24,712,900,000",2.021E+11,138 548,B01,2,1,0,2,7,19,5,NULL,2.021E+11,183 019,138 548,B01,1,1,4,1,2003,9,0,0,-1,-1,-1,-1,2.021E+11,3,PONT DE CRETEIL (R DU),0,NULL,2,4,0,1,1,0,1,NULL,-1,1,0,1,50
2.021E+11,9,6,2021,18:12:00,1,94,94068,2,9,1,1,Rue du Pont de Créteil,"488,072,500,000","24,712,900,000",2.021E+11,138 548,B01,2,1,0,2,7,19,5,NULL,2.021E+11,183 020,138 549,A01,1,1,1,1,1975,4,1,0,-1,-1,-1,-1,2.021E+11,3,PONT DE CRETEIL (R DU),0,NULL,2,4,0,1,1,0,1,NULL,-1,1,0,1,50
2.021E+11,9,6,2021,18:12:00,1,94,94068,2,9,1,1,Rue du Pont de Créteil,"488,072,500,000","24,712,900,000",2.021E+11,138 548,B01,2,1,0,2,7,19,5,NULL,2.021E+11,183 021,138 549,A01,5,2,4,1,1955,1,0,0,-1,-1,-1,-1,2.021E+11,3,PONT DE CRETEIL (R DU),0,NULL,2,4,0,1,1,0,1,NULL,-1,1,0,1,50
2.021E+11,9,6,2021,18:12:00,1,94,94068,2,9,1,1,Rue du Pont de Créteil,"488,072,500,000","24,712,900,000",2.021E+11,138 548,B01,2,1,0,2,7,19,5,NULL,2.021E+11,183 022,138 549,A01,7,2,4,2,1984,1,8,0,-1,-1,-1,-1,2.021E+11,3,PONT DE CRETEIL (R DU),0,NULL,2,4,0,1,1,0,1,NULL,-1,1,0,1,50
2.021E+11,7,6,2021,18:05:00,1,94,94042,2,9,1,3,Boulevard du Maréchal Leclerc,"488,130,060,000","24,684,330,000",2.021E+11,137 417,B01,1,1,0,0,0,0,5,NULL,2.021E+11,181 595,137 416,A01,1,1,1,1,1989,1,1,0,-1,-1,-1,-1,2.021E+11,3,MARECHAL LECLERC (BD DU),0,NULL,1,1,1,2,1,0,3,NULL,-1,1,9,1,50
2.021E+11,7,6,2021,18:05:00,1,94,94042,2,9,1,3,Boulevard du Maréchal Leclerc,"488,130,060,000","24,684,330,000",2.021E+11,137 417,B01,1,1,0,0,0,0,5,NULL,2.021E+11,181 596,137 417,B01,1,1,4,1,2004,2,0,0,-1,-1,-1,-1,2.021E+11,3,MARECHAL LECLERC (BD DU),0,NULL,1,1,1,2,1,0,3,NULL,-1,1,9,1,50
2.021E+11,6,6,2021,19:10:00,1,75,75102,2,2,1,3,BOULEVARD DE SEBASTOPOL,"488,686,680,000","23,538,930,000",2.021E+11,137 147,B01,1,1,0,2,2,1,5,NULL,2.021E+11,181 235,137 146,A01,1,1,1,1,1967,4,8,0,-1,0,0,-1,2.021E+11,4,BOULEVARD DE SEBASTOPOL,0,NULL,1,4,1,1,-1,-1,1,NULL,-1,1,0,1,50
2.021E+11,6,6,2021,19:10:00,1,75,75102,2,2,1,3,BOULEVARD DE SEBASTOPOL,"488,686,680,000","23,538,930,000",2.021E+11,137 147,B01,1,1,0,2,2,1,5,NULL,2.021E+11,181 236,137 147,B01,1,1,4,1,1996,5,8,0,-1,0,0,-1,2.021E+11,4,BOULEVARD DE SEBASTOPOL,0,NULL,1,4,1,1,-1,-1,1,NULL,-1,1,0,1,50
2.021E+11,4,6,2021,17:20:00,1,38,38185,2,3,1,1,RUE MAURICE DODERO,"451,646,800,000","57,304,700,000",2.021E+11,136 597,B01,3,1,0,2,3,19,5,NULL,2.021E+11,180 488,136 596,A01,1,1,1,1,1999,0,1,0,-1,-1,-1,-1,2.021E+11,4,RUE MAURICE DODERO,0,NULL,2,2,0,1,-1,-1,2,NULL,-1,1,0,1,30
2.021E+11,4,6,2021,17:20:00,1,38,38185,2,3,1,1,RUE MAURICE DODERO,"451,646,800,000","57,304,700,000",2.021E+11,136 597,B01,3,1,0,2,3,19,5,NULL,2.021E+11,180 489,136 597,B01,1,1,4,2,1995,0,8,0,-1,-1,-1,-1,2.021E+11,4,RUE MAURICE DODERO,0,NULL,2,2,0,1,-1,-1,2,NULL,-1,1,0,1,30
2.021E+11,4,6,2021,14:15:00,1,75,75115,2,3,8,3,AVENUE DE LA MOTTE PICQUET,"488,495,320,000","22,985,400,000",2.021E+11,136 513,B01,1,1,0,2,3,15,5,NULL,2.021E+11,180 387,136 512,A01,1,1,4,1,1976,9,2,6,-1,0,0,-1,2.021E+11,4,AVENUE DE LA MOTTE PICQUET,0,NULL,2,2,0,1,-1,-1,1,NULL,-1,2,0,1,50
2.021E+11,4,6,2021,14:15:00,1,75,75115,2,3,8,3,AVENUE DE LA MOTTE PICQUET,"488,495,320,000","22,985,400,000",2.021E+11,136 513,B01,1,1,0,2,3,15,5,NULL,2.021E+11,180 388,136 513,B01,1,1,4,1,1996,4,8,0,-1,0,0,-1,2.021E+11,4,AVENUE DE LA MOTTE PICQUET,0,NULL,2,2,0,1,-1,-1,1,NULL,-1,2,0,1,50
2.021E+11,2,6,2021,18:50:00,1,51,51389,1,2,1,3,D19,"491,330,250,000","43,371,860,000",2.021E+11,135 765,B01,1,1,0,2,8,1,5,NULL,2.021E+11,179 440,135 764,A01,1,1,1,1,1979,1,1,-1,-1,0,0,-1,2.021E+11,3,35,0,D,2,2,0,1,11,0,1,NULL,-1,1,0,1,80
2.021E+11,2,6,2021,18:50:00,1,51,51389,1,2,1,3,D19,"491,330,250,000","43,371,860,000",2.021E+11,135 765,B01,1,1,0,2,8,1,5,NULL,2.021E+11,179 441,135 765,B01,1,1,4,1,1982,5,2,-1,-1,0,0,-1,2.021E+11,3,35,0,D,2,2,0,1,11,0,1,NULL,-1,1,0,1,80
2.021E+11,1,6,2021,09:20:00,1,75,75116,2,1,1,3,RUE DE LONGCHAMP,"488,649,420,000","22,912,190,000",2.021E+11,135 484,A01,3,1,0,2,1,18,5,NULL,2.021E+11,179 071,135 483,B01,3,2,1,2,1989,1,1,0,-1,0,0,-1,2.021E+11,4,RUE DE LONGCHAMP,0,NULL,-1,0,0,2,-1,-1,1,NULL,-1,1,0,1,30
2.021E+11,1,6,2021,09:20:00,1,75,75116,2,1,1,3,RUE DE LONGCHAMP,"488,649,420,000","22,912,190,000",2.021E+11,135 484,A01,3,1,0,2,1,18,5,NULL,2.021E+11,179 072,135 483,B01,1,1,1,1,1988,4,1,0,-1,0,0,-1,2.021E+11,4,RUE DE LONGCHAMP,0,NULL,-1,0,0,2,-1,-1,1,NULL,-1,1,0,1,30
2.021E+11,1,6,2021,09:20:00,1,75,75116,2,1,1,3,RUE DE LONGCHAMP,"488,649,420,000","22,912,190,000",2.021E+11,135 484,A01,3,1,0,2,1,18,5,NULL,2.021E+11,179 073,135 484,A01,1,1,4,1,1992,1,8,0,-1,0,0,-1,2.021E+11,4,RUE DE LONGCHAMP,0,NULL,-1,0,0,2,-1,-1,1,NULL,-1,1,0,1,30
2.021E+11,30,5,2021,21:22:00,2,75,75103,2,3,1,3,RUE DE TURENNE,"488,599,660,000","23,645,470,000",2.021E+11,135 001,B01,2,1,0,2,3,1,5,NULL,2.021E+11,178 459,135 000,A01,1,1,1,1,1971,9,1,0,-1,0,0,-1,2.021E+11,4,RUE DE TURENNE,0,NULL,2,2,0,1,-1,-1,1,NULL,-1,1,0,1,50
2.021E+11,30,5,2021,21:22:00,2,75,75103,2,3,1,3,RUE DE TURENNE,"488,599,660,000","23,645,470,000",2.021E+11,135 001,B01,2,1,0,2,3,1,5,NULL,2.021E+11,178 460,135 001,B01,1,1,4,2,1978,5,8,0,-1,0,0,-1,2.021E+11,4,RUE DE TURENNE,0,NULL,2,2,0,1,-1,-1,1,NULL,-1,1,0,1,50
2.021E+11,13,5,2021,16:00:00,1,92,92049,2,3,1,2,PERI RUE GABRIEL N°38 A 82,"488,190,800,000","23,163,200,000",2.021E+11,129 956,A01,1,1,0,2,1,1,5,NULL,2.021E+11,171 789,129 955,Z01,1,1,1,-1,NULL,-1,-1,-1,-1,-1,-1,-1,2.021E+11,3,50,0,NULL,2,2,0,1,0,1,1,NULL,-1,1,0,1,50
2.021E+11,13,5,2021,16:00:00,1,92,92049,2,3,1,2,PERI RUE GABRIEL N°38 A 82,"488,190,800,000","23,163,200,000",2.021E+11,129 956,A01,1,1,0,2,1,1,5,NULL,2.021E+11,171 790,129 956,A01,1,1,4,1,1983,5,8,0,-1,-1,-1,-1,2.021E+11,3,50,0,NULL,2,2,0,1,0,1,1,NULL,-1,1,0,1,50
2.021E+11,11,5,2021,13:15:00,1,69,69282,2,3,1,3,JEAN JAURES (R),"457,775,700,000","50,209,100,000",2.021E+11,129 529,B01,0,1,0,2,8,1,5,NULL,2.021E+11,171 216,129 529,B01,1,1,4,1,1987,1,2,-1,-1,-1,-1,-1,2.021E+11,4,JEAN JAURES                         (R ),0,NULL,2,2,1,1,-1,-1,1,NULL,-1,1,0,5,50
2.021E+11,11,5,2021,13:15:00,1,69,69282,2,3,1,3,JEAN JAURES (R),"457,775,700,000","50,209,100,000",2.021E+11,129 529,B01,0,1,0,2,8,1,5,NULL,2.021E+11,171 217,129 530,A01,1,1,1,2,1999,3,8,-1,-1,-1,-1,-1,2.021E+11,4,JEAN JAURES                         (R ),0,NULL,2,2,1,1,-1,-1,1,NULL,-1,1,0,5,50
2.021E+11,7,5,2021,16:20:00,1,95,95487,2,1,1,3,109 Avenue Jacques Vogt,"491,534,900,000","22,712,170,000",2.021E+11,128 005,B01,2,1,1,0,2,1,5,NULL,2.021E+11,169 200,128 004,A01,1,1,1,1,1990,4,1,5,-1,0,0,-1,2.021E+11,3,109,-1,NULL,2,2,0,1,10,700,1,NULL,-1,1,0,1,50
2.021E+11,7,5,2021,16:20:00,1,95,95487,2,1,1,3,109 Avenue Jacques Vogt,"491,534,900,000","22,712,170,000",2.021E+11,128 005,B01,2,1,1,0,2,1,5,NULL,2.021E+11,169 201,128 005,B01,1,1,4,1,1941,5,2,-1,-1,0,0,-1,2.021E+11,3,109,-1,NULL,2,2,0,1,10,700,1,NULL,-1,1,0,1,50
2.021E+11,3,5,2021,09:00:00,1,75,75108,2,7,1,1,PLACE DU CANADA,"488,649,210,000","23,103,220,000",2.021E+11,127 319,A01,1,1,0,2,1,17,5,NULL,2.021E+11,168 327,127 318,B01,1,1,4,2,1968,1,2,0,-1,0,0,-1,2.021E+11,4,PLACE DU CANADA,0,NULL,2,2,1,1,-1,-1,1,NULL,-1,1,0,5,30