Num_Acc,jour,mois,an,hrmn,lum,dep,com,agg,int,atm,col,adr,lat,long,Num_Acc,id_vehicule,num_veh,senc,catv,obs,obsm,choc,manv,motor,occutc,Num_Acc,id_usager,id_vehicule,num_veh,place,catu,grav,sexe,an_nais,trajet,secu1,secu2,secu3,locp,actp,etatp,Num_Acc,catr,voie,v1,v2,circ,nbv,vosp,prof,pr,pr1,plan,lartpc,larrout,surf,infra,situ,vma
2.021E+11,3,5,2021,09:00:00,1,75,75108,2,7,1,1,PLACE DU CANADA,"488,649,210,000","23,103,220,000",2.021E+11,127 318,B01,2,1,0,2,1,1,5,NULL,2.021E+11,168 327,127 318,B01,1,1,4,2,1968,1,2,0,-1,0,0,-1,2.021E+11,4,PLACE DU CANADA,0,NULL,2,2,1,1,-1,-1,1,NULL,-1,1,0,5,30
2.021E+11,3,5,2021,09:00:00,1,75,75108,2,7,1,1,PLACE DU CANADA,"488,649,210,000","23,103,220,000",2.021E+11,127 319,A01,1,1,0,2,1,17,5,NULL,2.021E+11,168 328,127 319,A01,1,1,1,1,1970,9,2,0,-1,0,0,-1,2.021E+11,4,PLACE DU CANADA,0,NULL,2,2,1,1,-1,-1,1,NULL,-1,1,0,5,30
2.021E+11,3,5,2021,09:00:00,1,75,75108,2,7,1,1,PLACE DU CANADA,"488,649,210,000","23,103,220,000",2.021E+11,127 318,B01,2,1,0,2,1,1,5,NULL,2.021E+11,168 328,127 319,A01,1,1,1,1,1970,9,2,0,-1,0,0,-1,2.021E+11,4,PLACE DU CANADA,0,NULL,2,2,1,1,-1,-1,1,NULL,-1,1,0,5,30
2.021E+11,27,4,2021,11:00:00,1,80,80835,1,1,1,1,D259,"499,743,850,000","21,124,490,000",2.021E+11,125 613,B01,1,1,0,0,1,1,5,NULL,2.021E+11,166 131,125 613,B01,1,1,2,1,2001,5,2,-1,-1,0,0,-1,2.021E+11,3,259,0,D,2,2,0,2,1,0,1,NULL,-1,1,0,1,80
2.021E+11,27,4,2021,11:00:00,1,80,80835,1,1,1,1,D259,"499,743,850,000","21,124,490,000",2.021E+11,125 613,B01,1,1,0,0,1,1,5,NULL,2.021E+11,166 132,125 614,A01,1,1,1,1,2003,4,0,-1,-1,0,0,-1,2.021E+11,3,259,0,D,2,2,0,2,1,0,1,NULL,-1,1,0,1,80
2.021E+11,24,4,2021,12:20:00,1,75,75112,2,1,1,3,AVENUE DE NOGENT   VINCENNES,"488,444,030,000","24,402,000,000",2.021E+11,125 300,B01,3,1,0,2,2,1,5,NULL,2.021E+11,165 729,125 300,B01,1,1,4,2,1971,5,2,0,-1,0,0,-1,2.021E+11,4,AVENUE DE NOGENT   VINCENNES,0,NULL,2,4,1,1,-1,-1,1,NULL,-1,1,-1,5,50
2.021E+11,24,4,2021,12:20:00,1,75,75112,2,1,1,3,AVENUE DE NOGENT   VINCENNES,"488,444,030,000","24,402,000,000",2.021E+11,125 300,B01,3,1,0,2,2,1,5,NULL,2.021E+11,165 730,125 301,A01,1,1,1,2,1976,1,1,0,-1,0,0,-1,2.021E+11,4,AVENUE DE NOGENT   VINCENNES,0,NULL,2,4,1,1,-1,-1,1,NULL,-1,1,-1,5,50
2.021E+11,20,4,2021,15:50:00,1,69,69388,2,2,1,3,AUGUSTE CHOLLAT (R),"457,371,300,000","48,503,200,000",2.021E+11,124 268,B01,1,1,0,2,8,15,5,NULL,2.021E+11,164 404,124 268,B01,1,1,4,2,1971,0,8,-1,-1,-1,-1,-1,2.021E+11,4,AUGUSTE CHOLLAT                     (R ),0,NULL,1,1,0,1,-1,-1,1,NULL,-1,1,0,1,50
2.021E+11,20,4,2021,15:50:00,1,69,69388,2,2,1,3,AUGUSTE CHOLLAT (R),"457,371,300,000","48,503,200,000",2.021E+11,124 268,B01,1,1,0,2,8,15,5,NULL,2.021E+11,164 405,124 269,A01,1,1,1,-1,NULL,-1,8,-1,-1,-1,-1,-1,2.021E+11,4,AUGUSTE CHOLLAT                     (R ),0,NULL,1,1,0,1,-1,-1,1,NULL,-1,1,0,1,50
2.021E+11,4,4,2021,16:42:00,1,87,87085,2,1,1,7,SAINT GENCE (RUE DE) (RD218),"458,493,500,000","12,257,100,000",2.021E+11,121 636,A01,2,1,0,0,7,1,5,NULL,2.021E+11,160 980,121 636,A01,1,1,4,1,2009,5,2,0,-1,-1,-1,-1,2.021E+11,3,SAINT GENCE (RUE DE) (RD218),0,NULL,2,2,0,2,0,0,1,NULL,-1,1,0,4,50
2.021E+11,21,3,2021,18:00:00,2,73,73082,2,1,1,1,D204,"454,953,380,000","60,735,940,000",2.021E+11,117 463,B01,2,1,0,2,1,5,5,NULL,2.021E+11,155 581,117 462,A01,1,1,1,1,1986,5,1,-1,-1,0,0,-1,2.021E+11,3,204,0,D,2,2,0,2,2,321,3,NULL,-1,1,0,1,50
2.021E+11,21,3,2021,18:00:00,2,73,73082,2,1,1,1,D204,"454,953,380,000","60,735,940,000",2.021E+11,117 463,B01,2,1,0,2,1,5,5,NULL,2.021E+11,155 582,117 463,B01,1,1,3,1,1972,5,0,-1,-1,0,0,-1,2.021E+11,3,204,0,D,2,2,0,2,2,321,3,NULL,-1,1,0,1,50
2.021E+11,19,3,2021,16:13:00,1,27,27229,2,1,1,3,COLBERT (RUE),"490,114,100,000","11,715,600,000",2.021E+11,117 110,B01,0,1,0,0,0,0,5,NULL,2.021E+11,155 112,117 110,B01,1,1,4,1,2004,5,2,6,-1,0,0,-1,2.021E+11,4,COLBERT (RUE),0,NULL,2,2,0,1,-1,-1,1,NULL,-1,1,0,1,50
2.021E+11,19,3,2021,16:13:00,1,27,27229,2,1,1,3,COLBERT (RUE),"490,114,100,000","11,715,600,000",2.021E+11,117 110,B01,0,1,0,0,0,0,5,NULL,2.021E+11,155 113,117 111,A01,1,1,1,2,2001,1,1,5,-1,0,0,-1,2.021E+11,4,COLBERT (RUE),0,NULL,2,2,0,1,-1,-1,1,NULL,-1,1,0,1,50
2.021E+11,11,3,2021,08:30:00,1,13,13207,2,2,1,1,ENDOUME (RUE D'),"432,893,720,000","53,663,820,000",2.021E+11,115 202,B01,1,1,0,2,1,26,5,NULL,2.021E+11,152 651,115 202,B01,1,1,4,2,1973,1,8,0,-1,-1,-1,-1,2.021E+11,4,ENDOUME (RUE D'),0,NULL,-1,2,0,1,-1,-1,1,NULL,-1,1,0,1,50
2.021E+11,11,3,2021,08:30:00,1,13,13207,2,2,1,1,ENDOUME (RUE D'),"432,893,720,000","53,663,820,000",2.021E+11,115 202,B01,1,1,0,2,1,26,5,NULL,2.021E+11,152 652,115 203,A01,1,1,1,-1,NULL,-1,-1,-1,-1,-1,-1,-1,2.021E+11,4,ENDOUME (RUE D'),0,NULL,-1,2,0,1,-1,-1,1,NULL,-1,1,0,1,50
2.021E+11,9,3,2021,13:00:00,1,92,92050,2,2,1,3,BARBUSSE HENRI RUE,"488,922,580,650","21,892,793,477",2.021E+11,114 678,B01,2,1,0,2,1,1,5,NULL,2.021E+11,151 975,114 677,A01,1,1,1,2,1995,1,1,0,-1,-1,-1,-1,2.021E+11,4,NULL,0,NULL,1,1,1,1,0,0,1,NULL,-1,1,0,5,50
2.021E+11,9,3,2021,13:00:00,1,92,92050,2,2,1,3,BARBUSSE HENRI RUE,"488,922,580,650","21,892,793,477",2.021E+11,114 678,B01,2,1,0,2,1,1,5,NULL,2.021E+11,151 976,114 678,B01,1,1,4,1,1999,1,8,0,-1,-1,-1,-1,2.021E+11,4,NULL,0,NULL,1,1,1,1,0,0,1,NULL,-1,1,0,5,50
2.021E+11,4,3,2021,16:50:00,1,33,33281,2,1,7,2,Avenue de l’Yser,"448,418,100,000"," -0,6480500000",2.021E+11,113 716,A01,1,1,0,2,1,1,5,NULL,2.021E+11,150 739,113 715,B01,1,1,1,1,1970,1,1,-1,-1,-1,-1,-1,2.021E+11,4,YSER (AVE DE L),0,NULL,-1,2,0,1,-1,-1,1,NULL,-1,1,0,1,50
2.021E+11,4,3,2021,16:50:00,1,33,33281,2,1,7,2,Avenue de l’Yser,"448,418,100,000"," -0,6480500000",2.021E+11,113 716,A01,1,1,0,2,1,1,5,NULL,2.021E+11,150 740,113 716,A01,1,1,4,1,1994,0,8,-1,-1,-1,-1,-1,2.021E+11,4,YSER (AVE DE L),0,NULL,-1,2,0,1,-1,-1,1,NULL,-1,1,0,1,50
2.021E+11,1,2,2021,11:45:00,1,41,41059,2,9,1,3,Avenue de la Paix,"474,234,620,000","14,391,840,000",2.021E+11,113 619,A01,1,1,0,2,1,0,5,NULL,2.021E+11,150 623,113 619,A01,1,1,3,2,1964,1,0,-1,-1,0,0,-1,2.021E+11,6,94,-1,NULL,-1,-1,0,1,-1,-1,1,NULL,-1,1,0,6,50
2.021E+11,1,2,2021,11:45:00,1,41,41059,2,9,1,3,Avenue de la Paix,"474,234,620,000","14,391,840,000",2.021E+11,113 619,A01,1,1,0,2,1,0,5,NULL,2.021E+11,150 624,113 620,B01,1,1,1,1,1986,1,1,-1,-1,0,0,-1,2.021E+11,6,94,-1,NULL,-1,-1,0,1,-1,-1,1,NULL,-1,1,0,6,50
2.021E+11,9,2,2021,15:15:00,1,971,97113,1,1,1,5,RN4 - SECTION RIVIERA,"162,179,200,000","-614,878,900,000",2.021E+11,108 964,A01,1,1,0,2,4,26,5,NULL,2.021E+11,144 613,108 964,A01,1,1,3,1,1991,0,8,0,-1,-1,-1,-1,2.021E+11,2,RN4 - SECTION RIVIERA,0,NULL,-1,2,0,1,-1,-1,1,NULL,-1,1,0,1,70
2.021E+11,9,2,2021,15:15:00,1,971,97113,1,1,1,5,RN4 - SECTION RIVIERA,"162,179,200,000","-614,878,900,000",2.021E+11,108 964,A01,1,1,0,2,4,26,5,NULL,2.021E+11,144 614,108 965,B01,1,1,1,-1,NULL,-1,-1,-1,-1,-1,-1,-1,2.021E+11,2,RN4 - SECTION RIVIERA,0,NULL,-1,2,0,1,-1,-1,1,NULL,-1,1,0,1,70
2.021E+11,9,2,2021,15:15:00,1,971,97113,1,1,1,5,RN4 - SECTION RIVIERA,"162,179,200,000","-614,878,900,000",2.021E+11,108 964,A01,1,1,0,2,4,26,5,NULL,2.021E+11,144 615,108 966,C01,1,1,1,-1,NULL,-1,-1,-1,-1,-1,-1,-1,2.021E+11,2,RN4 - SECTION RIVIERA,0,NULL,-1,2,0,1,-1,-1,1,NULL,-1,1,0,1,70
2.021E+11,4,2,2021,16:20:00,1,75,75112,2,1,1,6,ROUTE ROYALE DE BEAUTE,"488,345,720,000","24,402,550,000",2.021E+11,107 757,A01,3,1,0,1,1,1,5,NULL,2.021E+11,143 037,107 757,A01,10,3,4,2,1973,5,0,-1,-1,2,3,1,2.021E+11,4,ROUTE ROYALE DE BEAUTE,0,NULL,1,2,2,1,-1,-1,1,NULL,-1,1,-1,5,50
2.021E+11,4,2,2021,16:20:00,1,75,75112,2,1,1,6,ROUTE ROYALE DE BEAUTE,"488,345,720,000","24,402,550,000",2.021E+11,107 757,A01,3,1,0,1,1,1,5,NULL,2.021E+11,143 038,107 757,A01,1,1,1,1,2000,5,2,6,-1,0,0,-1,2.021E+11,4,ROUTE ROYALE DE BEAUTE,0,NULL,1,2,2,1,-1,-1,1,NULL,-1,1,-1,5,50
2.021E+11,2,2,2021,07:45:00,5,75,75104,2,3,2,3,RUE SAINT ANTOINE,"488,537,020,000","23,656,510,000",2.021E+11,107 333,A01,1,1,0,2,7,17,5,NULL,2.021E+11,142 503,107 332,B01,1,1,4,1,1988,1,8,0,-1,0,0,-1,2.021E+11,4,RUE SAINT ANTOINE,0,NULL,3,4,0,1,-1,-1,1,NULL,-1,2,0,1,50
2.021E+11,2,2,2021,07:45:00,5,75,75104,2,3,2,3,RUE SAINT ANTOINE,"488,537,020,000","23,656,510,000",2.021E+11,107 332,B01,1,1,0,2,8,15,5,NULL,2.021E+11,142 503,107 332,B01,1,1,4,1,1988,1,8,0,-1,0,0,-1,2.021E+11,4,RUE SAINT ANTOINE,0,NULL,3,4,0,1,-1,-1,1,NULL,-1,2,0,1,50
2.021E+11,2,2,2021,07:45:00,5,75,75104,2,3,2,3,RUE SAINT ANTOINE,"488,537,020,000","23,656,510,000",2.021E+11,107 333,A01,1,1,0,2,7,17,5,NULL,2.021E+11,142 504,107 333,A01,1,1,1,1,1994,1,2,0,-1,0,0,-1,2.021E+11,4,RUE SAINT ANTOINE,0,NULL,3,4,0,1,-1,-1,1,NULL,-1,2,0,1,50
2.021E+11,2,2,2021,07:45:00,5,75,75104,2,3,2,3,RUE SAINT ANTOINE,"488,537,020,000","23,656,510,000",2.021E+11,107 332,B01,1,1,0,2,8,15,5,NULL,2.021E+11,142 504,107 333,A01,1,1,1,1,1994,1,2,0,-1,0,0,-1,2.021E+11,4,RUE SAINT ANTOINE,0,NULL,3,4,0,1,-1,-1,1,NULL,-1,2,0,1,50
2.021E+11,2,2,2021,11:50:00,1,92,92040,2,3,1,6,CAMILLE DESMOULINS,"488,284,748,573","22,627,785,802",2.021E+11,107 313,A01,1,1,0,1,1,1,5,NULL,2.021E+11,142 481,107 313,A01,10,3,4,2,1962,0,8,8,-1,3,3,1,2.021E+11,4,CAMILLE DESMOULINS,0,NULL,2,2,0,1,0,0,1,NULL,-1,1,0,1,30
2.021E+11,2,2,2021,11:50:00,1,92,92040,2,3,1,6,CAMILLE DESMOULINS,"488,284,748,573","22,627,785,802",2.021E+11,107 313,A01,1,1,0,1,1,1,5,NULL,2.021E+11,142 482,107 313,A01,1,1,1,-1,NULL,-1,-1,-1,-1,-1,-1,-1,2.021E+11,4,CAMILLE DESMOULINS,0,NULL,2,2,0,1,0,0,1,NULL,-1,1,0,1,30
2.021E+11,8,1,2021,13:25:00,1,24,24037,2,1,1,2,PIMONT (BOULEVAR LOUIS),"448,453,000,000","0,4888100000",2.021E+11,102 113,B01,1,1,0,2,4,2,5,NULL,2.021E+11,135 493,102 112,A01,1,1,1,2,1991,1,1,0,-1,-1,-1,-1,2.021E+11,3,PIMONT (BOULEVAR LOUIS),0,NULL,2,2,0,2,17,300,1,NULL,-1,1,2,1,50
2.021E+11,8,1,2021,13:25:00,1,24,24037,2,1,1,2,PIMONT (BOULEVAR LOUIS),"448,453,000,000","0,4888100000",2.021E+11,102 113,B01,1,1,0,2,4,2,5,NULL,2.021E+11,135 494,102 113,B01,1,1,3,1,1946,5,2,4,-1,-1,-1,-1,2.021E+11,3,PIMONT (BOULEVAR LOUIS),0,NULL,2,2,0,2,17,300,1,NULL,-1,1,2,1,50
2.021E+11,18,9,2021,09:50:00,1,94,94048,2,1,1,1,Avenue des Bruyères,"487,382,350,000","25,535,100,000",2.021E+11,169 094,B01,2,1,0,2,1,1,5,NULL,2.021E+11,224 212,169 094,B01,1,1,4,1,1980,5,2,4,-1,-1,-1,-1,2.021E+11,4,BRUYERES (AV DES),0,NULL,2,2,0,1,1,0,1,NULL,-1,1,0,1,50
2.021E+11,18,9,2021,09:50:00,1,94,94048,2,1,1,1,Avenue des Bruyères,"487,382,350,000","25,535,100,000",2.021E+11,169 094,B01,2,1,0,2,1,1,5,NULL,2.021E+11,224 213,169 095,A01,1,1,1,1,1983,5,1,0,-1,-1,-1,-1,2.021E+11,4,BRUYERES (AV DES),0,NULL,2,2,0,1,1,0,1,NULL,-1,1,0,1,50
2.021E+11,14,9,2021,17:20:00,1,75,75113,2,1,1,3,QUAI D AUSTERLITZ,"488,430,738,815","23,663,305,414",2.021E+11,167 676,A01,1,1,0,2,1,1,5,NULL,2.021E+11,222 390,167 675,B01,1,1,4,2,1991,9,2,0,-1,0,0,-1,2.021E+11,4,QUAI D AUSTERLITZ,0,NULL,2,5,1,1,-1,-1,1,NULL,-1,1,0,5,30
2.021E+11,14,9,2021,17:20:00,1,75,75113,2,1,1,3,QUAI D AUSTERLITZ,"488,430,738,815","23,663,305,414",2.021E+11,167 675,B01,2,1,0,2,1,16,5,NULL,2.021E+11,222 390,167 675,B01,1,1,4,2,1991,9,2,0,-1,0,0,-1,2.021E+11,4,QUAI D AUSTERLITZ,0,NULL,2,5,1,1,-1,-1,1,NULL,-1,1,0,5,30
2.021E+11,14,9,2021,17:20:00,1,75,75113,2,1,1,3,QUAI D AUSTERLITZ,"488,430,738,815","23,663,305,414",2.021E+11,167 676,A01,1,1,0,2,1,1,5,NULL,2.021E+11,222 391,167 676,A01,1,1,4,1,1985,9,2,0,-1,0,0,-1,2.021E+11,4,QUAI D AUSTERLITZ,0,NULL,2,5,1,1,-1,-1,1,NULL,-1,1,0,5,30
2.021E+11,14,9,2021,17:20:00,1,75,75113,2,1,1,3,QUAI D AUSTERLITZ,"488,430,738,815","23,663,305,414",2.021E+11,167 675,B01,2,1,0,2,1,16,5,NULL,2.021E+11,222 391,167 676,A01,1,1,4,1,1985,9,2,0,-1,0,0,-1,2.021E+11,4,QUAI D AUSTERLITZ,0,NULL,2,5,1,1,-1,-1,1,NULL,-1,1,0,5,30
2.021E+11,24,8,2021,08:10:00,1,75,75109,2,1,1,3,RUE SAINT GEORGES,"488,774,250,000","23,373,040,000",2.021E+11,160 933,B01,2,1,0,2,2,17,5,NULL,2.021E+11,213 497,160 932,A01,1,1,1,1,1987,4,1,0,-1,0,0,-1,2.021E+11,4,RUE SAINT GEORGES,0,NULL,2,1,1,2,-1,-1,1,NULL,-1,1,0,1,30
2.021E+11,24,8,2021,08:10:00,1,75,75109,2,1,1,3,RUE SAINT GEORGES,"488,774,250,000","23,373,040,000",2.021E+11,160 933,B01,2,1,0,2,2,17,5,NULL,2.021E+11,213 498,160 933,B01,1,1,4,1,1967,9,8,0,-1,0,0,-1,2.021E+11,4,RUE SAINT GEORGES,0,NULL,2,1,1,2,-1,-1,1,NULL,-1,1,0,1,30
2.021E+11,15,8,2021,17:45:00,1,94,94043,2,3,1,3,FONTAINEBLEAU (AV DE),"488,135,100,000","23,614,300,000",2.021E+11,158 688,A01,2,1,0,2,1,1,5,NULL,2.021E+11,210 381,158 688,A01,1,1,4,1,2002,0,2,0,-1,-1,-1,-1,2.021E+11,3,FONTAINEBLEAU (AV DE),0,NULL,2,5,1,1,0,0,1,NULL,-1,1,0,1,50
2.021E+11,15,8,2021,17:45:00,1,94,94043,2,3,1,3,FONTAINEBLEAU (AV DE),"488,135,100,000","23,614,300,000",2.021E+11,158 688,A01,2,1,0,2,1,1,5,NULL,2.021E+11,210 382,158 689,B01,1,1,1,1,1999,0,8,0,-1,-1,-1,-1,2.021E+11,3,FONTAINEBLEAU (AV DE),0,NULL,2,5,1,1,0,0,1,NULL,-1,1,0,1,50
2.021E+11,13,8,2021,16:55:00,1,59,59352,2,1,1,3,GRANGE (CHEMIN),"507,320,515,141","30,375,641,584",2.021E+11,158 294,B01,3,1,0,2,1,18,5,NULL,2.021E+11,209 808,158 294,B01,1,1,2,1,1968,5,2,0,-1,-1,0,-1,2.021E+11,4,GRANGE (CHEMIN),0,NULL,2,2,0,1,-1,-1,1,NULL,-1,1,0,1,50
2.021E+11,13,8,2021,16:55:00,1,59,59352,2,1,1,3,GRANGE (CHEMIN),"507,320,515,141","30,375,641,584",2.021E+11,158 294,B01,3,1,0,2,1,18,5,NULL,2.021E+11,209 809,158 295,A01,1,1,1,1,1996,4,1,0,-1,-1,-1,-1,2.021E+11,4,GRANGE (CHEMIN),0,NULL,2,2,0,1,-1,-1,1,NULL,-1,1,0,1,50
2.021E+11,8,7,2021,23:23:00,5,75,75106,2,3,1,2,QUAI DE CONTI,"488,578,620,000","23,362,310,000",2.021E+11,148 489,B01,1,1,0,2,4,2,5,NULL,2.021E+11,196 184,148 488,A01,1,1,4,1,1992,5,8,0,-1,0,0,-1,2.021E+11,4,QUAI DE CONTI,0,NULL,2,5,1,1,-1,-1,1,NULL,-1,1,0,5,50
2.021E+11,8,7,2021,23:23:00,5,75,75106,2,3,1,2,QUAI DE CONTI,"488,578,620,000","23,362,310,000",2.021E+11,148 488,A01,1,1,0,2,1,2,5,NULL,2.021E+11,196 184,148 488,A01,1,1,4,1,1992,5,8,0,-1,0,0,-1,2.021E+11,4,QUAI DE CONTI,0,NULL,2,5,1,1,-1,-1,1,NULL,-1,1,0,5,50
2.021E+11,8,7,2021,23:23:00,5,75,75106,2,3,1,2,QUAI DE CONTI,"488,578,620,000","23,362,310,000",2.021E+11,148 489,B01,1,1,0,2,4,2,5,NULL,2.021E+11,196 185,148 489,B01,1,1,4,2,1991,9,8,0,-1,0,0,-1,2.021E+11,4,QUAI DE CONTI,0,NULL,2,5,1,1,-1,-1,1,NULL,-1,1,0,5,50
2.021E+11,8,7,2021,23:23:00,5,75,75106,2,3,1,2,QUAI DE CONTI,"488,578,620,000","23,362,310,000",2.021E+11,148 488,A01,1,1,0,2,1,2,5,NULL,2.021E+11,196 185,148 489,B01,1,1,4,2,1991,9,8,0,-1,0,0,-1,2.021E+11,4,QUAI DE CONTI,0,NULL,2,5,1,1,-1,-1,1,NULL,-1,1,0,5,50
2.021E+11,1,7,2021,15:00:00,1,61,61095,1,1,1,7,La Thiaudière,"487,190,410,000"," -0,6285380000",2.021E+11,145 504,A01,2,1,0,0,0,1,5,NULL,2.021E+11,192 184,145 504,A01,1,1,4,1,2005,5,0,-1,-1,0,0,-1,2.021E+11,3,368,-1,NULL,2,2,0,2,2,800,1,NULL,-1,1,0,1,80
2.021E+11,15,6,2021,18:40:00,1,67,67482,2,3,1,3,FINKMATT (QUAI),"485,870,200,000","77,464,900,000",2.021E+11,141 332,B01,2,1,0,2,8,1,5,NULL,2.021E+11,186 676,141 332,B01,1,1,4,1,1997,0,2,0,-1,-1,-1,-1,2.021E+11,4,FINKMATT (QUAI),0,NULL,1,3,1,1,0,0,1,NULL,-1,1,0,1,50
2.021E+11,15,6,2021,18:40:00,1,67,67482,2,3,1,3,FINKMATT (QUAI),"485,870,200,000","77,464,900,000",2.021E+11,141 332,B01,2,1,0,2,8,1,5,NULL,2.021E+11,186 677,141 333,A01,1,1,1,1,2000,9,1,8,-1,-1,-1,-1,2.021E+11,4,FINKMATT (QUAI),0,NULL,1,3,1,1,0,0,1,NULL,-1,1,0,1,50
2.021E+11,14,6,2021,08:55:00,1,16,16106,2,3,7,1,rue de Lesterps,"460,146,120,000","0,6755490000",2.021E+11,140 055,B01,1,1,0,2,1,1,5,NULL,2.021E+11,185 043,140 055,B01,1,1,4,1,1957,5,4,-1,-1,0,0,-1,2.021E+11,3,30,0,D,2,2,0,2,20,545,1,0,6,1,0,1,50
2.021E+11,14,6,2021,08:55:00,1,16,16106,2,3,7,1,rue de Lesterps,"460,146,120,000","0,6755490000",2.021E+11,140 055,B01,1,1,0,2,1,1,5,NULL,2.021E+11,185 044,140 056,A01,1,1,1,2,1970,3,1,-1,-1,0,0,-1,2.021E+11,3,30,0,D,2,2,0,2,20,545,1,0,6,1,0,1,50
2.021E+11,5,6,2021,15:21:00,1,79,79163,2,3,1,3,Rue des Anciens Artisans,"461,535,900,000","0,0822420000",2.021E+11,136 801,A01,3,1,0,0,0,16,5,NULL,2.021E+11,180 773,136 800,B01,1,1,3,1,1991,0,2,6,-1,0,0,-1,2.021E+11,3,15,-1,D,2,2,0,1,2,296,3,NULL,"6,6",1,5,1,30
2.021E+11,5,6,2021,15:21:00,1,79,79163,2,3,1,3,Rue des Anciens Artisans,"461,535,900,000","0,0822420000",2.021E+11,136 801,A01,3,1,0,0,0,16,5,NULL,2.021E+11,180 774,136 801,A01,1,1,1,1,2005,5,0,-1,-1,0,0,-1,2.021E+11,3,15,-1,D,2,2,0,1,2,296,3,NULL,"6,6",1,5,1,30
2.021E+11,5,6,2021,09:30:00,1,95,95313,2,1,1,3,Avenue de Paris,"491,114,577,856","22,217,327,356",2.021E+11,136 466,B01,2,1,1,2,6,19,5,NULL,2.021E+11,180 330,136 466,B01,1,1,3,1,1960,1,0,-1,-1,0,0,-1,2.021E+11,3,64,-1,NULL,2,2,0,1,21,300,1,NULL,-1,1,0,1,50
2.021E+11,5,6,2021,09:30:00,1,95,95313,2,1,1,3,Avenue de Paris,"491,114,577,856","22,217,327,356",2.021E+11,136 466,B01,2,1,1,2,6,19,5,NULL,2.021E+11,180 331,136 467,A01,1,1,1,1,1999,5,8,-1,-1,0,0,-1,2.021E+11,3,64,-1,NULL,2,2,0,1,21,300,1,NULL,-1,1,0,1,50
2.021E+11,11,4,2021,12:30:00,1,70,70550,1,2,1,3,COURTOIS (RUE GUSTAVE),"476,266,410,000","61,390,580,000",2.021E+11,132 097,B01,2,1,0,2,1,1,5,NULL,2.021E+11,174 600,132 096,A01,1,1,1,1,1975,3,1,0,-1,-1,-1,-1,2.021E+11,4,COURTOIS (RUE GUSTAVE),0,NULL,2,2,1,4,-1,-1,3,NULL,-1,1,5,5,50
2.021E+11,11,4,2021,12:30:00,1,70,70550,1,2,1,3,COURTOIS (RUE GUSTAVE),"476,266,410,000","61,390,580,000",2.021E+11,132 097,B01,2,1,0,2,1,1,5,NULL,2.021E+11,174 601,132 097,B01,1,1,3,1,1966,3,8,0,-1,-1,-1,-1,2.021E+11,4,COURTOIS (RUE GUSTAVE),0,NULL,2,2,1,4,-1,-1,3,NULL,-1,1,5,5,50
2.021E+11,12,5,2021,22:45:00,3,1,1145,2,1,1,1,Chemin du Mas Vernon,"460,685,560,000","52,043,220,000",2.021E+11,129 636,B01,3,1,0,2,1,1,5,NULL,2.021E+11,171 360,129 636,B01,1,1,4,1,2005,5,0,-1,-1,0,0,-1,2.021E+11,4,NULL,0,NULL,2,2,0,1,-1,-1,1,NULL,-1,1,0,1,50
2.021E+11,12,5,2021,22:45:00,3,1,1145,2,1,1,1,Chemin du Mas Vernon,"460,685,560,000","52,043,220,000",2.021E+11,129 636,B01,3,1,0,2,1,1,5,NULL,2.021E+11,171 361,129 637,A01,1,1,4,1,2005,5,2,-1,-1,0,0,-1,2.021E+11,4,NULL,0,NULL,2,2,0,1,-1,-1,1,NULL,-1,1,0,1,50
2.021E+11,10,5,2021,08:20:00,1,33,33281,2,3,1,3,Avenue de Magudas,"448,571,300,000"," -0,6577000000",2.021E+11,129 240,B01,2,1,0,2,1,1,5,NULL,2.021E+11,170 849,129 240,B01,1,1,4,1,1980,1,2,-1,-1,-1,-1,-1,2.021E+11,4,NULL,0,NULL,2,2,2,1,-1,-1,1,NULL,-1,1,0,1,50
2.021E+11,10,5,2021,08:20:00,1,33,33281,2,3,1,3,Avenue de Magudas,"448,571,300,000"," -0,6577000000",2.021E+11,129 240,B01,2,1,0,2,1,1,5,NULL,2.021E+11,170 850,129 241,A01,1,1,1,1,1971,0,1,-1,-1,-1,-1,-1,2.021E+11,4,NULL,0,NULL,2,2,2,1,-1,-1,1,NULL,-1,1,0,1,50
2.021E+11,30,4,2021,09:45:00,1,92,92044,2,2,1,3,PDTWILSOO(RUE)151A159 ET 146A170,"489,004,200,000","22,832,600,000",2.021E+11,126 626,B01,1,1,0,2,8,1,5,NULL,2.021E+11,167 417,126 626,B01,1,1,4,1,2003,5,8,0,-1,-1,-1,-1,2.021E+11,3,1,0,NULL,-1,0,2,1,0,0,1,NULL,-1,1,0,1,50
2.021E+11,30,4,2021,09:45:00,1,92,92044,2,2,1,3,PDTWILSOO(RUE)151A159 ET 146A170,"489,004,200,000","22,832,600,000",2.021E+11,126 626,B01,1,1,0,2,8,1,5,NULL,2.021E+11,167 418,126 627,A01,1,1,1,1,1998,1,1,0,-1,-1,-1,-1,2.021E+11,3,1,0,NULL,-1,0,2,1,0,0,1,NULL,-1,1,0,1,50
2.021E+11,24,4,2021,12:20:00,1,37,37261,2,6,1,6,LOUIS XI (ROND-POINT),"473,746,900,000","0,6708900000",2.021E+11,125 700,B01,3,1,0,2,0,1,5,NULL,2.021E+11,166 240,125 699,A01,1,1,1,1,1969,0,1,8,-1,-1,-1,-1,2.021E+11,4,LOUIS XI (ROND-POINT),0,NULL,1,0,1,1,-1,-1,2,NULL,-1,1,0,5,50