Num_Acc,jour,mois,an,hrmn,lum,dep,com,agg,int,atm,col,adr,lat,long,Num_Acc,id_vehicule,num_veh,senc,catv,obs,obsm,choc,manv,motor,occutc,Num_Acc,id_usager,id_vehicule,num_veh,place,catu,grav,sexe,an_nais,trajet,secu1,secu2,secu3,locp,actp,etatp,Num_Acc,catr,voie,v1,v2,circ,nbv,vosp,prof,pr,pr1,plan,lartpc,larrout,surf,infra,situ,vma
2.021E+11,17,3,2021,15:45:00,1,42,42279,1,1,2,5,Route de Saint-Cyprien,"455,114,610,000","42,384,580,000",2.021E+11,116 180,T01,2,1,0,0,0,1,5,NULL,2.021E+11,153 927,116 172,K01,1,1,4,1,2006,5,2,-1,-1,0,0,-1,2.021E+11,3,108,0,D,2,2,0,3,20,500,1,NULL,-1,2,2,1,80
2.021E+11,17,3,2021,15:45:00,1,42,42279,1,1,2,5,Route de Saint-Cyprien,"455,114,610,000","42,384,580,000",2.021E+11,116 179,S01,2,1,0,0,0,1,5,NULL,2.021E+11,153 927,116 172,K01,1,1,4,1,2006,5,2,-1,-1,0,0,-1,2.021E+11,3,108,0,D,2,2,0,3,20,500,1,NULL,-1,2,2,1,80
2.021E+11,17,3,2021,15:45:00,1,42,42279,1,1,2,5,Route de Saint-Cyprien,"455,114,610,000","42,384,580,000",2.021E+11,116 178,R01,2,1,0,0,0,1,5,NULL,2.021E+11,153 927,116 172,K01,1,1,4,1,2006,5,2,-1,-1,0,0,-1,2.021E+11,3,108,0,D,2,2,0,3,20,500,1,NULL,-1,2,2,1,80
2.021E+11,17,3,2021,15:45:00,1,42,42279,1,1,2,5,Route de Saint-Cyprien,"455,114,610,000","42,384,580,000",2.021E+11,116 177,Q01,2,1,0,9,0,1,5,NULL,2.021E+11,153 927,116 172,K01,1,1,4,1,2006,5,2,-1,-1,0,0,-1,2.021E+11,3,108,0,D,2,2,0,3,20,500,1,NULL,-1,2,2,1,80
2.021E+11,17,3,2021,15:45:00,1,42,42279,1,1,2,5,Route de Saint-Cyprien,"455,114,610,000","42,384,580,000",2.021E+11,116 176,P01,2,1,0,0,0,1,5,NULL,2.021E+11,153 927,116 172,K01,1,1,4,1,2006,5,2,-1,-1,0,0,-1,2.021E+11,3,108,0,D,2,2,0,3,20,500,1,NULL,-1,2,2,1,80
2.021E+11,17,3,2021,15:45:00,1,42,42279,1,1,2,5,Route de Saint-Cyprien,"455,114,610,000","42,384,580,000",2.021E+11,116 175,O01,2,1,0,9,0,1,5,NULL,2.021E+11,153 927,116 172,K01,1,1,4,1,2006,5,2,-1,-1,0,0,-1,2.021E+11,3,108,0,D,2,2,0,3,20,500,1,NULL,-1,2,2,1,80
2.021E+11,17,3,2021,15:45:00,1,42,42279,1,1,2,5,Route de Saint-Cyprien,"455,114,610,000","42,384,580,000",2.021E+11,116 174,M01,2,1,0,9,0,1,5,NULL,2.021E+11,153 927,116 172,K01,1,1,4,1,2006,5,2,-1,-1,0,0,-1,2.021E+11,3,108,0,D,2,2,0,3,20,500,1,NULL,-1,2,2,1,80
2.021E+11,17,3,2021,15:45:00,1,42,42279,1,1,2,5,Route de Saint-Cyprien,"455,114,610,000","42,384,580,000",2.021E+11,116 173,L01,2,1,0,9,0,1,5,NULL,2.021E+11,153 927,116 172,K01,1,1,4,1,2006,5,2,-1,-1,0,0,-1,2.021E+11,3,108,0,D,2,2,0,3,20,500,1,NULL,-1,2,2,1,80
2.021E+11,17,3,2021,15:45:00,1,42,42279,1,1,2,5,Route de Saint-Cyprien,"455,114,610,000","42,384,580,000",2.021E+11,116 172,K01,2,1,0,2,0,1,5,NULL,2.021E+11,153 927,116 172,K01,1,1,4,1,2006,5,2,-1,-1,0,0,-1,2.021E+11,3,108,0,D,2,2,0,3,20,500,1,NULL,-1,2,2,1,80
2.021E+11,17,3,2021,15:45:00,1,42,42279,1,1,2,5,Route de Saint-Cyprien,"455,114,610,000","42,384,580,000",2.021E+11,116 189,N01,2,1,0,9,0,1,5,NULL,2.021E+11,153 928,116 173,L01,1,1,4,1,1995,5,2,-1,-1,0,0,-1,2.021E+11,3,108,0,D,2,2,0,3,20,500,1,NULL,-1,2,2,1,80
2.021E+11,17,3,2021,15:45:00,1,42,42279,1,1,2,5,Route de Saint-Cyprien,"455,114,610,000","42,384,580,000",2.021E+11,116 188,J01,2,1,0,2,1,0,5,NULL,2.021E+11,153 928,116 173,L01,1,1,4,1,1995,5,2,-1,-1,0,0,-1,2.021E+11,3,108,0,D,2,2,0,3,20,500,1,NULL,-1,2,2,1,80
2.021E+11,17,3,2021,15:45:00,1,42,42279,1,1,2,5,Route de Saint-Cyprien,"455,114,610,000","42,384,580,000",2.021E+11,116 187,I01,2,1,0,2,1,0,5,NULL,2.021E+11,153 928,116 173,L01,1,1,4,1,1995,5,2,-1,-1,0,0,-1,2.021E+11,3,108,0,D,2,2,0,3,20,500,1,NULL,-1,2,2,1,80
2.021E+11,17,3,2021,15:45:00,1,42,42279,1,1,2,5,Route de Saint-Cyprien,"455,114,610,000","42,384,580,000",2.021E+11,116 186,H01,2,1,0,2,1,1,5,NULL,2.021E+11,153 928,116 173,L01,1,1,4,1,1995,5,2,-1,-1,0,0,-1,2.021E+11,3,108,0,D,2,2,0,3,20,500,1,NULL,-1,2,2,1,80
2.021E+11,17,3,2021,15:45:00,1,42,42279,1,1,2,5,Route de Saint-Cyprien,"455,114,610,000","42,384,580,000",2.021E+11,116 185,G01,2,1,0,2,0,1,5,NULL,2.021E+11,153 928,116 173,L01,1,1,4,1,1995,5,2,-1,-1,0,0,-1,2.021E+11,3,108,0,D,2,2,0,3,20,500,1,NULL,-1,2,2,1,80
2.021E+11,17,3,2021,15:45:00,1,42,42279,1,1,2,5,Route de Saint-Cyprien,"455,114,610,000","42,384,580,000",2.021E+11,116 184,F01,2,1,0,2,0,1,5,NULL,2.021E+11,153 928,116 173,L01,1,1,4,1,1995,5,2,-1,-1,0,0,-1,2.021E+11,3,108,0,D,2,2,0,3,20,500,1,NULL,-1,2,2,1,80
2.021E+11,17,3,2021,15:45:00,1,42,42279,1,1,2,5,Route de Saint-Cyprien,"455,114,610,000","42,384,580,000",2.021E+11,116 183,E01,2,1,0,2,0,1,5,NULL,2.021E+11,153 928,116 173,L01,1,1,4,1,1995,5,2,-1,-1,0,0,-1,2.021E+11,3,108,0,D,2,2,0,3,20,500,1,NULL,-1,2,2,1,80
2.021E+11,17,3,2021,15:45:00,1,42,42279,1,1,2,5,Route de Saint-Cyprien,"455,114,610,000","42,384,580,000",2.021E+11,116 182,D01,2,1,0,2,0,1,5,NULL,2.021E+11,153 928,116 173,L01,1,1,4,1,1995,5,2,-1,-1,0,0,-1,2.021E+11,3,108,0,D,2,2,0,3,20,500,1,NULL,-1,2,2,1,80
2.021E+11,17,3,2021,15:45:00,1,42,42279,1,1,2,5,Route de Saint-Cyprien,"455,114,610,000","42,384,580,000",2.021E+11,116 181,C01,2,1,0,0,0,1,5,NULL,2.021E+11,153 928,116 173,L01,1,1,4,1,1995,5,2,-1,-1,0,0,-1,2.021E+11,3,108,0,D,2,2,0,3,20,500,1,NULL,-1,2,2,1,80
2.021E+11,17,3,2021,15:45:00,1,42,42279,1,1,2,5,Route de Saint-Cyprien,"455,114,610,000","42,384,580,000",2.021E+11,116 180,T01,2,1,0,0,0,1,5,NULL,2.021E+11,153 928,116 173,L01,1,1,4,1,1995,5,2,-1,-1,0,0,-1,2.021E+11,3,108,0,D,2,2,0,3,20,500,1,NULL,-1,2,2,1,80
2.021E+11,17,3,2021,15:45:00,1,42,42279,1,1,2,5,Route de Saint-Cyprien,"455,114,610,000","42,384,580,000",2.021E+11,116 179,S01,2,1,0,0,0,1,5,NULL,2.021E+11,153 928,116 173,L01,1,1,4,1,1995,5,2,-1,-1,0,0,-1,2.021E+11,3,108,0,D,2,2,0,3,20,500,1,NULL,-1,2,2,1,80
2.021E+11,17,3,2021,15:45:00,1,42,42279,1,1,2,5,Route de Saint-Cyprien,"455,114,610,000","42,384,580,000",2.021E+11,116 178,R01,2,1,0,0,0,1,5,NULL,2.021E+11,153 928,116 173,L01,1,1,4,1,1995,5,2,-1,-1,0,0,-1,2.021E+11,3,108,0,D,2,2,0,3,20,500,1,NULL,-1,2,2,1,80
2.021E+11,17,3,2021,15:45:00,1,42,42279,1,1,2,5,Route de Saint-Cyprien,"455,114,610,000","42,384,580,000",2.021E+11,116 177,Q01,2,1,0,9,0,1,5,NULL,2.021E+11,153 928,116 173,L01,1,1,4,1,1995,5,2,-1,-1,0,0,-1,2.021E+11,3,108,0,D,2,2,0,3,20,500,1,NULL,-1,2,2,1,80
2.021E+11,17,3,2021,15:45:00,1,42,42279,1,1,2,5,Route de Saint-Cyprien,"455,114,610,000","42,384,580,000",2.021E+11,116 176,P01,2,1,0,0,0,1,5,NULL,2.021E+11,153 928,116 173,L01,1,1,4,1,1995,5,2,-1,-1,0,0,-1,2.021E+11,3,108,0,D,2,2,0,3,20,500,1,NULL,-1,2,2,1,80
2.021E+11,17,3,2021,15:45:00,1,42,42279,1,1,2,5,Route de Saint-Cyprien,"455,114,610,000","42,384,580,000",2.021E+11,116 175,O01,2,1,0,9,0,1,5,NULL,2.021E+11,153 928,116 173,L01,1,1,4,1,1995,5,2,-1,-1,0,0,-1,2.021E+11,3,108,0,D,2,2,0,3,20,500,1,NULL,-1,2,2,1,80
2.021E+11,17,3,2021,15:45:00,1,42,42279,1,1,2,5,Route de Saint-Cyprien,"455,114,610,000","42,384,580,000",2.021E+11,116 174,M01,2,1,0,9,0,1,5,NULL,2.021E+11,153 928,116 173,L01,1,1,4,1,1995,5,2,-1,-1,0,0,-1,2.021E+11,3,108,0,D,2,2,0,3,20,500,1,NULL,-1,2,2,1,80
2.021E+11,17,3,2021,15:45:00,1,42,42279,1,1,2,5,Route de Saint-Cyprien,"455,114,610,000","42,384,580,000",2.021E+11,116 173,L01,2,1,0,9,0,1,5,NULL,2.021E+11,153 928,116 173,L01,1,1,4,1,1995,5,2,-1,-1,0,0,-1,2.021E+11,3,108,0,D,2,2,0,3,20,500,1,NULL,-1,2,2,1,80
2.021E+11,17,3,2021,15:45:00,1,42,42279,1,1,2,5,Route de Saint-Cyprien,"455,114,610,000","42,384,580,000",2.021E+11,116 172,K01,2,1,0,2,0,1,5,NULL,2.021E+11,153 928,116 173,L01,1,1,4,1,1995,5,2,-1,-1,0,0,-1,2.021E+11,3,108,0,D,2,2,0,3,20,500,1,NULL,-1,2,2,1,80
2.021E+11,17,3,2021,15:45:00,1,42,42279,1,1,2,5,Route de Saint-Cyprien,"455,114,610,000","42,384,580,000",2.021E+11,116 189,N01,2,1,0,9,0,1,5,NULL,2.021E+11,153 929,116 174,M01,1,1,4,1,2004,5,2,-1,-1,0,0,-1,2.021E+11,3,108,0,D,2,2,0,3,20,500,1,NULL,-1,2,2,1,80
2.021E+11,17,3,2021,15:45:00,1,42,42279,1,1,2,5,Route de Saint-Cyprien,"455,114,610,000","42,384,580,000",2.021E+11,116 188,J01,2,1,0,2,1,0,5,NULL,2.021E+11,153 929,116 174,M01,1,1,4,1,2004,5,2,-1,-1,0,0,-1,2.021E+11,3,108,0,D,2,2,0,3,20,500,1,NULL,-1,2,2,1,80
2.021E+11,17,3,2021,15:45:00,1,42,42279,1,1,2,5,Route de Saint-Cyprien,"455,114,610,000","42,384,580,000",2.021E+11,116 187,I01,2,1,0,2,1,0,5,NULL,2.021E+11,153 929,116 174,M01,1,1,4,1,2004,5,2,-1,-1,0,0,-1,2.021E+11,3,108,0,D,2,2,0,3,20,500,1,NULL,-1,2,2,1,80
2.021E+11,17,3,2021,15:45:00,1,42,42279,1,1,2,5,Route de Saint-Cyprien,"455,114,610,000","42,384,580,000",2.021E+11,116 186,H01,2,1,0,2,1,1,5,NULL,2.021E+11,153 929,116 174,M01,1,1,4,1,2004,5,2,-1,-1,0,0,-1,2.021E+11,3,108,0,D,2,2,0,3,20,500,1,NULL,-1,2,2,1,80
2.021E+11,17,3,2021,15:45:00,1,42,42279,1,1,2,5,Route de Saint-Cyprien,"455,114,610,000","42,384,580,000",2.021E+11,116 185,G01,2,1,0,2,0,1,5,NULL,2.021E+11,153 929,116 174,M01,1,1,4,1,2004,5,2,-1,-1,0,0,-1,2.021E+11,3,108,0,D,2,2,0,3,20,500,1,NULL,-1,2,2,1,80
2.021E+11,17,3,2021,15:45:00,1,42,42279,1,1,2,5,Route de Saint-Cyprien,"455,114,610,000","42,384,580,000",2.021E+11,116 184,F01,2,1,0,2,0,1,5,NULL,2.021E+11,153 929,116 174,M01,1,1,4,1,2004,5,2,-1,-1,0,0,-1,2.021E+11,3,108,0,D,2,2,0,3,20,500,1,NULL,-1,2,2,1,80
2.021E+11,17,3,2021,15:45:00,1,42,42279,1,1,2,5,Route de Saint-Cyprien,"455,114,610,000","42,384,580,000",2.021E+11,116 183,E01,2,1,0,2,0,1,5,NULL,2.021E+11,153 929,116 174,M01,1,1,4,1,2004,5,2,-1,-1,0,0,-1,2.021E+11,3,108,0,D,2,2,0,3,20,500,1,NULL,-1,2,2,1,80
2.021E+11,17,3,2021,15:45:00,1,42,42279,1,1,2,5,Route de Saint-Cyprien,"455,114,610,000","42,384,580,000",2.021E+11,116 182,D01,2,1,0,2,0,1,5,NULL,2.021E+11,153 929,116 174,M01,1,1,4,1,2004,5,2,-1,-1,0,0,-1,2.021E+11,3,108,0,D,2,2,0,3,20,500,1,NULL,-1,2,2,1,80
2.021E+11,17,3,2021,15:45:00,1,42,42279,1,1,2,5,Route de Saint-Cyprien,"455,114,610,000","42,384,580,000",2.021E+11,116 181,C01,2,1,0,0,0,1,5,NULL,2.021E+11,153 929,116 174,M01,1,1,4,1,2004,5,2,-1,-1,0,0,-1,2.021E+11,3,108,0,D,2,2,0,3,20,500,1,NULL,-1,2,2,1,80
2.021E+11,17,3,2021,15:45:00,1,42,42279,1,1,2,5,Route de Saint-Cyprien,"455,114,610,000","42,384,580,000",2.021E+11,116 180,T01,2,1,0,0,0,1,5,NULL,2.021E+11,153 929,116 174,M01,1,1,4,1,2004,5,2,-1,-1,0,0,-1,2.021E+11,3,108,0,D,2,2,0,3,20,500,1,NULL,-1,2,2,1,80
2.021E+11,17,3,2021,15:45:00,1,42,42279,1,1,2,5,Route de Saint-Cyprien,"455,114,610,000","42,384,580,000",2.021E+11,116 179,S01,2,1,0,0,0,1,5,NULL,2.021E+11,153 929,116 174,M01,1,1,4,1,2004,5,2,-1,-1,0,0,-1,2.021E+11,3,108,0,D,2,2,0,3,20,500,1,NULL,-1,2,2,1,80
2.021E+11,17,3,2021,15:45:00,1,42,42279,1,1,2,5,Route de Saint-Cyprien,"455,114,610,000","42,384,580,000",2.021E+11,116 178,R01,2,1,0,0,0,1,5,NULL,2.021E+11,153 929,116 174,M01,1,1,4,1,2004,5,2,-1,-1,0,0,-1,2.021E+11,3,108,0,D,2,2,0,3,20,500,1,NULL,-1,2,2,1,80
2.021E+11,17,3,2021,15:45:00,1,42,42279,1,1,2,5,Route de Saint-Cyprien,"455,114,610,000","42,384,580,000",2.021E+11,116 177,Q01,2,1,0,9,0,1,5,NULL,2.021E+11,153 929,116 174,M01,1,1,4,1,2004,5,2,-1,-1,0,0,-1,2.021E+11,3,108,0,D,2,2,0,3,20,500,1,NULL,-1,2,2,1,80
2.021E+11,17,3,2021,15:45:00,1,42,42279,1,1,2,5,Route de Saint-Cyprien,"455,114,610,000","42,384,580,000",2.021E+11,116 176,P01,2,1,0,0,0,1,5,NULL,2.021E+11,153 929,116 174,M01,1,1,4,1,2004,5,2,-1,-1,0,0,-1,2.021E+11,3,108,0,D,2,2,0,3,20,500,1,NULL,-1,2,2,1,80
2.021E+11,17,3,2021,15:45:00,1,42,42279,1,1,2,5,Route de Saint-Cyprien,"455,114,610,000","42,384,580,000",2.021E+11,116 175,O01,2,1,0,9,0,1,5,NULL,2.021E+11,153 929,116 174,M01,1,1,4,1,2004,5,2,-1,-1,0,0,-1,2.021E+11,3,108,0,D,2,2,0,3,20,500,1,NULL,-1,2,2,1,80
2.021E+11,17,3,2021,15:45:00,1,42,42279,1,1,2,5,Route de Saint-Cyprien,"455,114,610,000","42,384,580,000",2.021E+11,116 174,M01,2,1,0,9,0,1,5,NULL,2.021E+11,153 929,116 174,M01,1,1,4,1,2004,5,2,-1,-1,0,0,-1,2.021E+11,3,108,0,D,2,2,0,3,20,500,1,NULL,-1,2,2,1,80
2.021E+11,17,3,2021,15:45:00,1,42,42279,1,1,2,5,Route de Saint-Cyprien,"455,114,610,000","42,384,580,000",2.021E+11,116 173,L01,2,1,0,9,0,1,5,NULL,2.021E+11,153 929,116 174,M01,1,1,4,1,2004,5,2,-1,-1,0,0,-1,2.021E+11,3,108,0,D,2,2,0,3,20,500,1,NULL,-1,2,2,1,80
2.021E+11,17,3,2021,15:45:00,1,42,42279,1,1,2,5,Route de Saint-Cyprien,"455,114,610,000","42,384,580,000",2.021E+11,116 172,K01,2,1,0,2,0,1,5,NULL,2.021E+11,153 929,116 174,M01,1,1,4,1,2004,5,2,-1,-1,0,0,-1,2.021E+11,3,108,0,D,2,2,0,3,20,500,1,NULL,-1,2,2,1,80
2.021E+11,17,3,2021,15:45:00,1,42,42279,1,1,2,5,Route de Saint-Cyprien,"455,114,610,000","42,384,580,000",2.021E+11,116 189,N01,2,1,0,9,0,1,5,NULL,2.021E+11,153 930,116 175,O01,1,1,4,1,2006,5,2,-1,-1,0,0,-1,2.021E+11,3,108,0,D,2,2,0,3,20,500,1,NULL,-1,2,2,1,80
2.021E+11,17,3,2021,15:45:00,1,42,42279,1,1,2,5,Route de Saint-Cyprien,"455,114,610,000","42,384,580,000",2.021E+11,116 188,J01,2,1,0,2,1,0,5,NULL,2.021E+11,153 930,116 175,O01,1,1,4,1,2006,5,2,-1,-1,0,0,-1,2.021E+11,3,108,0,D,2,2,0,3,20,500,1,NULL,-1,2,2,1,80
2.021E+11,17,3,2021,15:45:00,1,42,42279,1,1,2,5,Route de Saint-Cyprien,"455,114,610,000","42,384,580,000",2.021E+11,116 187,I01,2,1,0,2,1,0,5,NULL,2.021E+11,153 930,116 175,O01,1,1,4,1,2006,5,2,-1,-1,0,0,-1,2.021E+11,3,108,0,D,2,2,0,3,20,500,1,NULL,-1,2,2,1,80
2.021E+11,17,3,2021,15:45:00,1,42,42279,1,1,2,5,Route de Saint-Cyprien,"455,114,610,000","42,384,580,000",2.021E+11,116 186,H01,2,1,0,2,1,1,5,NULL,2.021E+11,153 930,116 175,O01,1,1,4,1,2006,5,2,-1,-1,0,0,-1,2.021E+11,3,108,0,D,2,2,0,3,20,500,1,NULL,-1,2,2,1,80
2.021E+11,17,3,2021,15:45:00,1,42,42279,1,1,2,5,Route de Saint-Cyprien,"455,114,610,000","42,384,580,000",2.021E+11,116 185,G01,2,1,0,2,0,1,5,NULL,2.021E+11,153 930,116 175,O01,1,1,4,1,2006,5,2,-1,-1,0,0,-1,2.021E+11,3,108,0,D,2,2,0,3,20,500,1,NULL,-1,2,2,1,80
2.021E+11,17,3,2021,15:45:00,1,42,42279,1,1,2,5,Route de Saint-Cyprien,"455,114,610,000","42,384,580,000",2.021E+11,116 184,F01,2,1,0,2,0,1,5,NULL,2.021E+11,153 930,116 175,O01,1,1,4,1,2006,5,2,-1,-1,0,0,-1,2.021E+11,3,108,0,D,2,2,0,3,20,500,1,NULL,-1,2,2,1,80
2.021E+11,17,3,2021,15:45:00,1,42,42279,1,1,2,5,Route de Saint-Cyprien,"455,114,610,000","42,384,580,000",2.021E+11,116 183,E01,2,1,0,2,0,1,5,NULL,2.021E+11,153 930,116 175,O01,1,1,4,1,2006,5,2,-1,-1,0,0,-1,2.021E+11,3,108,0,D,2,2,0,3,20,500,1,NULL,-1,2,2,1,80
2.021E+11,17,3,2021,15:45:00,1,42,42279,1,1,2,5,Route de Saint-Cyprien,"455,114,610,000","42,384,580,000",2.021E+11,116 182,D01,2,1,0,2,0,1,5,NULL,2.021E+11,153 930,116 175,O01,1,1,4,1,2006,5,2,-1,-1,0,0,-1,2.021E+11,3,108,0,D,2,2,0,3,20,500,1,NULL,-1,2,2,1,80
2.021E+11,17,3,2021,15:45:00,1,42,42279,1,1,2,5,Route de Saint-Cyprien,"455,114,610,000","42,384,580,000",2.021E+11,116 181,C01,2,1,0,0,0,1,5,NULL,2.021E+11,153 930,116 175,O01,1,1,4,1,2006,5,2,-1,-1,0,0,-1,2.021E+11,3,108,0,D,2,2,0,3,20,500,1,NULL,-1,2,2,1,80
2.021E+11,17,3,2021,15:45:00,1,42,42279,1,1,2,5,Route de Saint-Cyprien,"455,114,610,000","42,384,580,000",2.021E+11,116 180,T01,2,1,0,0,0,1,5,NULL,2.021E+11,153 930,116 175,O01,1,1,4,1,2006,5,2,-1,-1,0,0,-1,2.021E+11,3,108,0,D,2,2,0,3,20,500,1,NULL,-1,2,2,1,80
2.021E+11,17,3,2021,15:45:00,1,42,42279,1,1,2,5,Route de Saint-Cyprien,"455,114,610,000","42,384,580,000",2.021E+11,116 179,S01,2,1,0,0,0,1,5,NULL,2.021E+11,153 930,116 175,O01,1,1,4,1,2006,5,2,-1,-1,0,0,-1,2.021E+11,3,108,0,D,2,2,0,3,20,500,1,NULL,-1,2,2,1,80
2.021E+11,17,3,2021,15:45:00,1,42,42279,1,1,2,5,Route de Saint-Cyprien,"455,114,610,000","42,384,580,000",2.021E+11,116 178,R01,2,1,0,0,0,1,5,NULL,2.021E+11,153 930,116 175,O01,1,1,4,1,2006,5,2,-1,-1,0,0,-1,2.021E+11,3,108,0,D,2,2,0,3,20,500,1,NULL,-1,2,2,1,80
2.021E+11,17,3,2021,15:45:00,1,42,42279,1,1,2,5,Route de Saint-Cyprien,"455,114,610,000","42,384,580,000",2.021E+11,116 177,Q01,2,1,0,9,0,1,5,NULL,2.021E+11,153 930,116 175,O01,1,1,4,1,2006,5,2,-1,-1,0,0,-1,2.021E+11,3,108,0,D,2,2,0,3,20,500,1,NULL,-1,2,2,1,80
2.021E+11,17,3,2021,15:45:00,1,42,42279,1,1,2,5,Route de Saint-Cyprien,"455,114,610,000","42,384,580,000",2.021E+11,116 176,P01,2,1,0,0,0,1,5,NULL,2.021E+11,153 930,116 175,O01,1,1,4,1,2006,5,2,-1,-1,0,0,-1,2.021E+11,3,108,0,D,2,2,0,3,20,500,1,NULL,-1,2,2,1,80
2.021E+11,17,3,2021,15:45:00,1,42,42279,1,1,2,5,Route de Saint-Cyprien,"455,114,610,000","42,384,580,000",2.021E+11,116 175,O01,2,1,0,9,0,1,5,NULL,2.021E+11,153 930,116 175,O01,1,1,4,1,2006,5,2,-1,-1,0,0,-1,2.021E+11,3,108,0,D,2,2,0,3,20,500,1,NULL,-1,2,2,1,80
2.021E+11,17,3,2021,15:45:00,1,42,42279,1,1,2,5,Route de Saint-Cyprien,"455,114,610,000","42,384,580,000",2.021E+11,116 174,M01,2,1,0,9,0,1,5,NULL,2.021E+11,153 930,116 175,O01,1,1,4,1,2006,5,2,-1,-1,0,0,-1,2.021E+11,3,108,0,D,2,2,0,3,20,500,1,NULL,-1,2,2,1,80
2.021E+11,17,3,2021,15:45:00,1,42,42279,1,1,2,5,Route de Saint-Cyprien,"455,114,610,000","42,384,580,000",2.021E+11,116 173,L01,2,1,0,9,0,1,5,NULL,2.021E+11,153 930,116 175,O01,1,1,4,1,2006,5,2,-1,-1,0,0,-1,2.021E+11,3,108,0,D,2,2,0,3,20,500,1,NULL,-1,2,2,1,80
2.021E+11,17,3,2021,15:45:00,1,42,42279,1,1,2,5,Route de Saint-Cyprien,"455,114,610,000","42,384,580,000",2.021E+11,116 172,K01,2,1,0,2,0,1,5,NULL,2.021E+11,153 930,116 175,O01,1,1,4,1,2006,5,2,-1,-1,0,0,-1,2.021E+11,3,108,0,D,2,2,0,3,20,500,1,NULL,-1,2,2,1,80
2.021E+11,17,3,2021,15:45:00,1,42,42279,1,1,2,5,Route de Saint-Cyprien,"455,114,610,000","42,384,580,000",2.021E+11,116 189,N01,2,1,0,9,0,1,5,NULL,2.021E+11,153 931,116 176,P01,1,1,4,1,2004,5,2,-1,-1,0,0,-1,2.021E+11,3,108,0,D,2,2,0,3,20,500,1,NULL,-1,2,2,1,80
2.021E+11,17,3,2021,15:45:00,1,42,42279,1,1,2,5,Route de Saint-Cyprien,"455,114,610,000","42,384,580,000",2.021E+11,116 188,J01,2,1,0,2,1,0,5,NULL,2.021E+11,153 931,116 176,P01,1,1,4,1,2004,5,2,-1,-1,0,0,-1,2.021E+11,3,108,0,D,2,2,0,3,20,500,1,NULL,-1,2,2,1,80
2.021E+11,17,3,2021,15:45:00,1,42,42279,1,1,2,5,Route de Saint-Cyprien,"455,114,610,000","42,384,580,000",2.021E+11,116 187,I01,2,1,0,2,1,0,5,NULL,2.021E+11,153 931,116 176,P01,1,1,4,1,2004,5,2,-1,-1,0,0,-1,2.021E+11,3,108,0,D,2,2,0,3,20,500,1,NULL,-1,2,2,1,80
2.021E+11,17,3,2021,15:45:00,1,42,42279,1,1,2,5,Route de Saint-Cyprien,"455,114,610,000","42,384,580,000",2.021E+11,116 186,H01,2,1,0,2,1,1,5,NULL,2.021E+11,153 931,116 176,P01,1,1,4,1,2004,5,2,-1,-1,0,0,-1,2.021E+11,3,108,0,D,2,2,0,3,20,500,1,NULL,-1,2,2,1,80
2.021E+11,17,3,2021,15:45:00,1,42,42279,1,1,2,5,Route de Saint-Cyprien,"455,114,610,000","42,384,580,000",2.021E+11,116 185,G01,2,1,0,2,0,1,5,NULL,2.021E+11,153 931,116 176,P01,1,1,4,1,2004,5,2,-1,-1,0,0,-1,2.021E+11,3,108,0,D,2,2,0,3,20,500,1,NULL,-1,2,2,1,80
2.021E+11,17,3,2021,15:45:00,1,42,42279,1,1,2,5,Route de Saint-Cyprien,"455,114,610,000","42,384,580,000",2.021E+11,116 184,F01,2,1,0,2,0,1,5,NULL,2.021E+11,153 931,116 176,P01,1,1,4,1,2004,5,2,-1,-1,0,0,-1,2.021E+11,3,108,0,D,2,2,0,3,20,500,1,NULL,-1,2,2,1,80
2.021E+11,17,3,2021,15:45:00,1,42,42279,1,1,2,5,Route de Saint-Cyprien,"455,114,610,000","42,384,580,000",2.021E+11,116 183,E01,2,1,0,2,0,1,5,NULL,2.021E+11,153 931,116 176,P01,1,1,4,1,2004,5,2,-1,-1,0,0,-1,2.021E+11,3,108,0,D,2,2,0,3,20,500,1,NULL,-1,2,2,1,80
2.021E+11,17,3,2021,15:45:00,1,42,42279,1,1,2,5,Route de Saint-Cyprien,"455,114,610,000","42,384,580,000",2.021E+11,116 182,D01,2,1,0,2,0,1,5,NULL,2.021E+11,153 931,116 176,P01,1,1,4,1,2004,5,2,-1,-1,0,0,-1,2.021E+11,3,108,0,D,2,2,0,3,20,500,1,NULL,-1,2,2,1,80