Num_Acc,jour,mois,an,hrmn,lum,dep,com,agg,int,atm,col,adr,lat,long,Num_Acc,id_vehicule,num_veh,senc,catv,obs,obsm,choc,manv,motor,occutc,Num_Acc,id_usager,id_vehicule,num_veh,place,catu,grav,sexe,an_nais,trajet,secu1,secu2,secu3,locp,actp,etatp,Num_Acc,catr,voie,v1,v2,circ,nbv,vosp,prof,pr,pr1,plan,lartpc,larrout,surf,infra,situ,vma
2.021E+11,14,7,2021,17:25:00,1,75,75118,2,4,1,3,RUE MARCADET,"488,907,060,000","23,455,180,000",2.021E+11,149 914,B01,2,1,0,2,1,1,5,NULL,2.021E+11,198 211,149 914,B01,1,1,4,2,1992,9,8,0,-1,0,0,-1,2.021E+11,4,RUE MARCADET,0,NULL,1,1,0,1,-1,-1,1,NULL,-1,1,0,1,30
2.021E+11,14,7,2021,17:25:00,1,75,75118,2,4,1,3,RUE MARCADET,"488,907,060,000","23,455,180,000",2.021E+11,149 914,B01,2,1,0,2,1,1,5,NULL,2.021E+11,198 212,149 915,A01,1,1,1,2,1980,9,1,0,-1,0,0,-1,2.021E+11,4,RUE MARCADET,0,NULL,1,1,0,1,-1,-1,1,NULL,-1,1,0,1,30
2.021E+11,11,7,2021,14:00:00,1,75,75101,2,2,1,3,BOULEVARD DE SEBASTOPOL,"488,605,500,000","23,493,520,000",2.021E+11,149 329,A01,1,1,0,2,2,17,5,NULL,2.021E+11,197 410,149 328,B01,1,1,1,2,1988,5,8,0,-1,0,0,-1,2.021E+11,4,BOULEVARD DE SEBASTOPOL,0,NULL,2,5,2,1,-1,-1,1,NULL,-1,1,0,5,15
2.021E+11,11,7,2021,14:00:00,1,75,75101,2,2,1,3,BOULEVARD DE SEBASTOPOL,"488,605,500,000","23,493,520,000",2.021E+11,149 329,A01,1,1,0,2,2,17,5,NULL,2.021E+11,197 411,149 329,A01,1,1,4,2,1991,5,8,0,-1,0,0,-1,2.021E+11,4,BOULEVARD DE SEBASTOPOL,0,NULL,2,5,2,1,-1,-1,1,NULL,-1,1,0,5,15
2.021E+11,11,7,2021,16:20:00,1,75,75114,2,4,1,6,AVENUE DU GENERAL LECLERC,"488,288,010,000","23,277,070,000",2.021E+11,149 158,A01,2,1,0,1,1,1,5,NULL,2.021E+11,197 161,149 158,A01,1,1,1,1,1992,5,2,0,-1,0,0,-1,2.021E+11,4,AVENUE DU GENERAL LECLERC,0,NULL,2,5,2,1,-1,-1,1,NULL,-1,1,0,5,50
2.021E+11,11,7,2021,16:20:00,1,75,75114,2,4,1,6,AVENUE DU GENERAL LECLERC,"488,288,010,000","23,277,070,000",2.021E+11,149 158,A01,2,1,0,1,1,1,5,NULL,2.021E+11,197 162,149 158,A01,10,3,4,2,1940,5,0,-1,-1,2,3,2,2.021E+11,4,AVENUE DU GENERAL LECLERC,0,NULL,2,5,2,1,-1,-1,1,NULL,-1,1,0,5,50
2.021E+11,11,7,2021,16:20:00,1,75,75114,2,4,1,6,AVENUE DU GENERAL LECLERC,"488,288,010,000","23,277,070,000",2.021E+11,149 158,A01,2,1,0,1,1,1,5,NULL,2.021E+11,197 163,149 158,A01,10,3,1,1,1941,5,0,-1,-1,2,3,2,2.021E+11,4,AVENUE DU GENERAL LECLERC,0,NULL,2,5,2,1,-1,-1,1,NULL,-1,1,0,5,50
2.021E+11,6,7,2021,16:00:00,1,37,37261,2,3,1,6,SAINT SAUVEUR (PONT),"473,717,169,964","0,6777070463",2.021E+11,147 815,B01,1,1,0,2,3,1,5,NULL,2.021E+11,195 319,147 814,A01,1,1,1,1,1979,4,1,8,-1,-1,-1,-1,2.021E+11,4,SAINT SAUVEUR (PONT),0,NULL,3,4,2,1,-1,-1,1,NULL,-1,1,0,1,50
2.021E+11,6,7,2021,16:00:00,1,37,37261,2,3,1,6,SAINT SAUVEUR (PONT),"473,717,169,964","0,6777070463",2.021E+11,147 815,B01,1,1,0,2,3,1,5,NULL,2.021E+11,195 320,147 815,B01,1,1,4,1,1953,5,8,8,-1,-1,-1,-1,2.021E+11,4,SAINT SAUVEUR (PONT),0,NULL,3,4,2,1,-1,-1,1,NULL,-1,1,0,1,50
2.021E+11,25,6,2021,20:37:00,1,75,75109,2,2,1,3,BOULEVARD DE CLICHY,"488,837,590,000","23,322,820,000",2.021E+11,143 993,B01,2,1,0,2,3,13,5,NULL,2.021E+11,190 144,143 992,A01,1,1,1,1,1992,4,1,0,-1,0,0,-1,2.021E+11,4,BOULEVARD DE CLICHY,0,NULL,3,2,3,1,-1,-1,1,NULL,-1,1,0,6,50
2.021E+11,25,6,2021,20:37:00,1,75,75109,2,2,1,3,BOULEVARD DE CLICHY,"488,837,590,000","23,322,820,000",2.021E+11,143 993,B01,2,1,0,2,3,13,5,NULL,2.021E+11,190 145,143 993,B01,1,1,4,2,1973,9,2,0,-1,0,0,-1,2.021E+11,4,BOULEVARD DE CLICHY,0,NULL,3,2,3,1,-1,-1,1,NULL,-1,1,0,6,50
2.021E+11,15,6,2021,14:50:00,1,75,75117,2,2,1,3,BOULEVARD DES BATIGNOLLES,"488,829,860,000","23,241,070,000",2.021E+11,140 409,A01,1,1,0,2,7,19,5,NULL,2.021E+11,185 476,140 408,Z01,1,1,1,-1,NULL,-1,-1,-1,-1,-1,-1,-1,2.021E+11,4,BOULEVARD DES BATIGNOLLES,0,NULL,3,2,3,1,-1,-1,1,NULL,-1,1,0,6,50
2.021E+11,15,6,2021,14:50:00,1,75,75117,2,2,1,3,BOULEVARD DES BATIGNOLLES,"488,829,860,000","23,241,070,000",2.021E+11,140 408,Z01,0,1,0,2,0,7,5,NULL,2.021E+11,185 476,140 408,Z01,1,1,1,-1,NULL,-1,-1,-1,-1,-1,-1,-1,2.021E+11,4,BOULEVARD DES BATIGNOLLES,0,NULL,3,2,3,1,-1,-1,1,NULL,-1,1,0,6,50
2.021E+11,15,6,2021,14:50:00,1,75,75117,2,2,1,3,BOULEVARD DES BATIGNOLLES,"488,829,860,000","23,241,070,000",2.021E+11,140 409,A01,1,1,0,2,7,19,5,NULL,2.021E+11,185 477,140 409,A01,1,1,4,2,1963,5,2,0,-1,0,0,-1,2.021E+11,4,BOULEVARD DES BATIGNOLLES,0,NULL,3,2,3,1,-1,-1,1,NULL,-1,1,0,6,50
2.021E+11,15,6,2021,14:50:00,1,75,75117,2,2,1,3,BOULEVARD DES BATIGNOLLES,"488,829,860,000","23,241,070,000",2.021E+11,140 408,Z01,0,1,0,2,0,7,5,NULL,2.021E+11,185 477,140 409,A01,1,1,4,2,1963,5,2,0,-1,0,0,-1,2.021E+11,4,BOULEVARD DES BATIGNOLLES,0,NULL,3,2,3,1,-1,-1,1,NULL,-1,1,0,6,50
2.021E+11,14,6,2021,15:45:00,1,69,69027,2,6,1,3,PAUL BOVIER-LAPIERRE (R),"456,744,440,000","47,604,260,000",2.021E+11,139 717,A01,3,1,0,2,1,1,5,NULL,2.021E+11,184 585,139 716,B01,1,1,1,1,1962,0,8,-1,-1,0,0,-1,2.021E+11,4,2,-1,NULL,2,2,0,1,-1,-1,3,NULL,-1,1,0,1,50
2.021E+11,14,6,2021,15:45:00,1,69,69027,2,6,1,3,PAUL BOVIER-LAPIERRE (R),"456,744,440,000","47,604,260,000",2.021E+11,139 717,A01,3,1,0,2,1,1,5,NULL,2.021E+11,184 586,139 717,A01,1,1,4,2,1970,0,2,-1,-1,0,0,-1,2.021E+11,4,2,-1,NULL,2,2,0,1,-1,-1,3,NULL,-1,1,0,1,50
2.021E+11,9,6,2021,21:00:00,2,33,33249,2,6,1,3,Avenue de Paris,"448,796,400,000"," -0,5115400000",2.021E+11,138 660,A01,1,1,0,2,8,9,5,NULL,2.021E+11,183 158,138 659,B01,1,1,1,1,1984,5,1,-1,-1,-1,-1,-1,2.021E+11,4,AVE DE PARIS,0,NULL,3,2,1,1,-1,-1,1,NULL,-1,1,0,1,50
2.021E+11,9,6,2021,21:00:00,2,33,33249,2,6,1,3,Avenue de Paris,"448,796,400,000"," -0,5115400000",2.021E+11,138 660,A01,1,1,0,2,8,9,5,NULL,2.021E+11,183 159,138 660,A01,1,1,3,1,1949,0,8,-1,-1,-1,-1,-1,2.021E+11,4,AVE DE PARIS,0,NULL,3,2,1,1,-1,-1,1,NULL,-1,1,0,1,50
2.021E+11,8,6,2021,08:00:00,1,92,92048,2,1,1,2,JEAN JAURES (AVENUE) N° 8 A 72,"488,121,626,842","22,455,775,738",2.021E+11,137 745,A01,0,1,0,2,4,26,6,NULL,2.021E+11,182 000,137 744,B01,1,1,1,-1,NULL,-1,-1,-1,-1,-1,-1,-1,2.021E+11,4,NULL,0,NULL,2,2,0,2,0,0,1,NULL,-1,1,0,1,50
2.021E+11,8,6,2021,08:00:00,1,92,92048,2,1,1,2,JEAN JAURES (AVENUE) N° 8 A 72,"488,121,626,842","22,455,775,738",2.021E+11,137 745,A01,0,1,0,2,4,26,6,NULL,2.021E+11,182 001,137 745,A01,1,1,4,1,2003,2,8,0,-1,-1,-1,-1,2.021E+11,4,NULL,0,NULL,2,2,0,2,0,0,1,NULL,-1,1,0,1,50
2.021E+11,4,6,2021,12:10:00,1,38,38185,2,1,1,3,JEAN PERROT (AVENUE),"451,820,800,000","57,340,500,000",2.021E+11,136 594,A01,3,1,0,2,5,9,5,NULL,2.021E+11,180 484,136 594,A01,1,1,4,2,2003,9,8,0,-1,-1,-1,-1,2.021E+11,7,JEAN PERROT (AVENUE),0,NULL,2,5,1,1,0,0,1,NULL,-1,1,0,1,50
2.021E+11,4,6,2021,12:10:00,1,38,38185,2,1,1,3,JEAN PERROT (AVENUE),"451,820,800,000","57,340,500,000",2.021E+11,136 594,A01,3,1,0,2,5,9,5,NULL,2.021E+11,180 485,136 595,B01,1,1,1,1,1984,4,1,0,-1,-1,-1,-1,2.021E+11,7,JEAN PERROT (AVENUE),0,NULL,2,5,1,1,0,0,1,NULL,-1,1,0,1,50
2.021E+11,4,6,2021,12:10:00,1,38,38185,2,1,1,3,JEAN PERROT (AVENUE),"451,820,800,000","57,340,500,000",2.021E+11,136 594,A01,3,1,0,2,5,9,5,NULL,2.021E+11,180 486,136 595,B01,4,2,1,1,1985,4,1,0,-1,-1,-1,-1,2.021E+11,7,JEAN PERROT (AVENUE),0,NULL,2,5,1,1,0,0,1,NULL,-1,1,0,1,50
2.021E+11,4,6,2021,12:10:00,1,38,38185,2,1,1,3,JEAN PERROT (AVENUE),"451,820,800,000","57,340,500,000",2.021E+11,136 594,A01,3,1,0,2,5,9,5,NULL,2.021E+11,180 487,136 595,B01,2,2,1,1,1978,4,1,0,-1,-1,-1,-1,2.021E+11,7,JEAN PERROT (AVENUE),0,NULL,2,5,1,1,0,0,1,NULL,-1,1,0,1,50
2.021E+11,21,5,2021,13:05:00,1,63,63113,2,1,1,3,LIONDARDS (RUE DES),"457,642,030,717","30,920,617,278",2.021E+11,133 090,B01,1,1,0,2,1,1,5,NULL,2.021E+11,175 962,133 090,B01,1,1,4,2,1999,0,2,0,-1,0,0,-1,2.021E+11,4,LIONDARDS (RUE DES),0,NULL,2,2,1,1,-1,-1,1,NULL,-1,1,-1,1,50
2.021E+11,21,5,2021,13:05:00,1,63,63113,2,1,1,3,LIONDARDS (RUE DES),"457,642,030,717","30,920,617,278",2.021E+11,133 090,B01,1,1,0,2,1,1,5,NULL,2.021E+11,175 963,133 091,A01,1,1,1,1,1961,0,1,0,-1,0,0,-1,2.021E+11,4,LIONDARDS (RUE DES),0,NULL,2,2,1,1,-1,-1,1,NULL,-1,1,-1,1,50
2.021E+11,18,5,2021,18:30:00,1,75,75119,2,1,2,3,AVENUE DE FLANDRE,"488,881,940,000","23,739,110,000",2.021E+11,131 048,B01,1,1,0,2,2,7,5,NULL,2.021E+11,173 252,131 047,A01,1,1,1,2,1974,1,1,0,-1,0,0,-1,2.021E+11,4,AVENUE DE FLANDRE,0,NULL,3,3,3,1,-1,-1,1,NULL,-1,2,0,6,50
2.021E+11,18,5,2021,18:30:00,1,75,75119,2,1,2,3,AVENUE DE FLANDRE,"488,881,940,000","23,739,110,000",2.021E+11,131 048,B01,1,1,0,2,2,7,5,NULL,2.021E+11,173 253,131 048,B01,1,1,4,1,1973,1,2,0,-1,0,0,-1,2.021E+11,4,AVENUE DE FLANDRE,0,NULL,3,3,3,1,-1,-1,1,NULL,-1,2,0,6,50
2.021E+11,14,5,2021,13:10:00,1,93,93032,2,2,2,3,PAUL VAILLANT COUTURIER (RUE),"488,766,100,000","25,493,300,000",2.021E+11,130 349,A01,1,1,0,2,1,26,0,NULL,2.021E+11,172 332,130 349,A01,1,1,4,1,1965,0,8,8,-1,-1,-1,-1,2.021E+11,3,PAUL VAILLANT COUTURIER (RUE),0,NULL,2,4,0,1,1,0,1,NULL,-1,2,0,1,50
2.021E+11,14,5,2021,13:10:00,1,93,93032,2,2,2,3,PAUL VAILLANT COUTURIER (RUE),"488,766,100,000","25,493,300,000",2.021E+11,130 349,A01,1,1,0,2,1,26,0,NULL,2.021E+11,172 333,130 350,B01,1,1,1,1,1945,5,1,8,-1,-1,-1,-1,2.021E+11,3,PAUL VAILLANT COUTURIER (RUE),0,NULL,2,4,0,1,1,0,1,NULL,-1,2,0,1,50
2.021E+11,5,5,2021,19:45:00,3,971,97113,1,3,1,3,Morne Salines,"162,085,700,000","-614,420,300,000",2.021E+11,128 214,B01,1,1,0,2,1,0,5,NULL,2.021E+11,169 477,128 213,A01,1,1,1,2,1958,1,1,8,-1,-1,-1,-1,2.021E+11,2,Morne Salines,0,NULL,2,2,0,2,-1,-1,1,NULL,-1,1,0,1,70
2.021E+11,5,5,2021,19:45:00,3,971,97113,1,3,1,3,Morne Salines,"162,085,700,000","-614,420,300,000",2.021E+11,128 214,B01,1,1,0,2,1,0,5,NULL,2.021E+11,169 478,128 214,B01,2,1,3,1,1981,0,8,0,-1,-1,-1,-1,2.021E+11,2,Morne Salines,0,NULL,2,2,0,2,-1,-1,1,NULL,-1,1,0,1,70
2.021E+11,15,4,2021,14:50:00,1,68,68005,2,3,1,3,1 Rue des Camélias,"481,288,690,000","72,980,920,000",2.021E+11,122 901,B01,1,1,0,0,8,15,5,NULL,2.021E+11,162 635,122 900,A01,1,1,1,1,1982,4,1,-1,-1,0,0,-1,2.021E+11,4,NULL,-1,NULL,2,2,0,1,-1,-1,1,NULL,-1,1,0,1,50
2.021E+11,15,4,2021,14:50:00,1,68,68005,2,3,1,3,1 Rue des Camélias,"481,288,690,000","72,980,920,000",2.021E+11,122 901,B01,1,1,0,0,8,15,5,NULL,2.021E+11,162 636,122 901,B01,1,1,3,1,1958,5,8,-1,-1,0,0,-1,2.021E+11,4,NULL,-1,NULL,2,2,0,1,-1,-1,1,NULL,-1,1,0,1,50
2.021E+11,29,3,2021,12:38:00,1,72,72181,2,6,1,3,WILBUR WRIGHT (RUE),"480,078,000,000","0,1985000000",2.021E+11,119 661,B01,2,1,0,2,1,1,5,NULL,2.021E+11,158 385,119 661,B01,1,1,4,2,1967,1,8,0,-1,-1,-1,-1,2.021E+11,4,WILBUR WRIGHT (RUE),0,NULL,2,4,0,3,0,0,1,NULL,-1,1,5,1,50
2.021E+11,29,3,2021,12:38:00,1,72,72181,2,6,1,3,WILBUR WRIGHT (RUE),"480,078,000,000","0,1985000000",2.021E+11,119 661,B01,2,1,0,2,1,1,5,NULL,2.021E+11,158 386,119 662,A01,1,1,1,2,1978,0,1,0,-1,-1,-1,-1,2.021E+11,4,WILBUR WRIGHT (RUE),0,NULL,2,4,0,3,0,0,1,NULL,-1,1,5,1,50
2.021E+11,23,3,2021,14:55:00,1,6,6004,2,1,1,3,BACON BD DU ET BD GARDIOLE,"435,649,300,000","71,374,600,000",2.021E+11,117 867,B01,2,1,0,2,1,14,0,NULL,2.021E+11,156 109,117 866,A01,1,1,1,2,1939,2,1,0,0,0,0,-1,2.021E+11,4,BACON BD DU ET BD GARDIOLE,0,NULL,2,2,0,1,-1,-1,1,NULL,-1,1,0,1,50
2.021E+11,23,3,2021,14:55:00,1,6,6004,2,1,1,3,BACON BD DU ET BD GARDIOLE,"435,649,300,000","71,374,600,000",2.021E+11,117 867,B01,2,1,0,2,1,14,0,NULL,2.021E+11,156 110,117 867,B01,1,1,4,1,2004,5,8,0,-1,0,0,-1,2.021E+11,4,BACON BD DU ET BD GARDIOLE,0,NULL,2,2,0,1,-1,-1,1,NULL,-1,1,0,1,50
2.021E+11,18,3,2021,16:15:00,1,75,75117,2,4,2,3,AVENUE NIEL,"488,798,221,238","22,947,910,762",2.021E+11,116 815,B01,1,1,0,2,1,1,5,NULL,2.021E+11,154 741,116 815,B01,1,1,4,1,1989,1,8,0,-1,0,0,-1,2.021E+11,4,AVENUE NIEL,0,NULL,2,3,0,1,-1,-1,1,NULL,-1,2,0,1,30
2.021E+11,18,3,2021,16:15:00,1,75,75117,2,4,2,3,AVENUE NIEL,"488,798,221,238","22,947,910,762",2.021E+11,116 815,B01,1,1,0,2,1,1,5,NULL,2.021E+11,154 742,116 816,A01,1,1,1,2,1954,9,1,0,-1,0,0,-1,2.021E+11,4,AVENUE NIEL,0,NULL,2,3,0,1,-1,-1,1,NULL,-1,2,0,1,30
2.021E+11,11,3,2021,17:19:00,1,6,6029,2,1,1,6,CARNOT (BOULEVARD),"435,559,680,000","70,170,380,000",2.021E+11,115 446,A01,1,1,0,1,1,8,5,NULL,2.021E+11,152 960,115 446,A01,1,1,4,1,1987,1,8,0,-1,-1,-1,-1,2.021E+11,4,CARNOT (BOULEVARD),0,NULL,2,2,3,1,-1,-1,1,NULL,-1,1,0,6,50
2.021E+11,11,3,2021,17:19:00,1,6,6029,2,1,1,6,CARNOT (BOULEVARD),"435,559,680,000","70,170,380,000",2.021E+11,115 446,A01,1,1,0,1,1,8,5,NULL,2.021E+11,152 961,115 446,A01,10,3,4,2,2009,2,0,-1,-1,4,3,1,2.021E+11,4,CARNOT (BOULEVARD),0,NULL,2,2,3,1,-1,-1,1,NULL,-1,1,0,6,50
2.021E+11,9,3,2021,16:30:00,1,972,97210,1,1,1,3,D30,"146,185,200,000","-609,282,880,000",2.021E+11,114 657,B01,2,1,0,2,8,1,5,NULL,2.021E+11,151 952,114 657,B01,1,1,4,1,1980,9,2,-1,-1,0,0,-1,2.021E+11,3,30,-1,NULL,2,2,0,1,1,150,1,NULL,-1,1,0,1,80
2.021E+11,9,3,2021,16:30:00,1,972,97210,1,1,1,3,D30,"146,185,200,000","-609,282,880,000",2.021E+11,114 657,B01,2,1,0,2,8,1,5,NULL,2.021E+11,151 953,114 658,A01,1,1,1,1,1992,9,1,-1,-1,0,0,-1,2.021E+11,3,30,-1,NULL,2,2,0,1,1,150,1,NULL,-1,1,0,1,80
2.021E+11,9,3,2021,16:30:00,1,972,97210,1,1,1,3,D30,"146,185,200,000","-609,282,880,000",2.021E+11,114 657,B01,2,1,0,2,8,1,5,NULL,2.021E+11,151 954,114 658,A01,2,2,1,2,1995,9,1,-1,-1,0,0,-1,2.021E+11,3,30,-1,NULL,2,2,0,1,1,150,1,NULL,-1,1,0,1,80
2.021E+11,9,3,2021,13:50:00,1,68,68154,2,2,1,3,68 Rue de Mulhouse,"477,708,230,000","73,469,620,000",2.021E+11,114 486,B01,1,1,0,0,7,1,5,NULL,2.021E+11,151 754,114 486,B01,1,1,3,2,1970,1,0,-1,-1,0,0,-1,2.021E+11,3,20,-1,NULL,2,2,2,1,-1,-1,1,NULL,-1,1,0,5,50
2.021E+11,9,3,2021,13:50:00,1,68,68154,2,2,1,3,68 Rue de Mulhouse,"477,708,230,000","73,469,620,000",2.021E+11,114 486,B01,1,1,0,0,7,1,5,NULL,2.021E+11,151 755,114 487,A01,1,1,1,2,1979,1,8,-1,-1,0,0,-1,2.021E+11,3,20,-1,NULL,2,2,2,1,-1,-1,1,NULL,-1,1,0,5,50
2.021E+11,3,3,2021,16:45:00,1,94,94069,2,1,1,1,MARECHAL LECLERC (R DU),"488,178,960,000","24,435,440,000",2.021E+11,113 423,A01,1,1,0,2,8,1,5,NULL,2.021E+11,150 377,113 422,B01,1,1,1,2,1979,9,1,8,-1,-1,-1,-1,2.021E+11,4,MARECHAL LECLERC (R DU),0,NULL,2,2,0,1,0,375,1,NULL,-1,1,0,4,50
2.021E+11,3,3,2021,16:45:00,1,94,94069,2,1,1,1,MARECHAL LECLERC (R DU),"488,178,960,000","24,435,440,000",2.021E+11,113 423,A01,1,1,0,2,8,1,5,NULL,2.021E+11,150 378,113 423,A01,1,1,4,1,2006,5,8,0,-1,-1,-1,-1,2.021E+11,4,MARECHAL LECLERC (R DU),0,NULL,2,2,0,1,0,375,1,NULL,-1,1,0,4,50
2.021E+11,28,2,2021,15:45:00,1,29,29259,2,1,1,2,D769 - Rue Verderel,"486,826,840,000","-39,858,970,000",2.021E+11,112 719,B01,1,1,0,2,1,2,5,NULL,2.021E+11,149 507,112 719,B01,1,1,3,1,2005,5,2,-1,-1,0,0,-1,2.021E+11,3,769,-1,NULL,2,2,0,1,76,600,1,NULL,-1,1,0,1,50
2.021E+11,28,2,2021,15:45:00,1,29,29259,2,1,1,2,D769 - Rue Verderel,"486,826,840,000","-39,858,970,000",2.021E+11,112 719,B01,1,1,0,2,1,2,5,NULL,2.021E+11,149 508,112 720,A01,1,1,1,1,1986,5,1,-1,-1,0,0,-1,2.021E+11,3,769,-1,NULL,2,2,0,1,76,600,1,NULL,-1,1,0,1,50
2.021E+11,11,1,2021,07:00:00,5,33,33550,2,6,1,3,Rue Pierre-Joseph Proudhon,"447,849,400,000"," -0,5862000000",2.021E+11,102 657,B01,1,1,0,2,7,1,5,NULL,2.021E+11,136 224,102 656,A01,1,1,1,1,2000,2,1,-1,-1,-1,-1,-1,2.021E+11,4,AVE PIERRE PROUDHON,0,NULL,1,2,0,1,-1,-1,2,NULL,-1,1,0,1,50
2.021E+11,11,1,2021,07:00:00,5,33,33550,2,6,1,3,Rue Pierre-Joseph Proudhon,"447,849,400,000"," -0,5862000000",2.021E+11,102 657,B01,1,1,0,2,7,1,5,NULL,2.021E+11,136 225,102 657,B01,1,1,4,1,1999,1,8,-1,-1,-1,-1,-1,2.021E+11,4,AVE PIERRE PROUDHON,0,NULL,1,2,0,1,-1,-1,2,NULL,-1,1,0,1,50
2.021E+11,28,10,2021,14:40:00,1,90,90044,1,3,7,3,D25,"477,092,330,000","69,656,860,000",2.021E+11,182 745,B01,1,1,0,2,1,1,5,NULL,2.021E+11,241 982,182 745,B01,1,1,3,1,1925,5,2,4,-1,0,0,-1,2.021E+11,3,25,-1,NULL,2,2,0,2,19,850,1,NULL,-1,1,0,1,80
2.021E+11,28,10,2021,14:40:00,1,90,90044,1,3,7,3,D25,"477,092,330,000","69,656,860,000",2.021E+11,182 745,B01,1,1,0,2,1,1,5,NULL,2.021E+11,241 983,182 746,A01,1,1,1,1,1955,5,1,-1,-1,0,0,-1,2.021E+11,3,25,-1,NULL,2,2,0,2,19,850,1,NULL,-1,1,0,1,80
2.021E+11,22,10,2021,19:00:00,2,69,69383,2,2,1,6,GARIBALDI (R),"457,570,191,466","48,527,111,680",2.021E+11,181 976,A01,2,1,0,1,1,15,5,NULL,2.021E+11,241 020,181 976,A01,1,1,1,1,1977,0,2,-1,-1,-1,-1,-1,2.021E+11,4,GARIBALDI                           (R ),0,NULL,1,3,3,1,-1,-1,1,NULL,-1,1,0,1,50
2.021E+11,22,10,2021,19:00:00,2,69,69383,2,2,1,6,GARIBALDI (R),"457,570,191,466","48,527,111,680",2.021E+11,181 976,A01,2,1,0,1,1,15,5,NULL,2.021E+11,241 021,181 976,A01,10,3,4,2,1955,0,0,-1,-1,4,3,1,2.021E+11,4,GARIBALDI                           (R ),0,NULL,1,3,3,1,-1,-1,1,NULL,-1,1,0,1,50
2.021E+11,18,10,2021,08:55:00,1,9,9225,2,1,1,6,PAIX AVENUE DE LA,"431,108,800,000","16,188,600,000",2.021E+11,179 423,A01,3,1,0,1,0,16,0,NULL,2.021E+11,237 666,179 423,A01,10,3,4,2,1976,1,0,-1,-1,5,2,1,2.021E+11,4,PAIX AVENUE DE LA,0,NULL,2,2,0,1,0,0,1,NULL,-1,1,0,4,50
2.021E+11,18,10,2021,08:55:00,1,9,9225,2,1,1,6,PAIX AVENUE DE LA,"431,108,800,000","16,188,600,000",2.021E+11,179 423,A01,3,1,0,1,0,16,0,NULL,2.021E+11,237 667,179 423,A01,1,1,1,-1,NULL,-1,-1,-1,-1,-1,-1,-1,2.021E+11,4,PAIX AVENUE DE LA,0,NULL,2,2,0,1,0,0,1,NULL,-1,1,0,4,50
2.021E+11,14,10,2021,08:20:00,1,75,75104,2,2,1,3,QUAI DE L HOTEL DE VILLE,"488,553,470,000","23,528,380,000",2.021E+11,177 944,B01,3,1,0,2,8,19,5,NULL,2.021E+11,235 708,177 944,B01,1,1,3,1,1976,9,2,6,-1,0,0,-1,2.021E+11,4,QUAI DE L HOTEL DE VILLE,0,NULL,2,4,1,1,-1,-1,1,NULL,-1,1,-1,5,30
2.021E+11,14,10,2021,08:20:00,1,75,75104,2,2,1,3,QUAI DE L HOTEL DE VILLE,"488,553,470,000","23,528,380,000",2.021E+11,177 944,B01,3,1,0,2,8,19,5,NULL,2.021E+11,235 709,177 945,A01,1,1,1,1,1993,1,2,6,-1,0,0,-1,2.021E+11,4,QUAI DE L HOTEL DE VILLE,0,NULL,2,4,1,1,-1,-1,1,NULL,-1,1,-1,5,30
2.021E+11,2,10,2021,19:00:00,2,93,93077,2,9,2,3,FREDY (AVENUE DE),"488,804,300,000","25,190,700,000",2.021E+11,173 683,B01,1,1,0,2,7,9,0,NULL,2.021E+11,230 233,173 683,B01,1,1,4,1,2007,0,2,0,-1,-1,-1,-1,2.021E+11,4,FREDY (AVENUE DE),0,NULL,2,2,0,1,0,0,1,NULL,-1,2,0,1,50
2.021E+11,2,10,2021,19:00:00,2,93,93077,2,9,2,3,FREDY (AVENUE DE),"488,804,300,000","25,190,700,000",2.021E+11,173 683,B01,1,1,0,2,7,9,0,NULL,2.021E+11,230 234,173 684,A01,1,1,1,2,1976,1,1,0,-1,-1,-1,-1,2.021E+11,4,FREDY (AVENUE DE),0,NULL,2,2,0,1,0,0,1,NULL,-1,2,0,1,50
2.021E+11,24,9,2021,16:50:00,1,17,17291,1,1,1,3,HUIT MAI 1945,"461,776,000,000","-11,136,000,000",2.021E+11,171 299,B01,1,1,0,2,8,26,5,NULL,2.021E+11,227 095,171 299,B01,1,1,4,2,2007,2,8,0,-1,-1,-1,-1,2.021E+11,4,HUIT MAI 1945,0,NULL,2,2,0,2,-1,-1,1,NULL,-1,1,0,1,50
2.021E+11,24,9,2021,16:50:00,1,17,17291,1,1,1,3,HUIT MAI 1945,"461,776,000,000","-11,136,000,000",2.021E+11,171 299,B01,1,1,0,2,8,26,5,NULL,2.021E+11,227 096,171 300,A01,1,1,1,1,1979,5,1,0,-1,-1,-1,-1,2.021E+11,4,HUIT MAI 1945,0,NULL,2,2,0,2,-1,-1,1,NULL,-1,1,0,1,50
2.021E+11,22,9,2021,17:50:00,1,14,14118,2,9,1,3,RICHEMOND (BOULEVARD),"491,907,200,000"," -0,3759000000",2.021E+11,171 282,B01,3,1,0,2,1,5,5,NULL,2.021E+11,227 078,171 282,B01,1,1,4,1,2005,0,0,-1,-1,0,0,-1,2.021E+11,4,RICHEMOND (BOULEVARD),0,NULL,1,2,1,1,1,0,1,NULL,-1,1,0,5,50