Num_Acc,jour,mois,an,hrmn,lum,dep,com,agg,int,atm,col,adr,lat,long,Num_Acc,id_vehicule,num_veh,senc,catv,obs,obsm,choc,manv,motor,occutc,Num_Acc,id_usager,id_vehicule,num_veh,place,catu,grav,sexe,an_nais,trajet,secu1,secu2,secu3,locp,actp,etatp,Num_Acc,catr,voie,v1,v2,circ,nbv,vosp,prof,pr,pr1,plan,lartpc,larrout,surf,infra,situ,vma
2.021E+11,22,9,2021,17:50:00,1,14,14118,2,9,1,3,RICHEMOND (BOULEVARD),"491,907,200,000"," -0,3759000000",2.021E+11,171 282,B01,3,1,0,2,1,5,5,NULL,2.021E+11,227 079,171 283,A01,1,1,1,2,1998,0,1,-1,-1,0,0,-1,2.021E+11,4,RICHEMOND (BOULEVARD),0,NULL,1,2,1,1,1,0,1,NULL,-1,1,0,5,50
2.021E+11,4,9,2021,13:20:00,1,28,28085,2,3,1,2,BRIAND (RUE ARISTIDE),"484,466,000,000","15,210,300,000",2.021E+11,168 794,B01,1,1,0,2,1,1,5,NULL,2.021E+11,223 807,168 793,A01,1,1,1,2,1989,3,1,0,-1,-1,-1,-1,2.021E+11,4,BRIAND (RUE ARISTIDE),0,NULL,2,2,0,1,0,0,1,NULL,-1,1,0,1,30
2.021E+11,4,9,2021,13:20:00,1,28,28085,2,3,1,2,BRIAND (RUE ARISTIDE),"484,466,000,000","15,210,300,000",2.021E+11,168 794,B01,1,1,0,2,1,1,5,NULL,2.021E+11,223 808,168 794,B01,1,1,4,1,1949,5,8,0,-1,-1,-1,-1,2.021E+11,4,BRIAND (RUE ARISTIDE),0,NULL,2,2,0,1,0,0,1,NULL,-1,1,0,1,30
2.021E+11,18,9,2021,09:15:00,1,2B,2B299,1,1,1,7,D506,"424,269,007,220","94,297,109,799",2.021E+11,168 640,A01,2,1,0,0,0,0,5,NULL,2.021E+11,223 607,168 640,A01,1,1,2,1,1950,5,2,-1,-1,0,0,-1,2.021E+11,3,506,-1,NULL,2,2,0,2,-1,-1,3,NULL,-1,1,0,1,80
2.021E+11,12,9,2021,18:40:00,1,83,83101,1,1,1,7,D93,"432,204,310,000","66,483,910,000",2.021E+11,167 916,B01,1,1,13,0,0,2,5,NULL,2.021E+11,222 690,167 916,B01,1,1,3,1,1954,3,0,-1,-1,0,0,-1,2.021E+11,3,93,0,NULL,2,2,1,2,6,20,1,NULL,-1,1,0,5,80
2.021E+11,12,9,2021,18:40:00,1,83,83101,1,1,1,7,D93,"432,204,310,000","66,483,910,000",2.021E+11,167 916,B01,1,1,13,0,0,2,5,NULL,2.021E+11,222 691,167 917,A01,1,1,1,1,1977,5,1,-1,-1,0,0,-1,2.021E+11,3,93,0,NULL,2,2,1,2,6,20,1,NULL,-1,1,0,5,80
2.021E+11,6,9,2021,11:00:00,1,13,13004,2,9,1,6,RTE N113 MARSEILLE A BORBEAUX,"436,612,600,000","46,525,800,000",2.021E+11,164 900,B01,0,1,0,2,4,0,6,NULL,2.021E+11,218 777,164 899,A01,1,1,1,1,1934,0,1,0,-1,-1,-1,-1,2.021E+11,3,RTE N113 MARSEILLE A BORBEAUX,0,NULL,1,1,0,1,7,0,2,NULL,-1,1,9,1,50
2.021E+11,6,9,2021,11:00:00,1,13,13004,2,9,1,6,RTE N113 MARSEILLE A BORBEAUX,"436,612,600,000","46,525,800,000",2.021E+11,164 900,B01,0,1,0,2,4,0,6,NULL,2.021E+11,218 778,164 900,B01,1,1,3,1,1958,0,2,0,-1,-1,-1,-1,2.021E+11,3,RTE N113 MARSEILLE A BORBEAUX,0,NULL,1,1,0,1,7,0,2,NULL,-1,1,9,1,50
2.021E+11,16,8,2021,18:00:00,1,74,74012,2,1,1,6,RESISTANCE (RUE DE LA),"461,971,400,000","62,531,400,000",2.021E+11,159 272,A01,3,1,0,2,8,9,5,NULL,2.021E+11,211 201,159 270,C01,1,1,1,1,1983,0,1,0,-1,-1,-1,-1,2.021E+11,4,RESISTANCE (RUE DE LA),0,NULL,2,2,0,2,0,1,1,NULL,-1,1,0,1,50
2.021E+11,16,8,2021,18:00:00,1,74,74012,2,1,1,6,RESISTANCE (RUE DE LA),"461,971,400,000","62,531,400,000",2.021E+11,159 272,A01,3,1,0,2,8,9,5,NULL,2.021E+11,211 202,159 271,B01,1,1,1,1,1996,0,2,6,-1,-1,-1,-1,2.021E+11,4,RESISTANCE (RUE DE LA),0,NULL,2,2,0,2,0,1,1,NULL,-1,1,0,1,50
2.021E+11,16,8,2021,18:00:00,1,74,74012,2,1,1,6,RESISTANCE (RUE DE LA),"461,971,400,000","62,531,400,000",2.021E+11,159 272,A01,3,1,0,2,8,9,5,NULL,2.021E+11,211 203,159 272,A01,1,1,4,1,2002,0,8,0,-1,-1,-1,-1,2.021E+11,4,RESISTANCE (RUE DE LA),0,NULL,2,2,0,2,0,1,1,NULL,-1,1,0,1,50
2.021E+11,9,8,2021,08:55:00,1,75,75111,2,2,2,6,BOULEVARD DE MENILMONTANT,"488,629,310,000","23,875,170,000",2.021E+11,157 153,A01,3,1,0,1,1,1,5,NULL,2.021E+11,208 258,157 153,A01,1,1,1,1,1987,1,8,0,-1,0,0,-1,2.021E+11,4,BOULEVARD DE MENILMONTANT,0,NULL,3,4,1,2,-1,-1,1,NULL,-1,2,0,1,50
2.021E+11,9,8,2021,08:55:00,1,75,75111,2,2,2,6,BOULEVARD DE MENILMONTANT,"488,629,310,000","23,875,170,000",2.021E+11,157 153,A01,3,1,0,1,1,1,5,NULL,2.021E+11,208 259,157 153,A01,10,3,4,2,1976,1,0,-1,-1,4,3,2,2.021E+11,4,BOULEVARD DE MENILMONTANT,0,NULL,3,4,1,2,-1,-1,1,NULL,-1,2,0,1,50
2.021E+11,9,8,2021,08:55:00,1,75,75111,2,2,2,6,BOULEVARD DE MENILMONTANT,"488,629,310,000","23,875,170,000",2.021E+11,157 153,A01,3,1,0,1,1,1,5,NULL,2.021E+11,208 260,157 153,A01,10,3,4,2,1984,1,0,-1,-1,4,3,2,2.021E+11,4,BOULEVARD DE MENILMONTANT,0,NULL,3,4,1,2,-1,-1,1,NULL,-1,2,0,1,50
2.021E+11,8,8,2021,11:52:00,1,75,75105,2,2,1,3,BOULEVARD SAINT GERMAIN,"488,508,160,000","23,455,290,000",2.021E+11,156 938,B01,1,1,0,2,1,7,5,NULL,2.021E+11,207 970,156 937,A01,1,1,1,1,1955,5,8,0,-1,0,0,-1,2.021E+11,4,BOULEVARD SAINT GERMAIN,0,NULL,1,2,3,1,-1,-1,1,NULL,-1,1,0,6,50
2.021E+11,8,8,2021,11:52:00,1,75,75105,2,2,1,3,BOULEVARD SAINT GERMAIN,"488,508,160,000","23,455,290,000",2.021E+11,156 938,B01,1,1,0,2,1,7,5,NULL,2.021E+11,207 971,156 938,B01,1,1,4,1,1992,9,2,0,-1,0,0,-1,2.021E+11,4,BOULEVARD SAINT GERMAIN,0,NULL,1,2,3,1,-1,-1,1,NULL,-1,1,0,6,50
2.021E+11,21,7,2021,21:35:00,2,75,75119,2,1,1,3,BOULEVARD DE LA VILLETTE,"488,774,590,000","23,709,890,000",2.021E+11,152 450,B01,1,1,0,2,0,1,5,NULL,2.021E+11,201 671,152 449,A01,1,1,1,1,1981,9,1,0,-1,0,0,-1,2.021E+11,4,BOULEVARD DE LA VILLETTE,0,NULL,1,1,1,1,-1,-1,1,NULL,-1,1,0,1,50
2.021E+11,21,7,2021,21:35:00,2,75,75119,2,1,1,3,BOULEVARD DE LA VILLETTE,"488,774,590,000","23,709,890,000",2.021E+11,152 450,B01,1,1,0,2,0,1,5,NULL,2.021E+11,201 672,152 450,B01,1,1,4,2,1980,1,8,0,-1,0,0,-1,2.021E+11,4,BOULEVARD DE LA VILLETTE,0,NULL,1,1,1,1,-1,-1,1,NULL,-1,1,0,1,50
2.021E+11,13,7,2021,13:40:00,1,69,69264,2,3,1,3,FRANS (DE) (RTE),"459,849,600,000","47,316,700,000",2.021E+11,149 730,B01,1,1,0,2,0,0,5,NULL,2.021E+11,197 962,149 730,B01,1,1,4,1,1971,1,2,-1,-1,-1,-1,-1,2.021E+11,3,FRANS ROUTE DE,0,NULL,1,4,1,1,57,900,1,NULL,-1,1,0,1,50
2.021E+11,13,7,2021,13:40:00,1,69,69264,2,3,1,3,FRANS (DE) (RTE),"459,849,600,000","47,316,700,000",2.021E+11,149 730,B01,1,1,0,2,0,0,5,NULL,2.021E+11,197 963,149 731,A01,1,1,1,2,1993,1,1,-1,-1,-1,-1,-1,2.021E+11,3,FRANS ROUTE DE,0,NULL,1,4,1,1,57,900,1,NULL,-1,1,0,1,50
2.021E+11,28,6,2021,16:30:00,1,92,92051,2,1,1,2,PARMENTIER (RUE),"488,823,256,710","22,804,757,953",2.021E+11,144 685,B01,1,1,0,2,1,2,0,NULL,2.021E+11,191 131,144 685,B01,1,1,4,1,2002,5,8,0,-1,-1,-1,-1,2.021E+11,4,NULL,0,NULL,1,1,0,1,0,0,1,NULL,-1,1,0,1,50
2.021E+11,28,6,2021,16:30:00,1,92,92051,2,1,1,2,PARMENTIER (RUE),"488,823,256,710","22,804,757,953",2.021E+11,144 685,B01,1,1,0,2,1,2,0,NULL,2.021E+11,191 132,144 686,A01,1,1,1,1,1978,4,1,0,-1,-1,-1,-1,2.021E+11,4,NULL,0,NULL,1,1,0,1,0,0,1,NULL,-1,1,0,1,50
2.021E+11,22,6,2021,07:35:00,1,6,6079,2,6,1,3,Avenue de la Mer,"435,345,250,000","69,455,240,000",2.021E+11,143 552,B01,3,1,0,2,1,26,5,NULL,2.021E+11,189 576,143 551,A01,1,1,1,1,1974,9,1,-1,-1,0,0,-1,2.021E+11,3,92,0,D,2,2,0,1,0,415,1,NULL,-1,1,0,1,50
2.021E+11,22,6,2021,07:35:00,1,6,6079,2,6,1,3,Avenue de la Mer,"435,345,250,000","69,455,240,000",2.021E+11,143 552,B01,3,1,0,2,1,26,5,NULL,2.021E+11,189 577,143 552,B01,1,1,3,2,1968,5,2,-1,-1,0,0,-1,2.021E+11,3,92,0,D,2,2,0,1,0,415,1,NULL,-1,1,0,1,50
2.021E+11,12,6,2021,09:45:00,1,84,84084,1,1,1,6,pk 17 D27,"437,583,286,313","55,068,111,427",2.021E+11,139 753,A01,1,1,0,5,1,1,5,NULL,2.021E+11,184 633,139 753,A01,1,1,3,1,1954,5,2,-1,-1,0,0,-1,2.021E+11,3,27,-1,NULL,2,2,0,1,17,-1,1,NULL,-1,1,0,1,50
2.021E+11,12,6,2021,17:10:00,1,53,53096,2,2,7,5,Boulevard du Collège,"482,987,050,000"," -0,9334090000",2.021E+11,139 406,E01,3,1,0,2,1,17,5,NULL,2.021E+11,184 149,139 402,A01,1,1,1,1,1981,5,1,-1,-1,0,0,-1,2.021E+11,4,NULL,-1,NULL,2,2,0,1,-1,-1,1,NULL,4,1,0,1,50
2.021E+11,12,6,2021,17:10:00,1,53,53096,2,2,7,5,Boulevard du Collège,"482,987,050,000"," -0,9334090000",2.021E+11,139 405,D01,3,1,0,2,1,17,5,NULL,2.021E+11,184 149,139 402,A01,1,1,1,1,1981,5,1,-1,-1,0,0,-1,2.021E+11,4,NULL,-1,NULL,2,2,0,1,-1,-1,1,NULL,4,1,0,1,50
2.021E+11,12,6,2021,17:10:00,1,53,53096,2,2,7,5,Boulevard du Collège,"482,987,050,000"," -0,9334090000",2.021E+11,139 404,C01,3,1,0,2,1,17,5,NULL,2.021E+11,184 149,139 402,A01,1,1,1,1,1981,5,1,-1,-1,0,0,-1,2.021E+11,4,NULL,-1,NULL,2,2,0,1,-1,-1,1,NULL,4,1,0,1,50
2.021E+11,12,6,2021,17:10:00,1,53,53096,2,2,7,5,Boulevard du Collège,"482,987,050,000"," -0,9334090000",2.021E+11,139 403,B01,3,1,0,2,1,17,5,NULL,2.021E+11,184 149,139 402,A01,1,1,1,1,1981,5,1,-1,-1,0,0,-1,2.021E+11,4,NULL,-1,NULL,2,2,0,1,-1,-1,1,NULL,4,1,0,1,50
2.021E+11,12,6,2021,17:10:00,1,53,53096,2,2,7,5,Boulevard du Collège,"482,987,050,000"," -0,9334090000",2.021E+11,139 406,E01,3,1,0,2,1,17,5,NULL,2.021E+11,184 150,139 403,B01,1,1,3,1,2003,9,2,-1,-1,0,0,-1,2.021E+11,4,NULL,-1,NULL,2,2,0,1,-1,-1,1,NULL,4,1,0,1,50
2.021E+11,12,6,2021,17:10:00,1,53,53096,2,2,7,5,Boulevard du Collège,"482,987,050,000"," -0,9334090000",2.021E+11,139 405,D01,3,1,0,2,1,17,5,NULL,2.021E+11,184 150,139 403,B01,1,1,3,1,2003,9,2,-1,-1,0,0,-1,2.021E+11,4,NULL,-1,NULL,2,2,0,1,-1,-1,1,NULL,4,1,0,1,50
2.021E+11,12,6,2021,17:10:00,1,53,53096,2,2,7,5,Boulevard du Collège,"482,987,050,000"," -0,9334090000",2.021E+11,139 404,C01,3,1,0,2,1,17,5,NULL,2.021E+11,184 150,139 403,B01,1,1,3,1,2003,9,2,-1,-1,0,0,-1,2.021E+11,4,NULL,-1,NULL,2,2,0,1,-1,-1,1,NULL,4,1,0,1,50
2.021E+11,12,6,2021,17:10:00,1,53,53096,2,2,7,5,Boulevard du Collège,"482,987,050,000"," -0,9334090000",2.021E+11,139 403,B01,3,1,0,2,1,17,5,NULL,2.021E+11,184 150,139 403,B01,1,1,3,1,2003,9,2,-1,-1,0,0,-1,2.021E+11,4,NULL,-1,NULL,2,2,0,1,-1,-1,1,NULL,4,1,0,1,50
2.021E+11,12,6,2021,17:10:00,1,53,53096,2,2,7,5,Boulevard du Collège,"482,987,050,000"," -0,9334090000",2.021E+11,139 406,E01,3,1,0,2,1,17,5,NULL,2.021E+11,184 151,139 404,C01,1,1,4,1,2003,9,2,-1,-1,0,0,-1,2.021E+11,4,NULL,-1,NULL,2,2,0,1,-1,-1,1,NULL,4,1,0,1,50
2.021E+11,12,6,2021,17:10:00,1,53,53096,2,2,7,5,Boulevard du Collège,"482,987,050,000"," -0,9334090000",2.021E+11,139 405,D01,3,1,0,2,1,17,5,NULL,2.021E+11,184 151,139 404,C01,1,1,4,1,2003,9,2,-1,-1,0,0,-1,2.021E+11,4,NULL,-1,NULL,2,2,0,1,-1,-1,1,NULL,4,1,0,1,50
2.021E+11,12,6,2021,17:10:00,1,53,53096,2,2,7,5,Boulevard du Collège,"482,987,050,000"," -0,9334090000",2.021E+11,139 404,C01,3,1,0,2,1,17,5,NULL,2.021E+11,184 151,139 404,C01,1,1,4,1,2003,9,2,-1,-1,0,0,-1,2.021E+11,4,NULL,-1,NULL,2,2,0,1,-1,-1,1,NULL,4,1,0,1,50
2.021E+11,12,6,2021,17:10:00,1,53,53096,2,2,7,5,Boulevard du Collège,"482,987,050,000"," -0,9334090000",2.021E+11,139 403,B01,3,1,0,2,1,17,5,NULL,2.021E+11,184 151,139 404,C01,1,1,4,1,2003,9,2,-1,-1,0,0,-1,2.021E+11,4,NULL,-1,NULL,2,2,0,1,-1,-1,1,NULL,4,1,0,1,50
2.021E+11,12,6,2021,17:10:00,1,53,53096,2,2,7,5,Boulevard du Collège,"482,987,050,000"," -0,9334090000",2.021E+11,139 406,E01,3,1,0,2,1,17,5,NULL,2.021E+11,184 152,139 405,D01,1,1,4,1,2003,9,2,-1,-1,0,0,-1,2.021E+11,4,NULL,-1,NULL,2,2,0,1,-1,-1,1,NULL,4,1,0,1,50
2.021E+11,12,6,2021,17:10:00,1,53,53096,2,2,7,5,Boulevard du Collège,"482,987,050,000"," -0,9334090000",2.021E+11,139 405,D01,3,1,0,2,1,17,5,NULL,2.021E+11,184 152,139 405,D01,1,1,4,1,2003,9,2,-1,-1,0,0,-1,2.021E+11,4,NULL,-1,NULL,2,2,0,1,-1,-1,1,NULL,4,1,0,1,50
2.021E+11,12,6,2021,17:10:00,1,53,53096,2,2,7,5,Boulevard du Collège,"482,987,050,000"," -0,9334090000",2.021E+11,139 404,C01,3,1,0,2,1,17,5,NULL,2.021E+11,184 152,139 405,D01,1,1,4,1,2003,9,2,-1,-1,0,0,-1,2.021E+11,4,NULL,-1,NULL,2,2,0,1,-1,-1,1,NULL,4,1,0,1,50
2.021E+11,12,6,2021,17:10:00,1,53,53096,2,2,7,5,Boulevard du Collège,"482,987,050,000"," -0,9334090000",2.021E+11,139 403,B01,3,1,0,2,1,17,5,NULL,2.021E+11,184 152,139 405,D01,1,1,4,1,2003,9,2,-1,-1,0,0,-1,2.021E+11,4,NULL,-1,NULL,2,2,0,1,-1,-1,1,NULL,4,1,0,1,50
2.021E+11,12,6,2021,17:10:00,1,53,53096,2,2,7,5,Boulevard du Collège,"482,987,050,000"," -0,9334090000",2.021E+11,139 406,E01,3,1,0,2,1,17,5,NULL,2.021E+11,184 153,139 406,E01,1,1,4,1,2003,9,2,-1,-1,0,0,-1,2.021E+11,4,NULL,-1,NULL,2,2,0,1,-1,-1,1,NULL,4,1,0,1,50
2.021E+11,12,6,2021,17:10:00,1,53,53096,2,2,7,5,Boulevard du Collège,"482,987,050,000"," -0,9334090000",2.021E+11,139 405,D01,3,1,0,2,1,17,5,NULL,2.021E+11,184 153,139 406,E01,1,1,4,1,2003,9,2,-1,-1,0,0,-1,2.021E+11,4,NULL,-1,NULL,2,2,0,1,-1,-1,1,NULL,4,1,0,1,50
2.021E+11,12,6,2021,17:10:00,1,53,53096,2,2,7,5,Boulevard du Collège,"482,987,050,000"," -0,9334090000",2.021E+11,139 404,C01,3,1,0,2,1,17,5,NULL,2.021E+11,184 153,139 406,E01,1,1,4,1,2003,9,2,-1,-1,0,0,-1,2.021E+11,4,NULL,-1,NULL,2,2,0,1,-1,-1,1,NULL,4,1,0,1,50
2.021E+11,12,6,2021,17:10:00,1,53,53096,2,2,7,5,Boulevard du Collège,"482,987,050,000"," -0,9334090000",2.021E+11,139 403,B01,3,1,0,2,1,17,5,NULL,2.021E+11,184 153,139 406,E01,1,1,4,1,2003,9,2,-1,-1,0,0,-1,2.021E+11,4,NULL,-1,NULL,2,2,0,1,-1,-1,1,NULL,4,1,0,1,50
2.021E+11,10,6,2021,19:10:00,1,94,94058,2,2,1,3,ALSACE LORRAINE (BD D),"488,491,910,000","24,960,960,000",2.021E+11,139 000,B01,1,1,0,2,1,1,5,NULL,2.021E+11,183 627,139 000,B01,1,1,4,2,1998,5,0,0,-1,-1,-1,-1,2.021E+11,4,ALSACE LORRAINE (BD D),0,NULL,3,5,2,1,1,0,1,NULL,-1,1,5,1,50
2.021E+11,10,6,2021,19:10:00,1,94,94058,2,2,1,3,ALSACE LORRAINE (BD D),"488,491,910,000","24,960,960,000",2.021E+11,139 000,B01,1,1,0,2,1,1,5,NULL,2.021E+11,183 628,139 001,A01,1,1,1,2,1996,1,1,0,-1,-1,-1,-1,2.021E+11,4,ALSACE LORRAINE (BD D),0,NULL,3,5,2,1,1,0,1,NULL,-1,1,5,1,50
2.021E+11,5,6,2021,17:50:00,1,75,75111,2,1,1,3,AVENUE PHILIPPE AUGUSTE,"488,528,280,000","23,931,640,000",2.021E+11,136 849,A01,2,1,0,2,1,1,5,NULL,2.021E+11,180 843,136 848,B01,1,1,1,1,1972,9,1,0,-1,0,0,-1,2.021E+11,4,AVENUE PHILIPPE AUGUSTE,0,NULL,2,2,0,1,-1,-1,1,NULL,-1,1,0,1,50
2.021E+11,5,6,2021,17:50:00,1,75,75111,2,1,1,3,AVENUE PHILIPPE AUGUSTE,"488,528,280,000","23,931,640,000",2.021E+11,136 849,A01,2,1,0,2,1,1,5,NULL,2.021E+11,180 844,136 849,A01,1,1,4,2,1995,9,2,0,-1,0,0,-1,2.021E+11,4,AVENUE PHILIPPE AUGUSTE,0,NULL,2,2,0,1,-1,-1,1,NULL,-1,1,0,1,50
2.021E+11,3,6,2021,19:00:00,1,3,3293,2,2,1,3,RD 2144,"466,267,770,000","25,895,170,000",2.021E+11,136 119,B01,3,1,0,2,1,1,0,NULL,2.021E+11,179 885,136 118,A01,1,1,1,2,2000,0,1,-1,-1,0,0,-1,2.021E+11,3,2144,0,NULL,2,2,0,1,51,150,1,NULL,-1,1,0,1,50
2.021E+11,3,6,2021,19:00:00,1,3,3293,2,2,1,3,RD 2144,"466,267,770,000","25,895,170,000",2.021E+11,136 119,B01,3,1,0,2,1,1,0,NULL,2.021E+11,179 886,136 119,B01,1,1,3,2,2011,5,0,-1,-1,0,0,-1,2.021E+11,3,2144,0,NULL,2,2,0,1,51,150,1,NULL,-1,1,0,1,50
2.021E+11,1,6,2021,13:43:00,1,76,76498,2,6,1,3,NERUDA. RUE PABLO,"494,259,030,000","10,590,110,000",2.021E+11,135 613,B01,3,1,0,2,1,1,5,NULL,2.021E+11,179 237,135 612,A01,1,1,1,2,1994,0,1,0,-1,-1,-1,-1,2.021E+11,7,3,0,NULL,1,2,3,1,53,500,2,NULL,-1,1,8,1,50
2.021E+11,1,6,2021,13:43:00,1,76,76498,2,6,1,3,NERUDA. RUE PABLO,"494,259,030,000","10,590,110,000",2.021E+11,135 613,B01,3,1,0,2,1,1,5,NULL,2.021E+11,179 238,135 613,B01,1,1,4,1,1984,0,8,0,-1,-1,-1,-1,2.021E+11,7,3,0,NULL,1,2,3,1,53,500,2,NULL,-1,1,8,1,50
2.021E+11,23,4,2021,17:40:00,1,91,91345,2,1,1,6,BD DU DOC CATHELIN,"486,885,100,000","22,886,800,000",2.021E+11,125 126,A01,3,1,0,1,7,0,5,NULL,2.021E+11,165 495,125 126,A01,10,3,4,1,2018,0,0,-1,-1,5,5,1,2.021E+11,4,BD DU DOC CATHELIN,0,NULL,-1,0,0,1,0,0,1,NULL,-1,1,6,4,10
2.021E+11,23,4,2021,17:40:00,1,91,91345,2,1,1,6,BD DU DOC CATHELIN,"486,885,100,000","22,886,800,000",2.021E+11,125 126,A01,3,1,0,1,7,0,5,NULL,2.021E+11,165 496,125 126,A01,1,1,1,1,2015,5,8,0,-1,-1,-1,-1,2.021E+11,4,BD DU DOC CATHELIN,0,NULL,-1,0,0,1,0,0,1,NULL,-1,1,6,4,10
2.021E+11,12,4,2021,18:10:00,1,37,37074,2,3,1,2,3 rue des reaux,"472,476,339,248","0,1610974968",2.021E+11,122 448,B01,1,1,0,2,4,15,5,NULL,2.021E+11,162 083,122 447,A01,1,1,1,1,1948,0,1,-1,-1,0,0,-1,2.021E+11,3,238,-1,NULL,2,2,0,2,-1,-1,1,NULL,-1,1,0,1,50
2.021E+11,12,4,2021,18:10:00,1,37,37074,2,3,1,2,3 rue des reaux,"472,476,339,248","0,1610974968",2.021E+11,122 448,B01,1,1,0,2,4,15,5,NULL,2.021E+11,162 084,122 448,B01,1,1,3,1,2008,5,0,-1,-1,0,0,-1,2.021E+11,3,238,-1,NULL,2,2,0,2,-1,-1,1,NULL,-1,1,0,1,50
2.021E+11,29,3,2021,18:55:00,1,92,92063,2,1,1,3,MOLIERE (RUE),"488,774,213,787","21,879,006,922",2.021E+11,119 537,B01,1,1,1,0,1,1,5,NULL,2.021E+11,158 223,119 537,B01,1,1,4,1,1970,1,2,8,-1,-1,-1,-1,2.021E+11,4,NULL,0,NULL,2,1,0,1,0,0,1,NULL,-1,1,0,1,50
2.021E+11,29,3,2021,18:55:00,1,92,92063,2,1,1,3,MOLIERE (RUE),"488,774,213,787","21,879,006,922",2.021E+11,119 537,B01,1,1,1,0,1,1,5,NULL,2.021E+11,158 224,119 538,A01,1,1,1,1,1987,9,8,0,-1,-1,-1,-1,2.021E+11,4,NULL,0,NULL,2,1,0,1,0,0,1,NULL,-1,1,0,1,50
2.021E+11,17,3,2021,16:30:00,1,75,75111,2,1,3,3,RUE DE CHARONNE,"488,561,900,000","23,932,640,000",2.021E+11,116 575,B01,2,1,0,2,5,1,5,NULL,2.021E+11,154 436,116 575,B01,1,1,4,1,1973,1,2,8,-1,0,0,-1,2.021E+11,4,RUE DE CHARONNE,0,NULL,2,2,0,2,-1,-1,1,NULL,-1,2,0,1,50
2.021E+11,17,3,2021,16:30:00,1,75,75111,2,1,3,3,RUE DE CHARONNE,"488,561,900,000","23,932,640,000",2.021E+11,116 575,B01,2,1,0,2,5,1,5,NULL,2.021E+11,154 437,116 576,A01,1,1,1,1,1981,1,1,0,-1,0,0,-1,2.021E+11,4,RUE DE CHARONNE,0,NULL,2,2,0,2,-1,-1,1,NULL,-1,2,0,1,50
2.021E+11,13,3,2021,17:50:00,1,11,11203,2,1,1,1,Rue Jules Verne,"431,905,400,460","27,692,144,032",2.021E+11,115 977,A01,3,1,15,2,1,1,6,NULL,2.021E+11,153 671,115 977,A01,1,1,4,2,1978,5,2,-1,-1,0,0,-1,2.021E+11,4,NULL,0,NULL,-1,2,0,1,-1,-1,1,NULL,-1,1,0,1,50
2.021E+11,13,3,2021,17:50:00,1,11,11203,2,1,1,1,Rue Jules Verne,"431,905,400,460","27,692,144,032",2.021E+11,115 977,A01,3,1,15,2,1,1,6,NULL,2.021E+11,153 672,115 978,B01,1,1,1,1,1973,5,1,-1,-1,0,0,-1,2.021E+11,4,NULL,0,NULL,-1,2,0,1,-1,-1,1,NULL,-1,1,0,1,50
2.021E+11,12,2,2021,08:10:00,2,66,66108,2,1,2,3,19 Avenue Jean Jaurés,"426,912,040,000","26,997,760,000",2.021E+11,109 006,B01,2,1,0,2,7,19,5,NULL,2.021E+11,144 662,109 006,B01,1,1,3,1,2008,2,0,-1,-1,0,0,-1,2.021E+11,3,916,0,NULL,1,1,0,1,15,785,1,NULL,-1,2,0,1,50
2.021E+11,12,2,2021,08:10:00,2,66,66108,2,1,2,3,19 Avenue Jean Jaurés,"426,912,040,000","26,997,760,000",2.021E+11,109 006,B01,2,1,0,2,7,19,5,NULL,2.021E+11,144 663,109 007,A01,1,1,1,2,1977,1,1,-1,-1,0,0,-1,2.021E+11,3,916,0,NULL,1,1,0,1,15,785,1,NULL,-1,2,0,1,50
2.021E+11,5,1,2021,08:40:00,2,94,94046,2,1,1,3,GENERAL LECLERC (AV DU),"488,099,830,000","24,337,490,000",2.021E+11,101 461,B01,2,1,0,2,8,19,5,NULL,2.021E+11,134 646,101 460,A01,1,1,1,2,1964,1,1,0,-1,-1,-1,-1,2.021E+11,3,GENERAL LECLERC (AV DU),0,NULL,1,2,0,1,0,0,1,NULL,-1,2,6,8,50
2.021E+11,5,1,2021,08:40:00,2,94,94046,2,1,1,3,GENERAL LECLERC (AV DU),"488,099,830,000","24,337,490,000",2.021E+11,101 461,B01,2,1,0,2,8,19,5,NULL,2.021E+11,134 647,101 461,B01,1,1,4,2,2008,2,2,0,-1,-1,-1,-1,2.021E+11,3,GENERAL LECLERC (AV DU),0,NULL,1,2,0,1,0,0,1,NULL,-1,2,6,8,50
2.021E+11,2,11,2021,14:50:00,1,53,53155,1,1,1,7,La Chatterie,"482,825,290,000"," -0,8771570000",2.021E+11,184 100,A01,3,1,13,0,0,13,5,NULL,2.021E+11,243 902,184 100,A01,1,1,2,1,1959,5,2,4,-1,0,0,-1,2.021E+11,4,2,-1,NULL,2,2,0,2,-1,-1,1,NULL,-1,1,0,3,80
2.021E+11,27,10,2021,16:40:00,1,75,75117,2,2,1,6,BOULEVARD BERTHIER,"488,942,620,000","23,136,100,000",2.021E+11,182 857,A01,2,1,0,1,1,1,5,NULL,2.021E+11,242 118,182 857,A01,10,3,4,2,1943,5,8,8,-1,2,3,1,2.021E+11,4,BOULEVARD BERTHIER,0,NULL,2,6,2,1,-1,-1,1,NULL,-1,1,-1,5,30
2.021E+11,27,10,2021,16:40:00,1,75,75117,2,2,1,6,BOULEVARD BERTHIER,"488,942,620,000","23,136,100,000",2.021E+11,182 857,A01,2,1,0,1,1,1,5,NULL,2.021E+11,242 119,182 857,A01,1,1,1,2,1968,1,8,0,-1,0,0,-1,2.021E+11,4,BOULEVARD BERTHIER,0,NULL,2,6,2,1,-1,-1,1,NULL,-1,1,-1,5,30