Num_Acc,jour,mois,an,hrmn,lum,dep,com,agg,int,atm,col,adr,lat,long,Num_Acc,id_vehicule,num_veh,senc,catv,obs,obsm,choc,manv,motor,occutc,Num_Acc,id_usager,id_vehicule,num_veh,place,catu,grav,sexe,an_nais,trajet,secu1,secu2,secu3,locp,actp,etatp,Num_Acc,catr,voie,v1,v2,circ,nbv,vosp,prof,pr,pr1,plan,lartpc,larrout,surf,infra,situ,vma
2.021E+11,9,3,2021,18:45:00,2,69,69381,2,3,1,3,ST SEBASTIEN                        (MO),"457,706,900,000","48,358,200,000",2.021E+11,115 053,B01,3,1,0,2,0,0,5,NULL,2.021E+11,152 464,115 053,B01,1,1,4,1,2000,0,8,-1,-1,-1,-1,-1,2.021E+11,4,ST SEBASTIEN                        (MO),0,NULL,2,0,0,2,-1,-1,1,NULL,-1,1,0,1,30
2.021E+11,5,3,2021,14:10:00,1,59,59512,2,3,1,3,KELLERMANN (RUE),"506,909,355,977","32,004,439,831",2.021E+11,114 022,B01,3,1,0,2,1,1,5,NULL,2.021E+11,151 139,114 021,A01,1,1,1,2,1961,0,1,0,-1,-1,-1,-1,2.021E+11,7,BEAUREPAIRE (BOULEVARD),0,NULL,2,2,1,1,-1,-1,1,NULL,-1,1,0,5,50
2.021E+11,5,3,2021,14:10:00,1,59,59512,2,3,1,3,KELLERMANN (RUE),"506,909,355,977","32,004,439,831",2.021E+11,114 022,B01,3,1,0,2,1,1,5,NULL,2.021E+11,151 140,114 022,B01,1,1,4,1,1943,0,0,0,-1,-1,-1,-1,2.021E+11,7,BEAUREPAIRE (BOULEVARD),0,NULL,2,2,1,1,-1,-1,1,NULL,-1,1,0,5,50
2.021E+11,28,2,2021,15:45:00,1,68,68374,1,1,7,3,Departemental 417 lieu dit La Forge,"480,610,980,000","72,348,990,000",2.021E+11,112 725,B01,2,1,0,0,8,1,5,NULL,2.021E+11,149 513,112 724,A01,1,1,1,1,1976,9,8,-1,-1,0,0,-1,2.021E+11,3,417,0,NULL,2,2,0,1,26,0,1,NULL,-1,1,0,1,80
2.021E+11,28,2,2021,15:45:00,1,68,68374,1,1,7,3,Departemental 417 lieu dit La Forge,"480,610,980,000","72,348,990,000",2.021E+11,112 725,B01,2,1,0,0,8,1,5,NULL,2.021E+11,149 514,112 725,B01,1,1,4,1,1965,5,0,-1,-1,0,0,-1,2.021E+11,3,417,0,NULL,2,2,0,1,26,0,1,NULL,-1,1,0,1,80
2.021E+11,24,2,2021,09:05:00,1,69,69384,2,3,1,7,ESSES (DES) (MO),"457,719,800,000","48,158,800,000",2.021E+11,111 780,A01,2,1,0,0,7,15,5,NULL,2.021E+11,148 261,111 780,A01,1,1,3,2,1965,1,8,-1,-1,-1,-1,-1,2.021E+11,4,ESSES (DES)                         (MO),0,NULL,2,2,2,2,-1,-1,3,NULL,-1,2,0,1,50
2.021E+11,24,2,2021,17:10:00,1,43,43224,1,9,1,1,Vaubarlet,"452,206,220,000","42,074,630,000",2.021E+11,111 604,B01,2,1,0,2,8,1,5,NULL,2.021E+11,148 045,111 604,B01,1,1,4,1,2004,5,2,-1,-1,0,0,-1,2.021E+11,3,43,0,NULL,2,2,0,4,10,750,2,NULL,-1,1,0,1,80
2.021E+11,24,2,2021,17:10:00,1,43,43224,1,9,1,1,Vaubarlet,"452,206,220,000","42,074,630,000",2.021E+11,111 604,B01,2,1,0,2,8,1,5,NULL,2.021E+11,148 046,111 605,A01,1,1,1,1,1953,5,1,-1,-1,0,0,-1,2.021E+11,3,43,0,NULL,2,2,0,4,10,750,2,NULL,-1,1,0,1,80
2.021E+11,20,2,2021,14:28:00,1,14,14506,1,1,1,2,Lieu Dit Lignerolles,"491,565,950,000"," -0,8391330000",2.021E+11,110 851,A01,1,1,0,0,0,1,5,NULL,2.021E+11,147 078,110 850,B01,1,1,3,1,1949,5,2,-1,-1,0,0,-1,2.021E+11,4,99,-1,NULL,-1,2,0,1,-1,-1,1,NULL,-1,1,0,1,80
2.021E+11,20,2,2021,14:28:00,1,14,14506,1,1,1,2,Lieu Dit Lignerolles,"491,565,950,000"," -0,8391330000",2.021E+11,110 850,B01,1,1,0,0,0,2,5,NULL,2.021E+11,147 078,110 850,B01,1,1,3,1,1949,5,2,-1,-1,0,0,-1,2.021E+11,4,99,-1,NULL,-1,2,0,1,-1,-1,1,NULL,-1,1,0,1,80
2.021E+11,20,2,2021,14:28:00,1,14,14506,1,1,1,2,Lieu Dit Lignerolles,"491,565,950,000"," -0,8391330000",2.021E+11,110 851,A01,1,1,0,0,0,1,5,NULL,2.021E+11,147 079,110 851,A01,1,1,3,2,1964,5,2,-1,-1,0,0,-1,2.021E+11,4,99,-1,NULL,-1,2,0,1,-1,-1,1,NULL,-1,1,0,1,80
2.021E+11,20,2,2021,14:28:00,1,14,14506,1,1,1,2,Lieu Dit Lignerolles,"491,565,950,000"," -0,8391330000",2.021E+11,110 850,B01,1,1,0,0,0,2,5,NULL,2.021E+11,147 079,110 851,A01,1,1,3,2,1964,5,2,-1,-1,0,0,-1,2.021E+11,4,99,-1,NULL,-1,2,0,1,-1,-1,1,NULL,-1,1,0,1,80
2.021E+11,31,1,2021,16:00:00,1,11,11178,2,3,1,6,rd 3113,"433,489,468,205","18,451,023,104",2.021E+11,106 775,B01,1,1,0,2,7,19,5,NULL,2.021E+11,141 770,106 774,A01,2,2,1,2,1992,-1,1,-1,-1,-1,-1,-1,2.021E+11,3,217,0,D,2,2,0,1,-1,-1,1,NULL,-1,1,0,1,50
2.021E+11,31,1,2021,16:00:00,1,11,11178,2,3,1,6,rd 3113,"433,489,468,205","18,451,023,104",2.021E+11,106 775,B01,1,1,0,2,7,19,5,NULL,2.021E+11,141 771,106 774,A01,1,1,1,1,1992,5,1,-1,-1,0,0,-1,2.021E+11,3,217,0,D,2,2,0,1,-1,-1,1,NULL,-1,1,0,1,50
2.021E+11,31,1,2021,16:00:00,1,11,11178,2,3,1,6,rd 3113,"433,489,468,205","18,451,023,104",2.021E+11,106 775,B01,1,1,0,2,7,19,5,NULL,2.021E+11,141 772,106 775,B01,1,1,3,1,1995,5,2,-1,-1,0,0,-1,2.021E+11,3,217,0,D,2,2,0,1,-1,-1,1,NULL,-1,1,0,1,50
2.021E+11,19,10,2021,17:30:00,1,92,92007,2,2,1,3,HUGO (AVENUE VICTOR),"488,049,300,000","23,227,900,000",2.021E+11,179 778,B01,1,1,0,2,1,1,0,NULL,2.021E+11,238 113,179 777,A01,1,1,1,2,1980,5,1,8,-1,-1,-1,-1,2.021E+11,3,77,0,NULL,2,4,2,1,0,0,1,NULL,-1,1,5,1,50
2.021E+11,19,10,2021,17:30:00,1,92,92007,2,2,1,3,HUGO (AVENUE VICTOR),"488,049,300,000","23,227,900,000",2.021E+11,179 778,B01,1,1,0,2,1,1,0,NULL,2.021E+11,238 114,179 777,A01,2,2,1,1,1984,5,1,8,-1,-1,-1,-1,2.021E+11,3,77,0,NULL,2,4,2,1,0,0,1,NULL,-1,1,5,1,50
2.021E+11,19,10,2021,17:30:00,1,92,92007,2,2,1,3,HUGO (AVENUE VICTOR),"488,049,300,000","23,227,900,000",2.021E+11,179 778,B01,1,1,0,2,1,1,0,NULL,2.021E+11,238 115,179 777,A01,4,2,1,1,1980,5,1,8,-1,-1,-1,-1,2.021E+11,3,77,0,NULL,2,4,2,1,0,0,1,NULL,-1,1,5,1,50
2.021E+11,19,10,2021,17:30:00,1,92,92007,2,2,1,3,HUGO (AVENUE VICTOR),"488,049,300,000","23,227,900,000",2.021E+11,179 778,B01,1,1,0,2,1,1,0,NULL,2.021E+11,238 116,179 778,B01,1,1,4,2,1996,1,2,8,-1,-1,-1,-1,2.021E+11,3,77,0,NULL,2,4,2,1,0,0,1,NULL,-1,1,5,1,50
2.021E+11,28,9,2021,15:00:00,1,75,75108,2,5,1,3,RUE DU FAUBOURG SAINT HONORE,"488,771,467,944","23,003,201,187",2.021E+11,172 386,B01,1,1,0,2,1,1,5,NULL,2.021E+11,228 591,172 386,B01,1,1,4,1,1982,9,2,0,-1,0,0,-1,2.021E+11,4,RUE DU FAUBOURG SAINT HONORE,0,NULL,2,3,3,1,-1,-1,1,NULL,-1,1,0,6,30
2.021E+11,28,9,2021,15:00:00,1,75,75108,2,5,1,3,RUE DU FAUBOURG SAINT HONORE,"488,771,467,944","23,003,201,187",2.021E+11,172 386,B01,1,1,0,2,1,1,5,NULL,2.021E+11,228 592,172 387,A01,1,1,1,1,1961,4,1,0,-1,0,0,-1,2.021E+11,4,RUE DU FAUBOURG SAINT HONORE,0,NULL,2,3,3,1,-1,-1,1,NULL,-1,1,0,6,30
2.021E+11,25,9,2021,16:05:00,1,49,49099,2,6,3,3,KOENIG (AVENUE DU MARECHAL),"470,517,500,000"," -0,8499700000",2.021E+11,172 145,B01,3,1,0,2,7,26,5,NULL,2.021E+11,228 257,172 144,A01,2,2,1,2,1938,5,1,8,-1,-1,-1,-1,2.021E+11,4,KOENIG (AVENUE DU MARECHAL),0,NULL,2,3,0,1,0,0,1,NULL,-1,2,0,1,50
2.021E+11,25,9,2021,16:05:00,1,49,49099,2,6,3,3,KOENIG (AVENUE DU MARECHAL),"470,517,500,000"," -0,8499700000",2.021E+11,172 145,B01,3,1,0,2,7,26,5,NULL,2.021E+11,228 258,172 144,A01,1,1,1,1,1935,5,1,8,-1,-1,-1,-1,2.021E+11,4,KOENIG (AVENUE DU MARECHAL),0,NULL,2,3,0,1,0,0,1,NULL,-1,2,0,1,50
2.021E+11,25,9,2021,16:05:00,1,49,49099,2,6,3,3,KOENIG (AVENUE DU MARECHAL),"470,517,500,000"," -0,8499700000",2.021E+11,172 145,B01,3,1,0,2,7,26,5,NULL,2.021E+11,228 259,172 145,B01,1,1,3,2,2009,5,8,0,-1,-1,-1,-1,2.021E+11,4,KOENIG (AVENUE DU MARECHAL),0,NULL,2,3,0,1,0,0,1,NULL,-1,2,0,1,50
2.021E+11,9,9,2021,08:23:00,1,63,63113,2,2,1,3,LIBERATION (AVENUE DE LA),"457,712,400,000","30,833,900,000",2.021E+11,167 793,B01,1,1,0,2,8,18,5,NULL,2.021E+11,222 538,167 792,A01,1,1,1,1,1973,4,1,0,-1,0,0,-1,2.021E+11,4,LIBERATION (AVENUE DE LA),0,NULL,3,4,3,1,-1,-1,1,NULL,-1,1,0,1,50
2.021E+11,9,9,2021,08:23:00,1,63,63113,2,2,1,3,LIBERATION (AVENUE DE LA),"457,712,400,000","30,833,900,000",2.021E+11,167 793,B01,1,1,0,2,8,18,5,NULL,2.021E+11,222 539,167 793,B01,1,1,4,2,1973,0,2,0,-1,0,0,-1,2.021E+11,4,LIBERATION (AVENUE DE LA),0,NULL,3,4,3,1,-1,-1,1,NULL,-1,1,0,1,50
2.021E+11,3,9,2021,12:40:00,1,19,19272,2,1,1,3,Dr Ramon (Rue),"452,543,662,774","17,595,202,102",2.021E+11,164 341,B01,2,1,0,2,5,1,5,NULL,2.021E+11,218 032,164 340,A01,1,1,1,2,1972,0,1,8,-1,-1,-1,-1,2.021E+11,4,Dr Ramon (Rue),0,NULL,2,1,0,2,-1,-1,1,NULL,-1,1,0,1,50
2.021E+11,3,9,2021,12:40:00,1,19,19272,2,1,1,3,Dr Ramon (Rue),"452,543,662,774","17,595,202,102",2.021E+11,164 341,B01,2,1,0,2,5,1,5,NULL,2.021E+11,218 033,164 341,B01,1,1,4,1,2002,3,2,8,-1,-1,-1,-1,2.021E+11,4,Dr Ramon (Rue),0,NULL,2,1,0,2,-1,-1,1,NULL,-1,1,0,1,50
2.021E+11,2,8,2021,17:30:00,1,13,13054,2,9,1,3,LIBERATION (AV DE LA ),"434,185,400,000","52,156,500,000",2.021E+11,160 362,A01,3,1,0,2,8,19,0,NULL,2.021E+11,212 720,160 362,A01,1,1,4,1,1998,0,8,0,-1,-1,-1,-1,2.021E+11,7,PILOTE LARBONNE (RUE ),0,NULL,2,1,0,1,1,233,1,NULL,-1,1,0,1,30
2.021E+11,2,8,2021,17:30:00,1,13,13054,2,9,1,3,LIBERATION (AV DE LA ),"434,185,400,000","52,156,500,000",2.021E+11,160 362,A01,3,1,0,2,8,19,0,NULL,2.021E+11,212 721,160 363,B01,1,1,1,1,1991,0,1,0,-1,-1,-1,-1,2.021E+11,7,PILOTE LARBONNE (RUE ),0,NULL,2,1,0,1,1,233,1,NULL,-1,1,0,1,30
2.021E+11,26,7,2021,17:35:00,1,62,62108,2,1,1,2,ROND POINT DU MARQUENTERRE,"504,017,200,000","15,952,500,000",2.021E+11,154 990,B01,1,1,0,2,1,0,0,NULL,2.021E+11,205 203,154 990,B01,1,1,4,2,1988,5,2,0,-1,-1,-1,-1,2.021E+11,4,ROND POINT DU MARQUENTERRE,0,NULL,1,2,0,1,-1,-1,1,NULL,-1,1,0,1,50
2.021E+11,26,7,2021,17:35:00,1,62,62108,2,1,1,2,ROND POINT DU MARQUENTERRE,"504,017,200,000","15,952,500,000",2.021E+11,154 990,B01,1,1,0,2,1,0,0,NULL,2.021E+11,205 204,154 991,A01,2,2,1,2,1979,5,1,8,-1,-1,-1,-1,2.021E+11,4,ROND POINT DU MARQUENTERRE,0,NULL,1,2,0,1,-1,-1,1,NULL,-1,1,0,1,50
2.021E+11,26,7,2021,17:35:00,1,62,62108,2,1,1,2,ROND POINT DU MARQUENTERRE,"504,017,200,000","15,952,500,000",2.021E+11,154 990,B01,1,1,0,2,1,0,0,NULL,2.021E+11,205 205,154 991,A01,1,1,1,1,1978,5,1,0,-1,-1,-1,-1,2.021E+11,4,ROND POINT DU MARQUENTERRE,0,NULL,1,2,0,1,-1,-1,1,NULL,-1,1,0,1,50
2.021E+11,29,7,2021,16:25:00,1,29,29232,2,6,1,3,Rond Point de l'Eau Blanche,"479,913,700,000","-40,734,300,000",2.021E+11,154 382,B01,0,1,0,2,2,1,0,NULL,2.021E+11,204 361,154 382,B01,1,1,4,2,1988,0,8,0,-1,0,-1,-1,2.021E+11,4,EAU BLANCHE  ROND POINT DE L',0,NULL,4,2,0,1,-1,-1,2,NULL,-1,1,5,1,50
2.021E+11,29,7,2021,16:25:00,1,29,29232,2,6,1,3,Rond Point de l'Eau Blanche,"479,913,700,000","-40,734,300,000",2.021E+11,154 382,B01,0,1,0,2,2,1,0,NULL,2.021E+11,204 362,154 383,A01,1,1,1,1,1991,0,1,-1,-1,0,0,-1,2.021E+11,4,EAU BLANCHE  ROND POINT DE L',0,NULL,4,2,0,1,-1,-1,2,NULL,-1,1,5,1,50
2.021E+11,20,7,2021,13:00:00,1,75,75109,2,1,1,7,RUE BLANCHE,"488,793,700,000","23,314,300,000",2.021E+11,151 708,A01,1,1,0,0,1,5,5,NULL,2.021E+11,200 720,151 708,A01,1,1,4,2,1999,9,2,0,-1,0,0,-1,2.021E+11,4,RUE BLANCHE,0,NULL,1,1,0,2,-1,-1,1,NULL,-1,1,0,1,30
2.021E+11,7,7,2021,12:05:00,1,75,75114,2,3,1,3,BOULEVARD BRUNE,"488,233,140,000","23,243,840,000",2.021E+11,148 140,B01,1,1,0,2,3,1,5,NULL,2.021E+11,195 726,148 140,B01,1,1,4,1,1956,5,2,0,-1,0,0,-1,2.021E+11,4,BOULEVARD BRUNE,0,NULL,3,3,0,1,-1,-1,1,NULL,-1,1,0,1,50
2.021E+11,7,7,2021,12:05:00,1,75,75114,2,3,1,3,BOULEVARD BRUNE,"488,233,140,000","23,243,840,000",2.021E+11,148 140,B01,1,1,0,2,3,1,5,NULL,2.021E+11,195 727,148 141,A01,1,1,1,1,1981,9,1,0,-1,0,0,-1,2.021E+11,4,BOULEVARD BRUNE,0,NULL,3,3,0,1,-1,-1,1,NULL,-1,1,0,1,50
2.021E+11,29,6,2021,09:00:00,1,94,94028,2,1,3,3,Rue des Mèches,"487,926,100,000","24,585,700,000",2.021E+11,145 010,B01,1,1,1,0,8,2,0,NULL,2.021E+11,191 543,145 010,B01,1,1,4,2,1980,4,2,0,-1,-1,-1,-1,2.021E+11,3,MECHES (RUE DES),0,NULL,3,4,0,2,1,0,1,NULL,-1,2,0,1,50
2.021E+11,29,6,2021,09:00:00,1,94,94028,2,1,3,3,Rue des Mèches,"487,926,100,000","24,585,700,000",2.021E+11,145 010,B01,1,1,1,0,8,2,0,NULL,2.021E+11,191 544,145 011,A01,1,1,1,1,1969,4,1,8,-1,-1,-1,-1,2.021E+11,3,MECHES (RUE DES),0,NULL,3,4,0,2,1,0,1,NULL,-1,2,0,1,50
2.021E+11,16,6,2021,16:05:00,1,45,45302,2,6,1,1,Giratoire Gérondeau,"479,572,822,014","18,906,118,870",2.021E+11,141 291,B01,1,1,0,2,3,19,5,NULL,2.021E+11,186 622,141 290,A01,1,1,1,2,1993,5,1,0,-1,-1,-1,-1,2.021E+11,7,LANGEVIN (RUE PAUL),0,NULL,1,2,1,1,2,345,3,NULL,-1,1,0,1,50
2.021E+11,16,6,2021,16:05:00,1,45,45302,2,6,1,1,Giratoire Gérondeau,"479,572,822,014","18,906,118,870",2.021E+11,141 291,B01,1,1,0,2,3,19,5,NULL,2.021E+11,186 623,141 291,B01,1,1,4,1,1963,3,8,0,-1,-1,-1,-1,2.021E+11,7,LANGEVIN (RUE PAUL),0,NULL,1,2,1,1,2,345,3,NULL,-1,1,0,1,50
2.021E+11,8,6,2021,10:20:00,1,75,75120,2,2,1,3,AVENUE GAMBETTA,"488,649,640,000","23,955,370,000",2.021E+11,137 806,B01,2,1,0,2,1,1,5,NULL,2.021E+11,182 075,137 806,B01,1,1,4,1,1994,1,8,0,-1,0,0,-1,2.021E+11,4,AVENUE GAMBETTA,0,NULL,2,4,1,2,-1,-1,1,NULL,-1,1,0,1,50
2.021E+11,8,6,2021,10:20:00,1,75,75120,2,2,1,3,AVENUE GAMBETTA,"488,649,640,000","23,955,370,000",2.021E+11,137 806,B01,2,1,0,2,1,1,5,NULL,2.021E+11,182 076,137 807,A01,1,1,1,1,1974,1,1,0,-1,0,0,-1,2.021E+11,4,AVENUE GAMBETTA,0,NULL,2,4,1,2,-1,-1,1,NULL,-1,1,0,1,50
2.021E+11,29,5,2021,21:20:00,4,75,75104,2,1,1,2,RUE DU RENARD,"488,580,390,000","23,517,520,000",2.021E+11,134 411,B01,0,1,0,2,4,2,5,NULL,2.021E+11,177 656,134 410,A01,1,1,4,1,1990,5,2,0,-1,0,0,-1,2.021E+11,4,RUE DU RENARD,0,NULL,1,3,3,1,-1,-1,1,NULL,-1,1,0,6,50
2.021E+11,29,5,2021,21:20:00,4,75,75104,2,1,1,2,RUE DU RENARD,"488,580,390,000","23,517,520,000",2.021E+11,134 410,A01,2,1,0,2,1,2,5,NULL,2.021E+11,177 656,134 410,A01,1,1,4,1,1990,5,2,0,-1,0,0,-1,2.021E+11,4,RUE DU RENARD,0,NULL,1,3,3,1,-1,-1,1,NULL,-1,1,0,6,50
2.021E+11,29,5,2021,21:20:00,4,75,75104,2,1,1,2,RUE DU RENARD,"488,580,390,000","23,517,520,000",2.021E+11,134 411,B01,0,1,0,2,4,2,5,NULL,2.021E+11,177 657,134 411,B01,1,1,1,2,1993,9,2,0,-1,0,0,-1,2.021E+11,4,RUE DU RENARD,0,NULL,1,3,3,1,-1,-1,1,NULL,-1,1,0,6,50
2.021E+11,29,5,2021,21:20:00,4,75,75104,2,1,1,2,RUE DU RENARD,"488,580,390,000","23,517,520,000",2.021E+11,134 410,A01,2,1,0,2,1,2,5,NULL,2.021E+11,177 657,134 411,B01,1,1,1,2,1993,9,2,0,-1,0,0,-1,2.021E+11,4,RUE DU RENARD,0,NULL,1,3,3,1,-1,-1,1,NULL,-1,1,0,6,50
2.021E+11,28,5,2021,19:30:00,1,51,51454,2,1,1,1,Rue Coquebert,"492,616,630,518","40,390,285,067",2.021E+11,134 134,B01,0,1,1,0,1,1,5,NULL,2.021E+11,177 297,134 134,B01,1,1,4,1,1964,1,2,-1,-1,-1,-1,-1,2.021E+11,4,COQUEBERT (RUE) DU 1 A 62 ET 2 A 42,0,NULL,2,2,0,1,-1,-1,1,NULL,-1,1,0,1,50
2.021E+11,28,5,2021,19:30:00,1,51,51454,2,1,1,1,Rue Coquebert,"492,616,630,518","40,390,285,067",2.021E+11,134 134,B01,0,1,1,0,1,1,5,NULL,2.021E+11,177 298,134 135,A01,1,1,1,2,1997,1,8,-1,-1,-1,-1,-1,2.021E+11,4,COQUEBERT (RUE) DU 1 A 62 ET 2 A 42,0,NULL,2,2,0,1,-1,-1,1,NULL,-1,1,0,1,50
2.021E+11,20,5,2021,08:50:00,1,974,97407,2,1,1,3,ROND POINT BUTTE CITRONNELLE,"-209,316,900,000","552,968,400,000",2.021E+11,132 137,B01,3,1,0,2,7,1,5,NULL,2.021E+11,174 649,132 136,A01,2,1,1,1,1963,4,1,0,-1,-1,-1,-1,2.021E+11,4,ROND POINT BUTTE CITRONNELLE,0,NULL,1,2,1,1,0,0,3,NULL,-1,1,0,1,50
2.021E+11,20,5,2021,08:50:00,1,974,97407,2,1,1,3,ROND POINT BUTTE CITRONNELLE,"-209,316,900,000","552,968,400,000",2.021E+11,132 137,B01,3,1,0,2,7,1,5,NULL,2.021E+11,174 650,132 137,B01,1,1,4,1,2002,1,8,0,-1,-1,-1,-1,2.021E+11,4,ROND POINT BUTTE CITRONNELLE,0,NULL,1,2,1,1,0,0,3,NULL,-1,1,0,1,50
2.021E+11,1,5,2021,14:15:00,1,35,35278,2,6,1,3,RENNES (ROND POINT DE),"481,375,700,000","-16,862,600,000",2.021E+11,126 895,B01,3,1,0,2,7,26,5,NULL,2.021E+11,167 759,126 895,B01,1,1,3,1,2001,5,2,-1,-1,-1,-1,-1,2.021E+11,4,RENNES (ROND POINT DE),0,NULL,1,3,0,1,-1,-1,2,NULL,-1,1,5,1,50
2.021E+11,1,5,2021,14:15:00,1,35,35278,2,6,1,3,RENNES (ROND POINT DE),"481,375,700,000","-16,862,600,000",2.021E+11,126 895,B01,3,1,0,2,7,26,5,NULL,2.021E+11,167 760,126 896,A01,1,1,1,1,1996,3,1,-1,-1,-1,-1,-1,2.021E+11,4,RENNES (ROND POINT DE),0,NULL,1,3,0,1,-1,-1,2,NULL,-1,1,5,1,50
2.021E+11,29,4,2021,10:00:00,1,27,27576,2,1,1,3,Route du Chateau,"491,649,670,000","0,8473630000",2.021E+11,126 362,A01,3,1,0,2,8,2,5,NULL,2.021E+11,167 072,126 361,B01,1,1,1,1,1957,5,2,-1,-1,0,0,-1,2.021E+11,4,NULL,-1,NULL,2,2,0,4,-1,-1,2,NULL,-1,1,0,1,50
2.021E+11,29,4,2021,10:00:00,1,27,27576,2,1,1,3,Route du Chateau,"491,649,670,000","0,8473630000",2.021E+11,126 361,B01,0,1,0,2,8,2,5,NULL,2.021E+11,167 072,126 361,B01,1,1,1,1,1957,5,2,-1,-1,0,0,-1,2.021E+11,4,NULL,-1,NULL,2,2,0,4,-1,-1,2,NULL,-1,1,0,1,50
2.021E+11,29,4,2021,10:00:00,1,27,27576,2,1,1,3,Route du Chateau,"491,649,670,000","0,8473630000",2.021E+11,126 362,A01,3,1,0,2,8,2,5,NULL,2.021E+11,167 073,126 362,A01,1,1,3,1,1951,5,2,-1,-1,0,0,-1,2.021E+11,4,NULL,-1,NULL,2,2,0,4,-1,-1,2,NULL,-1,1,0,1,50
2.021E+11,29,4,2021,10:00:00,1,27,27576,2,1,1,3,Route du Chateau,"491,649,670,000","0,8473630000",2.021E+11,126 361,B01,0,1,0,2,8,2,5,NULL,2.021E+11,167 073,126 362,A01,1,1,3,1,1951,5,2,-1,-1,0,0,-1,2.021E+11,4,NULL,-1,NULL,2,2,0,4,-1,-1,2,NULL,-1,1,0,1,50
2.021E+11,29,3,2021,14:00:00,1,92,92012,2,2,1,7,SILLY (RUE DE) 1/87 - 2/88,"488,356,100,000","22,323,800,000",2.021E+11,119 260,A01,2,1,0,0,0,5,6,NULL,2.021E+11,157 882,119 260,A01,1,1,-1,-1,NULL,-1,-1,-1,-1,9,3,1,2.021E+11,4,NULL,0,NULL,2,2,1,1,0,0,1,NULL,-1,1,0,5,50
2.021E+11,29,3,2021,14:00:00,1,92,92012,2,2,1,7,SILLY (RUE DE) 1/87 - 2/88,"488,356,100,000","22,323,800,000",2.021E+11,119 260,A01,2,1,0,0,0,5,6,NULL,2.021E+11,157 883,119 260,A01,10,3,4,1,1998,5,8,8,-1,2,2,1,2.021E+11,4,NULL,0,NULL,2,2,1,1,0,0,1,NULL,-1,1,0,5,50
2.021E+11,27,3,2021,17:30:00,1,94,94002,2,5,8,3,Rue Emile Zola / Quai Blanqui,"487,982,300,000","24,205,100,000",2.021E+11,118 845,B01,1,1,0,2,7,15,5,NULL,2.021E+11,157 323,118 845,B01,1,1,4,2,1989,5,8,0,-1,-1,-1,-1,2.021E+11,4,EMILE ZOLA (R),0,NULL,2,3,0,1,0,0,1,NULL,-1,1,0,1,50
2.021E+11,27,3,2021,17:30:00,1,94,94002,2,5,8,3,Rue Emile Zola / Quai Blanqui,"487,982,300,000","24,205,100,000",2.021E+11,118 845,B01,1,1,0,2,7,15,5,NULL,2.021E+11,157 324,118 846,A01,1,1,1,2,1983,5,1,0,-1,-1,-1,-1,2.021E+11,4,EMILE ZOLA (R),0,NULL,2,3,0,1,0,0,1,NULL,-1,1,0,1,50
2.021E+11,4,3,2021,18:50:00,5,75,75118,2,1,1,2,RUE ORDENER,"488,934,480,000","23,376,620,000",2.021E+11,113 679,A01,2,1,0,2,4,1,5,NULL,2.021E+11,150 697,113 678,Z01,1,1,1,-1,NULL,-1,-1,-1,-1,-1,-1,-1,2.021E+11,4,RUE ORDENER,0,NULL,2,2,1,1,-1,-1,1,NULL,-1,1,-1,5,50
2.021E+11,4,3,2021,18:50:00,5,75,75118,2,1,1,2,RUE ORDENER,"488,934,480,000","23,376,620,000",2.021E+11,113 679,A01,2,1,0,2,4,1,5,NULL,2.021E+11,150 698,113 679,A01,1,1,3,2,1990,9,8,0,-1,0,0,-1,2.021E+11,4,RUE ORDENER,0,NULL,2,2,1,1,-1,-1,1,NULL,-1,1,-1,5,50
2.021E+11,23,2,2021,11:37:00,1,29,29232,2,1,1,2,Rue Nominoe,"479,795,000,000","-40,748,200,000",2.021E+11,111 484,B01,3,1,0,2,5,1,5,NULL,2.021E+11,147 899,111 484,B01,1,1,4,1,1955,5,2,8,-1,-1,-1,-1,2.021E+11,4,NOMINOE  ROND POINT,0,NULL,1,1,0,1,-1,-1,2,NULL,-1,1,0,1,50
2.021E+11,23,2,2021,11:37:00,1,29,29232,2,1,1,2,Rue Nominoe,"479,795,000,000","-40,748,200,000",2.021E+11,111 484,B01,3,1,0,2,5,1,5,NULL,2.021E+11,147 900,111 485,A01,1,1,1,1,1968,1,1,-1,-1,0,-1,-1,2.021E+11,4,NOMINOE  ROND POINT,0,NULL,1,1,0,1,-1,-1,2,NULL,-1,1,0,1,50
2.021E+11,17,2,2021,14:15:00,1,92,92012,2,5,1,3,GALLIENI (RUE) 55/157 - 50/140,"488,370,600,000","22,436,800,000",2.021E+11,110 597,Z01,1,1,0,2,8,15,5,NULL,2.021E+11,146 775,110 597,Z01,1,1,1,-1,NULL,-1,-1,-1,-1,-1,-1,-1,2.021E+11,4,NULL,0,NULL,2,2,0,1,0,0,1,NULL,-1,1,0,1,50
2.021E+11,17,2,2021,14:15:00,1,92,92012,2,5,1,3,GALLIENI (RUE) 55/157 - 50/140,"488,370,600,000","22,436,800,000",2.021E+11,110 597,Z01,1,1,0,2,8,15,5,NULL,2.021E+11,146 776,110 598,A01,1,1,4,2,1973,0,2,8,-1,-1,-1,-1,2.021E+11,4,NULL,0,NULL,2,2,0,1,0,0,1,NULL,-1,1,0,1,50