Num_Acc,jour,mois,an,hrmn,lum,dep,com,agg,int,atm,col,adr,lat,long,Num_Acc,id_vehicule,num_veh,senc,catv,obs,obsm,choc,manv,motor,occutc,Num_Acc,id_usager,id_vehicule,num_veh,place,catu,grav,sexe,an_nais,trajet,secu1,secu2,secu3,locp,actp,etatp,Num_Acc,catr,voie,v1,v2,circ,nbv,vosp,prof,pr,pr1,plan,lartpc,larrout,surf,infra,situ,vma
2.021E+11,17,2,2021,14:15:00,1,14,14198,1,1,1,6,D276,"492,280,590,000","0,0254810000",2.021E+11,109 884,A01,2,1,0,1,1,1,5,NULL,2.021E+11,145 865,109 884,A01,1,1,1,1,1956,5,2,-1,-1,0,0,-1,2.021E+11,3,276,-1,NULL,2,2,0,2,6,700,3,NULL,-1,1,0,1,80
2.021E+11,17,2,2021,14:15:00,1,14,14198,1,1,1,6,D276,"492,280,590,000","0,0254810000",2.021E+11,109 884,A01,2,1,0,1,1,1,5,NULL,2.021E+11,145 866,109 884,A01,10,3,3,1,1946,5,0,-1,-1,1,3,2,2.021E+11,3,276,-1,NULL,2,2,0,2,6,700,3,NULL,-1,1,0,1,80
2.021E+11,31,1,2021,17:30:00,2,75,75107,2,2,2,7,RUE DE SEVRES,"488,469,440,000","23,168,710,000",2.021E+11,106 999,A01,1,1,0,2,4,1,5,NULL,2.021E+11,142 071,106 999,A01,1,1,4,2,1973,9,8,0,-1,0,0,-1,2.021E+11,4,RUE DE SEVRES,0,NULL,2,2,0,1,-1,-1,1,NULL,-1,2,0,1,50
2.021E+11,22,1,2021,16:25:00,1,59,59258,1,1,1,2,d145,"505,269,190,000","32,396,790,000",2.021E+11,104 705,B01,1,1,0,0,4,2,5,NULL,2.021E+11,138 970,104 704,A01,1,1,1,1,1999,2,1,-1,-1,0,0,-1,2.021E+11,3,145,0,D,2,2,0,1,-1,-1,3,NULL,-1,1,0,1,70
2.021E+11,22,1,2021,16:25:00,1,59,59258,1,1,1,2,d145,"505,269,190,000","32,396,790,000",2.021E+11,104 705,B01,1,1,0,0,4,2,5,NULL,2.021E+11,138 971,104 705,B01,1,1,4,1,1966,5,2,-1,-1,0,0,-1,2.021E+11,3,145,0,D,2,2,0,1,-1,-1,3,NULL,-1,1,0,1,70
2.021E+11,7,1,2021,18:00:00,5,75,75112,2,1,2,3,RUE CROZATIER,"488,489,260,000","23,800,250,000",2.021E+11,101 886,B01,1,1,0,2,1,1,5,NULL,2.021E+11,135 191,101 886,B01,1,1,4,1,1997,1,2,0,-1,0,0,-1,2.021E+11,4,RUE CROZATIER,0,NULL,2,2,0,1,-1,-1,1,NULL,-1,2,0,1,50
2.021E+11,7,1,2021,18:00:00,5,75,75112,2,1,2,3,RUE CROZATIER,"488,489,260,000","23,800,250,000",2.021E+11,101 886,B01,1,1,0,2,1,1,5,NULL,2.021E+11,135 192,101 887,A01,1,1,1,1,1961,9,1,0,-1,0,0,-1,2.021E+11,4,RUE CROZATIER,0,NULL,2,2,0,1,-1,-1,1,NULL,-1,2,0,1,50
2.021E+11,29,10,2021,12:45:00,1,74,74079,1,4,1,3,D12,"458,574,470,000","63,293,110,000",2.021E+11,182 717,B01,1,1,0,2,1,1,5,NULL,2.021E+11,241 943,182 717,B01,1,1,3,1,1966,0,2,-1,-1,0,0,-1,2.021E+11,3,12,0,D,2,2,0,2,23,700,1,NULL,-1,1,0,1,80
2.021E+11,29,10,2021,12:45:00,1,74,74079,1,4,1,3,D12,"458,574,470,000","63,293,110,000",2.021E+11,182 717,B01,1,1,0,2,1,1,5,NULL,2.021E+11,241 944,182 718,A01,1,1,1,1,1969,0,1,-1,-1,0,0,-1,2.021E+11,3,12,0,D,2,2,0,2,23,700,1,NULL,-1,1,0,1,80
2.021E+11,25,10,2021,08:35:00,2,29,29019,2,3,1,3,Rue de Lesneven,"484,071,189,440","-45,201,364,160",2.021E+11,181 896,B01,1,1,0,2,1,1,5,NULL,2.021E+11,240 904,181 895,A01,1,1,1,1,1974,1,1,-1,-1,0,0,-1,2.021E+11,4,LESNEVEN,0,NULL,2,2,0,1,-1,-1,1,NULL,-1,1,0,1,50
2.021E+11,25,10,2021,08:35:00,2,29,29019,2,3,1,3,Rue de Lesneven,"484,071,189,440","-45,201,364,160",2.021E+11,181 896,B01,1,1,0,2,1,1,5,NULL,2.021E+11,240 905,181 896,B01,1,1,4,1,1986,1,2,-1,-1,-1,0,-1,2.021E+11,4,LESNEVEN,0,NULL,2,2,0,1,-1,-1,1,NULL,-1,1,0,1,50
2.021E+11,22,10,2021,05:45:00,3,56,56226,1,1,2,1,Le Bout du Pont -,"479,617,810,000","-21,490,770,000",2.021E+11,180 460,B01,1,1,0,2,1,1,5,NULL,2.021E+11,238 996,180 460,B01,1,1,4,1,1990,1,0,-1,-1,0,0,-1,2.021E+11,3,7738,0,A,2,2,0,2,2,230,1,NULL,-1,2,0,1,80
2.021E+11,22,10,2021,05:45:00,3,56,56226,1,1,2,1,Le Bout du Pont -,"479,617,810,000","-21,490,770,000",2.021E+11,180 460,B01,1,1,0,2,1,1,5,NULL,2.021E+11,238 997,180 461,A01,1,1,1,2,1977,0,1,-1,-1,0,0,-1,2.021E+11,3,7738,0,A,2,2,0,2,2,230,1,NULL,-1,2,0,1,80
2.021E+11,15,10,2021,09:05:00,1,14,14758,1,1,7,1,rue de cambes,"492,400,980,000"," -0,4008400000",2.021E+11,178 517,B01,3,1,0,2,1,23,5,NULL,2.021E+11,236 438,178 517,B01,1,1,3,2,1998,1,0,-1,-1,0,0,-1,2.021E+11,4,NULL,-1,NULL,2,2,0,1,-1,-1,1,NULL,5,1,0,3,80
2.021E+11,15,10,2021,09:05:00,1,14,14758,1,1,7,1,rue de cambes,"492,400,980,000"," -0,4008400000",2.021E+11,178 517,B01,3,1,0,2,1,23,5,NULL,2.021E+11,236 439,178 518,A01,1,1,1,2,1943,0,1,-1,-1,0,0,-1,2.021E+11,4,NULL,-1,NULL,2,2,0,1,-1,-1,1,NULL,5,1,0,3,80
2.021E+11,11,10,2021,15:02:00,1,973,97302,2,1,1,3,ZEPHIR (ROCADE),"49,352,775,531","-523,081,662,655",2.021E+11,177 012,B01,1,1,0,2,8,1,5,NULL,2.021E+11,234 561,177 012,B01,1,1,4,1,2000,0,0,-1,-1,-1,-1,-1,2.021E+11,3,ZEPHIR (ROCADE),0,NULL,2,2,0,1,2,500,1,NULL,-1,1,0,1,50
2.021E+11,11,10,2021,15:02:00,1,973,97302,2,1,1,3,ZEPHIR (ROCADE),"49,352,775,531","-523,081,662,655",2.021E+11,177 012,B01,1,1,0,2,8,1,5,NULL,2.021E+11,234 562,177 013,A01,1,1,1,2,1971,9,1,-1,-1,-1,-1,-1,2.021E+11,3,ZEPHIR (ROCADE),0,NULL,2,2,0,1,2,500,1,NULL,-1,1,0,1,50
2.021E+11,30,9,2021,19:30:00,2,44,44071,2,1,1,2,Rue du Château,"471,983,370,000","-14,213,780,000",2.021E+11,173 097,B01,2,1,12,2,4,2,5,NULL,2.021E+11,229 470,173 096,A01,1,1,1,1,1995,5,8,-1,-1,0,0,-1,2.021E+11,3,74,0,D,2,2,0,1,8,753,1,NULL,-1,1,0,1,50
2.021E+11,30,9,2021,19:30:00,2,44,44071,2,1,1,2,Rue du Château,"471,983,370,000","-14,213,780,000",2.021E+11,173 097,B01,2,1,12,2,4,2,5,NULL,2.021E+11,229 471,173 097,B01,1,1,3,1,1966,5,2,-1,-1,0,0,-1,2.021E+11,3,74,0,D,2,2,0,1,8,753,1,NULL,-1,1,0,1,50
2.021E+11,27,9,2021,18:05:00,1,75,75111,2,5,1,3,BOULEVARD VOLTAIRE,"488,503,980,000","23,925,170,000",2.021E+11,172 063,B01,1,1,0,2,1,1,5,NULL,2.021E+11,228 142,172 063,B01,1,1,4,2,2005,9,2,0,-1,0,0,-1,2.021E+11,4,BOULEVARD VOLTAIRE,0,NULL,2,4,1,1,-1,-1,1,NULL,-1,1,0,5,30
2.021E+11,27,9,2021,18:05:00,1,75,75111,2,5,1,3,BOULEVARD VOLTAIRE,"488,503,980,000","23,925,170,000",2.021E+11,172 063,B01,1,1,0,2,1,1,5,NULL,2.021E+11,228 143,172 064,A01,1,1,1,2,1958,5,1,0,-1,0,0,-1,2.021E+11,4,BOULEVARD VOLTAIRE,0,NULL,2,4,1,1,-1,-1,1,NULL,-1,1,0,5,30
2.021E+11,27,9,2021,13:00:00,1,93,93063,2,1,3,6,Avenue Paul Vaillant - Couturier,"488,850,000,000","24,340,000,000",2.021E+11,172 041,A01,1,1,0,1,1,1,5,NULL,2.021E+11,228 115,172 041,A01,10,3,4,2,1951,0,0,-1,-1,5,3,1,2.021E+11,3,VERDUN AVENUE DE,0,NULL,2,2,0,1,1,0,1,NULL,-1,2,0,1,30
2.021E+11,27,9,2021,13:00:00,1,93,93063,2,1,3,6,Avenue Paul Vaillant - Couturier,"488,850,000,000","24,340,000,000",2.021E+11,172 041,A01,1,1,0,1,1,1,5,NULL,2.021E+11,228 116,172 041,A01,1,1,1,1,1971,0,2,0,-1,-1,-1,-1,2.021E+11,3,VERDUN AVENUE DE,0,NULL,2,2,0,1,1,0,1,NULL,-1,2,0,1,30
2.021E+11,3,9,2021,14:10:00,1,59,59350,2,9,1,6,MORISSON SQUARE,"506,346,700,000","30,610,800,000",2.021E+11,171 926,B01,3,1,0,2,1,2,5,NULL,2.021E+11,227 951,171 926,B01,1,1,4,2,1998,9,8,0,-1,0,0,-1,2.021E+11,4,MORISSON SQUARE,0,NULL,1,0,0,1,-1,-1,2,NULL,-1,1,0,1,50
2.021E+11,3,9,2021,14:10:00,1,59,59350,2,9,1,6,MORISSON SQUARE,"506,346,700,000","30,610,800,000",2.021E+11,171 926,B01,3,1,0,2,1,2,5,NULL,2.021E+11,227 952,171 927,A01,1,1,1,1,1998,5,8,8,-1,0,0,-1,2.021E+11,4,MORISSON SQUARE,0,NULL,1,0,0,1,-1,-1,2,NULL,-1,1,0,1,50
2.021E+11,21,9,2021,16:07:00,1,16,16089,2,6,1,3,BREGUET (RUE LOUIS),"456,789,291,954"," -0,3112944961",2.021E+11,171 857,A01,3,1,0,2,4,26,6,NULL,2.021E+11,227 850,171 857,A01,1,1,4,2,1946,5,8,0,-1,-1,-1,-1,2.021E+11,4,BREGUET (RUE LOUIS),0,NULL,1,2,0,1,-1,-1,2,NULL,-1,1,0,1,50
2.021E+11,21,9,2021,16:07:00,1,16,16089,2,6,1,3,BREGUET (RUE LOUIS),"456,789,291,954"," -0,3112944961",2.021E+11,171 857,A01,3,1,0,2,4,26,6,NULL,2.021E+11,227 851,171 858,B01,1,1,1,1,1935,5,1,0,-1,-1,-1,-1,2.021E+11,4,BREGUET (RUE LOUIS),0,NULL,1,2,0,1,-1,-1,2,NULL,-1,1,0,1,50
2.021E+11,21,9,2021,15:45:00,1,973,97307,2,3,1,3,Carrefour Rue du Foulard et Rue Quadrille des Lanciers,"48,813,646,562","-523,446,563,333",2.021E+11,169 558,A01,3,1,0,2,1,1,5,NULL,2.021E+11,224 839,169 557,B01,1,1,1,1,1968,1,8,-1,-1,0,0,-1,2.021E+11,4,NULL,0,NULL,2,2,0,2,-1,-1,1,NULL,4,1,0,1,50
2.021E+11,21,9,2021,15:45:00,1,973,97307,2,3,1,3,Carrefour Rue du Foulard et Rue Quadrille des Lanciers,"48,813,646,562","-523,446,563,333",2.021E+11,169 558,A01,3,1,0,2,1,1,5,NULL,2.021E+11,224 840,169 558,A01,1,1,3,1,2003,5,0,-1,-1,0,0,-1,2.021E+11,4,NULL,0,NULL,2,2,0,2,-1,-1,1,NULL,4,1,0,1,50
2.021E+11,7,9,2021,21:00:00,5,94,94028,2,9,1,1,Avenue Pompadour,"487,740,500,000","24,390,200,000",2.021E+11,165 662,B01,1,1,0,2,1,1,5,NULL,2.021E+11,219 775,165 662,B01,1,1,4,1,1989,0,0,0,-1,-1,-1,-1,2.021E+11,3,POMPADOUR(CARREFOUR),0,NULL,-1,2,1,2,1,0,3,NULL,-1,1,5,1,50
2.021E+11,7,9,2021,21:00:00,5,94,94028,2,9,1,1,Avenue Pompadour,"487,740,500,000","24,390,200,000",2.021E+11,165 662,B01,1,1,0,2,1,1,5,NULL,2.021E+11,219 776,165 663,A01,1,1,4,1,1981,1,1,0,-1,-1,-1,-1,2.021E+11,3,POMPADOUR(CARREFOUR),0,NULL,-1,2,1,2,1,0,3,NULL,-1,1,5,1,50
2.021E+11,16,5,2021,22:00:00,5,59,59350,2,7,1,5,LIBERTE BVD N°2 - 90-51 - 145,"506,366,600,000","30,528,900,000",2.021E+11,165 052,C01,0,1,0,0,0,23,0,NULL,2.021E+11,218 983,165 051,B01,1,1,1,1,1994,4,2,8,-1,-1,-1,-1,2.021E+11,4,LIBERTE BVD N°2 - 90-51 - 145,0,NULL,2,2,0,1,-1,-1,1,NULL,-1,1,0,1,50
2.021E+11,16,5,2021,22:00:00,5,59,59350,2,7,1,5,LIBERTE BVD N°2 - 90-51 - 145,"506,366,600,000","30,528,900,000",2.021E+11,165 052,C01,0,1,0,0,0,23,0,NULL,2.021E+11,218 984,165 052,C01,1,1,4,1,1994,0,8,0,-1,-1,-1,-1,2.021E+11,4,LIBERTE BVD N°2 - 90-51 - 145,0,NULL,2,2,0,1,-1,-1,1,NULL,-1,1,0,1,50
2.021E+11,16,5,2021,22:00:00,5,59,59350,2,7,1,5,LIBERTE BVD N°2 - 90-51 - 145,"506,366,600,000","30,528,900,000",2.021E+11,165 052,C01,0,1,0,0,0,23,0,NULL,2.021E+11,218 985,165 053,A01,1,1,1,-1,NULL,-1,-1,-1,-1,-1,-1,-1,2.021E+11,4,LIBERTE BVD N°2 - 90-51 - 145,0,NULL,2,2,0,1,-1,-1,1,NULL,-1,1,0,1,50
2.021E+11,5,9,2021,18:40:00,1,49,49017,1,1,1,5,D68,"476,416,800,000"," -0,3468830000",2.021E+11,164 561,C01,1,1,0,2,8,1,5,NULL,2.021E+11,218 333,164 561,C01,1,1,4,1,1974,5,2,4,-1,0,0,-1,2.021E+11,3,68,-1,NULL,-1,2,0,1,6,700,1,NULL,-1,1,0,1,90
2.021E+11,5,9,2021,18:40:00,1,49,49017,1,1,1,5,D68,"476,416,800,000"," -0,3468830000",2.021E+11,164 561,C01,1,1,0,2,8,1,5,NULL,2.021E+11,218 334,164 562,B01,1,1,4,1,1987,5,1,-1,-1,0,0,-1,2.021E+11,3,68,-1,NULL,-1,2,0,1,6,700,1,NULL,-1,1,0,1,90
2.021E+11,5,9,2021,18:40:00,1,49,49017,1,1,1,5,D68,"476,416,800,000"," -0,3468830000",2.021E+11,164 561,C01,1,1,0,2,8,1,5,NULL,2.021E+11,218 335,164 563,A01,2,2,3,2,1969,5,1,-1,-1,0,0,-1,2.021E+11,3,68,-1,NULL,-1,2,0,1,6,700,1,NULL,-1,1,0,1,90
2.021E+11,5,9,2021,18:40:00,1,49,49017,1,1,1,5,D68,"476,416,800,000"," -0,3468830000",2.021E+11,164 561,C01,1,1,0,2,8,1,5,NULL,2.021E+11,218 336,164 563,A01,1,1,4,1,1962,5,1,-1,-1,0,0,-1,2.021E+11,3,68,-1,NULL,-1,2,0,1,6,700,1,NULL,-1,1,0,1,90
2.021E+11,31,8,2021,19:00:00,1,92,92023,2,1,1,2,STENDHAL (AVENUE),"487,876,562,855","22,368,764,789",2.021E+11,162 896,B01,1,1,0,2,1,1,5,NULL,2.021E+11,216 145,162 895,A01,1,1,1,2,1982,5,1,0,-1,-1,-1,-1,2.021E+11,4,NULL,0,NULL,2,2,0,1,0,0,1,NULL,-1,1,0,1,30
2.021E+11,31,8,2021,19:00:00,1,92,92023,2,1,1,2,STENDHAL (AVENUE),"487,876,562,855","22,368,764,789",2.021E+11,162 896,B01,1,1,0,2,1,1,5,NULL,2.021E+11,216 146,162 896,B01,1,1,4,1,1986,5,2,6,-1,-1,-1,-1,2.021E+11,4,NULL,0,NULL,2,2,0,1,0,0,1,NULL,-1,1,0,1,30
2.021E+11,17,8,2021,13:10:00,1,22,22278,2,6,1,2,GALLOIS (CARREFOUR DES),"484,973,168,164","-27,471,711,501",2.021E+11,159 724,B01,2,1,0,2,7,15,5,NULL,2.021E+11,211 810,159 724,B01,1,1,4,1,1939,9,2,8,-1,-1,-1,-1,2.021E+11,3,GALLOIS (CARREFOUR DES),0,NULL,1,1,0,1,1,0,2,NULL,-1,1,0,1,50
2.021E+11,17,8,2021,13:10:00,1,22,22278,2,6,1,2,GALLOIS (CARREFOUR DES),"484,973,168,164","-27,471,711,501",2.021E+11,159 724,B01,2,1,0,2,7,15,5,NULL,2.021E+11,211 811,159 725,A01,1,1,1,1,1967,0,1,0,-1,-1,-1,-1,2.021E+11,3,GALLOIS (CARREFOUR DES),0,NULL,1,1,0,1,1,0,2,NULL,-1,1,0,1,50
2.021E+11,12,8,2021,09:30:00,1,47,47054,1,1,9,7,D13,"444,010,970,000","0,4977380000",2.021E+11,158 121,A01,3,1,0,0,0,0,5,NULL,2.021E+11,209 571,158 121,A01,1,1,2,1,1947,9,2,-1,-1,0,0,-1,2.021E+11,3,13,-1,D,2,2,0,2,31,600,1,NULL,-1,1,0,8,80
2.021E+11,28,6,2021,17:29:00,1,11,11304,2,4,1,6,Rue de Bitrague,"428,762,584,577","21,879,351,366",2.021E+11,145 191,B01,3,1,0,2,1,1,5,NULL,2.021E+11,191 789,145 191,B01,1,1,3,2,1964,0,0,-1,-1,0,0,-1,2.021E+11,4,NULL,0,NULL,2,2,0,2,-1,-1,3,NULL,6,1,0,1,50
2.021E+11,28,6,2021,17:29:00,1,11,11304,2,4,1,6,Rue de Bitrague,"428,762,584,577","21,879,351,366",2.021E+11,145 191,B01,3,1,0,2,1,1,5,NULL,2.021E+11,191 790,145 192,A01,1,1,1,2,1964,9,1,-1,-1,0,0,-1,2.021E+11,4,NULL,0,NULL,2,2,0,2,-1,-1,3,NULL,6,1,0,1,50
2.021E+11,28,6,2021,08:30:00,1,69,69266,2,3,2,3,TOLSTOI (CR),"457,625,326,961","48,785,197,735",2.021E+11,144 825,B01,1,1,0,2,5,0,5,NULL,2.021E+11,191 303,144 824,A01,1,1,1,1,1955,0,8,-1,-1,-1,-1,-1,2.021E+11,4,TOLSTOI    (Cours),0,NULL,1,1,1,1,-1,-1,1,NULL,-1,2,0,5,50
2.021E+11,28,6,2021,08:30:00,1,69,69266,2,3,2,3,TOLSTOI (CR),"457,625,326,961","48,785,197,735",2.021E+11,144 825,B01,1,1,0,2,5,0,5,NULL,2.021E+11,191 304,144 825,B01,1,1,4,2,1994,1,2,-1,-1,-1,-1,-1,2.021E+11,4,TOLSTOI    (Cours),0,NULL,1,1,1,1,-1,-1,1,NULL,-1,2,0,5,50
2.021E+11,21,6,2021,21:46:00,1,63,63113,2,2,1,3,BARBIER DAUBREE (AVENUE),"457,883,500,000","30,955,100,000",2.021E+11,143 029,B01,1,1,0,2,8,9,5,NULL,2.021E+11,188 928,143 028,A01,1,1,1,1,1988,9,1,0,-1,0,0,-1,2.021E+11,4,BARBIER DAUBREE (AVENUE),0,NULL,2,2,0,1,-1,-1,1,NULL,-1,1,0,1,50
2.021E+11,21,6,2021,21:46:00,1,63,63113,2,2,1,3,BARBIER DAUBREE (AVENUE),"457,883,500,000","30,955,100,000",2.021E+11,143 029,B01,1,1,0,2,8,9,5,NULL,2.021E+11,188 929,143 029,B01,1,1,4,1,1973,9,2,0,-1,0,0,-1,2.021E+11,4,BARBIER DAUBREE (AVENUE),0,NULL,2,2,0,1,-1,-1,1,NULL,-1,1,0,1,50
2.021E+11,21,6,2021,10:00:00,1,92,92012,2,6,1,3,RHIN ET DANUBE (ROND POINT),"488,406,449,313","22,288,875,282",2.021E+11,142 576,B01,2,1,0,2,1,16,5,NULL,2.021E+11,188 329,142 575,A01,1,1,1,2,1952,9,1,8,-1,-1,-1,-1,2.021E+11,3,907,0,NULL,1,3,1,1,0,0,2,NULL,-1,1,5,1,50
2.021E+11,21,6,2021,10:00:00,1,92,92012,2,6,1,3,RHIN ET DANUBE (ROND POINT),"488,406,449,313","22,288,875,282",2.021E+11,142 576,B01,2,1,0,2,1,16,5,NULL,2.021E+11,188 330,142 576,B01,2,1,4,2,1967,9,2,8,-1,-1,-1,-1,2.021E+11,3,907,0,NULL,1,3,1,1,0,0,2,NULL,-1,1,5,1,50
2.021E+11,18,6,2021,15:35:00,1,64,64545,2,3,1,1,RUE MUNHOA,"433,459,800,000","-16,932,500,000",2.021E+11,141 775,A01,0,1,0,2,3,15,5,NULL,2.021E+11,187 230,141 774,B01,1,1,1,1,1966,0,1,0,-1,-1,-1,-1,2.021E+11,4,RUE MUNHOA,0,NULL,2,2,0,1,0,0,1,NULL,-1,1,0,1,30
2.021E+11,18,6,2021,15:35:00,1,64,64545,2,3,1,1,RUE MUNHOA,"433,459,800,000","-16,932,500,000",2.021E+11,141 775,A01,0,1,0,2,3,15,5,NULL,2.021E+11,187 231,141 775,A01,1,1,4,1,2006,0,8,0,-1,-1,-1,-1,2.021E+11,4,RUE MUNHOA,0,NULL,2,2,0,1,0,0,1,NULL,-1,1,0,1,30
2.021E+11,31,5,2021,12:10:00,1,92,92009,2,1,7,3,AGENT SARRE (AV DE L'),"489,261,469,679","22,712,546,368",2.021E+11,134 960,B01,2,1,0,2,0,0,5,NULL,2.021E+11,178 411,134 959,A01,1,1,1,2,2000,9,1,0,-1,-1,-1,-1,2.021E+11,3,986,0,NULL,-1,2,0,1,137,0,1,NULL,-1,1,0,1,50
2.021E+11,31,5,2021,12:10:00,1,92,92009,2,1,7,3,AGENT SARRE (AV DE L'),"489,261,469,679","22,712,546,368",2.021E+11,134 960,B01,2,1,0,2,0,0,5,NULL,2.021E+11,178 412,134 960,B01,1,1,4,1,1968,0,1,0,-1,-1,-1,-1,2.021E+11,3,986,0,NULL,-1,2,0,1,137,0,1,NULL,-1,1,0,1,50
2.021E+11,29,5,2021,11:00:00,1,94,94041,2,2,1,3,JEAN COMPAGNON (QU),"488,195,800,000","23,980,500,000",2.021E+11,134 407,B01,2,1,0,2,1,19,5,NULL,2.021E+11,177 652,134 406,A01,1,1,1,1,1968,5,1,0,-1,-1,-1,-1,2.021E+11,3,PT NELSON MANDELA,0,NULL,4,2,1,2,1,0,1,NULL,-1,1,2,1,50
2.021E+11,29,5,2021,11:00:00,1,94,94041,2,2,1,3,JEAN COMPAGNON (QU),"488,195,800,000","23,980,500,000",2.021E+11,134 407,B01,2,1,0,2,1,19,5,NULL,2.021E+11,177 653,134 407,B01,1,1,4,1,1992,5,0,0,-1,-1,-1,-1,2.021E+11,3,PT NELSON MANDELA,0,NULL,4,2,1,2,1,0,1,NULL,-1,1,2,1,50
2.021E+11,20,5,2021,13:05:00,1,75,75119,2,3,8,3,BOULEVARD MACDONALD,"488,988,460,000","23,781,150,000",2.021E+11,132 001,B01,2,1,0,2,5,1,5,NULL,2.021E+11,174 478,132 001,B01,1,1,4,1,1971,5,2,0,-1,0,0,-1,2.021E+11,4,BOULEVARD MACDONALD,0,NULL,2,4,1,1,-1,-1,1,NULL,-1,2,0,5,50
2.021E+11,20,5,2021,13:05:00,1,75,75119,2,3,8,3,BOULEVARD MACDONALD,"488,988,460,000","23,781,150,000",2.021E+11,132 001,B01,2,1,0,2,5,1,5,NULL,2.021E+11,174 479,132 002,A01,1,1,1,1,1994,4,1,0,-1,0,0,-1,2.021E+11,4,BOULEVARD MACDONALD,0,NULL,2,4,1,1,-1,-1,1,NULL,-1,2,0,5,50
2.021E+11,12,5,2021,15:03:00,1,32,32013,2,3,8,3,YSER (AVENUE DE L'),"436,531,100,000","0,5952400000",2.021E+11,129 757,B01,2,1,0,2,7,25,5,NULL,2.021E+11,171 516,129 756,A01,3,2,1,2,1962,5,1,0,-1,-1,-1,-1,2.021E+11,2,YSER (AVENUE DE L'),0,NULL,2,1,0,1,48,284,1,NULL,-1,1,0,1,50
2.021E+11,12,5,2021,15:03:00,1,32,32013,2,3,8,3,YSER (AVENUE DE L'),"436,531,100,000","0,5952400000",2.021E+11,129 757,B01,2,1,0,2,7,25,5,NULL,2.021E+11,171 517,129 756,A01,2,2,1,2,1989,5,1,0,-1,-1,-1,-1,2.021E+11,2,YSER (AVENUE DE L'),0,NULL,2,1,0,1,48,284,1,NULL,-1,1,0,1,50
2.021E+11,12,5,2021,15:03:00,1,32,32013,2,3,8,3,YSER (AVENUE DE L'),"436,531,100,000","0,5952400000",2.021E+11,129 757,B01,2,1,0,2,7,25,5,NULL,2.021E+11,171 518,129 756,A01,1,1,1,1,1982,4,1,0,-1,-1,-1,-1,2.021E+11,2,YSER (AVENUE DE L'),0,NULL,2,1,0,1,48,284,1,NULL,-1,1,0,1,50
2.021E+11,12,5,2021,15:03:00,1,32,32013,2,3,8,3,YSER (AVENUE DE L'),"436,531,100,000","0,5952400000",2.021E+11,129 757,B01,2,1,0,2,7,25,5,NULL,2.021E+11,171 519,129 757,B01,1,1,4,1,2006,5,2,0,-1,-1,-1,-1,2.021E+11,2,YSER (AVENUE DE L'),0,NULL,2,1,0,1,48,284,1,NULL,-1,1,0,1,50
2.021E+11,28,4,2021,17:50:00,1,35,35238,2,1,1,3,SERBIE (PLACE DE),"480,881,200,000","-16,590,200,000",2.021E+11,126 493,B01,3,1,0,2,1,19,0,NULL,2.021E+11,167 228,126 492,A01,1,1,1,2,1996,0,1,-1,-1,-1,-1,-1,2.021E+11,4,SERBIE (PLACE DE),0,NULL,2,2,0,1,-1,-1,1,NULL,-1,1,0,1,20
2.021E+11,28,4,2021,17:50:00,1,35,35238,2,1,1,3,SERBIE (PLACE DE),"480,881,200,000","-16,590,200,000",2.021E+11,126 493,B01,3,1,0,2,1,19,0,NULL,2.021E+11,167 229,126 492,A01,2,2,1,1,1980,9,8,-1,-1,-1,-1,-1,2.021E+11,4,SERBIE (PLACE DE),0,NULL,2,2,0,1,-1,-1,1,NULL,-1,1,0,1,20
2.021E+11,28,4,2021,17:50:00,1,35,35238,2,1,1,3,SERBIE (PLACE DE),"480,881,200,000","-16,590,200,000",2.021E+11,126 493,B01,3,1,0,2,1,19,0,NULL,2.021E+11,167 230,126 493,B01,1,1,4,2,2010,2,8,0,-1,-1,-1,-1,2.021E+11,4,SERBIE (PLACE DE),0,NULL,2,2,0,1,-1,-1,1,NULL,-1,1,0,1,20
2.021E+11,26,4,2021,19:30:00,1,69,69387,2,3,1,3,BRIGADIER VOITURET (DU) (R),"457,465,700,000","48,465,000,000",2.021E+11,125 780,A01,1,1,0,2,8,1,5,NULL,2.021E+11,166 339,125 780,A01,1,1,4,1,1992,0,2,-1,-1,-1,-1,-1,2.021E+11,4,BRIGADIER VOITURET (DU)             (R ),0,NULL,1,1,0,1,-1,-1,1,NULL,-1,1,0,1,50
2.021E+11,26,4,2021,19:30:00,1,69,69387,2,3,1,3,BRIGADIER VOITURET (DU) (R),"457,465,700,000","48,465,000,000",2.021E+11,125 780,A01,1,1,0,2,8,1,5,NULL,2.021E+11,166 340,125 781,B01,1,1,1,2,1988,1,1,-1,-1,-1,-1,-1,2.021E+11,4,BRIGADIER VOITURET (DU)             (R ),0,NULL,1,1,0,1,-1,-1,1,NULL,-1,1,0,1,50
2.021E+11,25,4,2021,17:55:00,1,27,27229,2,1,1,2,CONCHES (ROUTE DE),"490,193,100,000","11,189,500,000",2.021E+11,125 482,B01,0,1,0,0,4,15,0,NULL,2.021E+11,165 968,125 481,A01,1,1,3,1,2006,0,2,0,-1,0,0,-1,2.021E+11,3,CONCHES (ROUTE DE),0,NULL,2,0,1,1,1,387,1,NULL,-1,1,0,1,50