Num_Acc,jour,mois,an,hrmn,lum,dep,com,agg,int,atm,col,adr,lat,long,Num_Acc,id_vehicule,num_veh,senc,catv,obs,obsm,choc,manv,motor,occutc,Num_Acc,id_usager,id_vehicule,num_veh,place,catu,grav,sexe,an_nais,trajet,secu1,secu2,secu3,locp,actp,etatp,Num_Acc,catr,voie,v1,v2,circ,nbv,vosp,prof,pr,pr1,plan,lartpc,larrout,surf,infra,situ,vma
2.021E+11,29,10,2021,15:45:00,1,35,35238,2,1,7,2,BOURGEOIS (BOULEVARD LEON),"481,001,500,000","-16,504,300,000",2.021E+11,183 264,B01,2,1,0,2,4,1,5,NULL,2.021E+11,242 677,183 263,A01,1,1,1,2,1973,0,1,0,-1,-1,-1,-1,2.021E+11,4,BOURGEOIS (BOULEVARD LEON),0,NULL,2,2,0,1,0,0,1,NULL,-1,1,0,1,50
2.021E+11,29,10,2021,15:45:00,1,35,35238,2,1,7,2,BOURGEOIS (BOULEVARD LEON),"481,001,500,000","-16,504,300,000",2.021E+11,183 264,B01,2,1,0,2,4,1,5,NULL,2.021E+11,242 678,183 264,B01,1,1,4,1,1957,5,8,0,-1,-1,-1,-1,2.021E+11,4,BOURGEOIS (BOULEVARD LEON),0,NULL,2,2,0,1,0,0,1,NULL,-1,1,0,1,50
2.021E+11,15,10,2021,16:45:00,1,53,53150,1,1,1,6,La Grande Comte,"477,880,970,000"," -0,6802460000",2.021E+11,178 209,A01,2,1,0,2,2,13,6,NULL,2.021E+11,236 048,178 209,A01,1,1,2,1,1949,5,2,-1,-1,0,0,-1,2.021E+11,3,267,-1,NULL,2,2,0,1,4,600,1,NULL,-1,1,0,1,80
2.021E+11,15,10,2021,16:45:00,1,53,53150,1,1,1,6,La Grande Comte,"477,880,970,000"," -0,6802460000",2.021E+11,178 209,A01,2,1,0,2,2,13,6,NULL,2.021E+11,236 049,178 210,B01,1,1,1,2,1980,1,1,-1,-1,0,0,-1,2.021E+11,3,267,-1,NULL,2,2,0,1,4,600,1,NULL,-1,1,0,1,80
2.021E+11,12,10,2021,13:00:00,1,31,31555,2,1,1,3,AV DE GRANDE BRETAGNE,"435,985,100,000","14,186,100,000",2.021E+11,177 303,B01,3,1,0,9,8,19,0,NULL,2.021E+11,234 912,177 302,A01,1,1,1,2,1969,1,1,0,-1,-1,-1,-1,2.021E+11,4,AV DE GRANDE BRETAGNE,0,NULL,2,4,1,1,-1,-1,1,NULL,-1,1,0,1,50
2.021E+11,12,10,2021,13:00:00,1,31,31555,2,1,1,3,AV DE GRANDE BRETAGNE,"435,985,100,000","14,186,100,000",2.021E+11,177 303,B01,3,1,0,9,8,19,0,NULL,2.021E+11,234 913,177 303,B01,1,1,4,1,2010,2,8,0,-1,-1,-1,-1,2.021E+11,4,AV DE GRANDE BRETAGNE,0,NULL,2,4,1,1,-1,-1,1,NULL,-1,1,0,1,50
2.021E+11,4,10,2021,16:51:00,1,92,92050,2,1,1,3,PICASSO PABLO AVENUE,"488,892,605,697","22,295,647,860",2.021E+11,174 645,B01,1,1,1,0,1,1,5,NULL,2.021E+11,231 470,174 644,A01,1,1,1,1,1977,5,8,0,-1,-1,-1,-1,2.021E+11,4,NULL,0,NULL,2,2,1,2,0,0,1,NULL,-1,1,9,5,50
2.021E+11,4,10,2021,16:51:00,1,92,92050,2,1,1,3,PICASSO PABLO AVENUE,"488,892,605,697","22,295,647,860",2.021E+11,174 645,B01,1,1,1,0,1,1,5,NULL,2.021E+11,231 471,174 645,B01,1,1,4,2,1980,1,8,0,-1,-1,-1,-1,2.021E+11,4,NULL,0,NULL,2,2,1,2,0,0,1,NULL,-1,1,9,5,50
2.021E+11,25,9,2021,09:30:00,1,88,88106,1,1,1,5,route départementale 415,"481,834,710,000","69,760,500,000",2.021E+11,170 951,H01,1,1,0,0,0,1,5,NULL,2.021E+11,226 653,170 944,A01,1,1,4,1,1967,3,1,-1,-1,0,0,-1,2.021E+11,3,415,-1,NULL,2,2,0,1,12,340,3,NULL,-1,1,0,1,80
2.021E+11,25,9,2021,09:30:00,1,88,88106,1,1,1,5,route départementale 415,"481,834,710,000","69,760,500,000",2.021E+11,170 950,G01,1,1,0,0,0,1,5,NULL,2.021E+11,226 653,170 944,A01,1,1,4,1,1967,3,1,-1,-1,0,0,-1,2.021E+11,3,415,-1,NULL,2,2,0,1,12,340,3,NULL,-1,1,0,1,80
2.021E+11,25,9,2021,09:30:00,1,88,88106,1,1,1,5,route départementale 415,"481,834,710,000","69,760,500,000",2.021E+11,170 949,F01,1,1,0,0,0,1,5,NULL,2.021E+11,226 653,170 944,A01,1,1,4,1,1967,3,1,-1,-1,0,0,-1,2.021E+11,3,415,-1,NULL,2,2,0,1,12,340,3,NULL,-1,1,0,1,80
2.021E+11,25,9,2021,09:30:00,1,88,88106,1,1,1,5,route départementale 415,"481,834,710,000","69,760,500,000",2.021E+11,170 948,E01,1,1,0,2,1,1,5,NULL,2.021E+11,226 653,170 944,A01,1,1,4,1,1967,3,1,-1,-1,0,0,-1,2.021E+11,3,415,-1,NULL,2,2,0,1,12,340,3,NULL,-1,1,0,1,80
2.021E+11,25,9,2021,09:30:00,1,88,88106,1,1,1,5,route départementale 415,"481,834,710,000","69,760,500,000",2.021E+11,170 947,D01,1,1,0,0,0,1,5,NULL,2.021E+11,226 653,170 944,A01,1,1,4,1,1967,3,1,-1,-1,0,0,-1,2.021E+11,3,415,-1,NULL,2,2,0,1,12,340,3,NULL,-1,1,0,1,80
2.021E+11,25,9,2021,09:30:00,1,88,88106,1,1,1,5,route départementale 415,"481,834,710,000","69,760,500,000",2.021E+11,170 946,C01,1,1,0,0,0,1,5,NULL,2.021E+11,226 653,170 944,A01,1,1,4,1,1967,3,1,-1,-1,0,0,-1,2.021E+11,3,415,-1,NULL,2,2,0,1,12,340,3,NULL,-1,1,0,1,80
2.021E+11,25,9,2021,09:30:00,1,88,88106,1,1,1,5,route départementale 415,"481,834,710,000","69,760,500,000",2.021E+11,170 945,B01,1,1,0,2,1,1,5,NULL,2.021E+11,226 653,170 944,A01,1,1,4,1,1967,3,1,-1,-1,0,0,-1,2.021E+11,3,415,-1,NULL,2,2,0,1,12,340,3,NULL,-1,1,0,1,80
2.021E+11,25,9,2021,09:30:00,1,88,88106,1,1,1,5,route départementale 415,"481,834,710,000","69,760,500,000",2.021E+11,170 951,H01,1,1,0,0,0,1,5,NULL,2.021E+11,226 654,170 945,B01,1,1,3,1,1984,5,2,6,-1,0,0,-1,2.021E+11,3,415,-1,NULL,2,2,0,1,12,340,3,NULL,-1,1,0,1,80
2.021E+11,25,9,2021,09:30:00,1,88,88106,1,1,1,5,route départementale 415,"481,834,710,000","69,760,500,000",2.021E+11,170 950,G01,1,1,0,0,0,1,5,NULL,2.021E+11,226 654,170 945,B01,1,1,3,1,1984,5,2,6,-1,0,0,-1,2.021E+11,3,415,-1,NULL,2,2,0,1,12,340,3,NULL,-1,1,0,1,80
2.021E+11,25,9,2021,09:30:00,1,88,88106,1,1,1,5,route départementale 415,"481,834,710,000","69,760,500,000",2.021E+11,170 949,F01,1,1,0,0,0,1,5,NULL,2.021E+11,226 654,170 945,B01,1,1,3,1,1984,5,2,6,-1,0,0,-1,2.021E+11,3,415,-1,NULL,2,2,0,1,12,340,3,NULL,-1,1,0,1,80
2.021E+11,25,9,2021,09:30:00,1,88,88106,1,1,1,5,route départementale 415,"481,834,710,000","69,760,500,000",2.021E+11,170 948,E01,1,1,0,2,1,1,5,NULL,2.021E+11,226 654,170 945,B01,1,1,3,1,1984,5,2,6,-1,0,0,-1,2.021E+11,3,415,-1,NULL,2,2,0,1,12,340,3,NULL,-1,1,0,1,80
2.021E+11,25,9,2021,09:30:00,1,88,88106,1,1,1,5,route départementale 415,"481,834,710,000","69,760,500,000",2.021E+11,170 947,D01,1,1,0,0,0,1,5,NULL,2.021E+11,226 654,170 945,B01,1,1,3,1,1984,5,2,6,-1,0,0,-1,2.021E+11,3,415,-1,NULL,2,2,0,1,12,340,3,NULL,-1,1,0,1,80
2.021E+11,25,9,2021,09:30:00,1,88,88106,1,1,1,5,route départementale 415,"481,834,710,000","69,760,500,000",2.021E+11,170 946,C01,1,1,0,0,0,1,5,NULL,2.021E+11,226 654,170 945,B01,1,1,3,1,1984,5,2,6,-1,0,0,-1,2.021E+11,3,415,-1,NULL,2,2,0,1,12,340,3,NULL,-1,1,0,1,80
2.021E+11,25,9,2021,09:30:00,1,88,88106,1,1,1,5,route départementale 415,"481,834,710,000","69,760,500,000",2.021E+11,170 945,B01,1,1,0,2,1,1,5,NULL,2.021E+11,226 654,170 945,B01,1,1,3,1,1984,5,2,6,-1,0,0,-1,2.021E+11,3,415,-1,NULL,2,2,0,1,12,340,3,NULL,-1,1,0,1,80
2.021E+11,25,9,2021,09:30:00,1,88,88106,1,1,1,5,route départementale 415,"481,834,710,000","69,760,500,000",2.021E+11,170 951,H01,1,1,0,0,0,1,5,NULL,2.021E+11,226 655,170 946,C01,1,1,4,1,1972,5,2,6,-1,0,0,-1,2.021E+11,3,415,-1,NULL,2,2,0,1,12,340,3,NULL,-1,1,0,1,80
2.021E+11,25,9,2021,09:30:00,1,88,88106,1,1,1,5,route départementale 415,"481,834,710,000","69,760,500,000",2.021E+11,170 950,G01,1,1,0,0,0,1,5,NULL,2.021E+11,226 655,170 946,C01,1,1,4,1,1972,5,2,6,-1,0,0,-1,2.021E+11,3,415,-1,NULL,2,2,0,1,12,340,3,NULL,-1,1,0,1,80
2.021E+11,25,9,2021,09:30:00,1,88,88106,1,1,1,5,route départementale 415,"481,834,710,000","69,760,500,000",2.021E+11,170 949,F01,1,1,0,0,0,1,5,NULL,2.021E+11,226 655,170 946,C01,1,1,4,1,1972,5,2,6,-1,0,0,-1,2.021E+11,3,415,-1,NULL,2,2,0,1,12,340,3,NULL,-1,1,0,1,80
2.021E+11,25,9,2021,09:30:00,1,88,88106,1,1,1,5,route départementale 415,"481,834,710,000","69,760,500,000",2.021E+11,170 948,E01,1,1,0,2,1,1,5,NULL,2.021E+11,226 655,170 946,C01,1,1,4,1,1972,5,2,6,-1,0,0,-1,2.021E+11,3,415,-1,NULL,2,2,0,1,12,340,3,NULL,-1,1,0,1,80
2.021E+11,25,9,2021,09:30:00,1,88,88106,1,1,1,5,route départementale 415,"481,834,710,000","69,760,500,000",2.021E+11,170 947,D01,1,1,0,0,0,1,5,NULL,2.021E+11,226 655,170 946,C01,1,1,4,1,1972,5,2,6,-1,0,0,-1,2.021E+11,3,415,-1,NULL,2,2,0,1,12,340,3,NULL,-1,1,0,1,80
2.021E+11,25,9,2021,09:30:00,1,88,88106,1,1,1,5,route départementale 415,"481,834,710,000","69,760,500,000",2.021E+11,170 946,C01,1,1,0,0,0,1,5,NULL,2.021E+11,226 655,170 946,C01,1,1,4,1,1972,5,2,6,-1,0,0,-1,2.021E+11,3,415,-1,NULL,2,2,0,1,12,340,3,NULL,-1,1,0,1,80
2.021E+11,25,9,2021,09:30:00,1,88,88106,1,1,1,5,route départementale 415,"481,834,710,000","69,760,500,000",2.021E+11,170 945,B01,1,1,0,2,1,1,5,NULL,2.021E+11,226 655,170 946,C01,1,1,4,1,1972,5,2,6,-1,0,0,-1,2.021E+11,3,415,-1,NULL,2,2,0,1,12,340,3,NULL,-1,1,0,1,80
2.021E+11,25,9,2021,09:30:00,1,88,88106,1,1,1,5,route départementale 415,"481,834,710,000","69,760,500,000",2.021E+11,170 951,H01,1,1,0,0,0,1,5,NULL,2.021E+11,226 656,170 947,D01,1,1,4,1,1975,5,2,6,-1,0,0,-1,2.021E+11,3,415,-1,NULL,2,2,0,1,12,340,3,NULL,-1,1,0,1,80
2.021E+11,25,9,2021,09:30:00,1,88,88106,1,1,1,5,route départementale 415,"481,834,710,000","69,760,500,000",2.021E+11,170 950,G01,1,1,0,0,0,1,5,NULL,2.021E+11,226 656,170 947,D01,1,1,4,1,1975,5,2,6,-1,0,0,-1,2.021E+11,3,415,-1,NULL,2,2,0,1,12,340,3,NULL,-1,1,0,1,80
2.021E+11,25,9,2021,09:30:00,1,88,88106,1,1,1,5,route départementale 415,"481,834,710,000","69,760,500,000",2.021E+11,170 949,F01,1,1,0,0,0,1,5,NULL,2.021E+11,226 656,170 947,D01,1,1,4,1,1975,5,2,6,-1,0,0,-1,2.021E+11,3,415,-1,NULL,2,2,0,1,12,340,3,NULL,-1,1,0,1,80
2.021E+11,25,9,2021,09:30:00,1,88,88106,1,1,1,5,route départementale 415,"481,834,710,000","69,760,500,000",2.021E+11,170 948,E01,1,1,0,2,1,1,5,NULL,2.021E+11,226 656,170 947,D01,1,1,4,1,1975,5,2,6,-1,0,0,-1,2.021E+11,3,415,-1,NULL,2,2,0,1,12,340,3,NULL,-1,1,0,1,80
2.021E+11,25,9,2021,09:30:00,1,88,88106,1,1,1,5,route départementale 415,"481,834,710,000","69,760,500,000",2.021E+11,170 947,D01,1,1,0,0,0,1,5,NULL,2.021E+11,226 656,170 947,D01,1,1,4,1,1975,5,2,6,-1,0,0,-1,2.021E+11,3,415,-1,NULL,2,2,0,1,12,340,3,NULL,-1,1,0,1,80
2.021E+11,25,9,2021,09:30:00,1,88,88106,1,1,1,5,route départementale 415,"481,834,710,000","69,760,500,000",2.021E+11,170 946,C01,1,1,0,0,0,1,5,NULL,2.021E+11,226 656,170 947,D01,1,1,4,1,1975,5,2,6,-1,0,0,-1,2.021E+11,3,415,-1,NULL,2,2,0,1,12,340,3,NULL,-1,1,0,1,80
2.021E+11,25,9,2021,09:30:00,1,88,88106,1,1,1,5,route départementale 415,"481,834,710,000","69,760,500,000",2.021E+11,170 945,B01,1,1,0,2,1,1,5,NULL,2.021E+11,226 656,170 947,D01,1,1,4,1,1975,5,2,6,-1,0,0,-1,2.021E+11,3,415,-1,NULL,2,2,0,1,12,340,3,NULL,-1,1,0,1,80
2.021E+11,25,9,2021,09:30:00,1,88,88106,1,1,1,5,route départementale 415,"481,834,710,000","69,760,500,000",2.021E+11,170 951,H01,1,1,0,0,0,1,5,NULL,2.021E+11,226 657,170 948,E01,1,1,3,1,1977,5,2,6,-1,0,0,-1,2.021E+11,3,415,-1,NULL,2,2,0,1,12,340,3,NULL,-1,1,0,1,80
2.021E+11,25,9,2021,09:30:00,1,88,88106,1,1,1,5,route départementale 415,"481,834,710,000","69,760,500,000",2.021E+11,170 950,G01,1,1,0,0,0,1,5,NULL,2.021E+11,226 657,170 948,E01,1,1,3,1,1977,5,2,6,-1,0,0,-1,2.021E+11,3,415,-1,NULL,2,2,0,1,12,340,3,NULL,-1,1,0,1,80
2.021E+11,25,9,2021,09:30:00,1,88,88106,1,1,1,5,route départementale 415,"481,834,710,000","69,760,500,000",2.021E+11,170 949,F01,1,1,0,0,0,1,5,NULL,2.021E+11,226 657,170 948,E01,1,1,3,1,1977,5,2,6,-1,0,0,-1,2.021E+11,3,415,-1,NULL,2,2,0,1,12,340,3,NULL,-1,1,0,1,80
2.021E+11,25,9,2021,09:30:00,1,88,88106,1,1,1,5,route départementale 415,"481,834,710,000","69,760,500,000",2.021E+11,170 948,E01,1,1,0,2,1,1,5,NULL,2.021E+11,226 657,170 948,E01,1,1,3,1,1977,5,2,6,-1,0,0,-1,2.021E+11,3,415,-1,NULL,2,2,0,1,12,340,3,NULL,-1,1,0,1,80
2.021E+11,25,9,2021,09:30:00,1,88,88106,1,1,1,5,route départementale 415,"481,834,710,000","69,760,500,000",2.021E+11,170 947,D01,1,1,0,0,0,1,5,NULL,2.021E+11,226 657,170 948,E01,1,1,3,1,1977,5,2,6,-1,0,0,-1,2.021E+11,3,415,-1,NULL,2,2,0,1,12,340,3,NULL,-1,1,0,1,80
2.021E+11,25,9,2021,09:30:00,1,88,88106,1,1,1,5,route départementale 415,"481,834,710,000","69,760,500,000",2.021E+11,170 946,C01,1,1,0,0,0,1,5,NULL,2.021E+11,226 657,170 948,E01,1,1,3,1,1977,5,2,6,-1,0,0,-1,2.021E+11,3,415,-1,NULL,2,2,0,1,12,340,3,NULL,-1,1,0,1,80
2.021E+11,25,9,2021,09:30:00,1,88,88106,1,1,1,5,route départementale 415,"481,834,710,000","69,760,500,000",2.021E+11,170 945,B01,1,1,0,2,1,1,5,NULL,2.021E+11,226 657,170 948,E01,1,1,3,1,1977,5,2,6,-1,0,0,-1,2.021E+11,3,415,-1,NULL,2,2,0,1,12,340,3,NULL,-1,1,0,1,80
2.021E+11,25,9,2021,09:30:00,1,88,88106,1,1,1,5,route départementale 415,"481,834,710,000","69,760,500,000",2.021E+11,170 951,H01,1,1,0,0,0,1,5,NULL,2.021E+11,226 658,170 949,F01,1,1,1,1,1979,5,2,6,-1,0,0,-1,2.021E+11,3,415,-1,NULL,2,2,0,1,12,340,3,NULL,-1,1,0,1,80
2.021E+11,25,9,2021,09:30:00,1,88,88106,1,1,1,5,route départementale 415,"481,834,710,000","69,760,500,000",2.021E+11,170 950,G01,1,1,0,0,0,1,5,NULL,2.021E+11,226 658,170 949,F01,1,1,1,1,1979,5,2,6,-1,0,0,-1,2.021E+11,3,415,-1,NULL,2,2,0,1,12,340,3,NULL,-1,1,0,1,80
2.021E+11,25,9,2021,09:30:00,1,88,88106,1,1,1,5,route départementale 415,"481,834,710,000","69,760,500,000",2.021E+11,170 949,F01,1,1,0,0,0,1,5,NULL,2.021E+11,226 658,170 949,F01,1,1,1,1,1979,5,2,6,-1,0,0,-1,2.021E+11,3,415,-1,NULL,2,2,0,1,12,340,3,NULL,-1,1,0,1,80
2.021E+11,25,9,2021,09:30:00,1,88,88106,1,1,1,5,route départementale 415,"481,834,710,000","69,760,500,000",2.021E+11,170 948,E01,1,1,0,2,1,1,5,NULL,2.021E+11,226 658,170 949,F01,1,1,1,1,1979,5,2,6,-1,0,0,-1,2.021E+11,3,415,-1,NULL,2,2,0,1,12,340,3,NULL,-1,1,0,1,80
2.021E+11,25,9,2021,09:30:00,1,88,88106,1,1,1,5,route départementale 415,"481,834,710,000","69,760,500,000",2.021E+11,170 947,D01,1,1,0,0,0,1,5,NULL,2.021E+11,226 658,170 949,F01,1,1,1,1,1979,5,2,6,-1,0,0,-1,2.021E+11,3,415,-1,NULL,2,2,0,1,12,340,3,NULL,-1,1,0,1,80
2.021E+11,25,9,2021,09:30:00,1,88,88106,1,1,1,5,route départementale 415,"481,834,710,000","69,760,500,000",2.021E+11,170 946,C01,1,1,0,0,0,1,5,NULL,2.021E+11,226 658,170 949,F01,1,1,1,1,1979,5,2,6,-1,0,0,-1,2.021E+11,3,415,-1,NULL,2,2,0,1,12,340,3,NULL,-1,1,0,1,80
2.021E+11,25,9,2021,09:30:00,1,88,88106,1,1,1,5,route départementale 415,"481,834,710,000","69,760,500,000",2.021E+11,170 945,B01,1,1,0,2,1,1,5,NULL,2.021E+11,226 658,170 949,F01,1,1,1,1,1979,5,2,6,-1,0,0,-1,2.021E+11,3,415,-1,NULL,2,2,0,1,12,340,3,NULL,-1,1,0,1,80
2.021E+11,25,9,2021,09:30:00,1,88,88106,1,1,1,5,route départementale 415,"481,834,710,000","69,760,500,000",2.021E+11,170 951,H01,1,1,0,0,0,1,5,NULL,2.021E+11,226 659,170 950,G01,1,1,1,1,1983,5,6,2,-1,0,0,-1,2.021E+11,3,415,-1,NULL,2,2,0,1,12,340,3,NULL,-1,1,0,1,80
2.021E+11,25,9,2021,09:30:00,1,88,88106,1,1,1,5,route départementale 415,"481,834,710,000","69,760,500,000",2.021E+11,170 950,G01,1,1,0,0,0,1,5,NULL,2.021E+11,226 659,170 950,G01,1,1,1,1,1983,5,6,2,-1,0,0,-1,2.021E+11,3,415,-1,NULL,2,2,0,1,12,340,3,NULL,-1,1,0,1,80
2.021E+11,25,9,2021,09:30:00,1,88,88106,1,1,1,5,route départementale 415,"481,834,710,000","69,760,500,000",2.021E+11,170 949,F01,1,1,0,0,0,1,5,NULL,2.021E+11,226 659,170 950,G01,1,1,1,1,1983,5,6,2,-1,0,0,-1,2.021E+11,3,415,-1,NULL,2,2,0,1,12,340,3,NULL,-1,1,0,1,80
2.021E+11,25,9,2021,09:30:00,1,88,88106,1,1,1,5,route départementale 415,"481,834,710,000","69,760,500,000",2.021E+11,170 948,E01,1,1,0,2,1,1,5,NULL,2.021E+11,226 659,170 950,G01,1,1,1,1,1983,5,6,2,-1,0,0,-1,2.021E+11,3,415,-1,NULL,2,2,0,1,12,340,3,NULL,-1,1,0,1,80
2.021E+11,25,9,2021,09:30:00,1,88,88106,1,1,1,5,route départementale 415,"481,834,710,000","69,760,500,000",2.021E+11,170 947,D01,1,1,0,0,0,1,5,NULL,2.021E+11,226 659,170 950,G01,1,1,1,1,1983,5,6,2,-1,0,0,-1,2.021E+11,3,415,-1,NULL,2,2,0,1,12,340,3,NULL,-1,1,0,1,80
2.021E+11,25,9,2021,09:30:00,1,88,88106,1,1,1,5,route départementale 415,"481,834,710,000","69,760,500,000",2.021E+11,170 946,C01,1,1,0,0,0,1,5,NULL,2.021E+11,226 659,170 950,G01,1,1,1,1,1983,5,6,2,-1,0,0,-1,2.021E+11,3,415,-1,NULL,2,2,0,1,12,340,3,NULL,-1,1,0,1,80
2.021E+11,25,9,2021,09:30:00,1,88,88106,1,1,1,5,route départementale 415,"481,834,710,000","69,760,500,000",2.021E+11,170 945,B01,1,1,0,2,1,1,5,NULL,2.021E+11,226 659,170 950,G01,1,1,1,1,1983,5,6,2,-1,0,0,-1,2.021E+11,3,415,-1,NULL,2,2,0,1,12,340,3,NULL,-1,1,0,1,80
2.021E+11,25,9,2021,09:30:00,1,88,88106,1,1,1,5,route départementale 415,"481,834,710,000","69,760,500,000",2.021E+11,170 951,H01,1,1,0,0,0,1,5,NULL,2.021E+11,226 660,170 951,H01,1,1,1,1,1963,5,2,6,-1,0,0,-1,2.021E+11,3,415,-1,NULL,2,2,0,1,12,340,3,NULL,-1,1,0,1,80
2.021E+11,25,9,2021,09:30:00,1,88,88106,1,1,1,5,route départementale 415,"481,834,710,000","69,760,500,000",2.021E+11,170 950,G01,1,1,0,0,0,1,5,NULL,2.021E+11,226 660,170 951,H01,1,1,1,1,1963,5,2,6,-1,0,0,-1,2.021E+11,3,415,-1,NULL,2,2,0,1,12,340,3,NULL,-1,1,0,1,80
2.021E+11,25,9,2021,09:30:00,1,88,88106,1,1,1,5,route départementale 415,"481,834,710,000","69,760,500,000",2.021E+11,170 949,F01,1,1,0,0,0,1,5,NULL,2.021E+11,226 660,170 951,H01,1,1,1,1,1963,5,2,6,-1,0,0,-1,2.021E+11,3,415,-1,NULL,2,2,0,1,12,340,3,NULL,-1,1,0,1,80
2.021E+11,25,9,2021,09:30:00,1,88,88106,1,1,1,5,route départementale 415,"481,834,710,000","69,760,500,000",2.021E+11,170 948,E01,1,1,0,2,1,1,5,NULL,2.021E+11,226 660,170 951,H01,1,1,1,1,1963,5,2,6,-1,0,0,-1,2.021E+11,3,415,-1,NULL,2,2,0,1,12,340,3,NULL,-1,1,0,1,80
2.021E+11,25,9,2021,09:30:00,1,88,88106,1,1,1,5,route départementale 415,"481,834,710,000","69,760,500,000",2.021E+11,170 947,D01,1,1,0,0,0,1,5,NULL,2.021E+11,226 660,170 951,H01,1,1,1,1,1963,5,2,6,-1,0,0,-1,2.021E+11,3,415,-1,NULL,2,2,0,1,12,340,3,NULL,-1,1,0,1,80
2.021E+11,25,9,2021,09:30:00,1,88,88106,1,1,1,5,route départementale 415,"481,834,710,000","69,760,500,000",2.021E+11,170 946,C01,1,1,0,0,0,1,5,NULL,2.021E+11,226 660,170 951,H01,1,1,1,1,1963,5,2,6,-1,0,0,-1,2.021E+11,3,415,-1,NULL,2,2,0,1,12,340,3,NULL,-1,1,0,1,80
2.021E+11,25,9,2021,09:30:00,1,88,88106,1,1,1,5,route départementale 415,"481,834,710,000","69,760,500,000",2.021E+11,170 945,B01,1,1,0,2,1,1,5,NULL,2.021E+11,226 660,170 951,H01,1,1,1,1,1963,5,2,6,-1,0,0,-1,2.021E+11,3,415,-1,NULL,2,2,0,1,12,340,3,NULL,-1,1,0,1,80
2.021E+11,25,9,2021,09:30:00,1,88,88106,1,1,1,5,route départementale 415,"481,834,710,000","69,760,500,000",2.021E+11,170 951,H01,1,1,0,0,0,1,5,NULL,2.021E+11,226 661,170 952,I01,1,1,1,1,1976,5,1,-1,-1,0,0,-1,2.021E+11,3,415,-1,NULL,2,2,0,1,12,340,3,NULL,-1,1,0,1,80
2.021E+11,25,9,2021,09:30:00,1,88,88106,1,1,1,5,route départementale 415,"481,834,710,000","69,760,500,000",2.021E+11,170 950,G01,1,1,0,0,0,1,5,NULL,2.021E+11,226 661,170 952,I01,1,1,1,1,1976,5,1,-1,-1,0,0,-1,2.021E+11,3,415,-1,NULL,2,2,0,1,12,340,3,NULL,-1,1,0,1,80
2.021E+11,25,9,2021,09:30:00,1,88,88106,1,1,1,5,route départementale 415,"481,834,710,000","69,760,500,000",2.021E+11,170 949,F01,1,1,0,0,0,1,5,NULL,2.021E+11,226 661,170 952,I01,1,1,1,1,1976,5,1,-1,-1,0,0,-1,2.021E+11,3,415,-1,NULL,2,2,0,1,12,340,3,NULL,-1,1,0,1,80
2.021E+11,25,9,2021,09:30:00,1,88,88106,1,1,1,5,route départementale 415,"481,834,710,000","69,760,500,000",2.021E+11,170 948,E01,1,1,0,2,1,1,5,NULL,2.021E+11,226 661,170 952,I01,1,1,1,1,1976,5,1,-1,-1,0,0,-1,2.021E+11,3,415,-1,NULL,2,2,0,1,12,340,3,NULL,-1,1,0,1,80
2.021E+11,25,9,2021,09:30:00,1,88,88106,1,1,1,5,route départementale 415,"481,834,710,000","69,760,500,000",2.021E+11,170 947,D01,1,1,0,0,0,1,5,NULL,2.021E+11,226 661,170 952,I01,1,1,1,1,1976,5,1,-1,-1,0,0,-1,2.021E+11,3,415,-1,NULL,2,2,0,1,12,340,3,NULL,-1,1,0,1,80
2.021E+11,25,9,2021,09:30:00,1,88,88106,1,1,1,5,route départementale 415,"481,834,710,000","69,760,500,000",2.021E+11,170 946,C01,1,1,0,0,0,1,5,NULL,2.021E+11,226 661,170 952,I01,1,1,1,1,1976,5,1,-1,-1,0,0,-1,2.021E+11,3,415,-1,NULL,2,2,0,1,12,340,3,NULL,-1,1,0,1,80