Num_Acc,jour,mois,an,hrmn,lum,dep,com,agg,int,atm,col,adr,lat,long,Num_Acc,id_vehicule,num_veh,senc,catv,obs,obsm,choc,manv,motor,occutc,Num_Acc,id_usager,id_vehicule,num_veh,place,catu,grav,sexe,an_nais,trajet,secu1,secu2,secu3,locp,actp,etatp,Num_Acc,catr,voie,v1,v2,circ,nbv,vosp,prof,pr,pr1,plan,lartpc,larrout,surf,infra,situ,vma
2.021E+11,25,9,2021,09:30:00,1,88,88106,1,1,1,5,route départementale 415,"481,834,710,000","69,760,500,000",2.021E+11,170 945,B01,1,1,0,2,1,1,5,NULL,2.021E+11,226 661,170 952,I01,1,1,1,1,1976,5,1,-1,-1,0,0,-1,2.021E+11,3,415,-1,NULL,2,2,0,1,12,340,3,NULL,-1,1,0,1,80
2.021E+11,18,9,2021,19:40:00,2,75,75113,2,3,1,3,RUE PHILIPPE DE CHAMPAGNE,"488,328,610,000","23,555,400,000",2.021E+11,169 125,A01,1,1,0,2,3,1,5,NULL,2.021E+11,224 253,169 124,B01,1,1,1,1,1994,4,2,0,-1,0,0,-1,2.021E+11,4,RUE PHILIPPE DE CHAMPAGNE,0,NULL,2,2,1,1,-1,-1,1,NULL,-1,1,0,5,30
2.021E+11,18,9,2021,19:40:00,2,75,75113,2,3,1,3,RUE PHILIPPE DE CHAMPAGNE,"488,328,610,000","23,555,400,000",2.021E+11,169 125,A01,1,1,0,2,3,1,5,NULL,2.021E+11,224 254,169 125,A01,1,1,4,2,1980,5,2,0,-1,0,0,-1,2.021E+11,4,RUE PHILIPPE DE CHAMPAGNE,0,NULL,2,2,1,1,-1,-1,1,NULL,-1,1,0,5,30
2.021E+11,17,9,2021,08:10:00,1,67,67482,2,1,1,2,PECHEURS (QUAI DES),"485,838,440,065","77,585,437,149",2.021E+11,168 873,A01,1,1,0,2,8,18,5,NULL,2.021E+11,223 910,168 872,B01,1,1,4,1,1963,1,8,0,-1,-1,-1,-1,2.021E+11,4,PECHEURS (QUAI DES),0,NULL,3,3,1,2,0,0,1,NULL,-1,1,0,1,50
2.021E+11,17,9,2021,08:10:00,1,67,67482,2,1,1,2,PECHEURS (QUAI DES),"485,838,440,065","77,585,437,149",2.021E+11,168 872,B01,1,1,0,2,7,12,5,NULL,2.021E+11,223 910,168 872,B01,1,1,4,1,1963,1,8,0,-1,-1,-1,-1,2.021E+11,4,PECHEURS (QUAI DES),0,NULL,3,3,1,2,0,0,1,NULL,-1,1,0,1,50
2.021E+11,17,9,2021,08:10:00,1,67,67482,2,1,1,2,PECHEURS (QUAI DES),"485,838,440,065","77,585,437,149",2.021E+11,168 873,A01,1,1,0,2,8,18,5,NULL,2.021E+11,223 911,168 873,A01,1,1,1,2,1967,0,8,0,-1,-1,-1,-1,2.021E+11,4,PECHEURS (QUAI DES),0,NULL,3,3,1,2,0,0,1,NULL,-1,1,0,1,50
2.021E+11,17,9,2021,08:10:00,1,67,67482,2,1,1,2,PECHEURS (QUAI DES),"485,838,440,065","77,585,437,149",2.021E+11,168 872,B01,1,1,0,2,7,12,5,NULL,2.021E+11,223 911,168 873,A01,1,1,1,2,1967,0,8,0,-1,-1,-1,-1,2.021E+11,4,PECHEURS (QUAI DES),0,NULL,3,3,1,2,0,0,1,NULL,-1,1,0,1,50
2.021E+11,27,8,2021,17:05:00,1,59,59350,2,9,1,2,LIBERTE BVD N°2 - 90-51 - 145,"506,330,000,000","30,592,300,000",2.021E+11,161 885,A01,3,1,0,2,6,2,5,NULL,2.021E+11,214 744,161 884,Z01,1,1,1,-1,NULL,-1,-1,-1,-1,-1,-1,-1,2.021E+11,4,LIBERTE BVD N°2 - 90-51 - 145,0,NULL,2,4,1,1,-1,-1,1,NULL,-1,1,5,5,50
2.021E+11,27,8,2021,17:05:00,1,59,59350,2,9,1,2,LIBERTE BVD N°2 - 90-51 - 145,"506,330,000,000","30,592,300,000",2.021E+11,161 885,A01,3,1,0,2,6,2,5,NULL,2.021E+11,214 745,161 885,A01,1,1,3,2,1991,0,8,0,-1,-1,-1,-1,2.021E+11,4,LIBERTE BVD N°2 - 90-51 - 145,0,NULL,2,4,1,1,-1,-1,1,NULL,-1,1,5,5,50
2.021E+11,20,8,2021,09:50:00,1,67,67482,2,1,1,3,ALSACE (AVENUE D ),"485,867,500,000","77,612,660,000",2.021E+11,160 853,B01,2,1,0,2,5,19,5,NULL,2.021E+11,213 393,160 853,B01,1,1,4,1,1966,0,8,0,-1,-1,-1,-1,2.021E+11,4,NULL,0,NULL,2,5,1,1,0,0,1,NULL,-1,1,0,5,50
2.021E+11,20,8,2021,09:50:00,1,67,67482,2,1,1,3,ALSACE (AVENUE D ),"485,867,500,000","77,612,660,000",2.021E+11,160 853,B01,2,1,0,2,5,19,5,NULL,2.021E+11,213 394,160 854,A01,1,1,1,1,1974,5,2,8,-1,-1,-1,-1,2.021E+11,4,NULL,0,NULL,2,5,1,1,0,0,1,NULL,-1,1,0,5,50
2.021E+11,10,8,2021,17:20:00,1,65,65100,2,6,1,3,MONTAIGU (RUE DU),"432,582,800,000","0,0395700000",2.021E+11,157 440,B01,1,1,0,2,7,26,6,NULL,2.021E+11,208 645,157 440,B01,1,1,4,2,1991,1,8,-1,-1,0,0,-1,2.021E+11,3,COMMANDEUR (AVENUE DU),0,NULL,2,2,0,1,10,888,1,NULL,-1,1,5,1,50
2.021E+11,10,8,2021,17:20:00,1,65,65100,2,6,1,3,MONTAIGU (RUE DU),"432,582,800,000","0,0395700000",2.021E+11,157 440,B01,1,1,0,2,7,26,6,NULL,2.021E+11,208 646,157 441,A01,1,1,1,2,1985,1,1,-1,-1,0,0,-1,2.021E+11,3,COMMANDEUR (AVENUE DU),0,NULL,2,2,0,1,10,888,1,NULL,-1,1,5,1,50
2.021E+11,10,8,2021,10:40:00,1,9,9225,2,1,1,3,PASSERONNE CHEMIN DE LA,"431,014,000,000","16,239,900,000",2.021E+11,157 392,A01,3,1,0,2,0,26,5,NULL,2.021E+11,208 587,157 392,A01,1,1,4,2,2004,1,8,8,-1,-1,-1,-1,2.021E+11,4,PASSERONNE CHEMIN DE LA,0,NULL,2,2,0,1,0,0,3,NULL,-1,1,0,1,30
2.021E+11,10,8,2021,10:40:00,1,9,9225,2,1,1,3,PASSERONNE CHEMIN DE LA,"431,014,000,000","16,239,900,000",2.021E+11,157 392,A01,3,1,0,2,0,26,5,NULL,2.021E+11,208 588,157 393,B01,1,1,1,-1,NULL,-1,-1,-1,-1,-1,-1,-1,2.021E+11,4,PASSERONNE CHEMIN DE LA,0,NULL,2,2,0,1,0,0,3,NULL,-1,1,0,1,30
2.021E+11,22,7,2021,12:43:00,1,75,75108,2,7,1,3,PLACE DE LA CONCORDE,"488,667,960,000","23,220,820,000",2.021E+11,153 292,B01,2,1,0,2,1,1,5,NULL,2.021E+11,202 905,153 292,B01,1,1,4,2,1996,9,8,0,-1,0,0,-1,2.021E+11,4,PLACE DE LA CONCORDE,0,NULL,2,6,0,1,-1,-1,1,NULL,-1,1,0,1,50
2.021E+11,22,7,2021,12:43:00,1,75,75108,2,7,1,3,PLACE DE LA CONCORDE,"488,667,960,000","23,220,820,000",2.021E+11,153 292,B01,2,1,0,2,1,1,5,NULL,2.021E+11,202 906,153 293,A01,1,1,1,1,1978,4,1,0,-1,0,0,-1,2.021E+11,4,PLACE DE LA CONCORDE,0,NULL,2,6,0,1,-1,-1,1,NULL,-1,1,0,1,50
2.021E+11,20,7,2021,08:40:00,1,37,37261,2,3,1,6,PROUDHON (AVENUE),"473,948,651,545","0,6713187168",2.021E+11,151 798,B01,3,1,0,2,0,0,5,NULL,2.021E+11,200 826,151 797,A01,1,1,1,1,1968,5,1,0,-1,-1,-1,-1,2.021E+11,4,PROUDHON (AVENUE),0,NULL,2,2,0,1,-1,-1,1,NULL,-1,1,6,1,50
2.021E+11,20,7,2021,08:40:00,1,37,37261,2,3,1,6,PROUDHON (AVENUE),"473,948,651,545","0,6713187168",2.021E+11,151 798,B01,3,1,0,2,0,0,5,NULL,2.021E+11,200 827,151 798,B01,1,1,4,2,1988,0,2,0,-1,-1,-1,-1,2.021E+11,4,PROUDHON (AVENUE),0,NULL,2,2,0,1,-1,-1,1,NULL,-1,1,6,1,50
2.021E+11,11,7,2021,01:45:00,4,29,29197,2,1,1,2,Rue de Locquéran,"480,240,550,000","-45,340,790,000",2.021E+11,149 844,B01,3,1,0,2,4,2,5,NULL,2.021E+11,198 121,149 844,B01,1,1,4,2,2006,5,0,-1,-1,0,0,-1,2.021E+11,4,784,0,D,2,2,0,1,95,300,1,NULL,-1,1,0,1,50
2.021E+11,11,7,2021,01:45:00,4,29,29197,2,1,1,2,Rue de Locquéran,"480,240,550,000","-45,340,790,000",2.021E+11,149 844,B01,3,1,0,2,4,2,5,NULL,2.021E+11,198 122,149 845,A01,1,1,1,-1,NULL,-1,-1,-1,-1,-1,-1,-1,2.021E+11,4,784,0,D,2,2,0,1,95,300,1,NULL,-1,1,0,1,50
2.021E+11,29,6,2021,17:15:00,1,91,91687,2,2,1,2,MARMONT (AVENUE),"486,600,000,000","23,700,000,000",2.021E+11,146 715,B01,3,1,0,2,1,1,5,NULL,2.021E+11,193 843,146 715,B01,1,1,4,1,1986,5,8,0,-1,-1,-1,-1,2.021E+11,4,NULL,0,NULL,2,4,0,4,0,0,1,NULL,-1,1,0,1,50
2.021E+11,29,6,2021,17:15:00,1,91,91687,2,2,1,2,MARMONT (AVENUE),"486,600,000,000","23,700,000,000",2.021E+11,146 715,B01,3,1,0,2,1,1,5,NULL,2.021E+11,193 844,146 716,A01,1,1,1,2,1989,9,1,0,-1,-1,-1,-1,2.021E+11,4,NULL,0,NULL,2,4,0,4,0,0,1,NULL,-1,1,0,1,50
2.021E+11,27,6,2021,21:10:00,1,75,75111,2,3,1,2,RUE DES TROIS BORNES,"488,661,880,000","23,712,290,000",2.021E+11,144 629,A01,2,1,0,2,5,2,5,NULL,2.021E+11,191 057,144 628,B01,1,1,1,1,1989,9,2,6,-1,0,0,-1,2.021E+11,4,RUE DES TROIS BORNES,0,NULL,1,1,2,2,-1,-1,1,NULL,-1,1,0,1,50
2.021E+11,27,6,2021,21:10:00,1,75,75111,2,3,1,2,RUE DES TROIS BORNES,"488,661,880,000","23,712,290,000",2.021E+11,144 629,A01,2,1,0,2,5,2,5,NULL,2.021E+11,191 058,144 629,A01,1,1,4,1,1961,9,2,0,-1,0,0,-1,2.021E+11,4,RUE DES TROIS BORNES,0,NULL,1,1,2,2,-1,-1,1,NULL,-1,1,0,1,50
2.021E+11,25,6,2021,18:35:00,1,75,75111,2,3,1,5,BOULEVARD BEAUMARCHAIS,"488,594,910,000","23,676,130,000",2.021E+11,144 298,C01,2,1,0,2,3,23,5,NULL,2.021E+11,190 562,144 298,C01,1,1,1,2,1965,9,2,0,-1,0,0,-1,2.021E+11,4,BOULEVARD BEAUMARCHAIS,0,NULL,2,4,0,1,-1,-1,1,NULL,-1,1,0,1,50
2.021E+11,25,6,2021,18:35:00,1,75,75111,2,3,1,5,BOULEVARD BEAUMARCHAIS,"488,594,910,000","23,676,130,000",2.021E+11,144 298,C01,2,1,0,2,3,23,5,NULL,2.021E+11,190 563,144 299,B01,1,1,4,1,2000,9,2,6,-1,0,0,-1,2.021E+11,4,BOULEVARD BEAUMARCHAIS,0,NULL,2,4,0,1,-1,-1,1,NULL,-1,1,0,1,50
2.021E+11,25,6,2021,18:35:00,1,75,75111,2,3,1,5,BOULEVARD BEAUMARCHAIS,"488,594,910,000","23,676,130,000",2.021E+11,144 298,C01,2,1,0,2,3,23,5,NULL,2.021E+11,190 564,144 300,A01,1,1,1,1,1954,5,1,0,-1,0,0,-1,2.021E+11,4,BOULEVARD BEAUMARCHAIS,0,NULL,2,4,0,1,-1,-1,1,NULL,-1,1,0,1,50
2.021E+11,25,6,2021,13:45:00,1,42,42174,1,3,1,3,Route de Villedieu,"457,377,150,000","41,635,310,000",2.021E+11,143 833,B01,0,1,0,2,8,15,5,NULL,2.021E+11,189 928,143 833,B01,1,1,4,1,2006,5,0,-1,-1,0,0,-1,2.021E+11,3,1089,-1,D,2,2,0,1,18,900,1,NULL,-1,1,0,1,80
2.021E+11,25,6,2021,13:45:00,1,42,42174,1,3,1,3,Route de Villedieu,"457,377,150,000","41,635,310,000",2.021E+11,143 833,B01,0,1,0,2,8,15,5,NULL,2.021E+11,189 929,143 834,A01,1,1,1,1,1990,5,1,-1,-1,0,0,-1,2.021E+11,3,1089,-1,D,2,2,0,1,18,900,1,NULL,-1,1,0,1,80
2.021E+11,10,6,2021,13:50:00,1,53,53201,1,1,1,2,Avenue Pierre de Coubertin,"480,790,970,000"," -0,8202820000",2.021E+11,140 895,B01,1,1,0,2,4,19,5,NULL,2.021E+11,186 113,140 894,A01,1,1,1,1,1999,1,1,8,-1,-1,-1,-1,2.021E+11,4,RD 900 VERS RENNES,0,NULL,2,2,0,1,-1,-1,3,NULL,-1,1,0,1,50
2.021E+11,10,6,2021,13:50:00,1,53,53201,1,1,1,2,Avenue Pierre de Coubertin,"480,790,970,000"," -0,8202820000",2.021E+11,140 895,B01,1,1,0,2,4,19,5,NULL,2.021E+11,186 114,140 895,B01,1,1,3,1,1949,5,2,8,-1,-1,-1,-1,2.021E+11,4,RD 900 VERS RENNES,0,NULL,2,2,0,1,-1,-1,3,NULL,-1,1,0,1,50
2.021E+11,9,6,2021,08:44:00,1,7,7102,2,2,1,3,Avenue Georges CLEMENCEAU,"449,330,900,000","48,630,200,000",2.021E+11,138 211,B01,3,1,0,2,2,1,5,NULL,2.021E+11,182 591,138 210,A01,1,1,1,2,1975,1,1,0,-1,-1,-1,-1,2.021E+11,4,Avenue Georges CLEMENCEAU,0,NULL,1,1,0,1,0,0,2,NULL,-1,1,0,1,50
2.021E+11,9,6,2021,08:44:00,1,7,7102,2,2,1,3,Avenue Georges CLEMENCEAU,"449,330,900,000","48,630,200,000",2.021E+11,138 211,B01,3,1,0,2,2,1,5,NULL,2.021E+11,182 592,138 211,B01,1,1,3,2,1993,1,8,0,-1,-1,-1,-1,2.021E+11,4,Avenue Georges CLEMENCEAU,0,NULL,1,1,0,1,0,0,2,NULL,-1,1,0,1,50
2.021E+11,13,5,2021,09:25:00,1,56,56027,1,2,1,5,Maigris,"479,231,510,000","-26,760,186,000",2.021E+11,136 791,C01,1,1,0,2,3,1,5,NULL,2.021E+11,180 757,136 790,B01,1,1,4,1,1938,5,2,-1,-1,0,0,-1,2.021E+11,3,724,-1,NULL,2,2,0,1,43,350,1,NULL,-1,1,0,1,80
2.021E+11,13,5,2021,09:25:00,1,56,56027,1,2,1,5,Maigris,"479,231,510,000","-26,760,186,000",2.021E+11,136 790,B01,1,1,0,0,8,1,5,NULL,2.021E+11,180 757,136 790,B01,1,1,4,1,1938,5,2,-1,-1,0,0,-1,2.021E+11,3,724,-1,NULL,2,2,0,1,43,350,1,NULL,-1,1,0,1,80
2.021E+11,13,5,2021,09:25:00,1,56,56027,1,2,1,5,Maigris,"479,231,510,000","-26,760,186,000",2.021E+11,136 791,C01,1,1,0,2,3,1,5,NULL,2.021E+11,180 758,136 791,C01,1,1,4,1,1938,5,2,-1,-1,0,0,-1,2.021E+11,3,724,-1,NULL,2,2,0,1,43,350,1,NULL,-1,1,0,1,80
2.021E+11,13,5,2021,09:25:00,1,56,56027,1,2,1,5,Maigris,"479,231,510,000","-26,760,186,000",2.021E+11,136 790,B01,1,1,0,0,8,1,5,NULL,2.021E+11,180 758,136 791,C01,1,1,4,1,1938,5,2,-1,-1,0,0,-1,2.021E+11,3,724,-1,NULL,2,2,0,1,43,350,1,NULL,-1,1,0,1,80
2.021E+11,13,5,2021,09:25:00,1,56,56027,1,2,1,5,Maigris,"479,231,510,000","-26,760,186,000",2.021E+11,136 791,C01,1,1,0,2,3,1,5,NULL,2.021E+11,180 759,136 792,A01,1,1,1,1,1949,5,1,-1,-1,0,0,-1,2.021E+11,3,724,-1,NULL,2,2,0,1,43,350,1,NULL,-1,1,0,1,80
2.021E+11,13,5,2021,09:25:00,1,56,56027,1,2,1,5,Maigris,"479,231,510,000","-26,760,186,000",2.021E+11,136 790,B01,1,1,0,0,8,1,5,NULL,2.021E+11,180 759,136 792,A01,1,1,1,1,1949,5,1,-1,-1,0,0,-1,2.021E+11,3,724,-1,NULL,2,2,0,1,43,350,1,NULL,-1,1,0,1,80
2.021E+11,3,6,2021,17:05:00,1,49,49007,2,1,1,6,ALLONNEAU(AUGUSTE) BOULEVARD,"474,840,000,000"," -0,5269000000",2.021E+11,136 599,A01,3,1,0,1,1,19,5,NULL,2.021E+11,180 492,136 599,A01,1,1,1,1,1985,9,8,0,-1,-1,-1,-1,2.021E+11,4,ALLONNEAU(AUGUSTE) BOULEVARD,0,NULL,2,2,0,1,1,0,1,NULL,-1,1,0,1,50
2.021E+11,3,6,2021,17:05:00,1,49,49007,2,1,1,6,ALLONNEAU(AUGUSTE) BOULEVARD,"474,840,000,000"," -0,5269000000",2.021E+11,136 599,A01,3,1,0,1,1,19,5,NULL,2.021E+11,180 493,136 599,A01,10,3,4,1,2015,2,0,-1,-1,3,3,2,2.021E+11,4,ALLONNEAU(AUGUSTE) BOULEVARD,0,NULL,2,2,0,1,1,0,1,NULL,-1,1,0,1,50
2.021E+11,2,6,2021,07:02:00,1,49,49015,2,1,2,1,MENDES FRANCE AVENUE PIERRE,"474,936,700,000"," -0,5761000000",2.021E+11,136 268,A01,1,1,0,2,1,26,5,NULL,2.021E+11,180 073,136 267,B01,1,1,1,1,1983,1,1,0,-1,-1,-1,-1,2.021E+11,4,MENDES FRANCE AVENUE PIERRE,0,NULL,1,2,0,1,1,0,1,NULL,-1,2,0,1,50
2.021E+11,2,6,2021,07:02:00,1,49,49015,2,1,2,1,MENDES FRANCE AVENUE PIERRE,"474,936,700,000"," -0,5761000000",2.021E+11,136 268,A01,1,1,0,2,1,26,5,NULL,2.021E+11,180 074,136 268,A01,1,1,4,2,2002,1,8,0,-1,-1,-1,-1,2.021E+11,4,MENDES FRANCE AVENUE PIERRE,0,NULL,1,2,0,1,1,0,1,NULL,-1,2,0,1,50
2.021E+11,29,5,2021,15:30:00,1,75,75102,2,2,1,7,BOULEVARD DE SEBASTOPOL,"488,670,320,000","23,529,740,000",2.021E+11,134 408,A01,1,1,0,0,0,21,5,NULL,2.021E+11,177 654,134 408,A01,1,1,4,1,1971,5,8,0,-1,0,0,-1,2.021E+11,4,BOULEVARD DE SEBASTOPOL,0,NULL,2,4,1,1,-1,-1,1,NULL,-1,1,0,5,50
2.021E+11,19,5,2021,13:00:00,1,47,47323,2,2,1,3,JUILLET (BOULEVARD DU 14),"444,092,991,878","0,7023951709",2.021E+11,132 067,Y01,2,1,0,2,1,1,5,NULL,2.021E+11,174 563,132 066,A01,1,1,1,1,1947,5,1,0,-1,0,0,-1,2.021E+11,4,JUILLET (BOULEVARD DU 14),0,NULL,1,1,0,2,0,0,1,NULL,-1,1,0,1,50
2.021E+11,19,5,2021,13:00:00,1,47,47323,2,2,1,3,JUILLET (BOULEVARD DU 14),"444,092,991,878","0,7023951709",2.021E+11,132 067,Y01,2,1,0,2,1,1,5,NULL,2.021E+11,174 564,132 067,Y01,1,1,3,1,1965,0,0,0,-1,0,0,-1,2.021E+11,4,JUILLET (BOULEVARD DU 14),0,NULL,1,1,0,2,0,0,1,NULL,-1,1,0,1,50
2.021E+11,20,5,2021,10:10:00,1,35,35051,2,6,1,3,TAILLIS (ROND-POINT DU),"481,145,000,000","-16,200,000,000",2.021E+11,131 721,B01,3,1,0,2,3,1,5,NULL,2.021E+11,174 116,131 721,B01,1,1,4,1,1999,0,8,-1,-1,-1,-1,-1,2.021E+11,4,TAILLIS (ROND-POINT DU),0,NULL,1,1,2,1,-1,-1,3,NULL,-1,1,5,5,50
2.021E+11,20,5,2021,10:10:00,1,35,35051,2,6,1,3,TAILLIS (ROND-POINT DU),"481,145,000,000","-16,200,000,000",2.021E+11,131 721,B01,3,1,0,2,3,1,5,NULL,2.021E+11,174 117,131 722,A01,1,1,1,1,1950,5,1,-1,-1,-1,-1,-1,2.021E+11,4,TAILLIS (ROND-POINT DU),0,NULL,1,1,2,1,-1,-1,3,NULL,-1,1,5,5,50
2.021E+11,2,4,2021,13:15:00,1,7,7201,1,1,1,3,D 111,"444,289,530,000","43,318,960,000",2.021E+11,127 505,B01,3,1,0,2,4,15,5,NULL,2.021E+11,168 567,127 505,B01,1,1,3,1,1958,5,0,-1,-1,0,0,-1,2.021E+11,3,111,-1,D,2,2,0,1,1,150,1,NULL,-1,1,0,1,-1
2.021E+11,2,4,2021,13:15:00,1,7,7201,1,1,1,3,D 111,"444,289,530,000","43,318,960,000",2.021E+11,127 505,B01,3,1,0,2,4,15,5,NULL,2.021E+11,168 568,127 506,A01,1,1,1,2,1997,5,1,-1,-1,0,0,-1,2.021E+11,3,111,-1,D,2,2,0,1,1,150,1,NULL,-1,1,0,1,-1
2.021E+11,30,4,2021,11:08:00,1,75,75115,2,1,1,3,RUE FONDARY,"488,464,790,000","22,973,780,000",2.021E+11,126 675,B01,2,1,0,2,1,1,5,NULL,2.021E+11,167 479,126 674,A01,1,1,1,1,1990,4,2,0,-1,0,0,-1,2.021E+11,4,RUE FONDARY,0,NULL,1,1,1,1,-1,-1,1,NULL,-1,1,0,5,50
2.021E+11,30,4,2021,11:08:00,1,75,75115,2,1,1,3,RUE FONDARY,"488,464,790,000","22,973,780,000",2.021E+11,126 675,B01,2,1,0,2,1,1,5,NULL,2.021E+11,167 480,126 675,B01,1,1,4,2,1990,5,2,0,-1,0,0,-1,2.021E+11,4,RUE FONDARY,0,NULL,1,1,1,1,-1,-1,1,NULL,-1,1,0,5,50
2.021E+11,29,4,2021,18:05:00,1,89,89289,2,1,1,3,34 Rue du Pilori,"479,539,100,000","33,681,130,000",2.021E+11,126 332,A01,1,1,0,2,1,1,5,NULL,2.021E+11,167 036,126 331,B01,1,1,1,1,2002,0,2,-1,-1,0,0,-1,2.021E+11,3,182,0,D,2,2,0,2,5,730,1,NULL,-1,1,0,1,50
2.021E+11,29,4,2021,18:05:00,1,89,89289,2,1,1,3,34 Rue du Pilori,"479,539,100,000","33,681,130,000",2.021E+11,126 332,A01,1,1,0,2,1,1,5,NULL,2.021E+11,167 037,126 332,A01,1,1,4,2,1992,5,2,-1,-1,0,0,-1,2.021E+11,3,182,0,D,2,2,0,2,5,730,1,NULL,-1,1,0,1,50
2.021E+11,23,4,2021,13:40:00,1,29,29232,2,1,1,1,Avenue de la Liberation,"479,925,300,000","-40,824,700,000",2.021E+11,125 485,B01,1,1,0,2,1,13,5,NULL,2.021E+11,165 972,125 484,A01,2,2,1,1,2003,0,1,8,-1,-1,-1,-1,2.021E+11,4,LIBERATION AVENUE DE LA,0,NULL,2,2,0,1,-1,-1,1,NULL,-1,1,8,1,50
2.021E+11,23,4,2021,13:40:00,1,29,29232,2,1,1,1,Avenue de la Liberation,"479,925,300,000","-40,824,700,000",2.021E+11,125 485,B01,1,1,0,2,1,13,5,NULL,2.021E+11,165 973,125 484,A01,1,1,1,1,1983,5,1,8,-1,0,0,-1,2.021E+11,4,LIBERATION AVENUE DE LA,0,NULL,2,2,0,1,-1,-1,1,NULL,-1,1,8,1,50
2.021E+11,23,4,2021,13:40:00,1,29,29232,2,1,1,1,Avenue de la Liberation,"479,925,300,000","-40,824,700,000",2.021E+11,125 485,B01,1,1,0,2,1,13,5,NULL,2.021E+11,165 974,125 485,B01,1,1,4,1,1988,1,8,0,-1,0,-1,-1,2.021E+11,4,LIBERATION AVENUE DE LA,0,NULL,2,2,0,1,-1,-1,1,NULL,-1,1,8,1,50
2.021E+11,25,4,2021,10:06:00,1,64,64495,2,6,8,3,D918,"433,512,950,000","-15,494,800,000",2.021E+11,125 409,B01,2,1,0,2,3,1,5,NULL,2.021E+11,165 870,125 409,B01,1,1,3,1,1952,5,2,-1,-1,0,0,-1,2.021E+11,3,D918,-1,NULL,-1,1,0,1,13,900,2,NULL,-1,1,5,1,50
2.021E+11,25,4,2021,10:06:00,1,64,64495,2,6,8,3,D918,"433,512,950,000","-15,494,800,000",2.021E+11,125 409,B01,2,1,0,2,3,1,5,NULL,2.021E+11,165 871,125 410,A01,1,1,1,1,2000,9,1,-1,-1,0,0,-1,2.021E+11,3,D918,-1,NULL,-1,1,0,1,13,900,2,NULL,-1,1,5,1,50
2.021E+11,21,4,2021,10:30:00,1,92,92049,2,2,1,3,BROSSOLETTE AVENUE PIERRE,"488,176,956,235","23,078,852,892",2.021E+11,124 416,A01,1,1,0,2,1,5,5,NULL,2.021E+11,164 589,124 416,A01,1,1,4,2,1976,0,2,0,-1,-1,-1,-1,2.021E+11,3,BROSSOLETTE AVENUE PIERRE,0,NULL,2,4,1,1,0,1,1,NULL,-1,1,0,1,50
2.021E+11,21,4,2021,10:30:00,1,92,92049,2,2,1,3,BROSSOLETTE AVENUE PIERRE,"488,176,956,235","23,078,852,892",2.021E+11,124 416,A01,1,1,0,2,1,5,5,NULL,2.021E+11,164 590,124 417,B01,1,1,1,2,1962,1,1,0,-1,-1,-1,-1,2.021E+11,3,BROSSOLETTE AVENUE PIERRE,0,NULL,2,4,1,1,0,1,1,NULL,-1,1,0,1,50
2.021E+11,20,4,2021,16:34:00,1,8,8105,2,3,1,3,ARAGON LOUIS.(BOULEVARD),"497,402,000,427","47,234,058,380",2.021E+11,124 191,B01,0,1,0,2,1,13,5,NULL,2.021E+11,164 302,124 190,A01,1,1,1,2,1984,5,1,8,-1,-1,-1,-1,2.021E+11,4,ARAGON LOUIS.(BOULEVARD),0,NULL,2,2,0,4,0,0,1,NULL,-1,1,0,1,50
2.021E+11,20,4,2021,16:34:00,1,8,8105,2,3,1,3,ARAGON LOUIS.(BOULEVARD),"497,402,000,427","47,234,058,380",2.021E+11,124 191,B01,0,1,0,2,1,13,5,NULL,2.021E+11,164 303,124 191,B01,1,1,3,1,1958,5,2,0,-1,-1,-1,-1,2.021E+11,4,ARAGON LOUIS.(BOULEVARD),0,NULL,2,2,0,4,0,0,1,NULL,-1,1,0,1,50
2.021E+11,14,3,2021,12:00:00,1,44,44069,2,1,6,3,D192,"472,968,230,000","-23,938,750,000",2.021E+11,119 501,B01,2,1,0,2,8,13,5,NULL,2.021E+11,158 180,119 501,B01,1,1,3,1,1949,5,8,-1,-1,0,0,-1,2.021E+11,3,192,-1,NULL,2,2,1,1,2,452,3,NULL,-1,1,0,1,50
2.021E+11,14,3,2021,12:00:00,1,44,44069,2,1,6,3,D192,"472,968,230,000","-23,938,750,000",2.021E+11,119 501,B01,2,1,0,2,8,13,5,NULL,2.021E+11,158 181,119 502,A01,1,1,1,1,1987,5,1,-1,-1,0,0,-1,2.021E+11,3,192,-1,NULL,2,2,1,1,2,452,3,NULL,-1,1,0,1,50
2.021E+11,19,3,2021,14:35:00,1,51,51454,2,1,1,7,Avenue de Laon,"492,644,285,691","40,270,185,426",2.021E+11,117 140,A01,1,1,0,1,1,25,5,NULL,2.021E+11,155 148,117 140,A01,10,3,4,2,1977,4,0,-1,-1,5,2,1,2.021E+11,3,LAON (AVENUE) DU N° 51 A 217 ET DU N° 62,0,NULL,2,2,0,1,17,100,1,NULL,-1,1,0,4,50
2.021E+11,19,3,2021,14:35:00,1,51,51454,2,1,1,7,Avenue de Laon,"492,644,285,691","40,270,185,426",2.021E+11,117 140,A01,1,1,0,1,1,25,5,NULL,2.021E+11,155 149,117 140,A01,1,1,1,1,1990,1,8,-1,-1,-1,-1,-1,2.021E+11,3,LAON (AVENUE) DU N° 51 A 217 ET DU N° 62,0,NULL,2,2,0,1,17,100,1,NULL,-1,1,0,4,50