Num_Acc,jour,mois,an,hrmn,lum,dep,com,agg,int,atm,col,adr,lat,long,Num_Acc,id_vehicule,num_veh,senc,catv,obs,obsm,choc,manv,motor,occutc,Num_Acc,id_usager,id_vehicule,num_veh,place,catu,grav,sexe,an_nais,trajet,secu1,secu2,secu3,locp,actp,etatp,Num_Acc,catr,voie,v1,v2,circ,nbv,vosp,prof,pr,pr1,plan,lartpc,larrout,surf,infra,situ,vma
2.021E+11,26,6,2021,13:50:00,1,91,91549,2,6,2,3,ROGER PERRIAUD (PLACE),"486,409,620,000","23,258,190,000",2.021E+11,144 401,B01,1,1,0,2,5,1,5,NULL,2.021E+11,190 707,144 401,B01,1,1,4,2,1992,5,8,0,-1,-1,-1,-1,2.021E+11,4,NULL,0,NULL,-1,7,0,1,0,0,1,NULL,-1,2,0,1,50
2.021E+11,26,6,2021,13:50:00,1,91,91549,2,6,2,3,ROGER PERRIAUD (PLACE),"486,409,620,000","23,258,190,000",2.021E+11,144 401,B01,1,1,0,2,5,1,5,NULL,2.021E+11,190 708,144 402,A01,1,1,1,1,2001,3,8,0,-1,-1,-1,-1,2.021E+11,4,NULL,0,NULL,-1,7,0,1,0,0,1,NULL,-1,2,0,1,50
2.021E+11,29,5,2021,18:30:00,1,22,22278,2,1,1,2,NOMINOE,"485,188,200,000","-27,807,400,000",2.021E+11,140 458,B01,1,1,15,2,4,1,5,NULL,2.021E+11,185 543,140 458,B01,1,1,4,1,2004,0,8,0,-1,0,0,-1,2.021E+11,4,NOMINOE,0,NULL,2,0,0,1,-1,-1,1,NULL,-1,1,0,1,50
2.021E+11,29,5,2021,18:30:00,1,22,22278,2,1,1,2,NOMINOE,"485,188,200,000","-27,807,400,000",2.021E+11,140 458,B01,1,1,15,2,4,1,5,NULL,2.021E+11,185 544,140 459,A01,1,1,-1,-1,NULL,-1,-1,-1,-1,-1,-1,-1,2.021E+11,4,NOMINOE,0,NULL,2,0,0,1,-1,-1,1,NULL,-1,1,0,1,50
2.021E+11,9,6,2021,17:30:00,2,988,98818,2,1,1,3,PROMENADE ROGER LAROQUE/PARKING HAUTEUR PISCINE MUNICIPALE,"-223,075,600,000","1,664,501,700,000",2.021E+11,138 351,B01,2,1,0,2,1,1,5,NULL,2.021E+11,182 782,138 351,B01,1,1,4,1,1987,5,2,2,-1,0,0,-1,2.021E+11,4,PROMENADE ROGER LAROQUE,0,NULL,2,2,1,2,0,0,1,NULL,-1,1,0,1,50
2.021E+11,9,6,2021,17:30:00,2,988,98818,2,1,1,3,PROMENADE ROGER LAROQUE/PARKING HAUTEUR PISCINE MUNICIPALE,"-223,075,600,000","1,664,501,700,000",2.021E+11,138 351,B01,2,1,0,2,1,1,5,NULL,2.021E+11,182 783,138 352,A01,1,1,1,1,2004,5,1,1,-1,0,0,-1,2.021E+11,4,PROMENADE ROGER LAROQUE,0,NULL,2,2,1,2,0,0,1,NULL,-1,1,0,1,50
2.021E+11,8,6,2021,08:40:00,1,65,65440,2,1,1,6,FORGES (AVENUE DES),"432,411,720,000","0,0782780000",2.021E+11,137 904,A01,1,1,0,1,1,1,5,NULL,2.021E+11,182 192,137 904,A01,1,1,1,1,1990,1,8,-1,-1,0,0,-1,2.021E+11,3,FORGES (AVENUE DES),0,NULL,-1,2,0,1,1,465,1,NULL,-1,1,0,1,50
2.021E+11,8,6,2021,08:40:00,1,65,65440,2,1,1,6,FORGES (AVENUE DES),"432,411,720,000","0,0782780000",2.021E+11,137 904,A01,1,1,0,1,1,1,5,NULL,2.021E+11,182 193,137 904,A01,10,3,4,2,1998,5,-1,-1,-1,8,A,1,2.021E+11,3,FORGES (AVENUE DES),0,NULL,-1,2,0,1,1,465,1,NULL,-1,1,0,1,50
2.021E+11,24,5,2021,06:35:00,2,83,83144,2,1,2,2,LIBERATION (AVE DE LA),"431,425,337,978","59,952,724,783",2.021E+11,132 802,A01,2,1,0,2,8,1,5,NULL,2.021E+11,175 586,132 802,A01,1,1,4,1,2004,5,8,0,-1,-1,-1,-1,2.021E+11,7,LIBERATION (AVE DE LA),0,NULL,2,2,0,2,12,470,1,NULL,-1,2,0,1,50
2.021E+11,24,5,2021,06:35:00,2,83,83144,2,1,2,2,LIBERATION (AVE DE LA),"431,425,337,978","59,952,724,783",2.021E+11,132 802,A01,2,1,0,2,8,1,5,NULL,2.021E+11,175 587,132 803,Z01,1,1,1,-1,NULL,-1,-1,-1,-1,-1,-1,-1,2.021E+11,7,LIBERATION (AVE DE LA),0,NULL,2,2,0,2,12,470,1,NULL,-1,2,0,1,50
2.021E+11,13,5,2021,18:45:00,1,22,22251,1,1,1,7,La Ruelle,"485,564,720,000","-28,516,980,000",2.021E+11,129 926,A01,3,1,0,0,2,1,5,NULL,2.021E+11,171 747,129 926,A01,1,1,3,2,1965,5,0,-1,-1,0,0,-1,2.021E+11,4,1,0,C,2,2,0,2,-1,-1,3,NULL,-1,1,0,1,80
2.021E+11,28,4,2021,01:31:00,5,63,63113,2,2,1,3,CLOS NOTRE DAME (RUE DU),"457,837,000,000","30,766,900,000",2.021E+11,126 241,A01,0,1,0,2,0,19,-1,NULL,2.021E+11,166 927,126 240,B01,1,1,1,1,1972,4,0,-1,-1,0,0,-1,2.021E+11,7,NULL,-1,NULL,1,2,-1,1,-1,-1,1,NULL,-1,1,0,1,-1
2.021E+11,28,4,2021,01:31:00,5,63,63113,2,2,1,3,CLOS NOTRE DAME (RUE DU),"457,837,000,000","30,766,900,000",2.021E+11,126 241,A01,0,1,0,2,0,19,-1,NULL,2.021E+11,166 928,126 241,A01,1,1,3,1,1994,0,0,-1,-1,0,0,-1,2.021E+11,7,NULL,-1,NULL,1,2,-1,1,-1,-1,1,NULL,-1,1,0,1,-1
2.021E+11,24,4,2021,10:45:00,1,75,75112,2,1,1,3,ROUTE ROYALE DE BEAUTE,"488,342,390,000","24,424,640,000",2.021E+11,125 299,A01,1,1,0,2,1,1,5,NULL,2.021E+11,165 727,125 298,B01,1,1,1,1,1989,5,2,0,-1,0,0,-1,2.021E+11,4,ROUTE ROYALE DE BEAUTE,0,NULL,3,1,1,1,-1,-1,1,NULL,-1,1,-1,5,50
2.021E+11,24,4,2021,10:45:00,1,75,75112,2,1,1,3,ROUTE ROYALE DE BEAUTE,"488,342,390,000","24,424,640,000",2.021E+11,125 298,B01,1,1,0,2,8,19,5,NULL,2.021E+11,165 727,125 298,B01,1,1,1,1,1989,5,2,0,-1,0,0,-1,2.021E+11,4,ROUTE ROYALE DE BEAUTE,0,NULL,3,1,1,1,-1,-1,1,NULL,-1,1,-1,5,50
2.021E+11,24,4,2021,10:45:00,1,75,75112,2,1,1,3,ROUTE ROYALE DE BEAUTE,"488,342,390,000","24,424,640,000",2.021E+11,125 299,A01,1,1,0,2,1,1,5,NULL,2.021E+11,165 728,125 299,A01,1,1,4,1,1978,5,2,0,-1,0,0,-1,2.021E+11,4,ROUTE ROYALE DE BEAUTE,0,NULL,3,1,1,1,-1,-1,1,NULL,-1,1,-1,5,50
2.021E+11,24,4,2021,10:45:00,1,75,75112,2,1,1,3,ROUTE ROYALE DE BEAUTE,"488,342,390,000","24,424,640,000",2.021E+11,125 298,B01,1,1,0,2,8,19,5,NULL,2.021E+11,165 728,125 299,A01,1,1,4,1,1978,5,2,0,-1,0,0,-1,2.021E+11,4,ROUTE ROYALE DE BEAUTE,0,NULL,3,1,1,1,-1,-1,1,NULL,-1,1,-1,5,50
2.021E+11,23,4,2021,18:50:00,1,94,94068,2,2,1,3,Avenue Louis Blanc,"487,921,010,000","24,971,460,000",2.021E+11,124 951,B01,3,1,0,2,8,0,5,NULL,2.021E+11,165 270,124 951,B01,1,1,4,1,2014,5,2,0,-1,-1,-1,-1,2.021E+11,3,AV LOUIS BLANC ,0,NULL,2,2,0,1,1,0,1,NULL,-1,1,0,1,50
2.021E+11,23,4,2021,18:50:00,1,94,94068,2,2,1,3,Avenue Louis Blanc,"487,921,010,000","24,971,460,000",2.021E+11,124 951,B01,3,1,0,2,8,0,5,NULL,2.021E+11,165 271,124 952,Z01,1,1,1,-1,NULL,-1,-1,-1,-1,-1,-1,-1,2.021E+11,3,AV LOUIS BLANC ,0,NULL,2,2,0,1,1,0,1,NULL,-1,1,0,1,50
2.021E+11,15,3,2021,01:45:00,5,75,75112,2,1,1,1,QUAI DE LA RAPEE,"488,448,520,000","23,689,150,000",2.021E+11,116 015,A01,2,1,0,2,1,5,5,NULL,2.021E+11,153 719,116 015,A01,1,1,3,2,1997,9,8,0,-1,0,0,-1,2.021E+11,4,QUAI DE LA RAPEE,0,NULL,1,3,0,2,-1,-1,1,NULL,-1,2,0,1,50
2.021E+11,15,3,2021,01:45:00,5,75,75112,2,1,1,1,QUAI DE LA RAPEE,"488,448,520,000","23,689,150,000",2.021E+11,116 015,A01,2,1,0,2,1,5,5,NULL,2.021E+11,153 720,116 016,B01,1,1,1,1,1961,1,1,0,-1,0,0,-1,2.021E+11,4,QUAI DE LA RAPEE,0,NULL,1,3,0,2,-1,-1,1,NULL,-1,2,0,1,50
2.021E+11,11,3,2021,11:30:00,1,74,74256,2,1,1,2,Rte du Fayet,"459,329,160,000","66,327,490,000",2.021E+11,114 873,B01,2,1,1,0,1,2,5,NULL,2.021E+11,152 229,114 873,B01,1,1,3,1,2001,5,0,-1,-1,0,0,-1,2.021E+11,3,1205,-1,D,2,2,0,1,53,300,1,NULL,-1,1,0,1,30
2.021E+11,11,3,2021,11:30:00,1,74,74256,2,1,1,2,Rte du Fayet,"459,329,160,000","66,327,490,000",2.021E+11,114 873,B01,2,1,1,0,1,2,5,NULL,2.021E+11,152 230,114 874,A01,1,1,1,1,1962,4,0,-1,-1,0,0,-1,2.021E+11,3,1205,-1,D,2,2,0,1,53,300,1,NULL,-1,1,0,1,30
2.021E+11,23,2,2021,19:50:00,5,69,69259,2,9,1,3,OSCHATZ (D')                        (AV),"456,957,618,897","48,812,180,109",2.021E+11,111 553,B01,3,1,0,2,1,1,0,NULL,2.021E+11,147 984,111 552,A01,1,1,1,1,1973,0,8,-1,-1,-1,-1,-1,2.021E+11,4,OSCHATZ (D')                        (AV),0,NULL,3,1,1,2,-1,-1,1,NULL,-1,1,0,5,50
2.021E+11,23,2,2021,19:50:00,5,69,69259,2,9,1,3,OSCHATZ (D')                        (AV),"456,957,618,897","48,812,180,109",2.021E+11,111 553,B01,3,1,0,2,1,1,0,NULL,2.021E+11,147 985,111 553,B01,1,1,4,1,1984,9,0,-1,-1,-1,-1,-1,2.021E+11,4,OSCHATZ (D')                        (AV),0,NULL,3,1,1,2,-1,-1,1,NULL,-1,1,0,5,50
2.021E+11,18,2,2021,08:55:00,1,25,25056,2,1,1,3,KASTLER RUE ALFRED,"472,280,930,000","59,764,980,000",2.021E+11,110 679,B01,3,1,0,2,8,1,0,NULL,2.021E+11,146 873,110 679,B01,1,1,4,2,1976,0,2,0,-1,0,0,-1,2.021E+11,4,KASTLER RUE ALFRED,0,NULL,2,2,0,1,-1,-1,1,NULL,-1,1,0,1,50
2.021E+11,18,2,2021,08:55:00,1,25,25056,2,1,1,3,KASTLER RUE ALFRED,"472,280,930,000","59,764,980,000",2.021E+11,110 679,B01,3,1,0,2,8,1,0,NULL,2.021E+11,146 874,110 680,A01,1,1,1,1,1964,0,8,0,-1,-1,-1,-1,2.021E+11,4,KASTLER RUE ALFRED,0,NULL,2,2,0,1,-1,-1,1,NULL,-1,1,0,1,50
2.021E+11,2,2,2021,16:10:00,1,75,75110,2,4,1,3,RUE LA FAYETTE,"488,824,340,000","23,691,670,000",2.021E+11,107 335,B01,3,1,0,2,3,15,5,NULL,2.021E+11,142 505,107 334,A01,1,1,1,1,1955,1,2,8,-1,0,0,-1,2.021E+11,4,RUE LA FAYETTE,0,NULL,2,2,1,1,-1,-1,1,NULL,-1,1,0,1,50
2.021E+11,2,2,2021,16:10:00,1,75,75110,2,4,1,3,RUE LA FAYETTE,"488,824,340,000","23,691,670,000",2.021E+11,107 335,B01,3,1,0,2,3,15,5,NULL,2.021E+11,142 506,107 335,B01,1,1,4,1,1957,9,8,0,-1,0,0,-1,2.021E+11,4,RUE LA FAYETTE,0,NULL,2,2,1,1,-1,-1,1,NULL,-1,1,0,1,50
2.021E+11,22,1,2021,07:20:00,5,56,56083,2,6,1,3,PONT-NEUF ( QUAI DU ),"478,034,600,000","-32,788,600,000",2.021E+11,105 119,B01,1,1,0,2,7,1,5,NULL,2.021E+11,139 548,105 118,A01,1,1,1,1,1992,1,1,8,-1,-1,-1,-1,2.021E+11,3,LIBERATION ( AV. DE LA ),0,NULL,2,2,0,2,95,25,1,NULL,-1,2,5,1,30
2.021E+11,22,1,2021,07:20:00,5,56,56083,2,6,1,3,PONT-NEUF ( QUAI DU ),"478,034,600,000","-32,788,600,000",2.021E+11,105 119,B01,1,1,0,2,7,1,5,NULL,2.021E+11,139 549,105 119,B01,1,1,4,1,1977,1,2,0,-1,-1,-1,-1,2.021E+11,3,LIBERATION ( AV. DE LA ),0,NULL,2,2,0,2,95,25,1,NULL,-1,2,5,1,30
2.021E+11,8,1,2021,07:50:00,2,10,10387,2,2,8,3,KLEBER (RUE),"483,032,600,000","40,852,900,000",2.021E+11,102 096,A01,2,1,0,2,3,19,5,NULL,2.021E+11,135 468,102 095,B01,1,1,1,1,1987,1,1,0,-1,-1,-1,-1,2.021E+11,4,KLEBER (RUE),0,NULL,2,2,0,1,-1,-1,1,NULL,-1,2,0,1,50
2.021E+11,8,1,2021,07:50:00,2,10,10387,2,2,8,3,KLEBER (RUE),"483,032,600,000","40,852,900,000",2.021E+11,102 096,A01,2,1,0,2,3,19,5,NULL,2.021E+11,135 469,102 096,A01,1,1,4,1,2003,2,8,0,-1,-1,-1,-1,2.021E+11,4,KLEBER (RUE),0,NULL,2,2,0,1,-1,-1,1,NULL,-1,2,0,1,50
2.021E+11,29,10,2021,23:57:00,5,75,75119,2,3,2,3,AVENUE DE FLANDRE,"488,947,710,000","23,823,290,000",2.021E+11,183 528,A01,1,1,0,2,1,17,5,NULL,2.021E+11,243 049,183 527,Z01,1,1,1,-1,NULL,-1,-1,-1,-1,-1,-1,-1,2.021E+11,4,AVENUE DE FLANDRE,0,NULL,3,5,1,1,-1,-1,1,NULL,-1,2,0,1,30
2.021E+11,29,10,2021,23:57:00,5,75,75119,2,3,2,3,AVENUE DE FLANDRE,"488,947,710,000","23,823,290,000",2.021E+11,183 528,A01,1,1,0,2,1,17,5,NULL,2.021E+11,243 050,183 528,A01,1,1,4,1,1980,9,0,0,-1,0,0,-1,2.021E+11,4,AVENUE DE FLANDRE,0,NULL,3,5,1,1,-1,-1,1,NULL,-1,2,0,1,30
2.021E+11,23,10,2021,19:10:00,5,37,37261,2,4,1,3,HEURTELOUP (BOULEVARD),"473,937,078,989","0,7026341335",2.021E+11,181 374,B01,2,1,0,2,1,19,5,NULL,2.021E+11,240 200,181 374,B01,1,1,4,1,2012,5,2,0,-1,-1,-1,-1,2.021E+11,4,HEURTELOUP (BOULEVARD),0,NULL,1,2,0,1,-1,-1,1,NULL,-1,1,0,1,50
2.021E+11,23,10,2021,19:10:00,5,37,37261,2,4,1,3,HEURTELOUP (BOULEVARD),"473,937,078,989","0,7026341335",2.021E+11,181 374,B01,2,1,0,2,1,19,5,NULL,2.021E+11,240 201,181 375,A01,1,1,1,1,1960,4,1,0,-1,-1,-1,-1,2.021E+11,4,HEURTELOUP (BOULEVARD),0,NULL,1,2,0,1,-1,-1,1,NULL,-1,1,0,1,50
2.021E+11,23,10,2021,18:46:00,2,92,92062,2,9,1,3,PUTEAUX (PONT DE),"488,781,257,887","22,427,693,009",2.021E+11,181 274,B01,0,1,0,2,0,0,5,NULL,2.021E+11,240 069,181 273,A01,1,1,1,1,1938,0,1,0,-1,-1,-1,-1,2.021E+11,3,PUTEAUX (PONT DE),0,NULL,3,6,1,1,0,0,1,NULL,-1,1,2,1,50
2.021E+11,23,10,2021,18:46:00,2,92,92062,2,9,1,3,PUTEAUX (PONT DE),"488,781,257,887","22,427,693,009",2.021E+11,181 274,B01,0,1,0,2,0,0,5,NULL,2.021E+11,240 070,181 274,B01,1,1,4,1,1966,0,0,-1,-1,0,0,-1,2.021E+11,3,PUTEAUX (PONT DE),0,NULL,3,6,1,1,0,0,1,NULL,-1,1,2,1,50
2.021E+11,12,10,2021,11:50:00,1,45,45234,2,3,1,3,DAVOUST (RUE EMILE DAVOUST),"479,038,800,000","19,102,600,000",2.021E+11,177 324,B01,1,1,0,2,1,5,0,NULL,2.021E+11,234 940,177 324,B01,1,1,4,2,1967,5,8,0,-1,-1,-1,-1,2.021E+11,4,DAVOUST (RUE EMILE DAVOUST),0,NULL,1,1,2,1,1,0,1,NULL,-1,1,6,1,30
2.021E+11,12,10,2021,11:50:00,1,45,45234,2,3,1,3,DAVOUST (RUE EMILE DAVOUST),"479,038,800,000","19,102,600,000",2.021E+11,177 324,B01,1,1,0,2,1,5,0,NULL,2.021E+11,234 941,177 325,A01,1,1,1,1,1999,5,1,0,-1,-1,-1,-1,2.021E+11,4,DAVOUST (RUE EMILE DAVOUST),0,NULL,1,1,2,1,1,0,1,NULL,-1,1,6,1,30
2.021E+11,7,10,2021,15:45:00,1,72,72181,1,1,1,1,BREGUET LOUIS (RUE),"479,759,200,000","0,1661500000",2.021E+11,175 651,B01,3,1,0,2,2,5,5,NULL,2.021E+11,232 766,175 650,A01,1,1,1,2,1964,0,1,0,-1,-1,-1,-1,2.021E+11,4,BREGUET LOUIS (RUE),0,NULL,2,2,2,1,0,0,1,NULL,-1,1,0,1,50
2.021E+11,7,10,2021,15:45:00,1,72,72181,1,1,1,1,BREGUET LOUIS (RUE),"479,759,200,000","0,1661500000",2.021E+11,175 651,B01,3,1,0,2,2,5,5,NULL,2.021E+11,232 767,175 651,B01,1,1,4,2,1953,0,8,0,-1,-1,-1,-1,2.021E+11,4,BREGUET LOUIS (RUE),0,NULL,2,2,2,1,0,0,1,NULL,-1,1,0,1,50
2.021E+11,6,10,2021,08:50:00,1,45,45234,2,2,1,3,Rue Royale,"478,982,400,000","19,041,800,000",2.021E+11,175 248,A01,2,1,0,2,1,2,5,NULL,2.021E+11,232 265,175 248,A01,1,1,4,1,1990,5,8,0,-1,-1,-1,-1,2.021E+11,4,ROYALE (RUE),0,NULL,2,2,3,1,-1,-1,1,NULL,-1,1,0,1,30
2.021E+11,6,10,2021,08:50:00,1,45,45234,2,2,1,3,Rue Royale,"478,982,400,000","19,041,800,000",2.021E+11,175 248,A01,2,1,0,2,1,2,5,NULL,2.021E+11,232 266,175 249,B01,1,1,4,1,1994,1,8,0,-1,-1,-1,-1,2.021E+11,4,ROYALE (RUE),0,NULL,2,2,3,1,-1,-1,1,NULL,-1,1,0,1,30
2.021E+11,1,10,2021,17:18:00,1,87,87085,2,1,1,6,ORADOUR SUR GLANE (CARREFOUR D'),"458,342,600,000","12,265,100,000",2.021E+11,174 926,B01,3,1,0,2,0,0,5,NULL,2.021E+11,231 843,174 925,A01,1,1,1,2,1971,5,1,0,-1,-1,-1,-1,2.021E+11,4,ORADOUR SUR GLANE (CARREFOUR D'),0,NULL,2,2,0,1,0,0,1,NULL,-1,1,0,1,50
2.021E+11,1,10,2021,17:18:00,1,87,87085,2,1,1,6,ORADOUR SUR GLANE (CARREFOUR D'),"458,342,600,000","12,265,100,000",2.021E+11,174 926,B01,3,1,0,2,0,0,5,NULL,2.021E+11,231 844,174 926,B01,1,1,4,2,1999,5,8,0,-1,-1,-1,-1,2.021E+11,4,ORADOUR SUR GLANE (CARREFOUR D'),0,NULL,2,2,0,1,0,0,1,NULL,-1,1,0,1,50
2.021E+11,27,9,2021,08:50:00,1,13,13001,2,2,1,3,CARDINALE (RUE),"435,253,954,396","54,509,483,732",2.021E+11,172 640,A01,0,1,0,2,3,19,5,NULL,2.021E+11,228 916,172 639,B01,1,1,1,1,1983,4,1,8,-1,-1,-1,-1,2.021E+11,4,CARDINALE (RUE),0,NULL,1,2,1,1,1,0,1,NULL,-1,1,0,1,30
2.021E+11,27,9,2021,08:50:00,1,13,13001,2,2,1,3,CARDINALE (RUE),"435,253,954,396","54,509,483,732",2.021E+11,172 640,A01,0,1,0,2,3,19,5,NULL,2.021E+11,228 917,172 640,A01,1,1,4,1,1999,0,0,0,-1,-1,-1,-1,2.021E+11,4,CARDINALE (RUE),0,NULL,1,2,1,1,1,0,1,NULL,-1,1,0,1,30
2.021E+11,27,9,2021,11:30:00,1,81,81004,1,6,1,3,ROCADE RN88 NORD,"439,515,100,000","21,553,800,000",2.021E+11,172 213,B01,2,1,0,2,8,19,5,NULL,2.021E+11,228 344,172 212,A01,1,1,1,1,1962,5,1,0,-1,-1,-1,-1,2.021E+11,2,ROCADE RN88 NORD,0,NULL,3,1,0,1,32,700,1,NULL,-1,1,9,1,50
2.021E+11,27,9,2021,11:30:00,1,81,81004,1,6,1,3,ROCADE RN88 NORD,"439,515,100,000","21,553,800,000",2.021E+11,172 213,B01,2,1,0,2,8,19,5,NULL,2.021E+11,228 345,172 213,B01,1,1,4,1,1949,3,8,0,-1,-1,-1,-1,2.021E+11,2,ROCADE RN88 NORD,0,NULL,3,1,0,1,32,700,1,NULL,-1,1,9,1,50
2.021E+11,24,9,2021,09:40:00,1,67,67482,2,1,1,2,DRESDE (BOULEVARD DE),"485,992,900,000","77,615,200,000",2.021E+11,172 191,B01,2,1,0,2,1,25,5,NULL,2.021E+11,228 316,172 190,A01,1,1,1,1,1965,4,1,8,-1,-1,-1,-1,2.021E+11,4,DRESDE (BOULEVARD DE),0,NULL,3,4,1,1,0,0,1,NULL,-1,1,0,4,50
2.021E+11,24,9,2021,09:40:00,1,67,67482,2,1,1,2,DRESDE (BOULEVARD DE),"485,992,900,000","77,615,200,000",2.021E+11,172 191,B01,2,1,0,2,1,25,5,NULL,2.021E+11,228 317,172 191,B01,1,1,4,1,1998,1,8,0,-1,-1,-1,-1,2.021E+11,4,DRESDE (BOULEVARD DE),0,NULL,3,4,1,1,0,0,1,NULL,-1,1,0,4,50
2.021E+11,17,9,2021,20:45:00,5,75,75109,2,3,1,3,RUE LA FAYETTE,"488,760,090,000","23,445,160,000",2.021E+11,169 113,B01,1,1,0,2,2,1,5,NULL,2.021E+11,224 238,169 113,B01,1,1,4,1,1992,9,8,0,-1,0,0,-1,2.021E+11,4,RUE LA FAYETTE,0,NULL,1,2,0,1,-1,-1,1,NULL,-1,1,0,1,30
2.021E+11,17,9,2021,20:45:00,5,75,75109,2,3,1,3,RUE LA FAYETTE,"488,760,090,000","23,445,160,000",2.021E+11,169 113,B01,1,1,0,2,2,1,5,NULL,2.021E+11,224 239,169 114,A01,1,1,1,1,1991,4,1,0,-1,0,0,-1,2.021E+11,4,RUE LA FAYETTE,0,NULL,1,2,0,1,-1,-1,1,NULL,-1,1,0,1,30
2.021E+11,15,8,2021,12:45:00,1,94,94022,2,1,1,6,Rue Léon Blum,"487,571,000,000","24,121,000,000",2.021E+11,158 682,B01,1,1,1,0,1,1,5,NULL,2.021E+11,210 374,158 682,B01,1,1,4,1,1993,0,2,0,-1,-1,-1,-1,2.021E+11,4,R LEON BLUM,0,NULL,2,2,0,2,1,0,1,NULL,-1,1,0,3,50
2.021E+11,9,8,2021,12:50:00,1,75,75110,2,1,1,7,BOULEVARD DE LA VILLETTE,"488,810,740,000","23,700,930,000",2.021E+11,157 152,A01,1,1,0,0,0,1,5,NULL,2.021E+11,208 257,157 152,A01,1,1,4,2,1987,1,8,0,-1,0,0,-1,2.021E+11,4,BOULEVARD DE LA VILLETTE,0,NULL,-1,1,1,1,-1,-1,1,NULL,-1,2,0,5,50
2.021E+11,20,7,2021,22:34:00,5,75,75111,2,5,1,3,BOULEVARD VOLTAIRE,"488,503,860,000","23,925,210,000",2.021E+11,152 077,A01,3,1,0,2,8,1,5,NULL,2.021E+11,201 189,152 077,A01,1,1,4,1,1983,9,2,0,-1,0,0,-1,2.021E+11,4,BOULEVARD VOLTAIRE,0,NULL,2,4,1,1,-1,-1,1,NULL,-1,1,0,5,50
2.021E+11,20,7,2021,22:34:00,5,75,75111,2,5,1,3,BOULEVARD VOLTAIRE,"488,503,860,000","23,925,210,000",2.021E+11,152 077,A01,3,1,0,2,8,1,5,NULL,2.021E+11,201 190,152 078,B01,1,1,4,1,1982,9,2,6,-1,0,0,-1,2.021E+11,4,BOULEVARD VOLTAIRE,0,NULL,2,4,1,1,-1,-1,1,NULL,-1,1,0,5,50
2.021E+11,20,7,2021,22:34:00,5,75,75111,2,5,1,3,BOULEVARD VOLTAIRE,"488,503,860,000","23,925,210,000",2.021E+11,152 077,A01,3,1,0,2,8,1,5,NULL,2.021E+11,201 191,152 078,B01,2,2,4,2,1990,9,2,6,-1,0,0,-1,2.021E+11,4,BOULEVARD VOLTAIRE,0,NULL,2,4,1,1,-1,-1,1,NULL,-1,1,0,5,50
2.021E+11,21,7,2021,08:00:00,1,73,73290,1,1,7,3,Col de la Madeleine D902,"452,936,070,000","69,224,170,000",2.021E+11,151 564,B01,1,1,0,2,3,1,5,NULL,2.021E+11,200 520,151 564,B01,1,1,4,1,1975,5,0,-1,-1,0,0,-1,2.021E+11,3,902,0,D,2,2,0,2,92,650,3,NULL,-1,1,0,1,80
2.021E+11,21,7,2021,08:00:00,1,73,73290,1,1,7,3,Col de la Madeleine D902,"452,936,070,000","69,224,170,000",2.021E+11,151 564,B01,1,1,0,2,3,1,5,NULL,2.021E+11,200 521,151 565,A01,1,1,1,1,1952,5,2,6,-1,0,0,-1,2.021E+11,3,902,0,D,2,2,0,2,92,650,3,NULL,-1,1,0,1,80
2.021E+11,18,7,2021,11:30:00,1,94,94060,2,1,1,3,JEAN JAURES (R),"487,829,900,000","25,786,700,000",2.021E+11,151 335,B01,3,1,0,2,1,2,5,NULL,2.021E+11,200 217,151 334,A01,1,1,1,2,1988,1,1,0,-1,-1,-1,-1,2.021E+11,3,JEAN JAURES (R),0,NULL,2,1,0,2,0,0,1,NULL,-1,1,0,1,50
2.021E+11,18,7,2021,11:30:00,1,94,94060,2,1,1,3,JEAN JAURES (R),"487,829,900,000","25,786,700,000",2.021E+11,151 335,B01,3,1,0,2,1,2,5,NULL,2.021E+11,200 218,151 335,B01,1,1,4,1,1974,5,2,4,-1,-1,-1,-1,2.021E+11,3,JEAN JAURES (R),0,NULL,2,1,0,2,0,0,1,NULL,-1,1,0,1,50
2.021E+11,11,7,2021,19:50:00,1,34,34032,2,2,1,3,LECLERC MARECHAL (BD),"433,453,900,000","32,387,300,000",2.021E+11,149 678,B01,1,1,0,2,8,19,5,NULL,2.021E+11,197 885,149 677,A01,1,1,1,1,1969,9,8,0,-1,-1,-1,-1,2.021E+11,4,LECLERC MARECHAL (BD),0,NULL,1,2,0,1,-1,-1,1,NULL,-1,1,5,1,50
2.021E+11,11,7,2021,19:50:00,1,34,34032,2,2,1,3,LECLERC MARECHAL (BD),"433,453,900,000","32,387,300,000",2.021E+11,149 678,B01,1,1,0,2,8,19,5,NULL,2.021E+11,197 886,149 678,B01,1,1,4,1,2005,9,8,0,-1,-1,-1,-1,2.021E+11,4,LECLERC MARECHAL (BD),0,NULL,1,2,0,1,-1,-1,1,NULL,-1,1,5,1,50
2.021E+11,30,6,2021,13:50:00,1,74,74010,2,1,1,3,MARQUISATS (AVENUE DES),"458,969,000,000","61,317,000,000",2.021E+11,146 336,B01,2,1,0,0,0,0,5,NULL,2.021E+11,193 304,146 335,A01,2,2,1,2,1962,5,1,0,-1,-1,-1,-1,2.021E+11,3,MARQUISATS (AVENUE DES),0,NULL,4,2,0,1,0,0,3,NULL,-1,1,5,1,30