Num_Acc,jour,mois,an,hrmn,lum,dep,com,agg,int,atm,col,adr,lat,long,Num_Acc,id_vehicule,num_veh,senc,catv,obs,obsm,choc,manv,motor,occutc,Num_Acc,id_usager,id_vehicule,num_veh,place,catu,grav,sexe,an_nais,trajet,secu1,secu2,secu3,locp,actp,etatp,Num_Acc,catr,voie,v1,v2,circ,nbv,vosp,prof,pr,pr1,plan,lartpc,larrout,surf,infra,situ,vma
2.021E+11,20,9,2021,18:50:00,1,94,94068,2,1,1,1,Boulevard du Général Ferrié,"488,069,800,000","24,653,900,000",2.021E+11,170 328,A01,1,1,0,2,1,1,5,NULL,2.021E+11,225 838,170 329,B01,1,1,4,1,1982,1,0,0,-1,-1,-1,-1,2.021E+11,4,GENERAL FERRIE (BD DU),0,NULL,-1,1,0,1,1,0,1,NULL,-1,1,0,1,30
2.021E+11,21,9,2021,08:05:00,2,78,78615,1,3,7,1,D198,"488,532,830,000","19,095,450,000",2.021E+11,170 218,B01,2,1,0,2,1,1,5,NULL,2.021E+11,225 688,170 217,A01,1,1,1,2,1972,1,1,-1,-1,0,0,-1,2.021E+11,3,198,-1,NULL,2,2,0,2,7,654,1,NULL,-1,1,5,1,80
2.021E+11,21,9,2021,08:05:00,2,78,78615,1,3,7,1,D198,"488,532,830,000","19,095,450,000",2.021E+11,170 218,B01,2,1,0,2,1,1,5,NULL,2.021E+11,225 689,170 217,A01,2,2,1,1,2002,2,1,-1,-1,0,0,-1,2.021E+11,3,198,-1,NULL,2,2,0,2,7,654,1,NULL,-1,1,5,1,80
2.021E+11,21,9,2021,08:05:00,2,78,78615,1,3,7,1,D198,"488,532,830,000","19,095,450,000",2.021E+11,170 218,B01,2,1,0,2,1,1,5,NULL,2.021E+11,225 690,170 218,B01,1,1,3,1,1967,5,2,9,-1,0,0,-1,2.021E+11,3,198,-1,NULL,2,2,0,2,7,654,1,NULL,-1,1,5,1,80
2.021E+11,31,8,2021,17:00:00,1,69,69387,2,1,1,3,DEBOURG (AV),"457,315,000,000","48,254,100,000",2.021E+11,163 062,B01,3,1,0,2,8,19,0,NULL,2.021E+11,216 361,163 062,B01,1,1,4,2,1983,0,2,-1,-1,-1,-1,-1,2.021E+11,4,DEBOURG                             (AV),0,NULL,3,2,2,1,-1,-1,1,NULL,-1,1,0,6,50
2.021E+11,31,8,2021,17:00:00,1,69,69387,2,1,1,3,DEBOURG (AV),"457,315,000,000","48,254,100,000",2.021E+11,163 062,B01,3,1,0,2,8,19,0,NULL,2.021E+11,216 362,163 063,A01,1,1,4,2,1995,0,2,-1,-1,-1,-1,-1,2.021E+11,4,DEBOURG                             (AV),0,NULL,3,2,2,1,-1,-1,1,NULL,-1,1,0,6,50
2.021E+11,24,8,2021,06:25:00,3,33,33517,1,1,1,1,D2,"450,492,440,000"," -0,6923320000",2.021E+11,160 729,A01,2,1,0,2,1,0,5,NULL,2.021E+11,213 216,160 729,A01,1,1,3,1,1988,1,0,-1,-1,0,0,-1,2.021E+11,3,d2,0,NULL,2,2,0,1,63,580,1,NULL,-1,1,0,1,80
2.021E+11,24,8,2021,06:25:00,3,33,33517,1,1,1,1,D2,"450,492,440,000"," -0,6923320000",2.021E+11,160 729,A01,2,1,0,2,1,0,5,NULL,2.021E+11,213 217,160 730,B01,1,1,1,1,1961,4,1,-1,-1,0,0,-1,2.021E+11,3,d2,0,NULL,2,2,0,1,63,580,1,NULL,-1,1,0,1,80
2.021E+11,18,8,2021,21:50:00,5,94,94017,2,1,1,3,Boulevard de Stalingrad,"488,277,900,000","24,938,800,000",2.021E+11,159 406,B01,2,1,0,2,3,26,5,NULL,2.021E+11,211 381,159 405,A01,1,1,1,2,1980,0,1,0,-1,-1,-1,-1,2.021E+11,3,BD DE STALINGRAD - PONT DE NOGENT ,0,NULL,-1,2,0,1,1,0,1,NULL,-1,1,0,1,50
2.021E+11,18,8,2021,21:50:00,5,94,94017,2,1,1,3,Boulevard de Stalingrad,"488,277,900,000","24,938,800,000",2.021E+11,159 406,B01,2,1,0,2,3,26,5,NULL,2.021E+11,211 382,159 406,B01,1,1,4,1,2010,5,2,0,-1,-1,-1,-1,2.021E+11,3,BD DE STALINGRAD - PONT DE NOGENT ,0,NULL,-1,2,0,1,1,0,1,NULL,-1,1,0,1,50
2.021E+11,13,8,2021,17:20:00,1,31,31044,2,1,7,3,Avenue des Aérostiers,"436,083,560,000","14,881,380,000",2.021E+11,159 391,A01,1,1,0,2,7,19,5,NULL,2.021E+11,211 364,159 390,B01,1,1,1,2,1963,5,1,-1,-1,0,0,-1,2.021E+11,7,50,-1,NULL,3,4,2,1,38,18,3,NULL,-1,1,6,1,50
2.021E+11,13,8,2021,17:20:00,1,31,31044,2,1,7,3,Avenue des Aérostiers,"436,083,560,000","14,881,380,000",2.021E+11,159 391,A01,1,1,0,2,7,19,5,NULL,2.021E+11,211 365,159 391,A01,1,1,4,1,1960,1,2,-1,-1,0,0,-1,2.021E+11,7,50,-1,NULL,3,4,2,1,38,18,3,NULL,-1,1,6,1,50
2.021E+11,17,8,2021,12:40:00,1,69,69264,2,1,1,3,MALADIERE (DE LA) (R),"459,788,296,972","47,156,399,488",2.021E+11,159 267,B01,1,1,0,2,7,16,5,NULL,2.021E+11,211 197,159 267,B01,1,1,4,2,1969,4,2,-1,-1,-1,-1,-1,2.021E+11,3,MALADIERE RUE DE LA,0,NULL,2,3,0,1,0,1,2,NULL,-1,1,0,1,50
2.021E+11,17,8,2021,12:40:00,1,69,69264,2,1,1,3,MALADIERE (DE LA) (R),"459,788,296,972","47,156,399,488",2.021E+11,159 267,B01,1,1,0,2,7,16,5,NULL,2.021E+11,211 198,159 268,A01,1,1,1,2,1986,1,1,-1,-1,-1,-1,-1,2.021E+11,3,MALADIERE RUE DE LA,0,NULL,2,3,0,1,0,1,2,NULL,-1,1,0,1,50
2.021E+11,12,8,2021,20:10:00,1,93,93066,2,3,1,3,SAINT LEGER (CHEMIN),"489,453,000,000","23,764,000,000",2.021E+11,157 757,B01,0,1,0,2,1,19,0,NULL,2.021E+11,209 088,157 757,B01,2,1,4,2,2011,0,8,0,-1,-1,-1,-1,2.021E+11,4,SAINT LEGER (CHEMIN),0,NULL,4,4,0,1,-1,-1,1,NULL,-1,1,0,1,50
2.021E+11,12,8,2021,20:10:00,1,93,93066,2,3,1,3,SAINT LEGER (CHEMIN),"489,453,000,000","23,764,000,000",2.021E+11,157 757,B01,0,1,0,2,1,19,0,NULL,2.021E+11,209 089,157 758,A01,1,1,1,1,1977,0,1,0,-1,-1,-1,-1,2.021E+11,4,SAINT LEGER (CHEMIN),0,NULL,4,4,0,1,-1,-1,1,NULL,-1,1,0,1,50
2.021E+11,29,7,2021,09:35:00,1,72,72381,1,6,1,3,Les Tamaris,"479,284,230,391","0,1017340421",2.021E+11,155 366,B01,1,1,0,0,5,0,5,NULL,2.021E+11,205 764,155 365,A01,1,1,1,1,1982,4,1,-1,-1,0,0,-1,2.021E+11,3,23,-1,NULL,2,2,0,1,7,304,1,NULL,-1,1,5,1,90
2.021E+11,29,7,2021,09:35:00,1,72,72381,1,6,1,3,Les Tamaris,"479,284,230,391","0,1017340421",2.021E+11,155 366,B01,1,1,0,0,5,0,5,NULL,2.021E+11,205 765,155 366,B01,1,1,4,1,1995,5,2,-1,-1,0,0,-1,2.021E+11,3,23,-1,NULL,2,2,0,1,7,304,1,NULL,-1,1,5,1,90
2.021E+11,26,3,2021,10:10:00,1,74,74236,1,3,1,3,Rte de Megeve,"458,947,175,751","66,981,625,557",2.021E+11,151 169,B01,1,1,0,0,8,1,5,NULL,2.021E+11,199 975,151 168,A01,1,1,1,1,1982,3,1,-1,-1,0,0,-1,2.021E+11,3,909,0,NULL,2,2,0,2,45,150,1,NULL,-1,1,0,1,80
2.021E+11,26,3,2021,10:10:00,1,74,74236,1,3,1,3,Rte de Megeve,"458,947,175,751","66,981,625,557",2.021E+11,151 169,B01,1,1,0,0,8,1,5,NULL,2.021E+11,199 976,151 169,B01,1,1,3,2,1973,5,2,9,-1,0,0,-1,2.021E+11,3,909,0,NULL,2,2,0,2,45,150,1,NULL,-1,1,0,1,80
2.021E+11,18,7,2021,01:10:00,5,75,75105,2,3,1,1,QUAI SAINT BERNARD,"488,468,550,000","23,609,670,000",2.021E+11,151 070,A01,2,1,0,2,1,5,5,NULL,2.021E+11,199 844,151 070,A01,1,1,4,1,2001,5,2,0,-1,0,0,-1,2.021E+11,4,QUAI SAINT BERNARD,0,NULL,2,4,3,1,-1,-1,1,NULL,-1,1,0,6,50
2.021E+11,18,7,2021,01:10:00,5,75,75105,2,3,1,1,QUAI SAINT BERNARD,"488,468,550,000","23,609,670,000",2.021E+11,151 070,A01,2,1,0,2,1,5,5,NULL,2.021E+11,199 845,151 071,B01,1,1,1,1,1990,4,1,0,-1,0,0,-1,2.021E+11,4,QUAI SAINT BERNARD,0,NULL,2,4,3,1,-1,-1,1,NULL,-1,1,0,6,50
2.021E+11,13,7,2021,10:07:00,1,57,57672,2,1,2,6,GENERAL DE CASTELNAU (RUE DU),"493,521,800,000","61,603,300,000",2.021E+11,150 536,B01,1,1,0,2,8,19,5,NULL,2.021E+11,199 051,150 535,A01,1,1,1,1,1982,5,1,0,-1,-1,-1,-1,2.021E+11,4,GENERAL DE CASTELNAU (RUE DU),0,NULL,2,2,0,1,0,0,1,NULL,-1,2,6,1,50
2.021E+11,13,7,2021,10:07:00,1,57,57672,2,1,2,6,GENERAL DE CASTELNAU (RUE DU),"493,521,800,000","61,603,300,000",2.021E+11,150 536,B01,1,1,0,2,8,19,5,NULL,2.021E+11,199 052,150 536,B01,1,1,4,2,2001,5,8,0,-1,-1,-1,-1,2.021E+11,4,GENERAL DE CASTELNAU (RUE DU),0,NULL,2,2,0,1,0,0,1,NULL,-1,2,6,1,50
2.021E+11,8,7,2021,13:30:00,1,77,77445,2,6,1,3,CURIE (AVENUE PIERRE ET MARIE),"486,048,500,000","25,653,800,000",2.021E+11,148 249,B01,3,1,0,2,1,1,5,NULL,2.021E+11,195 851,148 248,A01,1,1,1,1,1973,5,1,0,-1,-1,-1,-1,2.021E+11,4,CURIE (AVENUE PIERRE ET MARIE),0,NULL,1,1,0,1,0,0,2,NULL,-1,1,0,1,50
2.021E+11,8,7,2021,13:30:00,1,77,77445,2,6,1,3,CURIE (AVENUE PIERRE ET MARIE),"486,048,500,000","25,653,800,000",2.021E+11,148 249,B01,3,1,0,2,1,1,5,NULL,2.021E+11,195 852,148 249,B01,1,1,4,2,1989,1,8,0,-1,-1,-1,-1,2.021E+11,4,CURIE (AVENUE PIERRE ET MARIE),0,NULL,1,1,0,1,0,0,2,NULL,-1,1,0,1,50
2.021E+11,7,7,2021,19:23:00,1,62,62893,1,3,1,3,C.D. 940,"507,557,400,000","16,040,600,000",2.021E+11,148 223,B01,1,1,0,2,8,9,6,NULL,2.021E+11,195 820,148 223,B01,1,1,2,1,1991,1,2,8,-1,-1,-1,-1,2.021E+11,3,C.D. 940,0,NULL,2,2,1,2,48,628,1,NULL,-1,1,5,5,70
2.021E+11,7,7,2021,19:23:00,1,62,62893,1,3,1,3,C.D. 940,"507,557,400,000","16,040,600,000",2.021E+11,148 223,B01,1,1,0,2,8,9,6,NULL,2.021E+11,195 821,148 224,A01,1,1,2,1,1995,5,2,6,-1,-1,-1,-1,2.021E+11,3,C.D. 940,0,NULL,2,2,1,2,48,628,1,NULL,-1,1,5,5,70
2.021E+11,8,7,2021,19:45:00,1,31,31358,1,1,1,2,1785 Route de Lavaur,"437,169,790,000","16,093,030,000",2.021E+11,148 021,B01,2,1,0,2,4,1,5,NULL,2.021E+11,195 590,148 021,B01,1,1,3,1,1978,5,2,-1,-1,0,0,-1,2.021E+11,3,30,0,NULL,2,2,0,1,34,907,1,NULL,-1,1,0,1,80
2.021E+11,8,7,2021,19:45:00,1,31,31358,1,1,1,2,1785 Route de Lavaur,"437,169,790,000","16,093,030,000",2.021E+11,148 021,B01,2,1,0,2,4,1,5,NULL,2.021E+11,195 591,148 022,A01,1,1,1,-1,NULL,-1,-1,-1,-1,-1,-1,-1,2.021E+11,3,30,0,NULL,2,2,0,1,34,907,1,NULL,-1,1,0,1,80
2.021E+11,6,7,2021,16:55:00,1,78,78224,2,9,1,1,NOISY (ROUTE DE),"488,631,100,000","20,678,700,000",2.021E+11,147 520,A01,2,1,0,2,1,1,0,NULL,2.021E+11,194 918,147 519,B01,1,1,1,1,1965,0,8,0,-1,-1,-1,-1,2.021E+11,3,NOISY (ROUTE DE),0,NULL,2,2,0,2,3,460,3,NULL,-1,1,9,1,30
2.021E+11,6,7,2021,16:55:00,1,78,78224,2,9,1,1,NOISY (ROUTE DE),"488,631,100,000","20,678,700,000",2.021E+11,147 520,A01,2,1,0,2,1,1,0,NULL,2.021E+11,194 919,147 520,A01,1,1,3,1,1970,0,2,0,-1,-1,-1,-1,2.021E+11,3,NOISY (ROUTE DE),0,NULL,2,2,0,2,3,460,3,NULL,-1,1,9,1,30
2.021E+11,28,6,2021,18:55:00,1,91,91479,2,3,1,3,RUE ANDRE BERNARDEAU,"487,107,400,000","23,562,900,000",2.021E+11,144 859,B01,3,1,0,2,7,1,5,NULL,2.021E+11,191 348,144 858,A01,1,1,1,-1,NULL,-1,-1,-1,-1,-1,-1,-1,2.021E+11,4,NULL,0,NULL,2,2,0,1,0,0,1,NULL,-1,1,0,1,30
2.021E+11,28,6,2021,18:55:00,1,91,91479,2,3,1,3,RUE ANDRE BERNARDEAU,"487,107,400,000","23,562,900,000",2.021E+11,144 859,B01,3,1,0,2,7,1,5,NULL,2.021E+11,191 349,144 859,B01,1,1,4,1,1994,0,2,0,-1,-1,-1,-1,2.021E+11,4,NULL,0,NULL,2,2,0,1,0,0,1,NULL,-1,1,0,1,30
2.021E+11,14,6,2021,12:35:00,1,44,44109,2,1,1,3,BOULEVARD JEAN PHILIPPOT,"472,119,400,000","-15,553,200,000",2.021E+11,142 167,B01,3,1,0,2,8,15,5,NULL,2.021E+11,187 788,142 167,B01,1,1,4,1,1990,0,8,0,-1,-1,-1,-1,2.021E+11,4,BOULEVARD JEAN PHILIPPOT,0,NULL,2,2,2,1,-1,-1,1,NULL,-1,1,0,1,30
2.021E+11,14,6,2021,12:35:00,1,44,44109,2,1,1,3,BOULEVARD JEAN PHILIPPOT,"472,119,400,000","-15,553,200,000",2.021E+11,142 167,B01,3,1,0,2,8,15,5,NULL,2.021E+11,187 789,142 168,A01,1,1,1,1,1965,0,2,8,-1,-1,-1,-1,2.021E+11,4,BOULEVARD JEAN PHILIPPOT,0,NULL,2,2,2,1,-1,-1,1,NULL,-1,1,0,1,30
2.021E+11,11,6,2021,10:00:00,1,28,28071,1,1,1,7,D941,"484,106,340,000","10,659,600,000",2.021E+11,138 456,A01,1,1,0,0,7,1,5,NULL,2.021E+11,182 902,138 456,A01,1,1,3,1,1976,5,2,-1,-1,0,0,-1,2.021E+11,3,941,0,NULL,2,2,0,1,37,0,1,NULL,-1,1,0,1,80
2.021E+11,29,5,2021,12:00:00,1,34,34238,1,1,1,7,lieu dit les prats,"438,479,300,000","36,463,450,000",2.021E+11,133 879,A01,1,1,0,0,0,1,5,NULL,2.021E+11,176 983,133 879,A01,1,1,3,1,1952,5,0,-1,-1,0,0,-1,2.021E+11,3,1,-1,NULL,2,2,0,1,3,788,1,NULL,-1,1,0,1,-1
2.021E+11,4,5,2021,20:05:00,1,69,69266,2,4,1,3,TOLSTOI (CR),"457,613,700,000","48,833,300,000",2.021E+11,131 401,B01,2,1,0,2,1,1,0,NULL,2.021E+11,173 715,131 401,B01,1,1,4,1,1983,1,0,-1,-1,-1,-1,-1,2.021E+11,4,TOLSTOI    (Cours),0,NULL,2,3,3,1,-1,-1,1,NULL,-1,1,0,1,50
2.021E+11,4,5,2021,20:05:00,1,69,69266,2,4,1,3,TOLSTOI (CR),"457,613,700,000","48,833,300,000",2.021E+11,131 401,B01,2,1,0,2,1,1,0,NULL,2.021E+11,173 716,131 402,A01,1,1,1,1,1980,5,1,-1,-1,-1,-1,-1,2.021E+11,4,TOLSTOI    (Cours),0,NULL,2,3,3,1,-1,-1,1,NULL,-1,1,0,1,50
2.021E+11,18,5,2021,18:55:00,1,67,67078,2,1,1,3,Place de l'Eglise,"486,589,270,000","74,278,690,000",2.021E+11,131 008,B01,3,1,0,2,2,25,5,NULL,2.021E+11,173 206,131 008,B01,1,1,4,2,2010,5,8,-1,-1,0,0,-1,2.021E+11,4,NULL,-1,NULL,-1,2,0,1,-1,-1,1,NULL,-1,1,0,4,50
2.021E+11,18,5,2021,18:55:00,1,67,67078,2,1,1,3,Place de l'Eglise,"486,589,270,000","74,278,690,000",2.021E+11,131 008,B01,3,1,0,2,2,25,5,NULL,2.021E+11,173 207,131 009,A01,1,1,1,1,1992,0,8,-1,-1,0,0,-1,2.021E+11,4,NULL,-1,NULL,-1,2,0,1,-1,-1,1,NULL,-1,1,0,4,50
2.021E+11,18,5,2021,18:55:00,1,67,67078,2,1,1,3,Place de l'Eglise,"486,589,270,000","74,278,690,000",2.021E+11,131 008,B01,3,1,0,2,2,25,5,NULL,2.021E+11,173 208,131 009,A01,2,2,1,2,1991,0,1,-1,-1,0,0,-1,2.021E+11,4,NULL,-1,NULL,-1,2,0,1,-1,-1,1,NULL,-1,1,0,4,50
2.021E+11,16,5,2021,22:00:00,5,92,92024,2,2,1,3,MARTRE (RUE) DE (59 A 109)   (58 A 120),"489,008,500,000","23,081,200,000",2.021E+11,130 559,A01,1,1,0,2,1,5,5,NULL,2.021E+11,172 627,130 559,A01,1,1,4,1,1987,0,8,0,-1,-1,-1,-1,2.021E+11,3,MARTRE (RUE) DE (59 A 109)   (58 A 120),0,NULL,1,3,3,1,0,0,1,NULL,-1,2,0,1,50
2.021E+11,16,5,2021,22:00:00,5,92,92024,2,2,1,3,MARTRE (RUE) DE (59 A 109)   (58 A 120),"489,008,500,000","23,081,200,000",2.021E+11,130 559,A01,1,1,0,2,1,5,5,NULL,2.021E+11,172 628,130 560,B01,1,1,1,1,1982,0,1,8,-1,-1,-1,-1,2.021E+11,3,MARTRE (RUE) DE (59 A 109)   (58 A 120),0,NULL,1,3,3,1,0,0,1,NULL,-1,2,0,1,50
2.021E+11,8,5,2021,18:15:00,1,75,75101,2,3,1,3,BOULEVARD DE SEBASTOPOL,"488,629,350,000","23,507,150,000",2.021E+11,128 731,B01,1,1,0,2,1,1,5,NULL,2.021E+11,170 154,128 730,A01,1,1,1,1,2002,9,1,8,-1,0,0,-1,2.021E+11,4,BOULEVARD DE SEBASTOPOL,0,NULL,1,4,1,1,-1,-1,1,NULL,-1,1,0,5,50
2.021E+11,8,5,2021,18:15:00,1,75,75101,2,3,1,3,BOULEVARD DE SEBASTOPOL,"488,629,350,000","23,507,150,000",2.021E+11,128 731,B01,1,1,0,2,1,1,5,NULL,2.021E+11,170 155,128 730,A01,2,2,1,2,2003,9,1,0,-1,0,0,-1,2.021E+11,4,BOULEVARD DE SEBASTOPOL,0,NULL,1,4,1,1,-1,-1,1,NULL,-1,1,0,5,50
2.021E+11,8,5,2021,18:15:00,1,75,75101,2,3,1,3,BOULEVARD DE SEBASTOPOL,"488,629,350,000","23,507,150,000",2.021E+11,128 731,B01,1,1,0,2,1,1,5,NULL,2.021E+11,170 156,128 731,B01,1,1,4,1,1973,9,8,0,-1,0,0,-1,2.021E+11,4,BOULEVARD DE SEBASTOPOL,0,NULL,1,4,1,1,-1,-1,1,NULL,-1,1,0,5,50
2.021E+11,30,4,2021,12:30:00,1,27,27511,2,3,1,3,D66,"491,449,660,000","0,9953030000",2.021E+11,126 363,B01,0,1,0,2,1,19,0,NULL,2.021E+11,167 074,126 363,B01,1,1,3,1,2007,5,0,-1,-1,0,0,-1,2.021E+11,3,66,-1,NULL,2,2,0,1,4,375,1,NULL,-1,1,0,1,50
2.021E+11,30,4,2021,12:30:00,1,27,27511,2,3,1,3,D66,"491,449,660,000","0,9953030000",2.021E+11,126 363,B01,0,1,0,2,1,19,0,NULL,2.021E+11,167 075,126 364,A01,1,1,1,1,1972,4,1,-1,-1,0,0,-1,2.021E+11,3,66,-1,NULL,2,2,0,1,4,375,1,NULL,-1,1,0,1,50
2.021E+11,4,4,2021,10:50:00,1,68,68297,2,2,1,3,CHAMPS ( RUE DES ),"475,712,010,000","75,561,950,000",2.021E+11,125 093,B01,1,1,0,2,3,2,0,NULL,2.021E+11,165 457,125 092,A01,1,1,1,2,1963,9,1,0,-1,-1,-1,-1,2.021E+11,4,CHAMPS ( RUE DES ),0,NULL,2,2,0,1,-1,-1,1,NULL,-1,1,0,1,50
2.021E+11,4,4,2021,10:50:00,1,68,68297,2,2,1,3,CHAMPS ( RUE DES ),"475,712,010,000","75,561,950,000",2.021E+11,125 093,B01,1,1,0,2,3,2,0,NULL,2.021E+11,165 458,125 093,B01,1,1,4,1,1976,0,8,0,-1,-1,-1,-1,2.021E+11,4,CHAMPS ( RUE DES ),0,NULL,2,2,0,1,-1,-1,1,NULL,-1,1,0,1,50
2.021E+11,16,4,2021,17:40:00,1,49,49099,2,1,1,3,RICHELIEU (BOULEVARD DE),"470,460,700,000"," -0,8771200000",2.021E+11,124 216,A01,2,1,0,2,8,15,5,NULL,2.021E+11,164 337,124 215,B01,1,1,4,2,1977,5,8,0,-1,-1,-1,-1,2.021E+11,9,RICHELIEU (BOULEVARD DE),0,NULL,2,2,1,2,57,711,3,NULL,-1,1,0,1,50
2.021E+11,16,4,2021,17:40:00,1,49,49099,2,1,1,3,RICHELIEU (BOULEVARD DE),"470,460,700,000"," -0,8771200000",2.021E+11,124 215,B01,1,1,0,2,8,16,5,NULL,2.021E+11,164 337,124 215,B01,1,1,4,2,1977,5,8,0,-1,-1,-1,-1,2.021E+11,9,RICHELIEU (BOULEVARD DE),0,NULL,2,2,1,2,57,711,3,NULL,-1,1,0,1,50
2.021E+11,16,4,2021,17:40:00,1,49,49099,2,1,1,3,RICHELIEU (BOULEVARD DE),"470,460,700,000"," -0,8771200000",2.021E+11,124 216,A01,2,1,0,2,8,15,5,NULL,2.021E+11,164 338,124 216,A01,1,1,1,1,2006,5,8,0,-1,-1,-1,-1,2.021E+11,9,RICHELIEU (BOULEVARD DE),0,NULL,2,2,1,2,57,711,3,NULL,-1,1,0,1,50
2.021E+11,16,4,2021,17:40:00,1,49,49099,2,1,1,3,RICHELIEU (BOULEVARD DE),"470,460,700,000"," -0,8771200000",2.021E+11,124 215,B01,1,1,0,2,8,16,5,NULL,2.021E+11,164 338,124 216,A01,1,1,1,1,2006,5,8,0,-1,-1,-1,-1,2.021E+11,9,RICHELIEU (BOULEVARD DE),0,NULL,2,2,1,2,57,711,3,NULL,-1,1,0,1,50
2.021E+11,20,4,2021,11:50:00,1,38,38185,2,3,1,6,Place Victor Hugo,"451,896,400,000","57,248,300,000",2.021E+11,124 209,A01,3,1,0,1,0,1,5,NULL,2.021E+11,164 330,124 209,A01,10,3,3,2,1958,5,0,-1,-1,3,3,1,2.021E+11,4,PLACE VICTOR HUGO,0,NULL,2,2,0,1,-1,-1,1,NULL,-1,1,0,1,30
2.021E+11,20,4,2021,11:50:00,1,38,38185,2,3,1,6,Place Victor Hugo,"451,896,400,000","57,248,300,000",2.021E+11,124 209,A01,3,1,0,1,0,1,5,NULL,2.021E+11,164 331,124 209,A01,1,1,1,1,1992,5,8,0,-1,-1,-1,-1,2.021E+11,4,PLACE VICTOR HUGO,0,NULL,2,2,0,1,-1,-1,1,NULL,-1,1,0,1,30
2.021E+11,13,4,2021,14:20:00,1,92,92026,2,3,1,3,CIRCULAIRE (BOULEVARD),"488,896,486,035","22,501,990,199",2.021E+11,122 695,B01,3,1,0,2,3,5,0,NULL,2.021E+11,162 381,122 694,A01,1,1,1,1,1976,0,1,0,-1,-1,-1,-1,2.021E+11,3,106,0,NULL,2,2,1,1,0,0,1,NULL,-1,1,0,1,50
2.021E+11,13,4,2021,14:20:00,1,92,92026,2,3,1,3,CIRCULAIRE (BOULEVARD),"488,896,486,035","22,501,990,199",2.021E+11,122 695,B01,3,1,0,2,3,5,0,NULL,2.021E+11,162 382,122 695,B01,2,1,4,1,1983,0,8,0,-1,-1,-1,-1,2.021E+11,3,106,0,NULL,2,2,1,1,0,0,1,NULL,-1,1,0,1,50
2.021E+11,5,4,2021,15:30:00,1,7,7316,1,1,1,7,LONES (PONT DES),"449,088,000,000","48,659,200,000",2.021E+11,122 026,A01,1,1,5,0,1,1,5,NULL,2.021E+11,161 493,122 026,A01,1,1,3,2,1970,0,2,0,-1,-1,-1,-1,2.021E+11,3,LONES (PONT DES),0,NULL,2,6,1,1,0,100,3,NULL,-1,1,2,5,90
2.021E+11,17,3,2021,15:20:00,1,92,92046,2,1,2,3,GABRIEL PERI,"488,192,557,009","22,957,912,087",2.021E+11,116 548,B01,2,1,0,2,3,11,6,NULL,2.021E+11,154 405,116 547,A01,1,1,1,1,1977,0,2,6,-1,-1,-1,-1,2.021E+11,3,GABRIEL PERI,0,NULL,2,2,0,1,0,0,1,NULL,-1,2,0,1,50
2.021E+11,17,3,2021,15:20:00,1,92,92046,2,1,2,3,GABRIEL PERI,"488,192,557,009","22,957,912,087",2.021E+11,116 548,B01,2,1,0,2,3,11,6,NULL,2.021E+11,154 406,116 548,B01,1,1,3,1,2008,5,8,0,-1,-1,-1,-1,2.021E+11,3,GABRIEL PERI,0,NULL,2,2,0,1,0,0,1,NULL,-1,2,0,1,50
2.021E+11,25,2,2021,17:30:00,1,31,31587,1,1,1,3,1074 Route de Bouloc,"437,823,260,000","14,356,240,000",2.021E+11,112 714,B01,2,1,0,2,8,15,0,NULL,2.021E+11,149 502,112 714,B01,1,1,4,1,1967,5,2,-1,-1,0,0,-1,2.021E+11,3,30,0,D,2,2,0,1,18,550,1,NULL,-1,1,0,1,80
2.021E+11,25,2,2021,17:30:00,1,31,31587,1,1,1,3,1074 Route de Bouloc,"437,823,260,000","14,356,240,000",2.021E+11,112 714,B01,2,1,0,2,8,15,0,NULL,2.021E+11,149 503,112 715,A01,1,1,1,2,1965,1,1,-1,-1,0,0,-1,2.021E+11,3,30,0,D,2,2,0,1,18,550,1,NULL,-1,1,0,1,80
2.021E+11,18,2,2021,19:45:00,5,54,54395,2,2,1,3,BOUDONVILLE (Rue de),"486,989,300,000","61,679,500,000",2.021E+11,110 717,B01,1,1,0,2,7,1,5,NULL,2.021E+11,146 920,110 716,Z01,1,1,1,-1,NULL,-1,-1,-1,-1,-1,-1,-1,2.021E+11,4,BOUDONVILLE (Rue de),0,NULL,1,1,0,1,-1,-1,1,NULL,-1,1,0,1,30
2.021E+11,18,2,2021,19:45:00,5,54,54395,2,2,1,3,BOUDONVILLE (Rue de),"486,989,300,000","61,679,500,000",2.021E+11,110 717,B01,1,1,0,2,7,1,5,NULL,2.021E+11,146 921,110 717,B01,1,1,4,1,1989,0,2,0,-1,0,0,-1,2.021E+11,4,BOUDONVILLE (Rue de),0,NULL,1,1,0,1,-1,-1,1,NULL,-1,1,0,1,30
2.021E+11,3,2,2021,17:28:00,1,64,64445,2,1,1,6,BENGHOZI AUDREY,"433,190,000,000"," -0,3663000000",2.021E+11,108 017,A01,1,1,0,1,1,1,5,NULL,2.021E+11,143 371,108 017,A01,1,1,4,1,1950,5,2,8,-1,-1,-1,-1,2.021E+11,4,BENGHOZI AUDREY,0,NULL,1,2,2,1,0,0,1,NULL,-1,1,0,5,50