Num_Acc,jour,mois,an,hrmn,lum,dep,com,agg,int,atm,col,adr,lat,long,Num_Acc,id_vehicule,num_veh,senc,catv,obs,obsm,choc,manv,motor,occutc,Num_Acc,id_usager,id_vehicule,num_veh,place,catu,grav,sexe,an_nais,trajet,secu1,secu2,secu3,locp,actp,etatp,Num_Acc,catr,voie,v1,v2,circ,nbv,vosp,prof,pr,pr1,plan,lartpc,larrout,surf,infra,situ,vma
2.021E+11,21,6,2021,15:54:00,1,75,75105,2,1,1,3,RUE JUSSIEU,"488,469,910,000","23,538,360,000",2.021E+11,142 624,B01,2,1,0,2,4,10,5,NULL,2.021E+11,188 396,142 625,A01,1,1,4,1,1999,9,2,6,-1,0,0,-1,2.021E+11,4,RUE JUSSIEU,0,NULL,2,3,0,1,-1,-1,1,NULL,-1,1,0,1,30
2.021E+11,16,6,2021,19:30:00,1,75,75110,2,3,1,7,QUAI DE VALMY,"488,742,230,000","23,628,630,000",2.021E+11,140 811,A01,1,1,0,0,0,21,5,NULL,2.021E+11,185 998,140 811,A01,1,1,4,2,1975,5,2,0,-1,0,0,-1,2.021E+11,4,QUAI DE VALMY,0,NULL,1,2,1,2,-1,-1,1,NULL,-1,1,0,5,30
2.021E+11,13,6,2021,11:45:00,1,72,72181,2,3,1,3,VOLTAIRE (RUE) N° PAIRS 2 A 102,"480,126,100,000","0,1897200000",2.021E+11,139 935,B01,1,1,0,2,8,1,5,NULL,2.021E+11,184 892,139 934,A01,1,1,1,1,2001,0,1,0,-1,-1,-1,-1,2.021E+11,4,VOLTAIRE (RUE) N° PAIRS 2 A 102,0,NULL,1,2,1,1,0,0,1,NULL,-1,1,0,5,50
2.021E+11,13,6,2021,11:45:00,1,72,72181,2,3,1,3,VOLTAIRE (RUE) N° PAIRS 2 A 102,"480,126,100,000","0,1897200000",2.021E+11,139 935,B01,1,1,0,2,8,1,5,NULL,2.021E+11,184 893,139 935,B01,1,1,4,1,1951,0,2,0,-1,-1,-1,-1,2.021E+11,4,VOLTAIRE (RUE) N° PAIRS 2 A 102,0,NULL,1,2,1,1,0,0,1,NULL,-1,1,0,5,50
2.021E+11,2,6,2021,16:50:00,1,67,67482,2,1,1,1,DOME (RUE DU),"485,835,000,000","77,501,900,000",2.021E+11,136 282,B01,2,1,0,2,1,13,5,NULL,2.021E+11,180 090,136 281,A01,1,1,1,1,1991,0,8,0,-1,-1,-1,-1,2.021E+11,4,DOME (RUE DU),0,NULL,-1,1,3,1,0,0,1,NULL,-1,1,6,1,10
2.021E+11,2,6,2021,16:50:00,1,67,67482,2,1,1,1,DOME (RUE DU),"485,835,000,000","77,501,900,000",2.021E+11,136 281,A01,1,1,0,2,1,13,5,NULL,2.021E+11,180 090,136 281,A01,1,1,1,1,1991,0,8,0,-1,-1,-1,-1,2.021E+11,4,DOME (RUE DU),0,NULL,-1,1,3,1,0,0,1,NULL,-1,1,6,1,10
2.021E+11,2,6,2021,16:50:00,1,67,67482,2,1,1,1,DOME (RUE DU),"485,835,000,000","77,501,900,000",2.021E+11,136 282,B01,2,1,0,2,1,13,5,NULL,2.021E+11,180 091,136 282,B01,1,1,4,1,1975,0,8,0,-1,-1,-1,-1,2.021E+11,4,DOME (RUE DU),0,NULL,-1,1,3,1,0,0,1,NULL,-1,1,6,1,10
2.021E+11,2,6,2021,16:50:00,1,67,67482,2,1,1,1,DOME (RUE DU),"485,835,000,000","77,501,900,000",2.021E+11,136 281,A01,1,1,0,2,1,13,5,NULL,2.021E+11,180 091,136 282,B01,1,1,4,1,1975,0,8,0,-1,-1,-1,-1,2.021E+11,4,DOME (RUE DU),0,NULL,-1,1,3,1,0,0,1,NULL,-1,1,6,1,10
2.021E+11,28,5,2021,19:45:00,1,69,69256,2,1,1,3,CONDORCET (R),"457,784,200,000","49,187,600,000",2.021E+11,134 488,A01,2,1,0,2,1,25,5,NULL,2.021E+11,177 765,134 488,A01,1,1,4,1,2009,5,2,0,-1,-1,-1,-1,2.021E+11,4,CONDORCET                           (R ),0,NULL,2,2,0,1,-1,-1,1,NULL,-1,1,0,4,50
2.021E+11,28,5,2021,19:45:00,1,69,69256,2,1,1,3,CONDORCET (R),"457,784,200,000","49,187,600,000",2.021E+11,134 488,A01,2,1,0,2,1,25,5,NULL,2.021E+11,177 766,134 489,B01,1,1,1,1,1986,4,1,-1,-1,-1,-1,-1,2.021E+11,4,CONDORCET                           (R ),0,NULL,2,2,0,1,-1,-1,1,NULL,-1,1,0,4,50
2.021E+11,26,5,2021,15:20:00,1,94,94068,2,1,2,3,Avenue Foch,"488,018,800,000","24,933,600,000",2.021E+11,133 653,A01,1,1,0,2,5,19,5,NULL,2.021E+11,176 693,133 653,A01,1,1,4,1,2009,5,0,0,-1,0,0,-1,2.021E+11,3,FOCH (AV),0,NULL,2,1,0,1,1,0,1,NULL,-1,2,0,1,30
2.021E+11,26,5,2021,15:20:00,1,94,94068,2,1,2,3,Avenue Foch,"488,018,800,000","24,933,600,000",2.021E+11,133 653,A01,1,1,0,2,5,19,5,NULL,2.021E+11,176 694,133 654,B01,1,1,1,2,1958,4,1,8,-1,-1,-1,-1,2.021E+11,3,FOCH (AV),0,NULL,2,1,0,1,1,0,1,NULL,-1,2,0,1,30
2.021E+11,20,5,2021,10:14:00,1,93,93053,2,3,1,3,Rue du Parc / Rue Léo Lagrange,"488,934,580,000","24,443,560,000",2.021E+11,131 823,A01,0,1,12,2,8,1,5,NULL,2.021E+11,174 246,131 822,B01,2,2,1,1,1998,0,1,0,-1,-1,-1,-1,2.021E+11,3,PARC (RUE DU),0,NULL,3,4,1,2,0,1,1,NULL,-1,1,0,5,50
2.021E+11,20,5,2021,10:14:00,1,93,93053,2,3,1,3,Rue du Parc / Rue Léo Lagrange,"488,934,580,000","24,443,560,000",2.021E+11,131 823,A01,0,1,12,2,8,1,5,NULL,2.021E+11,174 247,131 822,B01,1,1,1,2,1991,1,1,0,-1,-1,-1,-1,2.021E+11,3,PARC (RUE DU),0,NULL,3,4,1,2,0,1,1,NULL,-1,1,0,5,50
2.021E+11,20,5,2021,10:14:00,1,93,93053,2,3,1,3,Rue du Parc / Rue Léo Lagrange,"488,934,580,000","24,443,560,000",2.021E+11,131 823,A01,0,1,12,2,8,1,5,NULL,2.021E+11,174 248,131 823,A01,1,1,3,1,2000,5,2,8,-1,-1,-1,-1,2.021E+11,3,PARC (RUE DU),0,NULL,3,4,1,2,0,1,1,NULL,-1,1,0,5,50
2.021E+11,10,5,2021,14:26:00,1,75,75112,2,2,7,3,RUE DE CHARENTON,"488,372,920,000","23,912,270,000",2.021E+11,129 211,A01,1,1,0,2,0,15,5,NULL,2.021E+11,170 808,129 210,Z01,1,1,1,-1,NULL,-1,-1,-1,-1,-1,-1,-1,2.021E+11,4,RUE DE CHARENTON,0,NULL,2,3,0,1,-1,-1,1,NULL,-1,1,0,1,30
2.021E+11,10,5,2021,14:26:00,1,75,75112,2,2,7,3,RUE DE CHARENTON,"488,372,920,000","23,912,270,000",2.021E+11,129 211,A01,1,1,0,2,0,15,5,NULL,2.021E+11,170 809,129 211,A01,1,1,2,1,1940,5,2,0,-1,0,0,-1,2.021E+11,4,RUE DE CHARENTON,0,NULL,2,3,0,1,-1,-1,1,NULL,-1,1,0,1,30
2.021E+11,29,4,2021,08:34:00,1,44,44109,2,3,1,1,ROUTE DE RENNES,"472,503,400,000","-15,768,000,000",2.021E+11,126 496,B01,2,1,0,2,1,1,0,NULL,2.021E+11,167 233,126 496,B01,1,1,4,1,1990,1,2,4,-1,-1,-1,-1,2.021E+11,4,ROUTE DE RENNES,0,NULL,2,5,2,2,-1,-1,1,NULL,-1,1,0,1,50
2.021E+11,29,4,2021,08:34:00,1,44,44109,2,3,1,1,ROUTE DE RENNES,"472,503,400,000","-15,768,000,000",2.021E+11,126 496,B01,2,1,0,2,1,1,0,NULL,2.021E+11,167 234,126 497,A01,1,1,1,2,1962,1,1,0,-1,-1,-1,-1,2.021E+11,4,ROUTE DE RENNES,0,NULL,2,5,2,2,-1,-1,1,NULL,-1,1,0,1,50
2.021E+11,15,4,2021,15:42:00,1,10,10387,2,1,1,3,GEORGES CLEMENCEAU (RUE),"482,975,100,000","40,748,500,000",2.021E+11,123 419,B01,2,1,0,2,2,1,5,NULL,2.021E+11,163 309,123 419,B01,1,1,4,2,2017,5,2,0,-1,-1,-1,-1,2.021E+11,4,GEORGES CLEMENCEAU (RUE),0,NULL,1,1,0,1,-1,-1,1,NULL,-1,1,0,1,50
2.021E+11,15,4,2021,15:42:00,1,10,10387,2,1,1,3,GEORGES CLEMENCEAU (RUE),"482,975,100,000","40,748,500,000",2.021E+11,123 419,B01,2,1,0,2,2,1,5,NULL,2.021E+11,163 310,123 420,A01,1,1,1,2,1998,0,1,0,-1,-1,-1,-1,2.021E+11,4,GEORGES CLEMENCEAU (RUE),0,NULL,1,1,0,1,-1,-1,1,NULL,-1,1,0,1,50
2.021E+11,1,4,2021,09:00:00,1,75,75110,2,4,1,6,QUAI DE VALMY,"488,824,970,000","23,692,310,000",2.021E+11,120 164,A01,2,1,0,0,1,16,5,NULL,2.021E+11,159 029,120 164,A01,1,1,4,1,1983,1,8,0,-1,0,0,-1,2.021E+11,4,QUAI DE VALMY,0,NULL,1,5,1,1,-1,-1,1,NULL,-1,1,0,1,30
2.021E+11,18,3,2021,14:30:00,1,56,56094,1,1,1,7,Lieu Dit le Braigno,"477,968,330,000","-32,442,550,000",2.021E+11,117 482,A01,3,1,0,0,0,1,5,NULL,2.021E+11,155 614,117 482,A01,1,1,2,1,1963,5,2,-1,-1,0,0,-1,2.021E+11,4,52,0,A,2,2,0,1,-1,-1,1,NULL,-1,1,0,1,70
2.021E+11,25,2,2021,18:30:00,5,13,13001,2,1,1,2,GIONO JEAN (AV),"435,143,430,961","54,388,183,355",2.021E+11,111 977,B01,2,1,0,2,4,2,5,NULL,2.021E+11,148 505,111 977,B01,1,1,4,1,2004,5,1,0,-1,-1,-1,-1,2.021E+11,4,GIONO JEAN (AV),0,NULL,2,2,0,1,1,0,1,NULL,-1,1,0,1,50
2.021E+11,25,2,2021,18:30:00,5,13,13001,2,1,1,2,GIONO JEAN (AV),"435,143,430,961","54,388,183,355",2.021E+11,111 977,B01,2,1,0,2,4,2,5,NULL,2.021E+11,148 506,111 978,A01,1,1,1,1,1966,5,8,0,-1,-1,-1,-1,2.021E+11,4,GIONO JEAN (AV),0,NULL,2,2,0,1,1,0,1,NULL,-1,1,0,1,50
2.021E+11,5,2,2021,18:00:00,5,67,67447,2,1,1,6,BISCHWILLER (ROUTE DE),"486,091,190,000","77,504,130,000",2.021E+11,108 027,B01,1,1,0,2,1,1,5,NULL,2.021E+11,143 383,108 026,A01,1,1,1,1,1975,0,1,8,-1,-1,-1,-1,2.021E+11,4,BISCHWILLER (ROUTE DE),0,NULL,2,2,1,1,0,0,2,NULL,-1,1,0,1,40
2.021E+11,5,2,2021,18:00:00,5,67,67447,2,1,1,6,BISCHWILLER (ROUTE DE),"486,091,190,000","77,504,130,000",2.021E+11,108 027,B01,1,1,0,2,1,1,5,NULL,2.021E+11,143 384,108 027,B01,1,1,4,2,1986,1,8,8,-1,-1,-1,-1,2.021E+11,4,BISCHWILLER (ROUTE DE),0,NULL,2,2,1,1,0,0,2,NULL,-1,1,0,1,40
2.021E+11,29,1,2021,13:35:00,1,94,94043,2,2,2,3,QUATORZE JUILLET (R DU),"488,145,600,000","23,607,900,000",2.021E+11,106 534,A01,1,1,0,2,1,19,0,NULL,2.021E+11,141 460,106 534,A01,1,1,4,2,1978,0,0,0,-1,-1,-1,-1,2.021E+11,3,AV DE FONTAINBLEAU,0,NULL,2,1,1,1,0,0,1,NULL,-1,2,0,1,50
2.021E+11,29,1,2021,13:35:00,1,94,94043,2,2,2,3,QUATORZE JUILLET (R DU),"488,145,600,000","23,607,900,000",2.021E+11,106 534,A01,1,1,0,2,1,19,0,NULL,2.021E+11,141 461,106 535,B01,1,1,1,1,1981,0,2,6,-1,-1,-1,-1,2.021E+11,3,AV DE FONTAINBLEAU,0,NULL,2,1,1,1,0,0,1,NULL,-1,2,0,1,50
2.021E+11,22,1,2021,09:10:00,1,35,35245,1,1,7,2,Le Temple,"482,080,020,000","-18,856,890,000",2.021E+11,104 759,B01,1,1,0,2,4,2,5,NULL,2.021E+11,139 055,104 759,B01,1,1,2,2,1951,5,2,-1,-1,0,0,-1,2.021E+11,7,21,-1,NULL,2,2,0,2,15,400,2,NULL,-1,2,0,1,70
2.021E+11,22,1,2021,09:10:00,1,35,35245,1,1,7,2,Le Temple,"482,080,020,000","-18,856,890,000",2.021E+11,104 759,B01,1,1,0,2,4,2,5,NULL,2.021E+11,139 056,104 760,A01,1,1,1,1,1989,5,1,-1,-1,0,0,-1,2.021E+11,7,21,-1,NULL,2,2,0,2,15,400,2,NULL,-1,2,0,1,70
2.021E+11,8,1,2021,13:10:00,1,67,67028,2,6,1,3,D5,"483,720,810,000","75,927,870,000",2.021E+11,104 527,B01,3,1,0,2,1,1,5,NULL,2.021E+11,138 733,104 526,A01,1,1,1,2,1963,0,1,-1,-1,0,0,-1,2.021E+11,3,D5,-1,NULL,2,2,0,1,-1,-1,2,NULL,-1,1,0,1,50
2.021E+11,8,1,2021,13:10:00,1,67,67028,2,6,1,3,D5,"483,720,810,000","75,927,870,000",2.021E+11,104 527,B01,3,1,0,2,1,1,5,NULL,2.021E+11,138 734,104 527,B01,1,1,4,1,1985,1,6,-1,-1,0,0,-1,2.021E+11,3,D5,-1,NULL,2,2,0,1,-1,-1,2,NULL,-1,1,0,1,50
2.021E+11,31,10,2021,16:25:00,1,39,39434,2,1,1,7,72 Grande Rue,"468,358,490,000","57,085,640,000",2.021E+11,183 690,A01,2,1,0,0,0,26,5,NULL,2.021E+11,243 286,183 690,A01,1,1,3,1,1980,5,0,-1,-1,0,0,-1,2.021E+11,4,NULL,-1,NULL,1,1,0,2,-1,-1,1,NULL,"1,4",1,0,4,30
2.021E+11,29,10,2021,13:00:00,1,75,75114,2,2,2,3,RUE FROIDEVAUX,"488,375,420,000","23,230,240,000",2.021E+11,183 206,B01,1,1,0,2,1,1,5,NULL,2.021E+11,242 603,183 206,B01,1,1,4,1,1997,5,8,0,-1,0,0,-1,2.021E+11,4,RUE FROIDEVAUX,0,NULL,1,1,1,1,-1,-1,1,NULL,-1,2,0,5,30
2.021E+11,29,10,2021,13:00:00,1,75,75114,2,2,2,3,RUE FROIDEVAUX,"488,375,420,000","23,230,240,000",2.021E+11,183 206,B01,1,1,0,2,1,1,5,NULL,2.021E+11,242 604,183 207,A01,1,1,1,1,1958,9,2,6,-1,0,0,-1,2.021E+11,4,RUE FROIDEVAUX,0,NULL,1,1,1,1,-1,-1,1,NULL,-1,2,0,5,30
2.021E+11,28,10,2021,17:45:00,2,69,69259,1,9,1,3,CLOS VERGER (DU) (R),"457,217,136,949","48,940,175,772",2.021E+11,183 008,B01,3,1,0,2,1,1,5,NULL,2.021E+11,242 311,183 007,A01,1,1,1,2,1978,0,1,-1,-1,-1,-1,-1,2.021E+11,4,CLOS VERGER (DU)                    (R ),0,NULL,2,2,0,1,-1,-1,1,NULL,-1,1,0,1,30
2.021E+11,28,10,2021,17:45:00,2,69,69259,1,9,1,3,CLOS VERGER (DU) (R),"457,217,136,949","48,940,175,772",2.021E+11,183 008,B01,3,1,0,2,1,1,5,NULL,2.021E+11,242 312,183 008,B01,1,1,4,1,1949,5,2,-1,-1,-1,-1,-1,2.021E+11,4,CLOS VERGER (DU)                    (R ),0,NULL,2,2,0,1,-1,-1,1,NULL,-1,1,0,1,30
2.021E+11,26,10,2021,15:10:00,1,14,14172,1,1,1,7,D514,"493,369,520,000"," -0,7326940000",2.021E+11,182 094,A01,1,1,0,0,8,1,5,NULL,2.021E+11,241 165,182 094,A01,1,1,3,1,1953,5,2,-1,-1,0,0,-1,2.021E+11,3,514,-1,NULL,2,2,0,3,-1,-1,1,NULL,-1,1,0,3,50
2.021E+11,11,10,2021,17:25:00,1,33,33119,2,4,1,6,Chemin de Lissandre,"448,602,200,000"," -0,5382400000",2.021E+11,176 922,A01,2,1,0,2,0,19,5,NULL,2.021E+11,234 440,176 922,A01,1,1,3,1,1965,0,0,-1,-1,-1,-1,-1,2.021E+11,4,CHEM DE LISSANDRE,0,NULL,2,4,1,1,-1,-1,3,NULL,-1,1,0,1,50
2.021E+11,11,10,2021,17:25:00,1,33,33119,2,4,1,6,Chemin de Lissandre,"448,602,200,000"," -0,5382400000",2.021E+11,176 922,A01,2,1,0,2,0,19,5,NULL,2.021E+11,234 441,176 923,B01,1,1,1,-1,NULL,-1,-1,-1,-1,-1,-1,-1,2.021E+11,4,CHEM DE LISSANDRE,0,NULL,2,4,1,1,-1,-1,3,NULL,-1,1,0,1,50
2.021E+11,4,10,2021,11:45:00,1,81,81187,1,1,1,2,Route de Saint-Paul Cap de Joux,"437,031,490,000","20,041,090,000",2.021E+11,174 564,B01,1,1,0,0,4,0,5,NULL,2.021E+11,231 372,174 563,A01,1,1,1,1,1988,4,1,-1,-1,0,0,-1,2.021E+11,3,84,-1,NULL,2,2,0,2,28,481,3,NULL,-1,1,0,1,80
2.021E+11,4,10,2021,11:45:00,1,81,81187,1,1,1,2,Route de Saint-Paul Cap de Joux,"437,031,490,000","20,041,090,000",2.021E+11,174 564,B01,1,1,0,0,4,0,5,NULL,2.021E+11,231 373,174 564,B01,1,1,3,1,1947,5,2,-1,-1,0,0,-1,2.021E+11,3,84,-1,NULL,2,2,0,2,28,481,3,NULL,-1,1,0,1,80
2.021E+11,2,10,2021,11:40:00,1,65,65360,2,1,1,7,6 Route de Loubajac,"431,048,570,000"," -0,1178880000",2.021E+11,173 647,A01,2,1,13,0,1,26,0,NULL,2.021E+11,230 185,173 647,A01,1,1,3,1,1977,5,2,-1,-1,0,0,-1,2.021E+11,3,3,0,D,2,2,0,2,0,300,2,NULL,-1,1,0,3,50
2.021E+11,16,9,2021,07:00:00,2,69,69259,2,4,1,3,VIENNE (DE) (RTE),"457,246,398,571","48,540,580,273",2.021E+11,168 520,B01,1,1,0,2,8,1,5,NULL,2.021E+11,223 455,168 519,A01,1,1,1,2,1978,1,1,-1,-1,-1,-1,-1,2.021E+11,4,VIENNE (DE)                         (RO),0,NULL,2,4,1,1,-1,-1,1,NULL,-1,1,0,5,50
2.021E+11,16,9,2021,07:00:00,2,69,69259,2,4,1,3,VIENNE (DE) (RTE),"457,246,398,571","48,540,580,273",2.021E+11,168 520,B01,1,1,0,2,8,1,5,NULL,2.021E+11,223 456,168 520,B01,1,1,4,1,1974,1,2,-1,-1,-1,-1,-1,2.021E+11,4,VIENNE (DE)                         (RO),0,NULL,2,4,1,1,-1,-1,1,NULL,-1,1,0,5,50
2.021E+11,31,8,2021,15:20:00,1,69,69096,2,2,1,3,19 MARS 1962 (DU) (AV),"456,044,580,228","47,826,039,791",2.021E+11,168 479,B01,2,1,0,2,6,1,5,NULL,2.021E+11,223 404,168 479,B01,1,1,4,1,1951,5,2,-1,-1,-1,-1,-1,2.021E+11,7,MARS 1962 (AVENUE DU 19),0,NULL,3,4,0,1,0,600,1,NULL,-1,1,0,1,50
2.021E+11,31,8,2021,15:20:00,1,69,69096,2,2,1,3,19 MARS 1962 (DU) (AV),"456,044,580,228","47,826,039,791",2.021E+11,168 479,B01,2,1,0,2,6,1,5,NULL,2.021E+11,223 405,168 480,A01,1,1,1,1,1982,4,8,-1,-1,-1,-1,-1,2.021E+11,7,MARS 1962 (AVENUE DU 19),0,NULL,3,4,0,1,0,600,1,NULL,-1,1,0,1,50
2.021E+11,26,8,2021,22:10:00,5,4,4143,2,6,1,3,RD4 - Rond point du Revest,"439,229,510,000","59,115,240,000",2.021E+11,161 323,B01,2,1,0,2,1,9,5,NULL,2.021E+11,214 000,161 323,B01,1,1,4,1,1991,5,2,4,-1,0,0,-1,2.021E+11,3,4,-1,B,2,2,0,1,0,1,1,NULL,-1,1,0,1,50
2.021E+11,26,8,2021,22:10:00,5,4,4143,2,6,1,3,RD4 - Rond point du Revest,"439,229,510,000","59,115,240,000",2.021E+11,161 323,B01,2,1,0,2,1,9,5,NULL,2.021E+11,214 001,161 324,A01,1,1,1,2,1979,5,1,-1,-1,0,0,-1,2.021E+11,3,4,-1,B,2,2,0,1,0,1,1,NULL,-1,1,0,1,50
2.021E+11,7,8,2021,14:20:00,1,75,75106,2,1,1,6,RUE DE VAUGIRARD,"488,471,390,000","23,272,360,000",2.021E+11,156 713,A01,1,1,0,1,1,1,5,NULL,2.021E+11,207 639,156 713,A01,10,3,4,1,1981,4,0,-1,-1,4,3,2,2.021E+11,4,RUE DE VAUGIRARD,0,NULL,2,2,0,1,-1,-1,1,NULL,-1,1,0,1,50
2.021E+11,7,8,2021,14:20:00,1,75,75106,2,1,1,6,RUE DE VAUGIRARD,"488,471,390,000","23,272,360,000",2.021E+11,156 713,A01,1,1,0,1,1,1,5,NULL,2.021E+11,207 640,156 713,A01,1,1,4,1,1992,5,8,0,-1,0,0,-1,2.021E+11,4,RUE DE VAUGIRARD,0,NULL,2,2,0,1,-1,-1,1,NULL,-1,1,0,1,50
2.021E+11,28,7,2021,19:10:00,1,91,91665,2,1,1,3,AV DE LA DIVISION LECLERC,"486,628,980,000","22,769,620,000",2.021E+11,154 449,B01,2,1,0,2,1,26,0,NULL,2.021E+11,204 450,154 449,B01,1,1,4,1,1989,5,8,0,-1,-1,-1,-1,2.021E+11,3,AV DE LA DIVISION LECLERC,0,NULL,3,0,1,1,0,0,1,NULL,-1,1,0,5,70
2.021E+11,28,7,2021,19:10:00,1,91,91665,2,1,1,3,AV DE LA DIVISION LECLERC,"486,628,980,000","22,769,620,000",2.021E+11,154 449,B01,2,1,0,2,1,26,0,NULL,2.021E+11,204 451,154 450,A01,1,1,1,1,1979,4,1,0,-1,-1,-1,-1,2.021E+11,3,AV DE LA DIVISION LECLERC,0,NULL,3,0,1,1,0,0,1,NULL,-1,1,0,5,70
2.021E+11,21,7,2021,16:40:00,1,33,33009,2,1,1,6,Avenue des Goélands,"446,576,500,000","-11,938,500,000",2.021E+11,152 125,A01,2,1,8,0,1,1,5,NULL,2.021E+11,201 255,152 125,A01,1,1,4,1,1971,0,8,0,-1,-1,-1,-1,2.021E+11,4,GOELANDS (AVE DES),0,NULL,2,1,1,1,-1,-1,1,NULL,-1,1,0,5,30
2.021E+11,21,7,2021,17:40:00,1,4,4126,1,1,1,7,RD 900,"444,120,030,000","63,469,860,000",2.021E+11,151 660,A01,2,1,0,0,0,1,5,NULL,2.021E+11,200 652,151 660,A01,1,1,3,1,2005,5,0,-1,-1,0,0,-1,2.021E+11,3,900,0,NULL,2,2,0,2,52,900,1,NULL,-1,1,0,3,80
2.021E+11,8,7,2021,09:25:00,1,84,84017,1,1,1,6,D19,"441,354,150,000","51,666,310,000",2.021E+11,148 020,C01,2,1,0,9,1,1,5,NULL,2.021E+11,195 587,148 018,A01,1,1,1,2,1969,5,1,-1,-1,0,0,-1,2.021E+11,3,19,0,D,2,2,0,2,0,0,2,NULL,-1,1,0,1,80
2.021E+11,8,7,2021,09:25:00,1,84,84017,1,1,1,6,D19,"441,354,150,000","51,666,310,000",2.021E+11,148 019,B01,2,1,0,2,3,1,5,NULL,2.021E+11,195 587,148 018,A01,1,1,1,2,1969,5,1,-1,-1,0,0,-1,2.021E+11,3,19,0,D,2,2,0,2,0,0,2,NULL,-1,1,0,1,80
2.021E+11,8,7,2021,09:25:00,1,84,84017,1,1,1,6,D19,"441,354,150,000","51,666,310,000",2.021E+11,148 020,C01,2,1,0,9,1,1,5,NULL,2.021E+11,195 588,148 019,B01,1,1,4,1,1970,5,0,-1,-1,0,0,-1,2.021E+11,3,19,0,D,2,2,0,2,0,0,2,NULL,-1,1,0,1,80
2.021E+11,8,7,2021,09:25:00,1,84,84017,1,1,1,6,D19,"441,354,150,000","51,666,310,000",2.021E+11,148 019,B01,2,1,0,2,3,1,5,NULL,2.021E+11,195 588,148 019,B01,1,1,4,1,1970,5,0,-1,-1,0,0,-1,2.021E+11,3,19,0,D,2,2,0,2,0,0,2,NULL,-1,1,0,1,80
2.021E+11,8,7,2021,09:25:00,1,84,84017,1,1,1,6,D19,"441,354,150,000","51,666,310,000",2.021E+11,148 020,C01,2,1,0,9,1,1,5,NULL,2.021E+11,195 589,148 020,C01,1,1,4,1,1995,5,0,-1,-1,0,0,-1,2.021E+11,3,19,0,D,2,2,0,2,0,0,2,NULL,-1,1,0,1,80
2.021E+11,8,7,2021,09:25:00,1,84,84017,1,1,1,6,D19,"441,354,150,000","51,666,310,000",2.021E+11,148 019,B01,2,1,0,2,3,1,5,NULL,2.021E+11,195 589,148 020,C01,1,1,4,1,1995,5,0,-1,-1,0,0,-1,2.021E+11,3,19,0,D,2,2,0,2,0,0,2,NULL,-1,1,0,1,80
2.021E+11,25,6,2021,18:30:00,1,973,97311,2,1,1,3,Rue Jean-Claude Isaac,"54,701,752,597","-540,339,730,807",2.021E+11,143 846,B01,0,1,0,2,1,16,5,NULL,2.021E+11,189 942,143 846,B01,1,1,4,1,2010,5,0,-1,-1,0,0,-1,2.021E+11,4,NULL,-1,NULL,2,2,0,1,-1,-1,1,NULL,"5,5",1,0,1,50
2.021E+11,25,6,2021,18:30:00,1,973,97311,2,1,1,3,Rue Jean-Claude Isaac,"54,701,752,597","-540,339,730,807",2.021E+11,143 846,B01,0,1,0,2,1,16,5,NULL,2.021E+11,189 943,143 847,A01,1,1,1,1,1989,0,1,-1,-1,0,0,-1,2.021E+11,4,NULL,-1,NULL,2,2,0,1,-1,-1,1,NULL,"5,5",1,0,1,50
2.021E+11,20,6,2021,21:15:00,1,75,75119,2,3,1,1,QUAI DE LA GIRONDE,"488,924,890,000","23,855,530,000",2.021E+11,142 614,A01,2,1,0,2,1,5,5,NULL,2.021E+11,188 382,142 614,A01,1,1,4,2,1993,5,2,0,-1,0,0,-1,2.021E+11,4,QUAI DE LA GIRONDE,0,NULL,1,1,1,1,-1,-1,2,NULL,-1,2,0,1,30
2.021E+11,20,6,2021,21:15:00,1,75,75119,2,3,1,1,QUAI DE LA GIRONDE,"488,924,890,000","23,855,530,000",2.021E+11,142 614,A01,2,1,0,2,1,5,5,NULL,2.021E+11,188 383,142 615,B01,1,1,1,1,1967,4,1,0,-1,0,0,-1,2.021E+11,4,QUAI DE LA GIRONDE,0,NULL,1,1,1,1,-1,-1,2,NULL,-1,2,0,1,30
2.021E+11,21,6,2021,10:50:00,1,38,38337,2,1,1,7,Avenue Jean Jaures,"453,517,400,000","55,005,400,000",2.021E+11,142 360,A01,1,1,0,0,9,13,5,NULL,2.021E+11,188 048,142 360,A01,1,1,2,1,1976,0,0,-1,-1,0,0,-1,2.021E+11,3,45,0,C,2,2,0,2,0,900,3,NULL,-1,1,0,1,50
2.021E+11,7,6,2021,18:30:00,1,94,94011,2,6,1,3,Route de l’Ouest,"487,802,700,000","24,760,900,000",2.021E+11,137 415,B01,2,1,0,2,3,9,5,NULL,2.021E+11,181 593,137 414,A01,1,1,1,2,1968,1,1,0,-1,-1,-1,-1,2.021E+11,3,OUEST(ROUTE DE L'),0,NULL,2,2,0,2,0,0,2,NULL,-1,1,0,1,50
2.021E+11,7,6,2021,18:30:00,1,94,94011,2,6,1,3,Route de l’Ouest,"487,802,700,000","24,760,900,000",2.021E+11,137 415,B01,2,1,0,2,3,9,5,NULL,2.021E+11,181 594,137 415,B01,1,1,4,1,1978,5,8,0,-1,-1,-1,-1,2.021E+11,3,OUEST(ROUTE DE L'),0,NULL,2,2,0,2,0,0,2,NULL,-1,1,0,1,50