Num_Acc,jour,mois,an,hrmn,lum,dep,com,agg,int,atm,col,adr,lat,long,Num_Acc,id_vehicule,num_veh,senc,catv,obs,obsm,choc,manv,motor,occutc,Num_Acc,id_usager,id_vehicule,num_veh,place,catu,grav,sexe,an_nais,trajet,secu1,secu2,secu3,locp,actp,etatp,Num_Acc,catr,voie,v1,v2,circ,nbv,vosp,prof,pr,pr1,plan,lartpc,larrout,surf,infra,situ,vma
2.021E+11,30,5,2021,18:30:00,1,80,80334,1,1,1,1,Route de Neuville,"497,953,150,000","21,889,990,000",2.021E+11,134 675,B01,3,1,0,2,1,1,5,NULL,2.021E+11,178 021,134 674,A01,1,1,1,1,1995,0,8,-1,-1,0,0,-1,2.021E+11,4,201,0,C,2,2,0,1,0,0,1,NULL,-1,1,0,1,80
2.021E+11,30,5,2021,18:30:00,1,80,80334,1,1,1,1,Route de Neuville,"497,953,150,000","21,889,990,000",2.021E+11,134 675,B01,3,1,0,2,1,1,5,NULL,2.021E+11,178 022,134 675,B01,1,1,2,1,1990,5,2,9,-1,0,0,-1,2.021E+11,4,201,0,C,2,2,0,1,0,0,1,NULL,-1,1,0,1,80
2.021E+11,26,5,2021,17:44:00,1,91,91549,2,6,1,3,TOUSSAINT L'OUVERTURE,"486,382,500,000","23,453,300,000",2.021E+11,133 448,B01,3,1,0,2,7,1,5,NULL,2.021E+11,176 428,133 447,A01,1,1,1,1,1973,0,1,0,-1,-1,-1,-1,2.021E+11,4,TOUSSAINT L'OUVERTURE,0,NULL,2,2,0,1,0,0,1,NULL,-1,1,5,1,30
2.021E+11,26,5,2021,17:44:00,1,91,91549,2,6,1,3,TOUSSAINT L'OUVERTURE,"486,382,500,000","23,453,300,000",2.021E+11,133 448,B01,3,1,0,2,7,1,5,NULL,2.021E+11,176 429,133 448,B01,1,1,4,2,1993,0,8,0,-1,-1,-1,-1,2.021E+11,4,TOUSSAINT L'OUVERTURE,0,NULL,2,2,0,1,0,0,1,NULL,-1,1,5,1,30
2.021E+11,22,5,2021,14:15:00,1,67,67482,2,1,8,3,INDRE (RUE DE L ),"485,518,110,000","77,661,780,000",2.021E+11,133 422,B01,2,1,0,2,3,19,5,NULL,2.021E+11,176 401,133 422,B01,1,1,4,1,1965,5,8,0,-1,-1,-1,-1,2.021E+11,4,INDRE (RUE DE L ),0,NULL,2,3,0,1,0,0,3,NULL,-1,1,0,1,50
2.021E+11,22,5,2021,14:15:00,1,67,67482,2,1,8,3,INDRE (RUE DE L ),"485,518,110,000","77,661,780,000",2.021E+11,133 422,B01,2,1,0,2,3,19,5,NULL,2.021E+11,176 402,133 423,A01,1,1,1,1,1944,5,1,8,-1,-1,-1,-1,2.021E+11,4,INDRE (RUE DE L ),0,NULL,2,3,0,1,0,0,3,NULL,-1,1,0,1,50
2.021E+11,26,5,2021,08:45:00,1,35,35238,2,6,2,3,GRIMAULT (BD LEON),"480,913,100,000","-16,506,600,000",2.021E+11,133 394,B01,0,1,0,2,0,1,0,NULL,2.021E+11,176 362,133 393,A01,1,1,1,1,1972,1,1,0,-1,-1,-1,-1,2.021E+11,4,GRIMAULT (BD LEON),0,NULL,3,2,2,1,-1,-1,1,NULL,-1,2,5,1,50
2.021E+11,26,5,2021,08:45:00,1,35,35238,2,6,2,3,GRIMAULT (BD LEON),"480,913,100,000","-16,506,600,000",2.021E+11,133 394,B01,0,1,0,2,0,1,0,NULL,2.021E+11,176 363,133 394,B01,1,1,3,2,1982,2,2,0,-1,-1,-1,-1,2.021E+11,4,GRIMAULT (BD LEON),0,NULL,3,2,2,1,-1,-1,1,NULL,-1,2,5,1,50
2.021E+11,23,5,2021,10:00:00,1,37,37041,1,1,1,6,route du plessis,"476,278,811,168","0,5492552518",2.021E+11,132 217,A01,0,1,6,0,0,1,5,NULL,2.021E+11,174 773,132 216,B01,1,1,1,1,1955,5,1,-1,-1,0,0,-1,2.021E+11,4,NULL,0,NULL,2,1,0,2,-1,-1,4,NULL,3,1,0,3,30
2.021E+11,23,5,2021,10:00:00,1,37,37041,1,1,1,6,route du plessis,"476,278,811,168","0,5492552518",2.021E+11,132 217,A01,0,1,6,0,0,1,5,NULL,2.021E+11,174 774,132 217,A01,1,1,2,1,1955,5,0,-1,-1,0,0,-1,2.021E+11,4,NULL,0,NULL,2,1,0,2,-1,-1,4,NULL,3,1,0,3,30
2.021E+11,18,5,2021,12:10:00,1,35,35238,2,2,1,6,LIBERTE (BD DE LA),"481,079,200,000","-16,821,400,000",2.021E+11,132 060,B01,2,1,0,1,1,1,5,NULL,2.021E+11,174 556,132 060,B01,1,1,1,1,2003,0,2,0,-1,-1,-1,-1,2.021E+11,4,LIBERTE (BD DE LA),0,NULL,2,2,2,1,-1,-1,1,NULL,-1,1,5,1,50
2.021E+11,18,5,2021,12:10:00,1,35,35238,2,2,1,6,LIBERTE (BD DE LA),"481,079,200,000","-16,821,400,000",2.021E+11,132 060,B01,2,1,0,1,1,1,5,NULL,2.021E+11,174 557,132 060,B01,10,3,4,1,1986,0,0,-1,-1,4,3,1,2.021E+11,4,LIBERTE (BD DE LA),0,NULL,2,2,2,1,-1,-1,1,NULL,-1,1,5,1,50
2.021E+11,8,5,2021,17:40:00,1,64,64316,1,1,1,7,RD 19 PK 4+500,"430,209,330,000"," -0,9934690000",2.021E+11,128 669,A01,1,1,0,0,8,0,5,NULL,2.021E+11,170 068,128 669,A01,1,1,4,1,1990,5,2,-1,-1,0,0,-1,2.021E+11,3,19,-1,NULL,2,2,0,2,4,500,2,NULL,-1,1,0,1,80
2.021E+11,2,5,2021,12:30:00,1,53,53175,1,1,1,3,La Sumeraine,"480,325,990,000"," -0,6714110000",2.021E+11,127 007,A01,2,1,0,2,8,1,5,NULL,2.021E+11,167 915,127 007,A01,1,1,3,1,1947,5,2,-1,-1,0,0,-1,2.021E+11,3,130,-1,NULL,2,2,0,1,3,100,1,NULL,-1,1,0,1,80
2.021E+11,2,5,2021,12:30:00,1,53,53175,1,1,1,3,La Sumeraine,"480,325,990,000"," -0,6714110000",2.021E+11,127 007,A01,2,1,0,2,8,1,5,NULL,2.021E+11,167 916,127 008,B01,1,1,1,-1,NULL,-1,-1,-1,-1,-1,-1,-1,2.021E+11,3,130,-1,NULL,2,2,0,1,3,100,1,NULL,-1,1,0,1,80
2.021E+11,17,4,2021,15:20:00,1,50,50272,1,2,1,3,Rue Jouvin,"489,414,170,000","-15,375,070,000",2.021E+11,123 591,B01,3,1,0,2,3,1,5,NULL,2.021E+11,163 530,123 590,A01,1,1,1,1,1932,5,1,-1,-1,0,0,-1,2.021E+11,4,NULL,-1,NULL,2,2,0,1,-1,-1,1,NULL,-1,1,9,1,50
2.021E+11,17,4,2021,15:20:00,1,50,50272,1,2,1,3,Rue Jouvin,"489,414,170,000","-15,375,070,000",2.021E+11,123 591,B01,3,1,0,2,3,1,5,NULL,2.021E+11,163 531,123 591,B01,1,1,3,2,1961,5,2,6,-1,0,0,-1,2.021E+11,4,NULL,-1,NULL,2,2,0,1,-1,-1,1,NULL,-1,1,9,1,50
2.021E+11,25,3,2021,17:49:00,1,17,17300,2,3,1,3,VERDUN   PLACE DE,"461,618,660,000","-11,535,190,000",2.021E+11,118 440,Z01,3,1,0,2,0,0,5,NULL,2.021E+11,156 821,118 439,A01,1,1,1,1,1949,5,1,0,-1,-1,-1,-1,2.021E+11,4,VERDUN   PLACE DE,0,NULL,1,1,1,1,-1,-1,1,NULL,-1,1,0,5,30
2.021E+11,25,3,2021,17:49:00,1,17,17300,2,3,1,3,VERDUN   PLACE DE,"461,618,660,000","-11,535,190,000",2.021E+11,118 440,Z01,3,1,0,2,0,0,5,NULL,2.021E+11,156 822,118 440,Z01,1,1,4,1,2001,0,8,0,-1,-1,-1,-1,2.021E+11,4,VERDUN   PLACE DE,0,NULL,1,1,1,1,-1,-1,1,NULL,-1,1,0,5,30
2.021E+11,16,3,2021,15:20:00,1,33,33192,2,6,1,3,Route de Canéjan,"447,657,400,000"," -0,6389200000",2.021E+11,116 618,B01,2,1,0,2,1,1,5,NULL,2.021E+11,154 486,116 617,A01,1,1,1,2,1950,0,1,-1,-1,-1,-1,-1,2.021E+11,4,CHEM D'ORNON,0,NULL,2,2,0,1,-1,-1,1,NULL,-1,1,0,1,50
2.021E+11,16,3,2021,15:20:00,1,33,33192,2,6,1,3,Route de Canéjan,"447,657,400,000"," -0,6389200000",2.021E+11,116 618,B01,2,1,0,2,1,1,5,NULL,2.021E+11,154 487,116 618,B01,1,1,4,1,1959,0,8,-1,-1,-1,-1,-1,2.021E+11,4,CHEM D'ORNON,0,NULL,2,2,0,1,-1,-1,1,NULL,-1,1,0,1,50
2.021E+11,4,3,2021,18:45:00,5,94,94046,2,1,2,7,JEAN JAURES (R),"487,895,700,000","24,353,570,000",2.021E+11,113 659,A01,2,1,0,0,0,13,5,NULL,2.021E+11,150 675,113 659,A01,1,1,3,1,1974,1,2,0,-1,-1,-1,-1,2.021E+11,3,JEAN JAURES (R),0,NULL,2,2,1,1,1,0,1,NULL,-1,2,0,4,50
2.021E+11,2,3,2021,17:20:00,1,24,24479,2,1,1,6,Grand rue de la barre,"454,927,470,000","0,7465020000",2.021E+11,113 608,A01,2,1,0,1,1,1,5,NULL,2.021E+11,150 601,113 608,A01,10,3,3,2,1936,0,0,-1,-1,3,3,1,2.021E+11,3,707,0,NULL,1,1,0,1,-1,-1,1,NULL,-1,1,0,1,50
2.021E+11,2,3,2021,17:20:00,1,24,24479,2,1,1,6,Grand rue de la barre,"454,927,470,000","0,7465020000",2.021E+11,113 608,A01,2,1,0,1,1,1,5,NULL,2.021E+11,150 602,113 608,A01,1,1,4,1,1976,5,0,-1,-1,0,0,-1,2.021E+11,3,707,0,NULL,1,1,0,1,-1,-1,1,NULL,-1,1,0,1,50
2.021E+11,27,2,2021,09:35:00,1,94,94028,2,2,1,3,PLICHON.(RUE DU DOCTEUR),"487,943,500,000","24,640,600,000",2.021E+11,112 533,B01,0,1,0,2,6,1,5,NULL,2.021E+11,149 258,112 533,B01,1,1,4,1,2006,5,2,0,-1,-1,-1,-1,2.021E+11,4,PLICHON.(RUE DU DOCTEUR),0,NULL,-1,2,0,1,1,0,1,NULL,-1,1,0,1,50
2.021E+11,27,2,2021,09:35:00,1,94,94028,2,2,1,3,PLICHON.(RUE DU DOCTEUR),"487,943,500,000","24,640,600,000",2.021E+11,112 533,B01,0,1,0,2,6,1,5,NULL,2.021E+11,149 259,112 534,A01,1,1,1,2,1973,5,1,0,-1,-1,-1,-1,2.021E+11,4,PLICHON.(RUE DU DOCTEUR),0,NULL,-1,2,0,1,1,0,1,NULL,-1,1,0,1,50
2.021E+11,18,2,2021,17:35:00,1,49,49099,2,2,1,3,PORTE BARON (RUE DE LA),"470,568,500,000"," -0,8728800000",2.021E+11,110 710,B01,2,1,0,2,4,15,5,NULL,2.021E+11,146 909,110 709,A01,1,1,1,1,1953,0,1,8,-1,-1,-1,-1,2.021E+11,4,PORTE BARON (RUE DE LA),0,NULL,2,2,0,2,0,0,1,NULL,-1,1,0,1,50
2.021E+11,18,2,2021,17:35:00,1,49,49099,2,2,1,3,PORTE BARON (RUE DE LA),"470,568,500,000"," -0,8728800000",2.021E+11,110 710,B01,2,1,0,2,4,15,5,NULL,2.021E+11,146 910,110 710,B01,1,1,4,1,1973,1,8,0,-1,-1,-1,-1,2.021E+11,4,PORTE BARON (RUE DE LA),0,NULL,2,2,0,2,0,0,1,NULL,-1,1,0,1,50
2.021E+11,9,2,2021,17:20:00,2,51,51454,2,2,1,6,Avenue d’Epernay,"492,368,645,961","40,138,556,044",2.021E+11,108 740,B01,2,1,0,2,1,2,5,NULL,2.021E+11,144 331,108 740,B01,1,1,4,1,1990,1,8,-1,-1,-1,-1,-1,2.021E+11,4,EPERNAY (AVENUE D') COTE IMPAIR,0,NULL,2,2,0,1,-1,-1,1,NULL,-1,1,0,1,50
2.021E+11,9,2,2021,17:20:00,2,51,51454,2,2,1,6,Avenue d’Epernay,"492,368,645,961","40,138,556,044",2.021E+11,108 740,B01,2,1,0,2,1,2,5,NULL,2.021E+11,144 332,108 741,A01,1,1,1,2,1968,0,1,-1,-1,-1,-1,-1,2.021E+11,4,EPERNAY (AVENUE D') COTE IMPAIR,0,NULL,2,2,0,1,-1,-1,1,NULL,-1,1,0,1,50
2.021E+11,9,2,2021,17:20:00,2,51,51454,2,2,1,6,Avenue d’Epernay,"492,368,645,961","40,138,556,044",2.021E+11,108 740,B01,2,1,0,2,1,2,5,NULL,2.021E+11,144 333,108 741,A01,3,2,1,2,1983,0,1,-1,-1,-1,-1,-1,2.021E+11,4,EPERNAY (AVENUE D') COTE IMPAIR,0,NULL,2,2,0,1,-1,-1,1,NULL,-1,1,0,1,50
2.021E+11,26,1,2021,15:45:00,1,75,75104,2,3,8,6,RUE DE RIVOLI,"488,552,290,000","23,611,070,000",2.021E+11,105 863,A01,2,1,12,0,8,12,5,NULL,2.021E+11,140 600,105 863,A01,1,1,4,2,1958,1,8,0,-1,0,0,-1,2.021E+11,4,RUE DE RIVOLI,0,NULL,1,3,1,1,-1,-1,1,NULL,-1,1,-1,5,30
2.021E+11,21,1,2021,16:30:00,1,69,69387,2,1,1,6,UNIVERSITE (DE L') (R),"457,515,832,332","48,378,735,781",2.021E+11,104 898,A01,2,1,14,0,1,1,5,NULL,2.021E+11,139 247,104 898,A01,1,1,4,2,1989,1,0,-1,-1,-1,-1,-1,2.021E+11,4,NULL,0,NULL,1,3,3,1,-1,-1,1,NULL,-1,1,0,6,20
2.021E+11,18,10,2021,17:15:00,1,35,35238,2,3,8,5,STRASBOURG (BOULEVARD DE),"481,133,000,000","-16,566,000,000",2.021E+11,179 889,B01,0,1,0,2,1,1,5,NULL,2.021E+11,238 255,179 888,C01,1,1,4,2,1987,1,2,0,-1,-1,-1,-1,2.021E+11,4,STRASBOURG (BOULEVARD DE),0,NULL,-1,1,1,2,-1,-1,1,NULL,-1,2,0,5,50
2.021E+11,18,10,2021,17:15:00,1,35,35238,2,3,8,5,STRASBOURG (BOULEVARD DE),"481,133,000,000","-16,566,000,000",2.021E+11,179 888,C01,0,1,0,9,1,1,5,NULL,2.021E+11,238 255,179 888,C01,1,1,4,2,1987,1,2,0,-1,-1,-1,-1,2.021E+11,4,STRASBOURG (BOULEVARD DE),0,NULL,-1,1,1,2,-1,-1,1,NULL,-1,2,0,5,50
2.021E+11,18,10,2021,17:15:00,1,35,35238,2,3,8,5,STRASBOURG (BOULEVARD DE),"481,133,000,000","-16,566,000,000",2.021E+11,179 889,B01,0,1,0,2,1,1,5,NULL,2.021E+11,238 256,179 889,B01,1,1,4,1,1982,1,8,0,-1,-1,-1,-1,2.021E+11,4,STRASBOURG (BOULEVARD DE),0,NULL,-1,1,1,2,-1,-1,1,NULL,-1,2,0,5,50
2.021E+11,18,10,2021,17:15:00,1,35,35238,2,3,8,5,STRASBOURG (BOULEVARD DE),"481,133,000,000","-16,566,000,000",2.021E+11,179 888,C01,0,1,0,9,1,1,5,NULL,2.021E+11,238 256,179 889,B01,1,1,4,1,1982,1,8,0,-1,-1,-1,-1,2.021E+11,4,STRASBOURG (BOULEVARD DE),0,NULL,-1,1,1,2,-1,-1,1,NULL,-1,2,0,5,50
2.021E+11,18,10,2021,17:15:00,1,35,35238,2,3,8,5,STRASBOURG (BOULEVARD DE),"481,133,000,000","-16,566,000,000",2.021E+11,179 889,B01,0,1,0,2,1,1,5,NULL,2.021E+11,238 257,179 890,A01,1,1,1,2,1982,5,1,0,-1,-1,-1,-1,2.021E+11,4,STRASBOURG (BOULEVARD DE),0,NULL,-1,1,1,2,-1,-1,1,NULL,-1,2,0,5,50
2.021E+11,18,10,2021,17:15:00,1,35,35238,2,3,8,5,STRASBOURG (BOULEVARD DE),"481,133,000,000","-16,566,000,000",2.021E+11,179 888,C01,0,1,0,9,1,1,5,NULL,2.021E+11,238 257,179 890,A01,1,1,1,2,1982,5,1,0,-1,-1,-1,-1,2.021E+11,4,STRASBOURG (BOULEVARD DE),0,NULL,-1,1,1,2,-1,-1,1,NULL,-1,2,0,5,50
2.021E+11,12,10,2021,07:50:00,1,67,67482,2,1,2,3,OBERHAUSBERGEN (ROUTE D ),"485,993,724,248","77,010,914,683",2.021E+11,177 596,B01,2,1,0,2,0,25,5,NULL,2.021E+11,235 268,177 595,A01,1,1,1,2,1972,0,1,8,-1,-1,-1,-1,2.021E+11,4,OBERHAUSBERGEN (ROUTE D ),0,NULL,2,2,1,1,0,0,1,NULL,-1,2,0,1,50
2.021E+11,12,10,2021,07:50:00,1,67,67482,2,1,2,3,OBERHAUSBERGEN (ROUTE D ),"485,993,724,248","77,010,914,683",2.021E+11,177 596,B01,2,1,0,2,0,25,5,NULL,2.021E+11,235 269,177 596,B01,1,1,4,1,1967,0,8,0,-1,-1,-1,-1,2.021E+11,4,OBERHAUSBERGEN (ROUTE D ),0,NULL,2,2,1,1,0,0,1,NULL,-1,2,0,1,50
2.021E+11,7,10,2021,18:10:00,1,75,75115,2,2,1,3,RUE DE LA CONVENTION,"488,411,000,000","22,879,430,000",2.021E+11,175 944,B01,1,1,0,2,1,1,5,NULL,2.021E+11,233 141,175 944,B01,1,1,4,2,1999,1,2,0,-1,0,0,-1,2.021E+11,4,RUE DE LA CONVENTION,0,NULL,2,3,2,1,-1,-1,1,NULL,-1,1,0,5,30
2.021E+11,7,10,2021,18:10:00,1,75,75115,2,2,1,3,RUE DE LA CONVENTION,"488,411,000,000","22,879,430,000",2.021E+11,175 944,B01,1,1,0,2,1,1,5,NULL,2.021E+11,233 142,175 945,A01,1,1,1,2,1985,5,1,0,-1,0,0,-1,2.021E+11,4,RUE DE LA CONVENTION,0,NULL,2,3,2,1,-1,-1,1,NULL,-1,1,0,5,30
2.021E+11,4,10,2021,12:30:00,1,94,94046,2,2,1,1,Avenue de la République,"488,028,000,000","24,340,500,000",2.021E+11,174 473,B01,1,1,0,2,1,1,5,NULL,2.021E+11,231 265,174 473,B01,1,1,4,2,1975,5,0,0,-1,-1,-1,-1,2.021E+11,3,REPUBLIQUE (AV DE LA),0,NULL,2,2,0,1,1,0,1,NULL,-1,1,0,1,50
2.021E+11,4,10,2021,12:30:00,1,94,94046,2,2,1,1,Avenue de la République,"488,028,000,000","24,340,500,000",2.021E+11,174 473,B01,1,1,0,2,1,1,5,NULL,2.021E+11,231 266,174 474,A01,1,1,1,1,1998,1,1,0,-1,-1,-1,-1,2.021E+11,3,REPUBLIQUE (AV DE LA),0,NULL,2,2,0,1,1,0,1,NULL,-1,1,0,1,50
2.021E+11,28,9,2021,16:50:00,1,75,75112,2,1,1,6,BOULEVARD DE BERCY,"488,395,000,000","23,848,970,000",2.021E+11,172 396,A01,3,1,6,0,8,13,5,NULL,2.021E+11,228 601,172 396,A01,1,1,4,2,1987,9,2,0,-1,0,0,-1,2.021E+11,4,BOULEVARD DE BERCY,0,NULL,2,4,1,1,-1,-1,1,NULL,-1,1,0,5,50
2.021E+11,24,9,2021,17:40:00,1,11,11262,2,1,1,3,RD 6009 NARBONNE - PERPIGNAN,"431,920,400,000","30,287,500,000",2.021E+11,172 104,B01,1,1,0,2,1,1,5,NULL,2.021E+11,228 202,172 104,B01,1,1,4,1,1952,0,8,0,-1,-1,-1,-1,2.021E+11,3,BALISTE (BOULEVARD DE),0,NULL,2,2,0,1,0,0,1,NULL,-1,1,9,1,50
2.021E+11,24,9,2021,17:40:00,1,11,11262,2,1,1,3,RD 6009 NARBONNE - PERPIGNAN,"431,920,400,000","30,287,500,000",2.021E+11,172 104,B01,1,1,0,2,1,1,5,NULL,2.021E+11,228 203,172 105,A01,1,1,1,-1,NULL,-1,-1,-1,-1,-1,-1,-1,2.021E+11,3,BALISTE (BOULEVARD DE),0,NULL,2,2,0,1,0,0,1,NULL,-1,1,9,1,50
2.021E+11,11,9,2021,21:52:00,5,94,94081,2,9,1,6,Avenue Anatole France,"488,021,700,000","24,031,400,000",2.021E+11,166 996,B01,2,1,1,2,7,1,5,NULL,2.021E+11,221 500,166 995,A01,4,2,1,1,1960,5,8,0,-1,-1,-1,-1,2.021E+11,3,ANATOLE FRANCE (AV),0,NULL,2,2,0,1,1,0,1,NULL,-1,1,0,1,30
2.021E+11,11,9,2021,21:52:00,5,94,94081,2,9,1,6,Avenue Anatole France,"488,021,700,000","24,031,400,000",2.021E+11,166 996,B01,2,1,1,2,7,1,5,NULL,2.021E+11,221 501,166 995,A01,1,1,1,2,1992,5,1,0,-1,-1,-1,-1,2.021E+11,3,ANATOLE FRANCE (AV),0,NULL,2,2,0,1,1,0,1,NULL,-1,1,0,1,30
2.021E+11,11,9,2021,21:52:00,5,94,94081,2,9,1,6,Avenue Anatole France,"488,021,700,000","24,031,400,000",2.021E+11,166 996,B01,2,1,1,2,7,1,5,NULL,2.021E+11,221 502,166 996,B01,1,1,4,1,1989,9,0,0,-1,-1,-1,-1,2.021E+11,3,ANATOLE FRANCE (AV),0,NULL,2,2,0,1,1,0,1,NULL,-1,1,0,1,30
2.021E+11,10,9,2021,17:45:00,1,75,75113,2,3,2,3,RUE DARMESTETER,"488,233,870,000","23,750,280,000",2.021E+11,166 383,B01,2,1,0,2,1,1,5,NULL,2.021E+11,220 692,166 382,A01,1,1,1,1,1997,1,1,0,-1,0,0,-1,2.021E+11,4,RUE DARMESTETER,0,NULL,2,2,1,1,-1,-1,1,NULL,-1,2,0,5,30
2.021E+11,10,9,2021,17:45:00,1,75,75113,2,3,2,3,RUE DARMESTETER,"488,233,870,000","23,750,280,000",2.021E+11,166 383,B01,2,1,0,2,1,1,5,NULL,2.021E+11,220 693,166 382,A01,2,2,1,1,1962,1,1,0,-1,0,0,-1,2.021E+11,4,RUE DARMESTETER,0,NULL,2,2,1,1,-1,-1,1,NULL,-1,2,0,5,30
2.021E+11,10,9,2021,17:45:00,1,75,75113,2,3,2,3,RUE DARMESTETER,"488,233,870,000","23,750,280,000",2.021E+11,166 383,B01,2,1,0,2,1,1,5,NULL,2.021E+11,220 694,166 383,B01,1,1,4,1,2008,2,2,0,-1,0,0,-1,2.021E+11,4,RUE DARMESTETER,0,NULL,2,2,1,1,-1,-1,1,NULL,-1,2,0,5,30
2.021E+11,3,9,2021,18:15:00,1,75,75110,2,4,1,6,BOULEVARD DE MAGENTA,"488,690,190,000","23,625,290,000",2.021E+11,163 947,A01,1,1,0,1,1,7,5,NULL,2.021E+11,217 497,163 947,A01,1,1,1,1,1994,1,2,0,-1,0,0,-1,2.021E+11,4,BOULEVARD DE MAGENTA,0,NULL,2,4,3,1,-1,-1,1,NULL,-1,1,0,6,30
2.021E+11,3,9,2021,18:15:00,1,75,75110,2,4,1,6,BOULEVARD DE MAGENTA,"488,690,190,000","23,625,290,000",2.021E+11,163 947,A01,1,1,0,1,1,7,5,NULL,2.021E+11,217 498,163 947,A01,10,3,4,2,1950,5,0,-1,-1,4,3,1,2.021E+11,4,BOULEVARD DE MAGENTA,0,NULL,2,4,3,1,-1,-1,1,NULL,-1,1,0,6,30
2.021E+11,1,9,2021,11:30:00,1,33,33318,2,9,1,3,Avenue Roger Chaumet,"448,017,300,000"," -0,6350600000",2.021E+11,163 286,B01,0,1,0,2,8,1,6,NULL,2.021E+11,216 634,163 285,A01,1,1,1,1,1948,0,1,-1,-1,-1,-1,-1,2.021E+11,4,AVE ROGER CHAUMET,0,NULL,2,2,1,1,-1,-1,1,NULL,-1,1,0,5,50
2.021E+11,1,9,2021,11:30:00,1,33,33318,2,9,1,3,Avenue Roger Chaumet,"448,017,300,000"," -0,6350600000",2.021E+11,163 286,B01,0,1,0,2,8,1,6,NULL,2.021E+11,216 635,163 286,B01,1,1,4,1,2016,0,2,-1,-1,-1,-1,-1,2.021E+11,4,AVE ROGER CHAUMET,0,NULL,2,2,1,1,-1,-1,1,NULL,-1,1,0,5,50
2.021E+11,26,8,2021,11:40:00,1,3,3029,1,1,1,3,Lieu Dit Fontcroze,"462,404,440,000","34,401,910,000",2.021E+11,161 368,B01,2,1,0,2,3,1,5,NULL,2.021E+11,214 063,161 368,B01,1,1,3,1,1937,5,2,-1,-1,0,0,-1,2.021E+11,3,130,0,NULL,2,2,0,1,19,500,1,NULL,-1,1,0,1,90
2.021E+11,26,8,2021,11:40:00,1,3,3029,1,1,1,3,Lieu Dit Fontcroze,"462,404,440,000","34,401,910,000",2.021E+11,161 368,B01,2,1,0,2,3,1,5,NULL,2.021E+11,214 064,161 369,A01,1,1,1,1,1964,4,8,-1,-1,0,0,-1,2.021E+11,3,130,0,NULL,2,2,0,1,19,500,1,NULL,-1,1,0,1,90
2.021E+11,16,8,2021,14:15:00,1,38,38449,1,1,1,3,Boulevard de la Noirée,"456,406,920,000","51,101,230,000",2.021E+11,158 603,B01,3,1,0,2,0,26,5,NULL,2.021E+11,210 258,158 602,A01,1,1,1,2,1997,1,1,-1,-1,0,0,-1,2.021E+11,3,311,-1,NULL,1,4,0,1,2,524,1,NULL,-1,1,0,6,70
2.021E+11,16,8,2021,14:15:00,1,38,38449,1,1,1,3,Boulevard de la Noirée,"456,406,920,000","51,101,230,000",2.021E+11,158 603,B01,3,1,0,2,0,26,5,NULL,2.021E+11,210 259,158 603,B01,1,1,4,2,1974,0,8,-1,-1,0,0,-1,2.021E+11,3,311,-1,NULL,1,4,0,1,2,524,1,NULL,-1,1,0,6,70
2.021E+11,13,8,2021,18:45:00,1,93,93008,2,3,9,3,Rue Bernard / Rue Saint Andre,"489,035,000,000","24,243,440,000",2.021E+11,158 187,B01,3,1,0,2,1,1,0,NULL,2.021E+11,209 657,158 187,B01,1,1,4,1,1975,1,2,0,-1,-1,-1,-1,2.021E+11,4,BERNARD (RUE),0,NULL,2,2,0,1,0,0,1,NULL,-1,1,0,1,50
2.021E+11,13,8,2021,18:45:00,1,93,93008,2,3,9,3,Rue Bernard / Rue Saint Andre,"489,035,000,000","24,243,440,000",2.021E+11,158 187,B01,3,1,0,2,1,1,0,NULL,2.021E+11,209 658,158 188,A01,1,1,1,2,1995,4,1,0,-1,-1,-1,-1,2.021E+11,4,BERNARD (RUE),0,NULL,2,2,0,1,0,0,1,NULL,-1,1,0,1,50
2.021E+11,6,8,2021,10:25:00,1,17,17380,2,3,1,2,BRICK (DU),"456,474,700,000","-11,102,300,000",2.021E+11,156 423,A01,1,1,0,2,1,19,5,NULL,2.021E+11,207 211,156 422,B01,1,1,1,1,1988,5,1,5,-1,-1,-1,-1,2.021E+11,4,GRANDE COTE (AVENUE DE LA),0,NULL,2,2,1,2,-1,-1,2,NULL,-1,1,0,5,30
2.021E+11,6,8,2021,10:25:00,1,17,17380,2,3,1,2,BRICK (DU),"456,474,700,000","-11,102,300,000",2.021E+11,156 423,A01,1,1,0,2,1,19,5,NULL,2.021E+11,207 212,156 423,A01,1,1,4,1,1945,5,2,0,-1,-1,-1,-1,2.021E+11,4,GRANDE COTE (AVENUE DE LA),0,NULL,2,2,1,2,-1,-1,2,NULL,-1,1,0,5,30
2.021E+11,29,7,2021,11:03:00,1,49,49007,2,1,1,1,GRAND MONTREJEAU,"474,682,800,000"," -0,5220100000",2.021E+11,154 689,B01,1,1,0,2,8,26,5,NULL,2.021E+11,204 771,154 688,A01,1,1,1,-1,NULL,-1,-1,-1,-1,-1,-1,-1,2.021E+11,4,GRAND MONTREJEAU,0,NULL,2,2,0,1,1,0,1,NULL,-1,1,0,1,50
2.021E+11,29,7,2021,11:03:00,1,49,49007,2,1,1,1,GRAND MONTREJEAU,"474,682,800,000"," -0,5220100000",2.021E+11,154 689,B01,1,1,0,2,8,26,5,NULL,2.021E+11,204 772,154 689,B01,1,1,4,1,1958,1,8,0,-1,-1,-1,-1,2.021E+11,4,GRAND MONTREJEAU,0,NULL,2,2,0,1,1,0,1,NULL,-1,1,0,1,50