Num_Acc,jour,mois,an,hrmn,lum,dep,com,agg,int,atm,col,adr,lat,long,Num_Acc,id_vehicule,num_veh,senc,catv,obs,obsm,choc,manv,motor,occutc,Num_Acc,id_usager,id_vehicule,num_veh,place,catu,grav,sexe,an_nais,trajet,secu1,secu2,secu3,locp,actp,etatp,Num_Acc,catr,voie,v1,v2,circ,nbv,vosp,prof,pr,pr1,plan,lartpc,larrout,surf,infra,situ,vma
2.021E+11,29,7,2021,17:00:00,1,41,41104,2,3,1,1,Route de Chambord,"475,923,180,000","14,531,350,000",2.021E+11,154 291,B01,2,1,0,2,2,15,5,NULL,2.021E+11,204 243,154 290,A01,1,1,1,1,1999,1,1,-1,-1,0,0,-1,2.021E+11,3,33,-1,NULL,2,1,0,2,-1,-1,1,NULL,-1,1,0,1,50
2.021E+11,29,7,2021,17:00:00,1,41,41104,2,3,1,1,Route de Chambord,"475,923,180,000","14,531,350,000",2.021E+11,154 291,B01,2,1,0,2,2,15,5,NULL,2.021E+11,204 244,154 291,B01,1,1,3,1,1961,5,2,-1,-1,0,0,-1,2.021E+11,3,33,-1,NULL,2,1,0,2,-1,-1,1,NULL,-1,1,0,1,50
2.021E+11,15,7,2021,11:02:00,1,67,67482,2,8,1,3,FRANCS BOURGEOIS (RUE DES),"485,828,960,000","77,454,240,000",2.021E+11,152 535,A01,1,1,0,2,2,19,5,NULL,2.021E+11,201 779,152 535,A01,1,1,4,2,1948,0,8,0,-1,-1,-1,-1,2.021E+11,4,FRANCS BOURGEOIS (RUE DES),0,NULL,4,2,0,1,0,0,1,NULL,-1,1,4,1,30
2.021E+11,15,7,2021,11:02:00,1,67,67482,2,8,1,3,FRANCS BOURGEOIS (RUE DES),"485,828,960,000","77,454,240,000",2.021E+11,152 535,A01,1,1,0,2,2,19,5,NULL,2.021E+11,201 780,152 536,Z01,1,1,1,-1,NULL,-1,-1,-1,-1,-1,-1,-1,2.021E+11,4,FRANCS BOURGEOIS (RUE DES),0,NULL,4,2,0,1,0,0,1,NULL,-1,1,4,1,30
2.021E+11,22,7,2021,01:30:00,5,75,75119,2,2,1,3,AVENUE DE FLANDRE,"488,923,180,000","23,791,510,000",2.021E+11,152 447,A01,1,1,0,2,7,1,5,NULL,2.021E+11,201 669,152 447,A01,1,1,4,1,1988,9,8,0,-1,0,0,-1,2.021E+11,4,AVENUE DE FLANDRE,0,NULL,4,4,0,1,-1,-1,1,NULL,-1,1,0,1,50
2.021E+11,22,7,2021,01:30:00,5,75,75119,2,2,1,3,AVENUE DE FLANDRE,"488,923,180,000","23,791,510,000",2.021E+11,152 447,A01,1,1,0,2,7,1,5,NULL,2.021E+11,201 670,152 448,B01,1,1,1,1,1985,9,1,0,-1,0,0,-1,2.021E+11,4,AVENUE DE FLANDRE,0,NULL,4,4,0,1,-1,-1,1,NULL,-1,1,0,1,50
2.021E+11,22,7,2021,14:05:00,1,75,75108,2,1,1,3,AVENUE DE WAGRAM,"488,747,600,000","22,957,700,000",2.021E+11,152 437,B01,2,1,0,2,7,19,5,NULL,2.021E+11,201 656,152 436,A01,1,1,1,1,1966,5,1,8,-1,0,0,-1,2.021E+11,4,AVENUE DE WAGRAM,0,NULL,2,2,3,1,-1,-1,1,NULL,-1,1,0,1,50
2.021E+11,22,7,2021,14:05:00,1,75,75108,2,1,1,3,AVENUE DE WAGRAM,"488,747,600,000","22,957,700,000",2.021E+11,152 437,B01,2,1,0,2,7,19,5,NULL,2.021E+11,201 657,152 437,B01,1,1,4,2,1991,5,8,0,-1,0,0,-1,2.021E+11,4,AVENUE DE WAGRAM,0,NULL,2,2,3,1,-1,-1,1,NULL,-1,1,0,1,50
2.021E+11,21,7,2021,20:15:00,1,94,94041,2,1,1,3,Quai Jean Compagnon,"488,199,100,000","23,971,400,000",2.021E+11,152 069,B01,2,1,0,2,1,0,5,NULL,2.021E+11,201 177,152 068,A01,1,1,1,1,1982,5,2,6,-1,-1,-1,-1,2.021E+11,3,JEAN COMPAGNON (QU),0,NULL,2,2,0,1,1,0,1,NULL,-1,1,0,1,50
2.021E+11,21,7,2021,20:15:00,1,94,94041,2,1,1,3,Quai Jean Compagnon,"488,199,100,000","23,971,400,000",2.021E+11,152 069,B01,2,1,0,2,1,0,5,NULL,2.021E+11,201 178,152 069,B01,1,1,4,2,1982,1,0,0,-1,-1,-1,-1,2.021E+11,3,JEAN COMPAGNON (QU),0,NULL,2,2,0,1,1,0,1,NULL,-1,1,0,1,50
2.021E+11,2,7,2021,13:30:00,1,89,89068,1,3,1,1,D91,"478,032,160,000","37,981,930,000",2.021E+11,145 505,B01,1,1,0,2,1,1,5,NULL,2.021E+11,192 185,145 505,B01,1,1,3,2,1969,5,2,-1,-1,0,0,-1,2.021E+11,3,91,-1,NULL,2,2,0,1,33,151,1,NULL,-1,1,0,1,80
2.021E+11,2,7,2021,13:30:00,1,89,89068,1,3,1,1,D91,"478,032,160,000","37,981,930,000",2.021E+11,145 505,B01,1,1,0,2,1,1,5,NULL,2.021E+11,192 186,145 506,A01,1,1,1,2,1934,5,1,-1,-1,0,0,-1,2.021E+11,3,91,-1,NULL,2,2,0,1,33,151,1,NULL,-1,1,0,1,80
2.021E+11,19,6,2021,15:50:00,1,976,97610,2,6,1,3,Rond point du collège de Majicavo Lamir,"-127,516,120,000","452,304,150,000",2.021E+11,141 539,B01,2,1,0,2,4,1,5,NULL,2.021E+11,186 941,141 538,A01,1,1,1,-1,NULL,-1,-1,-1,-1,-1,-1,-1,2.021E+11,2,1,0,R,2,2,0,1,5,100,2,NULL,-1,1,5,1,50
2.021E+11,19,6,2021,15:50:00,1,976,97610,2,6,1,3,Rond point du collège de Majicavo Lamir,"-127,516,120,000","452,304,150,000",2.021E+11,141 539,B01,2,1,0,2,4,1,5,NULL,2.021E+11,186 942,141 539,B01,1,1,4,1,1999,5,0,-1,-1,0,0,-1,2.021E+11,2,1,0,R,2,2,0,1,5,100,2,NULL,-1,1,5,1,50
2.021E+11,13,6,2021,14:15:00,1,75,75119,2,2,1,6,RUE RIQUET,"488,892,510,000","23,712,750,000",2.021E+11,139 850,A01,0,1,0,2,1,1,5,NULL,2.021E+11,184 769,139 850,A01,10,3,4,2,1967,3,0,-1,-1,4,3,1,2.021E+11,4,RUE RIQUET,0,NULL,1,2,1,1,-1,-1,1,NULL,-1,1,0,5,50
2.021E+11,13,6,2021,14:15:00,1,75,75119,2,2,1,6,RUE RIQUET,"488,892,510,000","23,712,750,000",2.021E+11,139 850,A01,0,1,0,2,1,1,5,NULL,2.021E+11,184 770,139 850,A01,1,1,1,1,2001,4,2,0,-1,0,0,-1,2.021E+11,4,RUE RIQUET,0,NULL,1,2,1,1,-1,-1,1,NULL,-1,1,0,5,50
2.021E+11,6,6,2021,10:28:00,1,75,75116,2,1,1,4,ROUTE DES TRIBUNES,"488,606,090,000","22,298,510,000",2.021E+11,137 165,A01,3,1,0,2,1,2,5,NULL,2.021E+11,181 255,137 163,C01,1,1,4,1,1973,5,2,8,-1,0,0,-1,2.021E+11,4,ROUTE DES TRIBUNES,0,NULL,2,2,1,1,-1,-1,1,NULL,-1,1,-1,5,50
2.021E+11,6,6,2021,10:28:00,1,75,75116,2,1,1,4,ROUTE DES TRIBUNES,"488,606,090,000","22,298,510,000",2.021E+11,137 164,B01,3,1,0,2,4,2,5,NULL,2.021E+11,181 255,137 163,C01,1,1,4,1,1973,5,2,8,-1,0,0,-1,2.021E+11,4,ROUTE DES TRIBUNES,0,NULL,2,2,1,1,-1,-1,1,NULL,-1,1,-1,5,50
2.021E+11,6,6,2021,10:28:00,1,75,75116,2,1,1,4,ROUTE DES TRIBUNES,"488,606,090,000","22,298,510,000",2.021E+11,137 163,C01,3,1,0,2,4,2,5,NULL,2.021E+11,181 255,137 163,C01,1,1,4,1,1973,5,2,8,-1,0,0,-1,2.021E+11,4,ROUTE DES TRIBUNES,0,NULL,2,2,1,1,-1,-1,1,NULL,-1,1,-1,5,50
2.021E+11,6,6,2021,10:28:00,1,75,75116,2,1,1,4,ROUTE DES TRIBUNES,"488,606,090,000","22,298,510,000",2.021E+11,137 165,A01,3,1,0,2,1,2,5,NULL,2.021E+11,181 256,137 164,B01,1,1,4,1,1974,5,2,8,-1,0,0,-1,2.021E+11,4,ROUTE DES TRIBUNES,0,NULL,2,2,1,1,-1,-1,1,NULL,-1,1,-1,5,50
2.021E+11,6,6,2021,10:28:00,1,75,75116,2,1,1,4,ROUTE DES TRIBUNES,"488,606,090,000","22,298,510,000",2.021E+11,137 164,B01,3,1,0,2,4,2,5,NULL,2.021E+11,181 256,137 164,B01,1,1,4,1,1974,5,2,8,-1,0,0,-1,2.021E+11,4,ROUTE DES TRIBUNES,0,NULL,2,2,1,1,-1,-1,1,NULL,-1,1,-1,5,50
2.021E+11,6,6,2021,10:28:00,1,75,75116,2,1,1,4,ROUTE DES TRIBUNES,"488,606,090,000","22,298,510,000",2.021E+11,137 163,C01,3,1,0,2,4,2,5,NULL,2.021E+11,181 256,137 164,B01,1,1,4,1,1974,5,2,8,-1,0,0,-1,2.021E+11,4,ROUTE DES TRIBUNES,0,NULL,2,2,1,1,-1,-1,1,NULL,-1,1,-1,5,50
2.021E+11,6,6,2021,10:28:00,1,75,75116,2,1,1,4,ROUTE DES TRIBUNES,"488,606,090,000","22,298,510,000",2.021E+11,137 165,A01,3,1,0,2,1,2,5,NULL,2.021E+11,181 257,137 165,A01,1,1,3,1,1963,5,2,8,-1,0,0,-1,2.021E+11,4,ROUTE DES TRIBUNES,0,NULL,2,2,1,1,-1,-1,1,NULL,-1,1,-1,5,50
2.021E+11,6,6,2021,10:28:00,1,75,75116,2,1,1,4,ROUTE DES TRIBUNES,"488,606,090,000","22,298,510,000",2.021E+11,137 164,B01,3,1,0,2,4,2,5,NULL,2.021E+11,181 257,137 165,A01,1,1,3,1,1963,5,2,8,-1,0,0,-1,2.021E+11,4,ROUTE DES TRIBUNES,0,NULL,2,2,1,1,-1,-1,1,NULL,-1,1,-1,5,50
2.021E+11,6,6,2021,10:28:00,1,75,75116,2,1,1,4,ROUTE DES TRIBUNES,"488,606,090,000","22,298,510,000",2.021E+11,137 163,C01,3,1,0,2,4,2,5,NULL,2.021E+11,181 257,137 165,A01,1,1,3,1,1963,5,2,8,-1,0,0,-1,2.021E+11,4,ROUTE DES TRIBUNES,0,NULL,2,2,1,1,-1,-1,1,NULL,-1,1,-1,5,50
2.021E+11,6,6,2021,10:50:00,1,44,44129,2,3,1,3,Place de l Eglise,"474,378,010,000","-20,881,370,000",2.021E+11,137 087,B01,1,1,0,2,1,18,5,NULL,2.021E+11,181 156,137 086,A01,1,1,1,2,1931,5,1,-1,-1,0,0,-1,2.021E+11,3,33,0,D,2,2,0,1,66,661,1,NULL,-1,1,0,1,50
2.021E+11,6,6,2021,10:50:00,1,44,44129,2,3,1,3,Place de l Eglise,"474,378,010,000","-20,881,370,000",2.021E+11,137 087,B01,1,1,0,2,1,18,5,NULL,2.021E+11,181 157,137 087,B01,1,1,3,1,1967,5,2,-1,-1,0,0,-1,2.021E+11,3,33,0,D,2,2,0,1,66,661,1,NULL,-1,1,0,1,50
2.021E+11,31,5,2021,14:15:00,1,56,56204,2,2,1,3,D11,"479,190,530,000","-27,206,400,000",2.021E+11,136 136,B01,2,1,0,2,1,1,5,NULL,2.021E+11,179 907,136 135,A01,1,1,1,2,1964,1,1,-1,-1,0,0,-1,2.021E+11,3,724,0,NULL,2,2,0,3,46,700,1,NULL,"5,5",1,0,1,80
2.021E+11,31,5,2021,14:15:00,1,56,56204,2,2,1,3,D11,"479,190,530,000","-27,206,400,000",2.021E+11,136 136,B01,2,1,0,2,1,1,5,NULL,2.021E+11,179 908,136 136,B01,1,1,3,1,1947,5,2,-1,-1,0,0,-1,2.021E+11,3,724,0,NULL,2,2,0,3,46,700,1,NULL,"5,5",1,0,1,80
2.021E+11,31,5,2021,08:30:00,1,89,89387,2,3,1,1,Rue Henri Dunant,"482,008,700,000","32,918,900,000",2.021E+11,135 221,B01,2,1,0,2,1,1,5,NULL,2.021E+11,178 744,135 221,B01,1,1,4,1,2004,0,8,0,-1,-1,-1,-1,2.021E+11,4,HENRI DUNANT (RUE),0,NULL,2,2,0,1,-1,-1,1,NULL,-1,1,0,1,30
2.021E+11,31,5,2021,08:30:00,1,89,89387,2,3,1,1,Rue Henri Dunant,"482,008,700,000","32,918,900,000",2.021E+11,135 221,B01,2,1,0,2,1,1,5,NULL,2.021E+11,178 745,135 222,A01,1,1,1,2,1989,0,1,8,-1,-1,-1,-1,2.021E+11,4,HENRI DUNANT (RUE),0,NULL,2,2,0,1,-1,-1,1,NULL,-1,1,0,1,30
2.021E+11,23,5,2021,18:35:00,1,79,79049,2,6,1,3,Boulevard de Thouars,"468,532,360,000"," -0,4561260000",2.021E+11,132 436,B01,3,1,0,2,5,1,5,NULL,2.021E+11,175 065,132 435,A01,1,1,1,1,1970,5,1,-1,-1,0,0,-1,2.021E+11,3,938,3,NULL,2,2,1,1,24,1,1,NULL,-1,1,5,1,50
2.021E+11,23,5,2021,18:35:00,1,79,79049,2,6,1,3,Boulevard de Thouars,"468,532,360,000"," -0,4561260000",2.021E+11,132 436,B01,3,1,0,2,5,1,5,NULL,2.021E+11,175 066,132 436,B01,1,1,4,1,2004,5,0,-1,-1,0,0,-1,2.021E+11,3,938,3,NULL,2,2,1,1,24,1,1,NULL,-1,1,5,1,50
2.021E+11,16,5,2021,16:20:00,1,75,75115,2,1,8,6,BOULEVARD GARIBALDI,"488,453,230,000","23,101,440,000",2.021E+11,130 596,A01,1,1,14,0,7,12,5,NULL,2.021E+11,172 675,130 596,A01,1,1,4,1,1954,5,2,0,-1,0,0,-1,2.021E+11,4,BOULEVARD GARIBALDI,0,NULL,1,3,0,1,-1,-1,1,NULL,-1,1,0,1,50
2.021E+11,12,5,2021,06:10:00,5,35,35238,2,1,1,3,SAINT-HELIER,"481,062,300,000","-16,675,100,000",2.021E+11,129 763,B01,1,1,1,2,7,17,5,NULL,2.021E+11,171 526,129 763,B01,1,1,4,1,1994,5,8,0,-1,-1,-1,-1,2.021E+11,4,SAINT-HELIER,0,NULL,2,2,1,1,-1,-1,1,NULL,-1,1,0,1,30
2.021E+11,12,5,2021,06:10:00,5,35,35238,2,1,1,3,SAINT-HELIER,"481,062,300,000","-16,675,100,000",2.021E+11,129 763,B01,1,1,1,2,7,17,5,NULL,2.021E+11,171 527,129 764,A01,1,1,1,1,1967,4,8,4,-1,-1,-1,-1,2.021E+11,4,SAINT-HELIER,0,NULL,2,2,1,1,-1,-1,1,NULL,-1,1,0,1,30
2.021E+11,10,5,2021,18:00:00,1,69,69383,2,1,3,3,LACASSAGNE                          (AV),"457,491,796,200","48,771,670,225",2.021E+11,129 309,B01,1,1,0,2,3,2,0,NULL,2.021E+11,170 933,129 308,A01,1,1,1,2,1967,0,8,-1,-1,-1,-1,-1,2.021E+11,4,NULL,0,NULL,2,3,1,2,-1,-1,1,NULL,-1,2,0,5,50
2.021E+11,10,5,2021,18:00:00,1,69,69383,2,1,3,3,LACASSAGNE                          (AV),"457,491,796,200","48,771,670,225",2.021E+11,129 309,B01,1,1,0,2,3,2,0,NULL,2.021E+11,170 934,129 309,B01,1,1,4,2,1980,1,2,0,-1,-1,-1,-1,2.021E+11,4,NULL,0,NULL,2,3,1,2,-1,-1,1,NULL,-1,2,0,5,50
2.021E+11,17,4,2021,13:00:00,1,87,87085,2,1,1,7,TURGOT (RUE),"458,317,100,000","12,578,700,000",2.021E+11,124 252,A01,2,1,0,0,8,1,5,NULL,2.021E+11,164 382,124 252,A01,1,1,4,1,1997,5,8,0,-1,-1,-1,-1,2.021E+11,4,TURGOT (RUE),0,NULL,1,2,0,2,0,0,1,NULL,-1,1,0,1,50
2.021E+11,19,4,2021,06:30:00,3,33,33529,2,6,1,3,NULL,"446,470,500,000","-11,575,600,000",2.021E+11,123 999,B01,1,1,0,2,0,19,5,NULL,2.021E+11,164 055,123 998,A01,1,1,1,1,1938,5,1,-1,-1,-1,-1,-1,2.021E+11,3,MARIOLAN (CH. DE),0,NULL,2,2,0,1,0,5,1,NULL,-1,1,5,1,50
2.021E+11,19,4,2021,06:30:00,3,33,33529,2,6,1,3,NULL,"446,470,500,000","-11,575,600,000",2.021E+11,123 999,B01,1,1,0,2,0,19,5,NULL,2.021E+11,164 056,123 999,B01,1,1,3,1,1977,1,8,-1,-1,-1,-1,-1,2.021E+11,3,MARIOLAN (CH. DE),0,NULL,2,2,0,1,0,5,1,NULL,-1,1,5,1,50
2.021E+11,17,4,2021,13:14:00,1,74,74093,2,1,1,6,ALERY (GRANDE RUE D'),"458,982,900,000","61,117,600,000",2.021E+11,123 711,A01,2,1,0,1,1,1,5,NULL,2.021E+11,163 674,123 711,A01,1,1,3,1,1993,5,2,8,-1,-1,-1,-1,2.021E+11,4,ALERY (GRANDE RUE D'),0,NULL,2,3,2,2,0,0,1,NULL,-1,1,0,1,50
2.021E+11,17,4,2021,13:14:00,1,74,74093,2,1,1,6,ALERY (GRANDE RUE D'),"458,982,900,000","61,117,600,000",2.021E+11,123 711,A01,2,1,0,1,1,1,5,NULL,2.021E+11,163 675,123 711,A01,10,3,4,2,1960,0,0,-1,-1,2,3,1,2.021E+11,4,ALERY (GRANDE RUE D'),0,NULL,2,3,2,2,0,0,1,NULL,-1,1,0,1,50
2.021E+11,30,3,2021,17:27:00,1,27,27229,2,2,7,1,HUGO (RUE VICTOR),"490,224,500,000","11,509,200,000",2.021E+11,119 613,B01,0,1,0,2,0,15,5,NULL,2.021E+11,158 320,119 612,A01,1,1,1,1,2003,5,1,0,-1,0,0,-1,2.021E+11,4,HUGO (RUE VICTOR),0,NULL,2,2,0,1,-1,-1,1,NULL,-1,1,0,1,30
2.021E+11,30,3,2021,17:27:00,1,27,27229,2,2,7,1,HUGO (RUE VICTOR),"490,224,500,000","11,509,200,000",2.021E+11,119 613,B01,0,1,0,2,0,15,5,NULL,2.021E+11,158 321,119 613,B01,1,1,3,1,2003,0,8,0,-1,0,0,-1,2.021E+11,4,HUGO (RUE VICTOR),0,NULL,2,2,0,1,-1,-1,1,NULL,-1,1,0,1,30
2.021E+11,15,3,2021,15:00:00,1,27,27679,2,6,1,2,D840,"487,381,810,000","0,9201640000",2.021E+11,115 811,B01,0,1,0,0,4,1,5,NULL,2.021E+11,153 453,115 811,B01,1,1,3,2,1970,1,0,-1,-1,0,0,-1,2.021E+11,3,840,-1,D,2,1,0,1,0,1,2,NULL,-1,1,5,1,-1
2.021E+11,15,3,2021,15:00:00,1,27,27679,2,6,1,2,D840,"487,381,810,000","0,9201640000",2.021E+11,115 811,B01,0,1,0,0,4,1,5,NULL,2.021E+11,153 454,115 812,A01,1,1,1,2,1956,3,1,-1,-1,0,0,-1,2.021E+11,3,840,-1,D,2,1,0,1,0,1,2,NULL,-1,1,5,1,-1
2.021E+11,3,3,2021,09:15:00,1,75,75108,2,7,1,7,PLACE DE LA CONCORDE,"488,656,750,000","23,218,060,000",2.021E+11,113 662,A01,3,1,0,0,0,1,5,NULL,2.021E+11,150 678,113 662,A01,1,1,4,2,1963,2,2,6,-1,0,0,-1,2.021E+11,4,PLACE DE LA CONCORDE,0,NULL,-1,0,0,1,-1,-1,1,NULL,-1,1,0,1,50
2.021E+11,4,2,2021,16:35:00,1,79,79191,2,3,1,3,9 Avenue Jacques Bujault,"463,222,760,000"," -0,4592800000",2.021E+11,107 834,B01,2,1,0,2,1,1,6,NULL,2.021E+11,143 145,107 833,A01,1,1,1,2,1971,0,1,-1,-1,-1,-1,-1,2.021E+11,4,JACQUES BUJAULT (AVENUE),0,NULL,1,4,3,2,-1,-1,1,NULL,-1,1,0,1,30
2.021E+11,4,2,2021,16:35:00,1,79,79191,2,3,1,3,9 Avenue Jacques Bujault,"463,222,760,000"," -0,4592800000",2.021E+11,107 834,B01,2,1,0,2,1,1,6,NULL,2.021E+11,143 146,107 834,B01,1,1,4,2,1987,0,4,-1,-1,-1,-1,-1,2.021E+11,4,JACQUES BUJAULT (AVENUE),0,NULL,1,4,3,2,-1,-1,1,NULL,-1,1,0,1,30
2.021E+11,8,1,2021,19:10:00,5,69,69256,2,2,1,3,DROITS DE L'HOMME (DES) (BD),"457,637,700,000","49,333,700,000",2.021E+11,102 180,B01,1,1,0,2,7,19,5,NULL,2.021E+11,135 575,102 180,B01,1,1,2,1,1986,1,2,-1,-1,0,0,-1,2.021E+11,4,NULL,0,NULL,2,4,2,1,-1,-1,1,NULL,-1,1,0,1,50
2.021E+11,8,1,2021,19:10:00,5,69,69256,2,2,1,3,DROITS DE L'HOMME (DES) (BD),"457,637,700,000","49,333,700,000",2.021E+11,102 180,B01,1,1,0,2,7,19,5,NULL,2.021E+11,135 576,102 181,A01,1,1,1,1,2000,1,1,-1,-1,-1,-1,-1,2.021E+11,4,NULL,0,NULL,2,4,2,1,-1,-1,1,NULL,-1,1,0,1,50
2.021E+11,21,10,2021,17:55:00,1,45,45234,2,1,1,3,Rue du Faubourg Madeleine,"478,996,259,281","18,790,376,186",2.021E+11,180 613,A01,3,1,0,4,2,14,5,NULL,2.021E+11,239 187,180 612,B01,1,1,1,1,1974,4,8,0,-1,-1,-1,-1,2.021E+11,4,FAUBOURG MADELEINE (RUE DU ),0,NULL,1,1,3,1,-1,-1,1,NULL,-1,2,0,6,20
2.021E+11,21,10,2021,17:55:00,1,45,45234,2,1,1,3,Rue du Faubourg Madeleine,"478,996,259,281","18,790,376,186",2.021E+11,180 613,A01,3,1,0,4,2,14,5,NULL,2.021E+11,239 188,180 613,A01,1,1,4,1,2008,2,8,0,-1,-1,-1,-1,2.021E+11,4,FAUBOURG MADELEINE (RUE DU ),0,NULL,1,1,3,1,-1,-1,1,NULL,-1,2,0,6,20
2.021E+11,19,10,2021,17:30:00,1,75,75116,2,1,1,6,BOULEVARD EXELMANS,"488,414,330,000","22,634,540,000",2.021E+11,179 829,A01,1,1,0,1,1,1,5,NULL,2.021E+11,238 180,179 829,A01,10,3,1,1,1977,4,8,8,-1,2,A,1,2.021E+11,4,BOULEVARD EXELMANS,0,NULL,3,2,1,1,-1,-1,1,NULL,-1,1,0,5,30
2.021E+11,19,10,2021,17:30:00,1,75,75116,2,1,1,6,BOULEVARD EXELMANS,"488,414,330,000","22,634,540,000",2.021E+11,179 829,A01,1,1,0,1,1,1,5,NULL,2.021E+11,238 181,179 829,A01,1,1,4,2,1973,1,2,0,-1,0,0,-1,2.021E+11,4,BOULEVARD EXELMANS,0,NULL,3,2,1,1,-1,-1,1,NULL,-1,1,0,5,30
2.021E+11,15,10,2021,08:50:00,1,75,75109,2,5,1,3,BOULEVARD HAUSSMANN,"488,729,580,000","23,332,910,000",2.021E+11,178 302,B01,2,1,0,2,3,1,5,NULL,2.021E+11,236 164,178 301,A01,1,1,1,2,1969,1,2,6,-1,0,0,-1,2.021E+11,4,BOULEVARD HAUSSMANN,0,NULL,1,3,0,1,-1,-1,1,NULL,-1,1,0,1,30
2.021E+11,15,10,2021,08:50:00,1,75,75109,2,5,1,3,BOULEVARD HAUSSMANN,"488,729,580,000","23,332,910,000",2.021E+11,178 302,B01,2,1,0,2,3,1,5,NULL,2.021E+11,236 165,178 302,B01,1,1,4,1,1959,1,2,0,-1,0,0,-1,2.021E+11,4,BOULEVARD HAUSSMANN,0,NULL,1,3,0,1,-1,-1,1,NULL,-1,1,0,1,30
2.021E+11,11,10,2021,18:40:00,1,59,59648,2,9,1,3,BLERIOT LOUIS RUE,"505,889,200,000","30,395,800,000",2.021E+11,177 344,B01,3,1,0,2,0,0,5,NULL,2.021E+11,234 960,177 343,A01,1,1,1,2,1965,0,1,0,-1,-1,-1,-1,2.021E+11,4,BLERIOT LOUIS RUE,0,NULL,4,5,3,1,-1,-1,1,NULL,-1,1,9,6,50
2.021E+11,11,10,2021,18:40:00,1,59,59648,2,9,1,3,BLERIOT LOUIS RUE,"505,889,200,000","30,395,800,000",2.021E+11,177 344,B01,3,1,0,2,0,0,5,NULL,2.021E+11,234 961,177 344,B01,1,1,4,1,1990,0,8,0,-1,-1,-1,-1,2.021E+11,4,BLERIOT LOUIS RUE,0,NULL,4,5,3,1,-1,-1,1,NULL,-1,1,9,6,50
2.021E+11,11,10,2021,18:10:00,1,76,76540,2,3,1,2,SERRES. AVENUE OLIVIER DE,"494,490,100,000","11,200,000,000",2.021E+11,176 966,B01,0,1,0,2,7,1,5,NULL,2.021E+11,234 493,176 965,A01,1,1,1,1,1987,4,1,-1,-1,-1,-1,-1,2.021E+11,4,SERRES. AVENUE OLIVIER DE,0,NULL,2,2,1,2,0,0,2,NULL,-1,1,-1,1,50
2.021E+11,11,10,2021,18:10:00,1,76,76540,2,3,1,2,SERRES. AVENUE OLIVIER DE,"494,490,100,000","11,200,000,000",2.021E+11,176 966,B01,0,1,0,2,7,1,5,NULL,2.021E+11,234 494,176 966,B01,1,1,4,1,1976,1,2,-1,-1,-1,-1,-1,2.021E+11,4,SERRES. AVENUE OLIVIER DE,0,NULL,2,2,1,2,0,0,2,NULL,-1,1,-1,1,50
2.021E+11,29,9,2021,15:50:00,1,50,50593,1,1,1,3,Hameau Es Gendres,"495,915,430,000","-14,134,650,000",2.021E+11,172 510,A01,3,1,0,2,1,19,5,NULL,2.021E+11,228 747,172 509,B01,1,1,1,1,1979,3,1,-1,-1,0,0,-1,2.021E+11,3,263,-1,NULL,2,2,0,1,-1,-1,1,NULL,-1,1,0,1,80
2.021E+11,29,9,2021,15:50:00,1,50,50593,1,1,1,3,Hameau Es Gendres,"495,915,430,000","-14,134,650,000",2.021E+11,172 510,A01,3,1,0,2,1,19,5,NULL,2.021E+11,228 748,172 510,A01,1,1,3,1,2009,5,2,-1,-1,0,0,-1,2.021E+11,3,263,-1,NULL,2,2,0,1,-1,-1,1,NULL,-1,1,0,1,80
2.021E+11,23,9,2021,09:10:00,1,75,75114,2,4,1,3,RUE VERCINGETORIX,"488,274,472,158","23,050,528,765",2.021E+11,171 104,A01,1,1,0,2,7,9,5,NULL,2.021E+11,226 855,171 104,A01,1,1,1,1,1981,1,2,0,-1,0,0,-1,2.021E+11,4,RUE VERCINGETORIX,0,NULL,2,3,1,2,-1,-1,1,NULL,-1,1,0,5,30
2.021E+11,23,9,2021,09:10:00,1,75,75114,2,4,1,3,RUE VERCINGETORIX,"488,274,472,158","23,050,528,765",2.021E+11,171 104,A01,1,1,0,2,7,9,5,NULL,2.021E+11,226 856,171 105,B01,1,1,4,2,1960,1,2,0,-1,0,0,-1,2.021E+11,4,RUE VERCINGETORIX,0,NULL,2,3,1,2,-1,-1,1,NULL,-1,1,0,5,30
2.021E+11,18,9,2021,22:40:00,5,69,69386,2,2,8,1,VITTON (CR),"457,699,700,000","48,584,800,000",2.021E+11,169 246,B01,0,1,12,2,1,8,0,NULL,2.021E+11,224 414,169 245,A01,1,1,1,1,1980,9,8,-1,-1,-1,-1,-1,2.021E+11,4,VITTON                              (CO),0,NULL,1,2,2,1,-1,-1,1,NULL,-1,1,0,5,50
2.021E+11,18,9,2021,22:40:00,5,69,69386,2,2,8,1,VITTON (CR),"457,699,700,000","48,584,800,000",2.021E+11,169 246,B01,0,1,12,2,1,8,0,NULL,2.021E+11,224 415,169 246,B01,1,1,4,1,1987,0,8,-1,-1,-1,-1,-1,2.021E+11,4,VITTON                              (CO),0,NULL,1,2,2,1,-1,-1,1,NULL,-1,1,0,5,50