Num_Acc,jour,mois,an,hrmn,lum,dep,com,agg,int,atm,col,adr,lat,long,Num_Acc,id_vehicule,num_veh,senc,catv,obs,obsm,choc,manv,motor,occutc,Num_Acc,id_usager,id_vehicule,num_veh,place,catu,grav,sexe,an_nais,trajet,secu1,secu2,secu3,locp,actp,etatp,Num_Acc,catr,voie,v1,v2,circ,nbv,vosp,prof,pr,pr1,plan,lartpc,larrout,surf,infra,situ,vma
2.021E+11,20,3,2021,17:58:00,1,75,75107,2,2,1,3,RUE DE L UNIVERSITE,"488,609,840,000","23,149,580,000",2.021E+11,117 300,A01,1,1,0,2,1,1,5,NULL,2.021E+11,155 361,117 300,A01,1,1,4,1,1993,5,8,0,-1,0,0,-1,2.021E+11,4,RUE DE L UNIVERSITE,0,NULL,2,3,0,1,-1,-1,1,NULL,-1,1,0,1,50
2.021E+11,20,3,2021,17:58:00,1,75,75107,2,2,1,3,RUE DE L UNIVERSITE,"488,609,840,000","23,149,580,000",2.021E+11,117 300,A01,1,1,0,2,1,1,5,NULL,2.021E+11,155 362,117 301,B01,1,1,1,1,1973,5,1,0,-1,0,0,-1,2.021E+11,4,RUE DE L UNIVERSITE,0,NULL,2,3,0,1,-1,-1,1,NULL,-1,1,0,1,50
2.021E+11,9,3,2021,13:00:00,1,65,65440,2,2,1,3,LATTRE DE TASSIGNY(BOULEVARD DE),"432,280,800,000","0,0565000000",2.021E+11,114 764,A01,2,1,0,2,1,15,5,NULL,2.021E+11,152 092,114 764,A01,1,1,4,2,2004,2,8,-1,-1,0,0,-1,2.021E+11,3,LATTRE DE TASSIGNY(BOULEVARD DE),0,NULL,2,3,0,1,3,830,1,NULL,-1,1,0,1,50
2.021E+11,9,3,2021,13:00:00,1,65,65440,2,2,1,3,LATTRE DE TASSIGNY(BOULEVARD DE),"432,280,800,000","0,0565000000",2.021E+11,114 764,A01,2,1,0,2,1,15,5,NULL,2.021E+11,152 093,114 765,B01,1,1,1,1,2002,9,1,-1,-1,0,0,-1,2.021E+11,3,LATTRE DE TASSIGNY(BOULEVARD DE),0,NULL,2,3,0,1,3,830,1,NULL,-1,1,0,1,50
2.021E+11,12,2,2021,12:56:00,1,75,75119,2,2,1,2,BOULEVARD DE LA VILLETTE,"488,840,520,000","23,688,460,000",2.021E+11,109 269,B01,1,1,0,2,1,1,5,NULL,2.021E+11,145 027,109 268,A01,1,1,1,2,1991,4,1,0,-1,0,0,-1,2.021E+11,4,BOULEVARD DE LA VILLETTE,0,NULL,1,0,1,1,-1,-1,2,NULL,-1,1,-1,5,50
2.021E+11,12,2,2021,12:56:00,1,75,75119,2,2,1,2,BOULEVARD DE LA VILLETTE,"488,840,520,000","23,688,460,000",2.021E+11,109 269,B01,1,1,0,2,1,1,5,NULL,2.021E+11,145 028,109 269,B01,1,1,4,2,1982,9,2,0,-1,0,0,-1,2.021E+11,4,BOULEVARD DE LA VILLETTE,0,NULL,1,0,1,1,-1,-1,2,NULL,-1,1,-1,5,50
2.021E+11,31,1,2021,11:20:00,1,70,70550,2,1,2,6,SAINT LOUP (RUE DE),"476,379,000,000","61,657,900,000",2.021E+11,108 756,A01,2,1,0,1,1,1,5,NULL,2.021E+11,144 347,108 755,B01,1,1,4,1,1960,5,2,8,-1,-1,-1,-1,2.021E+11,4,SAINT LOUP (RUE DE),0,NULL,2,2,0,2,-1,-1,1,NULL,-1,2,0,1,50
2.021E+11,31,1,2021,11:20:00,1,70,70550,2,1,2,6,SAINT LOUP (RUE DE),"476,379,000,000","61,657,900,000",2.021E+11,108 755,B01,2,1,0,2,1,1,5,NULL,2.021E+11,144 347,108 755,B01,1,1,4,1,1960,5,2,8,-1,-1,-1,-1,2.021E+11,4,SAINT LOUP (RUE DE),0,NULL,2,2,0,2,-1,-1,1,NULL,-1,2,0,1,50
2.021E+11,31,1,2021,11:20:00,1,70,70550,2,1,2,6,SAINT LOUP (RUE DE),"476,379,000,000","61,657,900,000",2.021E+11,108 756,A01,2,1,0,1,1,1,5,NULL,2.021E+11,144 348,108 756,A01,10,3,3,1,1930,5,0,-1,-1,2,3,1,2.021E+11,4,SAINT LOUP (RUE DE),0,NULL,2,2,0,2,-1,-1,1,NULL,-1,2,0,1,50
2.021E+11,31,1,2021,11:20:00,1,70,70550,2,1,2,6,SAINT LOUP (RUE DE),"476,379,000,000","61,657,900,000",2.021E+11,108 755,B01,2,1,0,2,1,1,5,NULL,2.021E+11,144 348,108 756,A01,10,3,3,1,1930,5,0,-1,-1,2,3,1,2.021E+11,4,SAINT LOUP (RUE DE),0,NULL,2,2,0,2,-1,-1,1,NULL,-1,2,0,1,50
2.021E+11,31,1,2021,11:20:00,1,70,70550,2,1,2,6,SAINT LOUP (RUE DE),"476,379,000,000","61,657,900,000",2.021E+11,108 756,A01,2,1,0,1,1,1,5,NULL,2.021E+11,144 349,108 756,A01,1,1,4,1,1961,5,2,8,-1,-1,-1,-1,2.021E+11,4,SAINT LOUP (RUE DE),0,NULL,2,2,0,2,-1,-1,1,NULL,-1,2,0,1,50
2.021E+11,31,1,2021,11:20:00,1,70,70550,2,1,2,6,SAINT LOUP (RUE DE),"476,379,000,000","61,657,900,000",2.021E+11,108 755,B01,2,1,0,2,1,1,5,NULL,2.021E+11,144 349,108 756,A01,1,1,4,1,1961,5,2,8,-1,-1,-1,-1,2.021E+11,4,SAINT LOUP (RUE DE),0,NULL,2,2,0,2,-1,-1,1,NULL,-1,2,0,1,50
2.021E+11,22,1,2021,07:20:00,2,54,54547,2,3,1,1,JAURES (AVENUE JEAN),"486,651,600,000","61,649,500,000",2.021E+11,105 111,B01,1,1,0,2,1,1,5,NULL,2.021E+11,139 540,105 111,B01,1,1,4,1,1987,0,2,0,-1,0,0,-1,2.021E+11,4,NULL,0,NULL,2,-1,0,3,-1,-1,1,NULL,-1,2,0,1,30
2.021E+11,22,1,2021,07:20:00,2,54,54547,2,3,1,1,JAURES (AVENUE JEAN),"486,651,600,000","61,649,500,000",2.021E+11,105 111,B01,1,1,0,2,1,1,5,NULL,2.021E+11,139 541,105 112,A01,1,1,1,1,1974,0,1,0,-1,0,0,-1,2.021E+11,4,NULL,0,NULL,2,-1,0,3,-1,-1,1,NULL,-1,2,0,1,30
2.021E+11,19,1,2021,18:00:00,2,92,92063,2,3,1,6,BOURGUIGNON (RUE JEAN) SUD,"488,669,400,000","21,806,200,000",2.021E+11,104 565,A01,1,1,0,1,1,1,5,NULL,2.021E+11,138 787,104 565,A01,1,1,4,2,1976,1,2,8,-1,-1,-1,-1,2.021E+11,4,BOURGUIGNON (RUE JEAN) SUD,0,NULL,2,2,0,2,0,0,1,NULL,-1,1,5,1,50
2.021E+11,19,1,2021,18:00:00,2,92,92063,2,3,1,6,BOURGUIGNON (RUE JEAN) SUD,"488,669,400,000","21,806,200,000",2.021E+11,104 565,A01,1,1,0,1,1,1,5,NULL,2.021E+11,138 788,104 565,A01,10,3,1,1,2005,2,0,-1,-1,4,3,1,2.021E+11,4,BOURGUIGNON (RUE JEAN) SUD,0,NULL,2,2,0,2,0,0,1,NULL,-1,1,5,1,50
2.021E+11,9,1,2021,16:40:00,1,22,22174,1,3,1,3,intersection D786/D16,"486,142,540,000","-23,368,690,000",2.021E+11,102 247,B01,1,1,0,2,8,9,5,NULL,2.021E+11,135 663,102 246,A01,1,1,1,1,1947,5,1,-1,-1,0,0,-1,2.021E+11,3,786,0,NULL,2,2,0,3,-1,-1,3,NULL,-1,1,5,1,70
2.021E+11,9,1,2021,16:40:00,1,22,22174,1,3,1,3,intersection D786/D16,"486,142,540,000","-23,368,690,000",2.021E+11,102 247,B01,1,1,0,2,8,9,5,NULL,2.021E+11,135 664,102 247,B01,1,1,4,1,2005,5,0,-1,-1,0,0,-1,2.021E+11,3,786,0,NULL,2,2,0,3,-1,-1,3,NULL,-1,1,5,1,70
2.021E+11,8,1,2021,07:55:00,2,89,89460,2,2,2,1,NULL,"483,352,420,000","30,641,560,000",2.021E+11,101 833,B01,3,1,0,2,8,0,5,NULL,2.021E+11,135 118,101 833,B01,1,1,3,1,2007,2,0,-1,-1,0,0,-1,2.021E+11,3,103,0,D,2,2,0,2,35,720,1,NULL,-1,2,5,1,50
2.021E+11,8,1,2021,07:55:00,2,89,89460,2,2,2,1,NULL,"483,352,420,000","30,641,560,000",2.021E+11,101 833,B01,3,1,0,2,8,0,5,NULL,2.021E+11,135 119,101 834,A01,1,1,1,1,1977,1,1,-1,-1,0,0,-1,2.021E+11,3,103,0,D,2,2,0,2,35,720,1,NULL,-1,2,5,1,50
2.021E+11,27,10,2021,09:20:00,1,69,69034,2,1,1,3,LAVOISIER (R),"457,956,447,751","48,469,544,842",2.021E+11,183 004,A01,1,1,1,2,7,9,5,NULL,2.021E+11,242 305,183 003,B01,1,1,4,2,1969,0,8,-1,-1,-1,-1,-1,2.021E+11,4,LAVOISIER                           (R ),0,NULL,2,2,1,2,-1,-1,1,NULL,-1,1,0,1,30
2.021E+11,27,10,2021,09:20:00,1,69,69034,2,1,1,3,LAVOISIER (R),"457,956,447,751","48,469,544,842",2.021E+11,183 003,B01,1,1,1,0,1,1,2,NULL,2.021E+11,242 305,183 003,B01,1,1,4,2,1969,0,8,-1,-1,-1,-1,-1,2.021E+11,4,LAVOISIER                           (R ),0,NULL,2,2,1,2,-1,-1,1,NULL,-1,1,0,1,30
2.021E+11,27,10,2021,09:20:00,1,69,69034,2,1,1,3,LAVOISIER (R),"457,956,447,751","48,469,544,842",2.021E+11,183 004,A01,1,1,1,2,7,9,5,NULL,2.021E+11,242 306,183 004,A01,1,1,1,1,1986,0,8,-1,-1,-1,-1,-1,2.021E+11,4,LAVOISIER                           (R ),0,NULL,2,2,1,2,-1,-1,1,NULL,-1,1,0,1,30
2.021E+11,27,10,2021,09:20:00,1,69,69034,2,1,1,3,LAVOISIER (R),"457,956,447,751","48,469,544,842",2.021E+11,183 003,B01,1,1,1,0,1,1,2,NULL,2.021E+11,242 306,183 004,A01,1,1,1,1,1986,0,8,-1,-1,-1,-1,-1,2.021E+11,4,LAVOISIER                           (R ),0,NULL,2,2,1,2,-1,-1,1,NULL,-1,1,0,1,30
2.021E+11,25,10,2021,17:50:00,1,6,6123,2,1,1,3,DE GAULLE GENERAL AVENUE,"436,675,430,000","71,923,880,000",2.021E+11,181 983,A01,1,1,0,2,6,20,5,NULL,2.021E+11,241 032,181 983,A01,1,1,4,1,2005,5,8,0,-1,0,0,-1,2.021E+11,7,DE GAULLE GENERAL AVENUE,0,NULL,2,2,0,1,-1,-1,1,NULL,-1,1,6,4,50
2.021E+11,25,10,2021,17:50:00,1,6,6123,2,1,1,3,DE GAULLE GENERAL AVENUE,"436,675,430,000","71,923,880,000",2.021E+11,181 983,A01,1,1,0,2,6,20,5,NULL,2.021E+11,241 033,181 984,B01,1,1,1,2,1950,3,1,0,-1,0,0,-1,2.021E+11,7,DE GAULLE GENERAL AVENUE,0,NULL,2,2,0,1,-1,-1,1,NULL,-1,1,6,4,50
2.021E+11,13,10,2021,07:30:00,5,64,64269,1,1,1,2,Route de Tarbes,"432,992,975,574"," -0,3069761395",2.021E+11,178 070,B01,2,1,0,2,4,1,5,NULL,2.021E+11,235 879,178 070,B01,1,1,3,1,1970,1,2,8,-1,-1,-1,-1,2.021E+11,3,TARBES DE,0,NULL,2,2,1,1,21,430,3,NULL,-1,1,0,1,50
2.021E+11,13,10,2021,07:30:00,5,64,64269,1,1,1,2,Route de Tarbes,"432,992,975,574"," -0,3069761395",2.021E+11,178 070,B01,2,1,0,2,4,1,5,NULL,2.021E+11,235 880,178 071,A01,1,1,1,1,1966,1,1,0,-1,-1,-1,-1,2.021E+11,3,TARBES DE,0,NULL,2,2,1,1,21,430,3,NULL,-1,1,0,1,50
2.021E+11,14,10,2021,09:51:00,1,6,6004,2,1,1,3,CHATAIGNIERS AV.DU,"435,809,050,000","71,128,650,000",2.021E+11,177 969,B01,2,1,0,2,8,21,5,NULL,2.021E+11,235 740,177 969,B01,1,1,4,1,1975,1,8,0,-1,0,0,-1,2.021E+11,4,CHATAIGNIERS AV.DU,0,NULL,2,2,0,2,-1,-1,1,NULL,-1,1,0,1,50
2.021E+11,14,10,2021,09:51:00,1,6,6004,2,1,1,3,CHATAIGNIERS AV.DU,"435,809,050,000","71,128,650,000",2.021E+11,177 969,B01,2,1,0,2,8,21,5,NULL,2.021E+11,235 741,177 970,A01,1,1,1,2,1958,5,1,0,-1,0,0,-1,2.021E+11,4,CHATAIGNIERS AV.DU,0,NULL,2,2,0,2,-1,-1,1,NULL,-1,1,0,1,50
2.021E+11,29,7,2021,12:40:00,1,74,74010,2,4,1,1,SEMNOZ (ROUTE DU),"458,915,000,000","61,327,300,000",2.021E+11,176 123,B01,2,1,0,2,0,21,0,NULL,2.021E+11,233 362,176 122,A01,1,1,1,1,1981,5,1,0,-1,-1,-1,-1,2.021E+11,3,SEMNOZ (ROUTE DU),0,NULL,2,2,0,2,0,0,2,NULL,-1,1,0,1,50
2.021E+11,29,7,2021,12:40:00,1,74,74010,2,4,1,1,SEMNOZ (ROUTE DU),"458,915,000,000","61,327,300,000",2.021E+11,176 123,B01,2,1,0,2,0,21,0,NULL,2.021E+11,233 363,176 123,B01,1,1,3,1,1954,5,2,0,-1,-1,-1,-1,2.021E+11,3,SEMNOZ (ROUTE DU),0,NULL,2,2,0,2,0,0,2,NULL,-1,1,0,1,50
2.021E+11,26,9,2021,01:30:00,5,94,94003,2,9,1,1,FABIEN (BOULEVARD DU COLONEL),"488,018,175,789","23,357,587,865",2.021E+11,172 086,B01,3,1,0,9,1,1,6,NULL,2.021E+11,228 173,172 086,B01,1,1,4,1,2001,0,8,0,-1,-1,-1,-1,2.021E+11,4,NULL,0,NULL,2,2,0,1,0,0,1,NULL,-1,1,9,1,50
2.021E+11,26,9,2021,01:30:00,5,94,94003,2,9,1,1,FABIEN (BOULEVARD DU COLONEL),"488,018,175,789","23,357,587,865",2.021E+11,172 086,B01,3,1,0,9,1,1,6,NULL,2.021E+11,228 174,172 087,A01,1,1,1,1,1983,0,8,0,-1,-1,-1,-1,2.021E+11,4,NULL,0,NULL,2,2,0,1,0,0,1,NULL,-1,1,9,1,50
2.021E+11,15,9,2021,16:00:00,1,75,75117,2,7,2,7,PLACE SAINT FERDINAND,"488,779,630,000","22,878,850,000",2.021E+11,168 382,A01,1,1,0,0,0,1,5,NULL,2.021E+11,223 266,168 382,A01,1,1,4,2,1960,5,2,0,-1,0,0,-1,2.021E+11,4,PLACE SAINT FERDINAND,0,NULL,1,2,0,1,-1,-1,1,NULL,-1,2,0,1,30
2.021E+11,4,5,2021,19:20:00,1,59,59378,2,6,1,3,CLEMENCEAU BLVD (N°168-294),"506,536,900,000","31,096,300,000",2.021E+11,165 043,A01,3,1,0,2,8,15,5,NULL,2.021E+11,218 974,165 043,A01,1,1,4,1,1977,0,8,0,-1,-1,-1,-1,2.021E+11,1,Embranchement RN 356,0,NULL,1,1,0,1,13,0,3,NULL,-1,1,3,1,50
2.021E+11,4,5,2021,19:20:00,1,59,59378,2,6,1,3,CLEMENCEAU BLVD (N°168-294),"506,536,900,000","31,096,300,000",2.021E+11,165 043,A01,3,1,0,2,8,15,5,NULL,2.021E+11,218 975,165 044,Z01,1,1,1,-1,NULL,-1,-1,-1,-1,-1,-1,-1,2.021E+11,1,Embranchement RN 356,0,NULL,1,1,0,1,13,0,3,NULL,-1,1,3,1,50
2.021E+11,1,9,2021,18:20:00,1,30,30133,2,6,1,1,Rue de l Altier,"435,196,840,000","41,318,710,000",2.021E+11,164 228,B01,3,1,0,2,0,1,6,NULL,2.021E+11,217 863,164 228,B01,1,1,3,1,1960,0,0,-1,-1,0,0,-1,2.021E+11,4,NULL,-1,NULL,2,2,0,1,-1,-1,1,NULL,4,1,0,1,50
2.021E+11,1,9,2021,18:20:00,1,30,30133,2,6,1,1,Rue de l Altier,"435,196,840,000","41,318,710,000",2.021E+11,164 228,B01,3,1,0,2,0,1,6,NULL,2.021E+11,217 864,164 229,A01,1,1,1,1,1956,0,1,-1,-1,0,0,-1,2.021E+11,4,NULL,-1,NULL,2,2,0,1,-1,-1,1,NULL,4,1,0,1,50
2.021E+11,3,9,2021,17:10:00,1,75,75112,2,5,1,3,RUE DE LYON,"488,466,560,000","23,720,520,000",2.021E+11,163 948,A01,1,1,0,2,5,1,5,NULL,2.021E+11,217 499,163 948,A01,1,1,4,2,1988,1,2,0,-1,0,0,-1,2.021E+11,4,RUE DE LYON,0,NULL,2,3,3,1,-1,-1,1,NULL,-1,1,0,6,30
2.021E+11,3,9,2021,17:10:00,1,75,75112,2,5,1,3,RUE DE LYON,"488,466,560,000","23,720,520,000",2.021E+11,163 948,A01,1,1,0,2,5,1,5,NULL,2.021E+11,217 500,163 949,B01,1,1,1,1,1970,1,1,0,-1,0,0,-1,2.021E+11,4,RUE DE LYON,0,NULL,2,3,3,1,-1,-1,1,NULL,-1,1,0,6,30
2.021E+11,24,8,2021,14:45:00,1,60,60170,1,1,1,3,Route du Moulin de la Vallée,"491,972,854,420","25,452,930,292",2.021E+11,160 723,A01,3,1,0,2,3,5,5,NULL,2.021E+11,213 207,160 722,B01,1,1,1,2,1978,5,1,-1,-1,0,0,-1,2.021E+11,4,NULL,-1,NULL,2,2,0,1,-1,-1,4,NULL,5,1,0,1,30
2.021E+11,24,8,2021,14:45:00,1,60,60170,1,1,1,3,Route du Moulin de la Vallée,"491,972,854,420","25,452,930,292",2.021E+11,160 723,A01,3,1,0,2,3,5,5,NULL,2.021E+11,213 208,160 723,A01,1,1,4,1,2003,5,2,-1,-1,0,0,-1,2.021E+11,4,NULL,-1,NULL,2,2,0,1,-1,-1,4,NULL,5,1,0,1,30
2.021E+11,4,4,2021,14:00:00,1,69,69091,2,3,1,3,ANATOLE FRANCE (AV),"455,754,100,000","47,903,900,000",2.021E+11,160 073,A01,1,1,0,2,7,1,5,NULL,2.021E+11,212 282,160 073,A01,1,1,4,1,1958,5,8,0,-1,-1,-1,-1,2.021E+11,7,ANATOLE FRANCE (AV),0,NULL,2,2,1,1,21,100,1,NULL,-1,1,9,1,50
2.021E+11,4,4,2021,14:00:00,1,69,69091,2,3,1,3,ANATOLE FRANCE (AV),"455,754,100,000","47,903,900,000",2.021E+11,160 073,A01,1,1,0,2,7,1,5,NULL,2.021E+11,212 283,160 074,B01,1,1,1,1,2001,5,1,-1,-1,-1,-1,-1,2.021E+11,7,ANATOLE FRANCE (AV),0,NULL,2,2,1,1,21,100,1,NULL,-1,1,9,1,50
2.021E+11,31,7,2021,20:05:00,2,38,38195,1,1,2,1,Route des Deveys,"451,522,000,000","53,697,860,000",2.021E+11,154 870,B01,3,1,0,2,2,19,5,NULL,2.021E+11,205 022,154 869,A01,1,1,1,1,1978,9,1,-1,-1,0,0,-1,2.021E+11,4,32,-1,A,2,2,0,1,-1,-1,1,NULL,-1,2,0,1,80
2.021E+11,31,7,2021,20:05:00,2,38,38195,1,1,2,1,Route des Deveys,"451,522,000,000","53,697,860,000",2.021E+11,154 870,B01,3,1,0,2,2,19,5,NULL,2.021E+11,205 023,154 870,B01,1,1,3,1,2012,5,0,-1,-1,0,0,-1,2.021E+11,4,32,-1,A,2,2,0,1,-1,-1,1,NULL,-1,2,0,1,80
2.021E+11,28,7,2021,09:30:00,1,92,92012,2,2,1,3,ANATOLE FRANCE (BOULEVARD) 1/4BIS,"488,503,404,179","22,377,760,100",2.021E+11,154 297,B01,1,1,0,2,1,17,5,NULL,2.021E+11,204 251,154 297,B01,2,1,4,1,1994,9,2,8,-1,-1,-1,-1,2.021E+11,4,NULL,0,NULL,2,2,0,1,0,0,1,NULL,-1,1,0,1,50
2.021E+11,28,7,2021,09:30:00,1,92,92012,2,2,1,3,ANATOLE FRANCE (BOULEVARD) 1/4BIS,"488,503,404,179","22,377,760,100",2.021E+11,154 297,B01,1,1,0,2,1,17,5,NULL,2.021E+11,204 252,154 298,A01,1,1,1,1,1953,9,1,8,-1,-1,-1,-1,2.021E+11,4,NULL,0,NULL,2,2,0,1,0,0,1,NULL,-1,1,0,1,50
2.021E+11,3,7,2021,10:10:00,1,88,88415,1,1,1,3,cd 42,"480,487,600,000","65,975,300,000",2.021E+11,149 766,B01,2,1,0,2,2,1,5,NULL,2.021E+11,198 014,149 765,A01,1,1,1,2,1972,1,1,0,-1,0,0,-1,2.021E+11,3,cd 42,0,NULL,2,2,0,1,24,150,1,NULL,-1,1,0,1,80
2.021E+11,3,7,2021,10:10:00,1,88,88415,1,1,1,3,cd 42,"480,487,600,000","65,975,300,000",2.021E+11,149 766,B01,2,1,0,2,2,1,5,NULL,2.021E+11,198 015,149 766,B01,1,1,4,2,1969,0,2,0,-1,0,0,-1,2.021E+11,3,cd 42,0,NULL,2,2,0,1,24,150,1,NULL,-1,1,0,1,80
2.021E+11,8,7,2021,19:35:00,1,69,69387,2,2,1,3,JULES GUESDE (PL),"457,466,800,000","48,374,500,000",2.021E+11,148 634,A01,3,1,0,2,7,19,0,NULL,2.021E+11,196 378,148 634,A01,1,1,4,1,1966,0,2,4,-1,-1,-1,-1,2.021E+11,4,JULES GUESDE                        (PL),0,NULL,1,1,2,1,-1,-1,1,NULL,-1,2,4,6,50
2.021E+11,8,7,2021,19:35:00,1,69,69387,2,2,1,3,JULES GUESDE (PL),"457,466,800,000","48,374,500,000",2.021E+11,148 634,A01,3,1,0,2,7,19,0,NULL,2.021E+11,196 379,148 635,B01,1,1,1,2,1991,1,1,-1,-1,-1,-1,-1,2.021E+11,4,JULES GUESDE                        (PL),0,NULL,1,1,2,1,-1,-1,1,NULL,-1,2,4,6,50
2.021E+11,3,7,2021,11:30:00,1,25,25056,2,3,1,3,BELFORT RUE DE (inf144),"472,510,700,000","60,344,900,000",2.021E+11,146 068,B01,2,1,0,2,0,0,5,NULL,2.021E+11,192 946,146 067,A01,1,1,1,2,1952,5,1,0,-1,-1,-1,-1,2.021E+11,3,BELFORT RUE DE (inf144),0,NULL,2,2,0,2,37,335,1,NULL,-1,1,-1,1,50
2.021E+11,3,7,2021,11:30:00,1,25,25056,2,3,1,3,BELFORT RUE DE (inf144),"472,510,700,000","60,344,900,000",2.021E+11,146 068,B01,2,1,0,2,0,0,5,NULL,2.021E+11,192 947,146 068,B01,1,1,4,1,1976,0,2,0,-1,-1,-1,-1,2.021E+11,3,BELFORT RUE DE (inf144),0,NULL,2,2,0,2,37,335,1,NULL,-1,1,-1,1,50
2.021E+11,28,6,2021,08:00:00,1,22,22106,2,6,1,3,MORGAN (RUE DE LA),"484,994,900,000","-27,211,200,000",2.021E+11,145 308,B01,1,1,0,2,0,1,5,NULL,2.021E+11,191 939,145 308,B01,1,1,4,1,1978,1,8,0,-1,-1,-1,-1,2.021E+11,4,MORGAN (RUE DE LA),0,NULL,2,2,0,1,0,0,1,NULL,-1,1,0,1,50
2.021E+11,28,6,2021,08:00:00,1,22,22106,2,6,1,3,MORGAN (RUE DE LA),"484,994,900,000","-27,211,200,000",2.021E+11,145 308,B01,1,1,0,2,0,1,5,NULL,2.021E+11,191 940,145 309,A01,1,1,1,1,1961,0,8,0,-1,-1,-1,-1,2.021E+11,4,MORGAN (RUE DE LA),0,NULL,2,2,0,1,0,0,1,NULL,-1,1,0,1,50
2.021E+11,18,6,2021,10:20:00,1,75,75119,2,1,1,1,RUE ARCHEREAU,"488,917,340,000","23,745,570,000",2.021E+11,141 654,A01,2,1,0,2,1,5,5,NULL,2.021E+11,187 075,141 653,B01,1,1,4,2,1965,9,2,0,-1,0,0,-1,2.021E+11,4,RUE ARCHEREAU,0,NULL,1,1,0,1,-1,-1,1,NULL,-1,1,0,1,50
2.021E+11,18,6,2021,10:20:00,1,75,75119,2,1,1,1,RUE ARCHEREAU,"488,917,340,000","23,745,570,000",2.021E+11,141 653,B01,1,1,0,2,8,9,5,NULL,2.021E+11,187 075,141 653,B01,1,1,4,2,1965,9,2,0,-1,0,0,-1,2.021E+11,4,RUE ARCHEREAU,0,NULL,1,1,0,1,-1,-1,1,NULL,-1,1,0,1,50
2.021E+11,18,6,2021,10:20:00,1,75,75119,2,1,1,1,RUE ARCHEREAU,"488,917,340,000","23,745,570,000",2.021E+11,141 654,A01,2,1,0,2,1,5,5,NULL,2.021E+11,187 076,141 654,A01,1,1,1,1,1982,9,2,0,-1,0,0,-1,2.021E+11,4,RUE ARCHEREAU,0,NULL,1,1,0,1,-1,-1,1,NULL,-1,1,0,1,50
2.021E+11,18,6,2021,10:20:00,1,75,75119,2,1,1,1,RUE ARCHEREAU,"488,917,340,000","23,745,570,000",2.021E+11,141 653,B01,1,1,0,2,8,9,5,NULL,2.021E+11,187 076,141 654,A01,1,1,1,1,1982,9,2,0,-1,0,0,-1,2.021E+11,4,RUE ARCHEREAU,0,NULL,1,1,0,1,-1,-1,1,NULL,-1,1,0,1,50
2.021E+11,14,6,2021,20:00:00,1,75,75117,2,1,1,6,RUE DE LA JONQUIERE,"488,935,420,000","23,245,570,000",2.021E+11,140 189,A01,1,1,1,0,1,14,5,NULL,2.021E+11,185 207,140 189,A01,1,1,4,1,1980,9,8,0,-1,0,0,-1,2.021E+11,4,RUE DE LA JONQUIERE,0,NULL,1,1,0,1,-1,-1,1,NULL,-1,1,0,1,30
2.021E+11,8,6,2021,14:25:00,1,45,45008,1,1,1,3,"relais des muids, route nationale 20","480,578,570,000","18,760,980,000",2.021E+11,138 059,B01,1,1,0,2,8,1,5,NULL,2.021E+11,182 393,138 058,A01,1,1,1,1,1972,0,8,-1,-1,0,0,-1,2.021E+11,3,2020,-1,NULL,2,2,0,1,11,500,1,NULL,-1,1,0,1,90
2.021E+11,8,6,2021,14:25:00,1,45,45008,1,1,1,3,"relais des muids, route nationale 20","480,578,570,000","18,760,980,000",2.021E+11,138 059,B01,1,1,0,2,8,1,5,NULL,2.021E+11,182 394,138 059,B01,1,1,3,1,2003,5,0,-1,-1,0,0,-1,2.021E+11,3,2020,-1,NULL,2,2,0,1,11,500,1,NULL,-1,1,0,1,90
2.021E+11,5,6,2021,20:30:00,1,75,75115,2,4,1,3,BOULEVARD GARIBALDI,"488,454,800,000","23,095,780,000",2.021E+11,136 853,A01,1,1,0,2,2,5,5,NULL,2.021E+11,180 848,136 852,Z01,1,1,1,-1,NULL,-1,-1,-1,-1,-1,-1,-1,2.021E+11,4,BOULEVARD GARIBALDI,0,NULL,3,3,1,1,-1,-1,1,NULL,-1,1,0,5,50
2.021E+11,5,6,2021,20:30:00,1,75,75115,2,4,1,3,BOULEVARD GARIBALDI,"488,454,800,000","23,095,780,000",2.021E+11,136 853,A01,1,1,0,2,2,5,5,NULL,2.021E+11,180 849,136 853,A01,1,1,4,1,1980,9,2,0,-1,0,0,-1,2.021E+11,4,BOULEVARD GARIBALDI,0,NULL,3,3,1,1,-1,-1,1,NULL,-1,1,0,5,50
2.021E+11,10,5,2021,10:57:00,1,56,56098,2,2,1,3,CROIZAT ( AVE AMBROISE ),"477,744,200,000","-33,466,900,000",2.021E+11,129 788,B01,1,1,0,2,1,1,5,NULL,2.021E+11,171 553,129 788,B01,1,1,4,1,1945,5,2,8,-1,-1,-1,-1,2.021E+11,3,CROIZAT ( AVE AMBROISE ),0,NULL,2,2,0,1,101,450,1,NULL,-1,1,0,1,50