Num_Acc,jour,mois,an,hrmn,lum,dep,com,agg,int,atm,col,adr,lat,long,Num_Acc,id_vehicule,num_veh,senc,catv,obs,obsm,choc,manv,motor,occutc,Num_Acc,id_usager,id_vehicule,num_veh,place,catu,grav,sexe,an_nais,trajet,secu1,secu2,secu3,locp,actp,etatp,Num_Acc,catr,voie,v1,v2,circ,nbv,vosp,prof,pr,pr1,plan,lartpc,larrout,surf,infra,situ,vma
2.021E+11,23,7,2021,11:30:00,1,52,52365,1,2,1,2,D65,"480,639,920,000","49,468,520,000",2.021E+11,152 392,B01,2,1,0,2,4,15,5,NULL,2.021E+11,201 606,152 393,A01,1,1,1,1,1998,4,1,-1,-1,0,0,-1,2.021E+11,3,65,-1,NULL,2,2,0,1,58,760,1,NULL,-1,1,0,1,90
2.021E+11,5,7,2021,12:40:00,1,75,75118,2,2,1,2,RUE DE CLIGNANCOURT,"488,917,160,000","23,487,300,000",2.021E+11,147 064,B01,1,1,0,2,4,2,5,NULL,2.021E+11,194 318,147 064,B01,1,1,4,1,1986,4,8,0,-1,-1,-1,-1,2.021E+11,4,RUE DE CLIGNANCOURT,0,NULL,1,1,0,1,-1,-1,1,NULL,-1,1,0,1,50
2.021E+11,5,7,2021,12:40:00,1,75,75118,2,2,1,2,RUE DE CLIGNANCOURT,"488,917,160,000","23,487,300,000",2.021E+11,147 064,B01,1,1,0,2,4,2,5,NULL,2.021E+11,194 319,147 065,A01,1,1,1,1,1972,4,8,0,-1,0,0,-1,2.021E+11,4,RUE DE CLIGNANCOURT,0,NULL,1,1,0,1,-1,-1,1,NULL,-1,1,0,1,50
2.021E+11,1,7,2021,16:30:00,1,33,33069,2,9,1,3,Avenue de la Libération Charles de Gaulle,"448,680,999,447"," -0,6077706964",2.021E+11,146 119,B01,1,1,0,2,3,1,5,NULL,2.021E+11,193 014,146 119,B01,1,1,4,2,1978,0,8,-1,-1,-1,-1,-1,2.021E+11,4,AVE DE LA LIBERATION-CH. DE GAULLE,0,NULL,3,2,2,1,-1,-1,1,NULL,-1,1,0,4,50
2.021E+11,1,7,2021,16:30:00,1,33,33069,2,9,1,3,Avenue de la Libération Charles de Gaulle,"448,680,999,447"," -0,6077706964",2.021E+11,146 119,B01,1,1,0,2,3,1,5,NULL,2.021E+11,193 015,146 120,A01,1,1,1,2,1992,0,1,-1,-1,-1,-1,-1,2.021E+11,4,AVE DE LA LIBERATION-CH. DE GAULLE,0,NULL,3,2,2,1,-1,-1,1,NULL,-1,1,0,4,50
2.021E+11,28,6,2021,21:33:00,5,75,75103,2,2,1,3,BOULEVARD DES FILLES DU CALVAIRE,"488,624,700,000","23,668,940,000",2.021E+11,145 020,A01,2,1,0,2,8,1,5,NULL,2.021E+11,191 555,145 020,A01,1,1,4,1,2001,5,8,0,-1,0,0,-1,2.021E+11,4,BOULEVARD DES FILLES DU CALVAIRE,0,NULL,2,4,2,1,-1,-1,1,NULL,-1,1,0,5,50
2.021E+11,28,6,2021,21:33:00,5,75,75103,2,2,1,3,BOULEVARD DES FILLES DU CALVAIRE,"488,624,700,000","23,668,940,000",2.021E+11,145 020,A01,2,1,0,2,8,1,5,NULL,2.021E+11,191 556,145 021,Z01,1,1,1,-1,NULL,-1,-1,-1,-1,-1,-1,-1,2.021E+11,4,BOULEVARD DES FILLES DU CALVAIRE,0,NULL,2,4,2,1,-1,-1,1,NULL,-1,1,0,5,50
2.021E+11,28,6,2021,17:00:00,1,93,93048,2,2,1,3,Rue de Valmy / Rue Armand Carrel,"488,507,600,000","24,182,700,000",2.021E+11,144 695,B01,3,1,0,2,7,9,6,NULL,2.021E+11,191 141,144 695,B01,1,1,3,1,1993,0,8,0,-1,0,0,-1,2.021E+11,4,VALMY (RUE DE),0,NULL,2,2,0,1,1,0,1,NULL,-1,1,0,1,50
2.021E+11,28,6,2021,17:00:00,1,93,93048,2,2,1,3,Rue de Valmy / Rue Armand Carrel,"488,507,600,000","24,182,700,000",2.021E+11,144 695,B01,3,1,0,2,7,9,6,NULL,2.021E+11,191 142,144 696,A01,1,1,1,1,1984,0,1,0,-1,-1,-1,-1,2.021E+11,4,VALMY (RUE DE),0,NULL,2,2,0,1,1,0,1,NULL,-1,1,0,1,50
2.021E+11,22,6,2021,19:00:00,1,59,59279,2,3,2,3,SIMONO (RUE MAURICE),"507,817,380,000","31,220,320,000",2.021E+11,143 025,B01,3,1,0,2,1,25,5,NULL,2.021E+11,188 924,143 024,A01,1,1,1,2,1988,5,1,8,-1,-1,-1,-1,2.021E+11,4,SIMONO (RUE MAURICE),0,NULL,1,1,0,1,-1,-1,1,NULL,-1,2,0,1,50
2.021E+11,22,6,2021,19:00:00,1,59,59279,2,3,2,3,SIMONO (RUE MAURICE),"507,817,380,000","31,220,320,000",2.021E+11,143 025,B01,3,1,0,2,1,25,5,NULL,2.021E+11,188 925,143 025,B01,1,1,4,1,2008,5,8,0,-1,-1,-1,-1,2.021E+11,4,SIMONO (RUE MAURICE),0,NULL,1,1,0,1,-1,-1,1,NULL,-1,2,0,1,50
2.021E+11,12,6,2021,21:40:00,1,93,93001,2,1,1,3,JEAN JAURES  (AVE)  157 A 213,"489,094,000,000","23,982,000,000",2.021E+11,139 498,B01,1,1,0,2,2,5,5,NULL,2.021E+11,184 279,139 498,B01,1,1,4,1,1986,0,8,0,-1,-1,-1,-1,2.021E+11,3,JEAN JAURES  (AVE)  157 A 213,0,NULL,3,4,0,1,0,1,1,NULL,-1,1,0,1,50
2.021E+11,12,6,2021,21:40:00,1,93,93001,2,1,1,3,JEAN JAURES  (AVE)  157 A 213,"489,094,000,000","23,982,000,000",2.021E+11,139 498,B01,1,1,0,2,2,5,5,NULL,2.021E+11,184 280,139 499,A01,1,1,4,1,1998,0,2,6,-1,-1,-1,-1,2.021E+11,3,JEAN JAURES  (AVE)  157 A 213,0,NULL,3,4,0,1,0,1,1,NULL,-1,1,0,1,50
2.021E+11,7,6,2021,18:50:00,1,75,75103,2,1,1,1,BOULEVARD SAINT MARTIN,"488,680,850,000","23,614,530,000",2.021E+11,137 782,B01,1,1,0,2,1,1,5,NULL,2.021E+11,182 046,137 781,A01,1,1,1,1,1989,5,2,6,-1,0,0,-1,2.021E+11,4,BOULEVARD SAINT MARTIN,0,NULL,2,5,0,2,-1,-1,1,NULL,-1,1,0,1,50
2.021E+11,7,6,2021,18:50:00,1,75,75103,2,1,1,1,BOULEVARD SAINT MARTIN,"488,680,850,000","23,614,530,000",2.021E+11,137 782,B01,1,1,0,2,1,1,5,NULL,2.021E+11,182 047,137 782,B01,1,1,4,2,1962,1,2,0,-1,0,0,-1,2.021E+11,4,BOULEVARD SAINT MARTIN,0,NULL,2,5,0,2,-1,-1,1,NULL,-1,1,0,1,50
2.021E+11,8,6,2021,14:11:00,1,22,22365,1,1,1,3,Milin Coz Saint Georges,"483,376,810,026","-32,685,184,479",2.021E+11,137 691,A01,1,1,0,2,3,1,5,NULL,2.021E+11,181 938,137 691,A01,1,1,3,1,1953,5,6,2,-1,0,0,-1,2.021E+11,3,87,0,D,2,2,0,2,-1,-1,1,NULL,-1,1,8,1,80
2.021E+11,8,6,2021,14:11:00,1,22,22365,1,1,1,3,Milin Coz Saint Georges,"483,376,810,026","-32,685,184,479",2.021E+11,137 691,A01,1,1,0,2,3,1,5,NULL,2.021E+11,181 939,137 692,B01,1,1,1,1,1971,4,4,-1,-1,0,0,-1,2.021E+11,3,87,0,D,2,2,0,2,-1,-1,1,NULL,-1,1,8,1,80
2.021E+11,31,5,2021,17:40:00,1,75,75107,2,2,1,7,AVENUE DE BRETEUIL,"488,516,400,000","23,125,240,000",2.021E+11,135 005,A01,1,1,0,0,0,21,5,NULL,2.021E+11,178 465,135 005,A01,1,1,4,1,2000,5,8,0,-1,0,0,-1,2.021E+11,4,AVENUE DE BRETEUIL,0,NULL,1,2,0,1,-1,-1,1,NULL,-1,1,6,5,50
2.021E+11,25,5,2021,18:30:00,1,7,7007,1,1,1,1,Route de Saint Peray,"449,230,510,000","47,263,100,000",2.021E+11,132 914,B01,2,1,0,0,1,13,5,NULL,2.021E+11,175 732,132 914,B01,1,1,4,1,1999,0,2,6,-1,0,0,-1,2.021E+11,3,14,0,D,2,2,0,1,4,10,2,NULL,-1,1,0,1,80
2.021E+11,25,5,2021,18:30:00,1,7,7007,1,1,1,1,Route de Saint Peray,"449,230,510,000","47,263,100,000",2.021E+11,132 914,B01,2,1,0,0,1,13,5,NULL,2.021E+11,175 733,132 915,A01,1,1,1,1,1971,0,1,-1,-1,0,0,-1,2.021E+11,3,14,0,D,2,2,0,1,4,10,2,NULL,-1,1,0,1,80
2.021E+11,16,5,2021,09:25:00,1,37,37261,2,1,8,6,PAILHOU (PLACE GASTON),"473,915,548,631","0,6807392836",2.021E+11,130 842,A01,3,1,0,2,3,15,5,NULL,2.021E+11,172 995,130 842,A01,1,1,4,1,1950,5,8,0,-1,-1,-1,-1,2.021E+11,4,PAILHOU (PLACE GASTON),0,NULL,1,1,1,1,-1,-1,1,NULL,-1,1,0,1,50
2.021E+11,16,5,2021,09:25:00,1,37,37261,2,1,8,6,PAILHOU (PLACE GASTON),"473,915,548,631","0,6807392836",2.021E+11,130 842,A01,3,1,0,2,3,15,5,NULL,2.021E+11,172 996,130 843,B01,1,1,1,1,1999,5,2,6,-1,-1,-1,-1,2.021E+11,4,PAILHOU (PLACE GASTON),0,NULL,1,1,1,1,-1,-1,1,NULL,-1,1,0,1,50
2.021E+11,30,4,2021,12:45:00,1,1,1053,2,2,2,3,SAMARITAINE ( RUE),"462,047,225,805","52,274,948,816",2.021E+11,128 084,A01,3,1,0,2,1,19,5,NULL,2.021E+11,169 297,128 084,A01,1,1,3,1,1983,4,8,0,-1,-1,-1,-1,2.021E+11,4,NULL,0,NULL,1,1,0,1,-1,-1,1,NULL,-1,2,0,1,30
2.021E+11,30,4,2021,12:45:00,1,1,1053,2,2,2,3,SAMARITAINE ( RUE),"462,047,225,805","52,274,948,816",2.021E+11,128 084,A01,3,1,0,2,1,19,5,NULL,2.021E+11,169 298,128 085,B01,1,1,1,1,1983,1,1,8,-1,-1,-1,-1,2.021E+11,4,NULL,0,NULL,1,1,0,1,-1,-1,1,NULL,-1,2,0,1,30
2.021E+11,26,4,2021,06:00:00,3,974,97411,2,6,1,3,Boulevard Jean Jaurès,"-209,010,600,000","554,965,000,000",2.021E+11,125 785,B01,1,1,0,2,0,26,5,NULL,2.021E+11,166 343,125 784,A01,1,1,1,1,1985,1,1,0,-1,-1,-1,-1,2.021E+11,2,JAURES (BOULEVARD JEAN),0,NULL,3,4,2,1,-1,-1,3,NULL,-1,1,0,5,70
2.021E+11,26,4,2021,06:00:00,3,974,97411,2,6,1,3,Boulevard Jean Jaurès,"-209,010,600,000","554,965,000,000",2.021E+11,125 785,B01,1,1,0,2,0,26,5,NULL,2.021E+11,166 344,125 785,B01,1,1,4,1,1989,1,8,8,-1,-1,-1,-1,2.021E+11,2,JAURES (BOULEVARD JEAN),0,NULL,3,4,2,1,-1,-1,3,NULL,-1,1,0,5,70
2.021E+11,24,4,2021,16:00:00,1,7,7019,1,6,1,3,RN 102,"446,132,270,000","44,082,430,000",2.021E+11,125 477,B01,3,1,0,0,0,0,0,NULL,2.021E+11,165 962,125 476,A01,1,1,1,2,1951,5,1,0,-1,-1,-1,-1,2.021E+11,2,RN 102,0,NULL,1,0,0,1,37,599,1,NULL,-1,1,9,1,70
2.021E+11,24,4,2021,16:00:00,1,7,7019,1,6,1,3,RN 102,"446,132,270,000","44,082,430,000",2.021E+11,125 477,B01,3,1,0,0,0,0,0,NULL,2.021E+11,165 963,125 477,B01,1,1,3,2,1966,5,8,0,-1,-1,-1,-1,2.021E+11,2,RN 102,0,NULL,1,0,0,1,37,599,1,NULL,-1,1,9,1,70
2.021E+11,18,4,2021,17:10:00,1,75,75104,2,1,8,2,PONT DE SULLY,"488,504,640,000","23,602,480,000",2.021E+11,123 973,A01,3,1,0,2,1,1,5,NULL,2.021E+11,164 023,123 973,A01,1,1,4,1,1967,3,8,0,-1,0,0,-1,2.021E+11,4,PONT DE SULLY,0,NULL,1,2,0,1,-1,-1,1,NULL,-1,1,2,1,50
2.021E+11,18,4,2021,17:10:00,1,75,75104,2,1,8,2,PONT DE SULLY,"488,504,640,000","23,602,480,000",2.021E+11,123 973,A01,3,1,0,2,1,1,5,NULL,2.021E+11,164 024,123 974,B01,1,1,1,1,1983,5,1,8,-1,0,0,-1,2.021E+11,4,PONT DE SULLY,0,NULL,1,2,0,1,-1,-1,1,NULL,-1,1,2,1,50
2.021E+11,31,3,2021,18:10:00,1,75,75119,2,1,1,3,AVENUE DE FLANDRE,"488,850,790,000","23,700,780,000",2.021E+11,119 907,B01,1,1,0,2,1,7,5,NULL,2.021E+11,158 701,119 906,A01,1,1,1,1,1997,9,1,0,-1,0,0,-1,2.021E+11,4,AVENUE DE FLANDRE,0,NULL,1,3,3,1,-1,-1,1,NULL,-1,1,-1,6,50
2.021E+11,31,3,2021,18:10:00,1,75,75119,2,1,1,3,AVENUE DE FLANDRE,"488,850,790,000","23,700,780,000",2.021E+11,119 907,B01,1,1,0,2,1,7,5,NULL,2.021E+11,158 702,119 907,B01,1,1,4,1,1971,9,8,0,-1,0,0,-1,2.021E+11,4,AVENUE DE FLANDRE,0,NULL,1,3,3,1,-1,-1,1,NULL,-1,1,-1,6,50
2.021E+11,29,3,2021,19:50:00,1,75,75110,2,1,1,3,RUE LOUIS BLANC,"488,817,120,000","23,640,820,000",2.021E+11,119 284,A01,1,1,0,2,1,1,5,NULL,2.021E+11,157 912,119 283,Z01,1,1,1,-1,NULL,-1,-1,-1,-1,-1,-1,-1,2.021E+11,4,RUE LOUIS BLANC,0,NULL,1,2,0,2,-1,-1,1,NULL,-1,1,0,1,50
2.021E+11,29,3,2021,19:50:00,1,75,75110,2,1,1,3,RUE LOUIS BLANC,"488,817,120,000","23,640,820,000",2.021E+11,119 284,A01,1,1,0,2,1,1,5,NULL,2.021E+11,157 913,119 284,A01,1,1,4,1,1984,1,2,0,-1,0,0,-1,2.021E+11,4,RUE LOUIS BLANC,0,NULL,1,2,0,2,-1,-1,1,NULL,-1,1,0,1,50
2.021E+11,13,3,2021,11:00:00,1,74,74158,1,1,6,2,Route du pays de la Coté,"462,471,820,000","63,311,880,000",2.021E+11,115 346,A01,1,1,0,0,4,13,6,NULL,2.021E+11,152 829,115 346,A01,1,1,4,1,1982,5,2,-1,-1,0,0,-1,2.021E+11,3,903,-1,NULL,2,2,0,2,58,400,1,NULL,-1,1,0,1,70
2.021E+11,13,3,2021,11:00:00,1,74,74158,1,1,6,2,Route du pays de la Coté,"462,471,820,000","63,311,880,000",2.021E+11,115 346,A01,1,1,0,0,4,13,6,NULL,2.021E+11,152 830,115 347,B01,1,1,1,2,1991,0,1,-1,-1,0,0,-1,2.021E+11,3,903,-1,NULL,2,2,0,2,58,400,1,NULL,-1,1,0,1,70
2.021E+11,27,2,2021,17:40:00,1,75,75104,2,2,1,6,RUE FRANCOIS MIRON,"488,555,280,000","23,577,610,000",2.021E+11,112 766,A01,2,1,0,1,5,1,5,NULL,2.021E+11,149 572,112 766,A01,10,3,4,2,1966,5,0,-1,-1,2,3,1,2.021E+11,4,RUE FRANCOIS MIRON,0,NULL,1,1,2,1,-1,-1,1,NULL,-1,1,-1,5,30
2.021E+11,27,2,2021,17:40:00,1,75,75104,2,2,1,6,RUE FRANCOIS MIRON,"488,555,280,000","23,577,610,000",2.021E+11,112 766,A01,2,1,0,1,5,1,5,NULL,2.021E+11,149 573,112 766,A01,5,2,1,2,2001,5,8,0,-1,0,0,-1,2.021E+11,4,RUE FRANCOIS MIRON,0,NULL,1,1,2,1,-1,-1,1,NULL,-1,1,-1,5,30
2.021E+11,27,2,2021,17:40:00,1,75,75104,2,2,1,6,RUE FRANCOIS MIRON,"488,555,280,000","23,577,610,000",2.021E+11,112 766,A01,2,1,0,1,5,1,5,NULL,2.021E+11,149 574,112 766,A01,1,1,1,1,2000,5,8,0,-1,0,0,-1,2.021E+11,4,RUE FRANCOIS MIRON,0,NULL,1,1,2,1,-1,-1,1,NULL,-1,1,-1,5,30
2.021E+11,11,2,2021,12:50:00,1,94,94069,2,2,1,3,Av du Mal de Lattre de Tassigny,"488,240,920,000","24,199,190,000",2.021E+11,109 248,B01,1,1,0,2,8,1,5,NULL,2.021E+11,145 004,109 248,B01,1,1,4,2,1996,0,8,0,-1,-1,-1,-1,2.021E+11,3,MARECHAL DE LATTRE DE TASSIGNY (AV),0,NULL,2,8,0,1,1,0,1,NULL,-1,1,0,1,50
2.021E+11,11,2,2021,12:50:00,1,94,94069,2,2,1,3,Av du Mal de Lattre de Tassigny,"488,240,920,000","24,199,190,000",2.021E+11,109 248,B01,1,1,0,2,8,1,5,NULL,2.021E+11,145 005,109 249,A01,1,1,1,1,1962,4,1,0,-1,-1,-1,-1,2.021E+11,3,MARECHAL DE LATTRE DE TASSIGNY (AV),0,NULL,2,8,0,1,1,0,1,NULL,-1,1,0,1,50
2.021E+11,19,1,2021,13:25:00,1,17,17274,2,1,1,3,POMMERAIE   PLACE DE LA,"461,548,400,000","-10,966,000,000",2.021E+11,104 423,B01,3,1,0,2,0,17,5,NULL,2.021E+11,138 591,104 423,B01,1,1,4,1,1979,1,2,0,-1,-1,-1,-1,2.021E+11,4,POMMERAIE   PLACE DE LA,0,NULL,2,2,0,1,-1,-1,1,NULL,-1,1,0,1,30
2.021E+11,19,1,2021,13:25:00,1,17,17274,2,1,1,3,POMMERAIE   PLACE DE LA,"461,548,400,000","-10,966,000,000",2.021E+11,104 423,B01,3,1,0,2,0,17,5,NULL,2.021E+11,138 592,104 424,A01,1,1,1,1,1985,3,1,0,-1,-1,-1,-1,2.021E+11,4,POMMERAIE   PLACE DE LA,0,NULL,2,2,0,1,-1,-1,1,NULL,-1,1,0,1,30
2.021E+11,16,1,2021,12:10:00,1,75,75116,2,4,4,6,RUE DE BOULAINVILLIERS,"488,555,580,000","22,750,510,000",2.021E+11,103 874,A01,2,1,0,1,1,1,5,NULL,2.021E+11,137 838,103 874,A01,1,1,1,1,1999,1,8,6,-1,0,0,-1,2.021E+11,4,RUE DE BOULAINVILLIERS,0,NULL,1,1,0,2,-1,-1,1,NULL,-1,5,0,1,30
2.021E+11,16,1,2021,12:10:00,1,75,75116,2,4,4,6,RUE DE BOULAINVILLIERS,"488,555,580,000","22,750,510,000",2.021E+11,103 874,A01,2,1,0,1,1,1,5,NULL,2.021E+11,137 839,103 874,A01,10,3,4,2,1932,5,0,-1,-1,3,3,1,2.021E+11,4,RUE DE BOULAINVILLIERS,0,NULL,1,1,0,2,-1,-1,1,NULL,-1,5,0,1,30
2.021E+11,29,10,2021,18:12:00,2,45,45234,2,2,2,3,FAUBOURG BANNIER (RUE DU ),"479,176,000,000","18,986,300,000",2.021E+11,183 268,B01,0,1,0,2,8,16,0,NULL,2.021E+11,242 682,183 268,B01,1,1,4,1,1977,1,2,4,-1,-1,-1,-1,2.021E+11,7,FAUBOURG BANNIER (RUE DU ),0,NULL,2,2,0,3,1,0,1,NULL,-1,2,0,1,50
2.021E+11,29,10,2021,18:12:00,2,45,45234,2,2,2,3,FAUBOURG BANNIER (RUE DU ),"479,176,000,000","18,986,300,000",2.021E+11,183 268,B01,0,1,0,2,8,16,0,NULL,2.021E+11,242 683,183 269,A01,1,1,1,1,2002,5,1,0,-1,-1,-1,-1,2.021E+11,7,FAUBOURG BANNIER (RUE DU ),0,NULL,2,2,0,3,1,0,1,NULL,-1,2,0,1,50
2.021E+11,24,10,2021,12:30:00,1,61,61345,2,1,1,7,Rue Marcel Louvel,"484,322,790,000","0,7754110000",2.021E+11,181 236,A01,2,1,0,2,1,1,5,NULL,2.021E+11,240 019,181 235,B01,1,1,1,1,1945,5,2,-1,-1,-1,-1,-1,2.021E+11,3,920,0,A,2,2,0,2,1,500,1,NULL,-1,1,0,1,50
2.021E+11,24,10,2021,12:30:00,1,61,61345,2,1,1,7,Rue Marcel Louvel,"484,322,790,000","0,7754110000",2.021E+11,181 235,B01,2,1,0,2,4,1,5,NULL,2.021E+11,240 019,181 235,B01,1,1,1,1,1945,5,2,-1,-1,-1,-1,-1,2.021E+11,3,920,0,A,2,2,0,2,1,500,1,NULL,-1,1,0,1,50
2.021E+11,24,10,2021,12:30:00,1,61,61345,2,1,1,7,Rue Marcel Louvel,"484,322,790,000","0,7754110000",2.021E+11,181 236,A01,2,1,0,2,1,1,5,NULL,2.021E+11,240 020,181 236,A01,1,1,2,1,1953,5,0,-1,-1,0,0,-1,2.021E+11,3,920,0,A,2,2,0,2,1,500,1,NULL,-1,1,0,1,50
2.021E+11,24,10,2021,12:30:00,1,61,61345,2,1,1,7,Rue Marcel Louvel,"484,322,790,000","0,7754110000",2.021E+11,181 235,B01,2,1,0,2,4,1,5,NULL,2.021E+11,240 020,181 236,A01,1,1,2,1,1953,5,0,-1,-1,0,0,-1,2.021E+11,3,920,0,A,2,2,0,2,1,500,1,NULL,-1,1,0,1,50
2.021E+11,18,10,2021,10:45:00,1,33,33138,2,1,1,3,NULL,"450,392,070,000"," -0,1055610000",2.021E+11,179 768,A01,1,1,0,2,3,1,5,NULL,2.021E+11,238 100,179 768,A01,1,1,4,2,1974,5,0,-1,-1,0,0,-1,2.021E+11,3,NULL,-1,NULL,2,2,0,1,12,66,1,NULL,-1,1,0,1,50
2.021E+11,18,10,2021,10:45:00,1,33,33138,2,1,1,3,NULL,"450,392,070,000"," -0,1055610000",2.021E+11,179 768,A01,1,1,0,2,3,1,5,NULL,2.021E+11,238 101,179 769,B01,1,1,1,-1,NULL,-1,-1,-1,-1,-1,-1,-1,2.021E+11,3,NULL,-1,NULL,2,2,0,1,12,66,1,NULL,-1,1,0,1,50
2.021E+11,5,10,2021,13:50:00,1,14,14118,2,1,2,3,RETHEL (BOULEVARD DE),"491,706,400,000"," -0,3330000000",2.021E+11,175 227,B01,1,1,0,2,1,2,5,NULL,2.021E+11,232 237,175 226,A01,1,1,1,2,1972,0,1,0,-1,0,0,-1,2.021E+11,4,RETHEL (BOULEVARD DE),0,NULL,2,2,1,1,1,0,1,NULL,-1,2,0,5,50
2.021E+11,5,10,2021,13:50:00,1,14,14118,2,1,2,3,RETHEL (BOULEVARD DE),"491,706,400,000"," -0,3330000000",2.021E+11,175 227,B01,1,1,0,2,1,2,5,NULL,2.021E+11,232 238,175 227,B01,1,1,4,1,2005,0,0,-1,-1,0,0,-1,2.021E+11,4,RETHEL (BOULEVARD DE),0,NULL,2,2,1,1,1,0,1,NULL,-1,2,0,5,50
2.021E+11,24,9,2021,12:40:00,1,49,49007,2,1,1,3,NOTRE DAME DU LAC AVENUE,"474,755,690,000"," -0,5834450000",2.021E+11,171 407,B01,1,1,0,2,1,26,5,NULL,2.021E+11,227 233,171 406,A01,1,1,1,1,1998,1,8,0,-1,-1,-1,-1,2.021E+11,4,NOTRE DAME DU LAC AVENUE,0,NULL,1,2,0,1,1,0,2,NULL,-1,1,0,1,30
2.021E+11,24,9,2021,12:40:00,1,49,49007,2,1,1,3,NOTRE DAME DU LAC AVENUE,"474,755,690,000"," -0,5834450000",2.021E+11,171 406,A01,1,1,0,2,8,26,5,NULL,2.021E+11,227 233,171 406,A01,1,1,1,1,1998,1,8,0,-1,-1,-1,-1,2.021E+11,4,NOTRE DAME DU LAC AVENUE,0,NULL,1,2,0,1,1,0,2,NULL,-1,1,0,1,30
2.021E+11,24,9,2021,12:40:00,1,49,49007,2,1,1,3,NOTRE DAME DU LAC AVENUE,"474,755,690,000"," -0,5834450000",2.021E+11,171 407,B01,1,1,0,2,1,26,5,NULL,2.021E+11,227 234,171 407,B01,1,1,4,2,2003,1,8,0,-1,-1,-1,-1,2.021E+11,4,NOTRE DAME DU LAC AVENUE,0,NULL,1,2,0,1,1,0,2,NULL,-1,1,0,1,30
2.021E+11,24,9,2021,12:40:00,1,49,49007,2,1,1,3,NOTRE DAME DU LAC AVENUE,"474,755,690,000"," -0,5834450000",2.021E+11,171 406,A01,1,1,0,2,8,26,5,NULL,2.021E+11,227 234,171 407,B01,1,1,4,2,2003,1,8,0,-1,-1,-1,-1,2.021E+11,4,NOTRE DAME DU LAC AVENUE,0,NULL,1,2,0,1,1,0,2,NULL,-1,1,0,1,30
2.021E+11,21,9,2021,10:20:00,1,75,75119,2,1,1,3,RUE DE MEAUX,"488,820,620,000","23,742,770,000",2.021E+11,170 032,B01,1,1,0,2,2,1,5,NULL,2.021E+11,225 455,170 032,B01,1,1,4,1,2004,9,2,0,-1,0,0,-1,2.021E+11,4,RUE DE MEAUX,0,NULL,1,1,0,1,-1,-1,1,NULL,-1,1,0,1,30
2.021E+11,21,9,2021,10:20:00,1,75,75119,2,1,1,3,RUE DE MEAUX,"488,820,620,000","23,742,770,000",2.021E+11,170 032,B01,1,1,0,2,2,1,5,NULL,2.021E+11,225 456,170 033,A01,1,1,1,1,1972,9,1,0,-1,0,0,-1,2.021E+11,4,RUE DE MEAUX,0,NULL,1,1,0,1,-1,-1,1,NULL,-1,1,0,1,30
2.021E+11,31,5,2021,17:45:00,1,38,38185,2,2,1,3,Boulevard Jean Pain,"451,865,000,000","57,348,000,000",2.021E+11,166 866,A01,1,1,0,2,1,19,5,NULL,2.021E+11,221 328,166 866,A01,1,1,4,1,1995,9,2,8,-1,-1,-1,-1,2.021E+11,7,JEAN PAIN (BOULEVARD),0,NULL,3,5,3,1,1,500,1,NULL,-1,1,0,1,50
2.021E+11,31,5,2021,17:45:00,1,38,38185,2,2,1,3,Boulevard Jean Pain,"451,865,000,000","57,348,000,000",2.021E+11,166 866,A01,1,1,0,2,1,19,5,NULL,2.021E+11,221 329,166 867,B01,1,1,4,1,1936,9,2,8,-1,-1,-1,-1,2.021E+11,7,JEAN PAIN (BOULEVARD),0,NULL,3,5,3,1,1,500,1,NULL,-1,1,0,1,50
2.021E+11,8,9,2021,18:45:00,1,92,92050,2,3,1,3,PONS NOEL RUE,"489,083,323,397","22,291,121,259",2.021E+11,165 635,A01,1,1,0,2,7,19,5,NULL,2.021E+11,219 742,165 635,A01,1,1,4,1,1968,5,2,0,-1,-1,-1,-1,2.021E+11,4,NULL,0,NULL,2,0,0,1,0,0,1,NULL,-1,1,0,1,50
2.021E+11,8,9,2021,18:45:00,1,92,92050,2,3,1,3,PONS NOEL RUE,"489,083,323,397","22,291,121,259",2.021E+11,165 635,A01,1,1,0,2,7,19,5,NULL,2.021E+11,219 743,165 636,B01,1,1,1,1,2007,0,2,0,-1,-1,-1,-1,2.021E+11,4,NULL,0,NULL,2,0,0,1,0,0,1,NULL,-1,1,0,1,50
2.021E+11,8,9,2021,18:45:00,1,92,92050,2,3,1,3,PONS NOEL RUE,"489,083,323,397","22,291,121,259",2.021E+11,165 635,A01,1,1,0,2,7,19,5,NULL,2.021E+11,219 744,165 636,B01,2,2,1,1,2003,0,2,0,-1,-1,-1,-1,2.021E+11,4,NULL,0,NULL,2,0,0,1,0,0,1,NULL,-1,1,0,1,50
2.021E+11,4,9,2021,19:30:00,1,29,29146,2,1,1,3,Route de la Boissiere,"479,064,610,000","-38,382,960,000",2.021E+11,164 257,B01,0,1,0,2,1,1,5,NULL,2.021E+11,217 905,164 256,A01,1,1,3,1,1978,0,1,-1,-1,0,0,-1,2.021E+11,4,44,-1,NULL,2,2,0,1,31,300,1,NULL,-1,1,0,1,-1