Num_Acc,jour,mois,an,hrmn,lum,dep,com,agg,int,atm,col,adr,lat,long,Num_Acc,id_vehicule,num_veh,senc,catv,obs,obsm,choc,manv,motor,occutc,Num_Acc,id_usager,id_vehicule,num_veh,place,catu,grav,sexe,an_nais,trajet,secu1,secu2,secu3,locp,actp,etatp,Num_Acc,catr,voie,v1,v2,circ,nbv,vosp,prof,pr,pr1,plan,lartpc,larrout,surf,infra,situ,vma
2.021E+11,4,9,2021,19:30:00,1,29,29146,2,1,1,3,Route de la Boissiere,"479,064,610,000","-38,382,960,000",2.021E+11,164 257,B01,0,1,0,2,1,1,5,NULL,2.021E+11,217 906,164 257,B01,1,1,3,1,1971,5,2,-1,-1,0,0,-1,2.021E+11,4,44,-1,NULL,2,2,0,1,31,300,1,NULL,-1,1,0,1,-1
2.021E+11,31,8,2021,15:37:00,1,76,76540,2,1,2,2,CORNEILLE. PONT PIERRE,"494,358,360,584","10,954,999,924",2.021E+11,163 031,A01,1,1,0,2,1,2,5,NULL,2.021E+11,216 324,163 030,B01,1,1,1,1,1958,5,1,-1,-1,-1,-1,-1,2.021E+11,7,CORNEILLE. PONT PIERRE,0,NULL,1,2,3,1,11,800,1,NULL,-1,2,-1,1,50
2.021E+11,31,8,2021,15:37:00,1,76,76540,2,1,2,2,CORNEILLE. PONT PIERRE,"494,358,360,584","10,954,999,924",2.021E+11,163 031,A01,1,1,0,2,1,2,5,NULL,2.021E+11,216 325,163 031,A01,1,1,4,1,2004,5,2,-1,-1,-1,-1,-1,2.021E+11,7,CORNEILLE. PONT PIERRE,0,NULL,1,2,3,1,11,800,1,NULL,-1,2,-1,1,50
2.021E+11,15,8,2021,11:40:00,1,86,86174,2,2,1,3,Rue Ambroise Croizat,"467,732,900,000","0,4826080000",2.021E+11,159 664,A01,1,1,0,2,1,1,5,NULL,2.021E+11,211 730,159 664,A01,1,1,3,1,1974,5,2,-1,-1,0,0,-1,2.021E+11,3,81,-1,NULL,2,2,0,1,2,400,1,NULL,-1,1,0,1,50
2.021E+11,15,8,2021,11:40:00,1,86,86174,2,2,1,3,Rue Ambroise Croizat,"467,732,900,000","0,4826080000",2.021E+11,159 664,A01,1,1,0,2,1,1,5,NULL,2.021E+11,211 731,159 665,B01,1,1,1,1,1968,5,1,-1,-1,0,0,-1,2.021E+11,3,81,-1,NULL,2,2,0,1,2,400,1,NULL,-1,1,0,1,50
2.021E+11,9,8,2021,16:20:00,1,75,75107,2,1,1,3,QUAI BRANLY,"488,615,660,000","22,977,130,000",2.021E+11,157 149,A01,1,1,0,2,1,1,5,NULL,2.021E+11,208 253,157 149,A01,1,1,4,2,1969,9,8,0,-1,0,0,-1,2.021E+11,4,QUAI BRANLY,0,NULL,2,5,1,1,-1,-1,1,NULL,-1,1,0,5,50
2.021E+11,9,8,2021,16:20:00,1,75,75107,2,1,1,3,QUAI BRANLY,"488,615,660,000","22,977,130,000",2.021E+11,157 149,A01,1,1,0,2,1,1,5,NULL,2.021E+11,208 254,157 150,B01,1,1,1,1,2002,9,8,0,-1,0,0,-1,2.021E+11,4,QUAI BRANLY,0,NULL,2,5,1,1,-1,-1,1,NULL,-1,1,0,5,50
2.021E+11,31,7,2021,16:45:00,1,75,75117,2,2,1,3,AVENUE NIEL,"488,829,300,000","22,963,800,000",2.021E+11,154 947,B01,1,1,0,2,4,17,5,NULL,2.021E+11,205 145,154 947,B01,1,1,4,1,1989,1,2,0,-1,0,0,-1,2.021E+11,4,AVENUE NIEL,0,NULL,2,2,0,1,-1,-1,1,NULL,-1,1,0,1,50
2.021E+11,31,7,2021,16:45:00,1,75,75117,2,2,1,3,AVENUE NIEL,"488,829,300,000","22,963,800,000",2.021E+11,154 947,B01,1,1,0,2,4,17,5,NULL,2.021E+11,205 146,154 948,A01,1,1,1,2,2001,5,1,0,-1,0,0,-1,2.021E+11,4,AVENUE NIEL,0,NULL,2,2,0,1,-1,-1,1,NULL,-1,1,0,1,50
2.021E+11,20,7,2021,14:00:00,3,38,38345,1,1,2,7,RD 35,"451,790,950,000","54,963,830,000",2.021E+11,153 239,A01,1,1,0,0,1,1,5,NULL,2.021E+11,202 812,153 239,A01,1,1,3,1,1941,5,2,9,-1,0,0,-1,2.021E+11,3,35,0,D,2,2,0,2,12,500,1,NULL,-1,2,1,1,30
2.021E+11,21,7,2021,19:53:00,1,87,87085,2,1,1,7,LE BAIL (RUE JEAN),"458,386,241,525","12,278,613,902",2.021E+11,152 559,A01,2,1,0,0,7,1,5,NULL,2.021E+11,201 807,152 559,A01,1,1,3,1,1963,5,8,0,-1,-1,-1,-1,2.021E+11,4,LE BAIL (RUE JEAN),0,NULL,2,2,0,1,0,0,1,NULL,-1,1,0,1,50
2.021E+11,20,7,2021,11:45:00,1,75,75106,2,3,1,2,QUAI DES GRANDS AUGUSTINS,"488,542,900,000","23,431,740,000",2.021E+11,151 736,A01,1,1,0,2,1,2,5,NULL,2.021E+11,200 753,151 735,B01,1,1,4,2,1962,9,2,0,-1,0,0,-1,2.021E+11,4,QUAI DES GRANDS AUGUSTINS,0,NULL,2,4,1,1,-1,-1,1,NULL,-1,1,0,5,30
2.021E+11,20,7,2021,11:45:00,1,75,75106,2,3,1,2,QUAI DES GRANDS AUGUSTINS,"488,542,900,000","23,431,740,000",2.021E+11,151 736,A01,1,1,0,2,1,2,5,NULL,2.021E+11,200 754,151 736,A01,1,1,4,1,2006,5,2,0,-1,0,0,-1,2.021E+11,4,QUAI DES GRANDS AUGUSTINS,0,NULL,2,4,1,1,-1,-1,1,NULL,-1,1,0,5,30
2.021E+11,19,7,2021,20:10:00,1,75,75107,2,3,1,2,PONT ROYAL,"488,595,390,000","23,292,910,000",2.021E+11,151 706,A01,3,1,0,2,4,2,5,NULL,2.021E+11,200 716,151 705,B01,1,1,1,1,1970,4,1,0,-1,0,0,-1,2.021E+11,4,PONT ROYAL,0,NULL,1,1,0,1,-1,-1,1,NULL,-1,1,2,1,50
2.021E+11,19,7,2021,20:10:00,1,75,75107,2,3,1,2,PONT ROYAL,"488,595,390,000","23,292,910,000",2.021E+11,151 706,A01,3,1,0,2,4,2,5,NULL,2.021E+11,200 717,151 706,A01,1,1,4,1,1982,9,0,0,-1,0,0,-1,2.021E+11,4,PONT ROYAL,0,NULL,1,1,0,1,-1,-1,1,NULL,-1,1,2,1,50
2.021E+11,19,7,2021,12:10:00,1,75,75105,2,2,1,3,RUE SAINT JACQUES,"488,495,930,000","23,448,730,000",2.021E+11,151 362,B01,3,1,0,2,1,16,5,NULL,2.021E+11,200 247,151 361,A01,1,1,1,2,2000,4,1,0,-1,0,0,-1,2.021E+11,4,RUE SAINT JACQUES,0,NULL,1,4,1,2,-1,-1,1,NULL,-1,1,0,5,30
2.021E+11,19,7,2021,12:10:00,1,75,75105,2,2,1,3,RUE SAINT JACQUES,"488,495,930,000","23,448,730,000",2.021E+11,151 362,B01,3,1,0,2,1,16,5,NULL,2.021E+11,200 248,151 362,B01,1,1,4,2,1994,5,8,0,-1,0,0,-1,2.021E+11,4,RUE SAINT JACQUES,0,NULL,1,4,1,2,-1,-1,1,NULL,-1,1,0,5,30
2.021E+11,9,7,2021,14:25:00,1,49,49050,1,2,8,3,pk 5 D90,"473,258,070,000"," -0,3942200000",2.021E+11,149 092,B01,0,1,0,2,4,19,5,NULL,2.021E+11,197 060,149 092,B01,1,1,4,1,2004,5,0,-1,-1,0,0,-1,2.021E+11,3,90,-1,NULL,2,2,0,1,4,630,1,NULL,-1,1,0,1,80
2.021E+11,9,7,2021,14:25:00,1,49,49050,1,2,8,3,pk 5 D90,"473,258,070,000"," -0,3942200000",2.021E+11,149 092,B01,0,1,0,2,4,19,5,NULL,2.021E+11,197 061,149 093,A01,1,1,4,1,1976,5,2,6,-1,0,0,-1,2.021E+11,3,90,-1,NULL,2,2,0,1,4,630,1,NULL,-1,1,0,1,80
2.021E+11,24,6,2021,13:45:00,1,14,14258,2,1,1,2,D6,"489,063,040,000"," -0,2083070000",2.021E+11,143 485,B01,1,1,0,0,4,1,5,NULL,2.021E+11,189 491,143 484,A01,1,1,1,2,1935,3,1,-1,-1,0,0,-1,2.021E+11,3,6,0,NULL,3,2,0,1,10,0,3,NULL,-1,1,0,1,50
2.021E+11,24,6,2021,13:45:00,1,14,14258,2,1,1,2,D6,"489,063,040,000"," -0,2083070000",2.021E+11,143 485,B01,1,1,0,0,4,1,5,NULL,2.021E+11,189 492,143 485,B01,1,1,3,1,1948,5,2,-1,-1,0,0,-1,2.021E+11,3,6,0,NULL,3,2,0,1,10,0,3,NULL,-1,1,0,1,50
2.021E+11,15,6,2021,06:15:00,2,45,45049,1,1,1,4,D88-PR 2 + 700,"478,567,390,000","23,522,560,000",2.021E+11,140 034,B01,2,1,0,2,4,2,5,NULL,2.021E+11,185 014,140 033,C01,1,1,3,1,1982,5,8,-1,-1,0,0,-1,2.021E+11,3,88,-1,NULL,2,2,0,1,2,700,1,NULL,-1,1,0,1,80
2.021E+11,15,6,2021,06:15:00,2,45,45049,1,1,1,4,D88-PR 2 + 700,"478,567,390,000","23,522,560,000",2.021E+11,140 033,C01,2,1,0,2,4,2,5,NULL,2.021E+11,185 014,140 033,C01,1,1,3,1,1982,5,8,-1,-1,0,0,-1,2.021E+11,3,88,-1,NULL,2,2,0,1,2,700,1,NULL,-1,1,0,1,80
2.021E+11,15,6,2021,06:15:00,2,45,45049,1,1,1,4,D88-PR 2 + 700,"478,567,390,000","23,522,560,000",2.021E+11,140 034,B01,2,1,0,2,4,2,5,NULL,2.021E+11,185 015,140 034,B01,1,1,3,1,1974,5,2,4,-1,0,0,-1,2.021E+11,3,88,-1,NULL,2,2,0,1,2,700,1,NULL,-1,1,0,1,80
2.021E+11,15,6,2021,06:15:00,2,45,45049,1,1,1,4,D88-PR 2 + 700,"478,567,390,000","23,522,560,000",2.021E+11,140 033,C01,2,1,0,2,4,2,5,NULL,2.021E+11,185 015,140 034,B01,1,1,3,1,1974,5,2,4,-1,0,0,-1,2.021E+11,3,88,-1,NULL,2,2,0,1,2,700,1,NULL,-1,1,0,1,80
2.021E+11,15,6,2021,06:15:00,2,45,45049,1,1,1,4,D88-PR 2 + 700,"478,567,390,000","23,522,560,000",2.021E+11,140 034,B01,2,1,0,2,4,2,5,NULL,2.021E+11,185 016,140 035,A01,1,1,1,2,1973,1,8,-1,-1,0,0,-1,2.021E+11,3,88,-1,NULL,2,2,0,1,2,700,1,NULL,-1,1,0,1,80
2.021E+11,15,6,2021,06:15:00,2,45,45049,1,1,1,4,D88-PR 2 + 700,"478,567,390,000","23,522,560,000",2.021E+11,140 033,C01,2,1,0,2,4,2,5,NULL,2.021E+11,185 016,140 035,A01,1,1,1,2,1973,1,8,-1,-1,0,0,-1,2.021E+11,3,88,-1,NULL,2,2,0,1,2,700,1,NULL,-1,1,0,1,80
2.021E+11,1,6,2021,18:20:00,1,94,94041,2,4,1,3,Rue Westermeyer,"488,180,500,000","23,948,900,000",2.021E+11,135 454,C01,2,1,0,2,6,1,5,NULL,2.021E+11,179 038,135 454,C01,1,1,4,1,1971,9,2,0,-1,-1,-1,-1,2.021E+11,3,WESTERMEYER (R),0,NULL,1,1,0,1,0,375,1,NULL,-1,1,0,1,50
2.021E+11,1,6,2021,18:20:00,1,94,94041,2,4,1,3,Rue Westermeyer,"488,180,500,000","23,948,900,000",2.021E+11,135 454,C01,2,1,0,2,6,1,5,NULL,2.021E+11,179 039,135 455,A01,1,1,1,1,1991,0,1,0,-1,-1,-1,-1,2.021E+11,3,WESTERMEYER (R),0,NULL,1,1,0,1,0,375,1,NULL,-1,1,0,1,50
2.021E+11,27,5,2021,21:15:00,5,94,94043,2,1,1,3,FONTAINEBLEAU (AV DE),"488,120,000,000","23,613,800,000",2.021E+11,133 648,B01,1,1,0,2,8,1,5,NULL,2.021E+11,176 687,133 648,B01,1,1,4,1,1999,1,0,0,-1,-1,-1,-1,2.021E+11,3,AV DE FONTAINEBLEAU,0,NULL,2,4,1,1,1,0,1,NULL,-1,1,0,5,50
2.021E+11,27,5,2021,21:15:00,5,94,94043,2,1,1,3,FONTAINEBLEAU (AV DE),"488,120,000,000","23,613,800,000",2.021E+11,133 648,B01,1,1,0,2,8,1,5,NULL,2.021E+11,176 688,133 649,Z01,1,1,1,-1,NULL,-1,-1,-1,-1,-1,-1,-1,2.021E+11,3,AV DE FONTAINEBLEAU,0,NULL,2,4,1,1,1,0,1,NULL,-1,1,0,5,50
2.021E+11,15,5,2021,11:40:00,1,94,94038,2,3,2,3,Rue Albert 1er,"487,791,760,000","23,311,190,000",2.021E+11,130 352,A01,2,1,0,2,1,1,5,NULL,2.021E+11,172 336,130 352,A01,1,1,4,1,1966,0,0,0,-1,-1,-1,-1,2.021E+11,3,JULES GRAVEREAUX (AV),0,NULL,2,2,0,2,1,0,2,NULL,-1,2,0,1,30
2.021E+11,15,5,2021,11:40:00,1,94,94038,2,3,2,3,Rue Albert 1er,"487,791,760,000","23,311,190,000",2.021E+11,130 352,A01,2,1,0,2,1,1,5,NULL,2.021E+11,172 337,130 353,B01,1,1,1,1,1987,5,1,8,-1,-1,-1,-1,2.021E+11,3,JULES GRAVEREAUX (AV),0,NULL,2,2,0,2,1,0,2,NULL,-1,2,0,1,30
2.021E+11,9,5,2021,10:30:00,1,30,30236,1,1,1,7,Départementale 57,"440,464,230,000","38,705,400,000",2.021E+11,128 655,A01,2,1,0,0,0,21,6,NULL,2.021E+11,170 046,128 655,A01,1,1,3,1,1979,5,2,-1,-1,0,0,-1,2.021E+11,3,57,0,NULL,2,2,0,2,8,100,2,NULL,-1,1,0,1,80
2.021E+11,4,5,2021,20:10:00,2,67,67447,2,1,2,1,GENERAL DE GAULLE (ROUTE DU),"486,031,500,000","77,382,100,000",2.021E+11,128 532,B01,1,1,0,2,1,1,5,NULL,2.021E+11,169 888,128 531,A01,1,1,1,1,1992,5,1,8,-1,-1,-1,-1,2.021E+11,7,263,0,NULL,2,3,1,1,1,200,1,NULL,-1,2,0,1,30
2.021E+11,4,5,2021,20:10:00,2,67,67447,2,1,2,1,GENERAL DE GAULLE (ROUTE DU),"486,031,500,000","77,382,100,000",2.021E+11,128 532,B01,1,1,0,2,1,1,5,NULL,2.021E+11,169 889,128 532,B01,1,1,3,1,1985,4,8,0,-1,-1,-1,-1,2.021E+11,7,263,0,NULL,2,3,1,1,1,200,1,NULL,-1,2,0,1,30
2.021E+11,3,4,2021,10:27:00,1,36,36044,2,6,1,3,Avenue Charles de Gaulle,"468,101,000,000","16,877,300,000",2.021E+11,126 719,B01,1,1,0,2,1,9,5,NULL,2.021E+11,167 528,126 719,B01,1,1,4,2,1962,3,8,0,-1,0,0,-1,2.021E+11,4,DE GAULLE (AVENUE DU GENERAL),0,NULL,2,2,0,1,-1,-1,1,NULL,-1,1,0,1,50
2.021E+11,3,4,2021,10:27:00,1,36,36044,2,6,1,3,Avenue Charles de Gaulle,"468,101,000,000","16,877,300,000",2.021E+11,126 719,B01,1,1,0,2,1,9,5,NULL,2.021E+11,167 529,126 720,A01,1,1,1,1,1942,3,1,0,-1,0,0,-1,2.021E+11,4,DE GAULLE (AVENUE DU GENERAL),0,NULL,2,2,0,1,-1,-1,1,NULL,-1,1,0,1,50
2.021E+11,22,4,2021,15:20:00,1,74,74208,2,6,1,3,Rond point du faubourg,"459,212,590,000","67,136,500,000",2.021E+11,124 658,A01,2,1,0,2,2,1,5,NULL,2.021E+11,164 890,124 658,A01,1,1,3,1,1953,5,0,-1,-1,0,0,-1,2.021E+11,3,43,-1,D,2,2,0,1,0,0,1,NULL,-1,1,0,1,50
2.021E+11,22,4,2021,15:20:00,1,74,74208,2,6,1,3,Rond point du faubourg,"459,212,590,000","67,136,500,000",2.021E+11,124 658,A01,2,1,0,2,2,1,5,NULL,2.021E+11,164 891,124 659,B01,1,1,1,1,1971,4,8,-1,-1,0,0,-1,2.021E+11,3,43,-1,D,2,2,0,1,0,0,1,NULL,-1,1,0,1,50
2.021E+11,21,4,2021,12:30:00,1,75,75108,2,1,1,6,RUE D AMSTERDAM,"488,824,470,000","23,271,310,000",2.021E+11,124 432,A01,2,1,0,1,1,1,5,NULL,2.021E+11,164 608,124 432,A01,10,3,4,2,1961,5,0,-1,-1,2,1,1,2.021E+11,4,RUE D AMSTERDAM,0,NULL,2,2,1,2,-1,-1,1,NULL,-1,1,0,1,50
2.021E+11,21,4,2021,12:30:00,1,75,75108,2,1,1,6,RUE D AMSTERDAM,"488,824,470,000","23,271,310,000",2.021E+11,124 432,A01,2,1,0,1,1,1,5,NULL,2.021E+11,164 609,124 432,A01,1,1,1,2,2001,5,2,0,-1,0,0,-1,2.021E+11,4,RUE D AMSTERDAM,0,NULL,2,2,1,2,-1,-1,1,NULL,-1,1,0,1,50
2.021E+11,2,4,2021,08:55:00,1,33,33063,2,1,1,3,Avenue Thiers,"448,430,400,000"," -0,5552700000",2.021E+11,120 580,B01,1,1,0,4,1,19,5,NULL,2.021E+11,159 575,120 580,B01,1,1,4,1,2006,0,8,-1,-1,-1,-1,-1,2.021E+11,4,AVE THIERS,0,NULL,3,6,3,1,-1,-1,1,NULL,-1,1,4,6,50
2.021E+11,2,4,2021,08:55:00,1,33,33063,2,1,1,3,Avenue Thiers,"448,430,400,000"," -0,5552700000",2.021E+11,120 580,B01,1,1,0,4,1,19,5,NULL,2.021E+11,159 576,120 581,A01,1,1,1,1,1991,4,8,-1,-1,-1,-1,-1,2.021E+11,4,AVE THIERS,0,NULL,3,6,3,1,-1,-1,1,NULL,-1,1,4,6,50
2.021E+11,20,3,2021,11:30:00,1,92,92012,2,2,1,3,CHATEAU (RUE DU) 127/FIN - 133/FIN,"488,419,900,000","22,388,000,000",2.021E+11,117 269,B01,1,1,0,2,1,1,5,NULL,2.021E+11,155 323,117 269,B01,1,1,4,1,1976,5,2,0,-1,-1,-1,-1,2.021E+11,4,CHATEAU (RUE DU) 127/FIN - 133/FIN,0,NULL,2,2,0,1,0,0,1,NULL,-1,1,0,1,30
2.021E+11,20,3,2021,11:30:00,1,92,92012,2,2,1,3,CHATEAU (RUE DU) 127/FIN - 133/FIN,"488,419,900,000","22,388,000,000",2.021E+11,117 269,B01,1,1,0,2,1,1,5,NULL,2.021E+11,155 324,117 270,A01,1,1,1,1,1981,4,1,0,-1,-1,-1,-1,2.021E+11,4,CHATEAU (RUE DU) 127/FIN - 133/FIN,0,NULL,2,2,0,1,0,0,1,NULL,-1,1,0,1,30
2.021E+11,5,3,2021,12:40:00,1,75,75120,2,2,1,6,RUE DU VOLGA,"488,525,280,000","24,067,060,000",2.021E+11,113 937,A01,2,1,0,1,1,1,5,NULL,2.021E+11,151 037,113 937,A01,10,3,1,1,1966,1,0,-1,-1,2,3,1,2.021E+11,4,RUE DU VOLGA,0,NULL,1,2,2,1,-1,-1,1,NULL,-1,1,-1,5,50
2.021E+11,5,3,2021,12:40:00,1,75,75120,2,2,1,6,RUE DU VOLGA,"488,525,280,000","24,067,060,000",2.021E+11,113 937,A01,2,1,0,1,1,1,5,NULL,2.021E+11,151 038,113 937,A01,1,1,4,1,1990,4,2,0,-1,0,0,-1,2.021E+11,4,RUE DU VOLGA,0,NULL,1,2,2,1,-1,-1,1,NULL,-1,1,-1,5,50
2.021E+11,2,3,2021,19:40:00,5,92,92025,2,2,1,3,GABRIEL PERI (RUE),"489,229,060,736","22,496,773,303",2.021E+11,113 406,B01,2,1,0,2,7,9,5,NULL,2.021E+11,150 356,113 406,B01,1,1,4,1,1996,4,8,0,-1,-1,-1,-1,2.021E+11,4,986,0,NULL,2,5,3,1,1,0,1,NULL,-1,1,0,1,50
2.021E+11,2,3,2021,19:40:00,5,92,92025,2,2,1,3,GABRIEL PERI (RUE),"489,229,060,736","22,496,773,303",2.021E+11,113 406,B01,2,1,0,2,7,9,5,NULL,2.021E+11,150 357,113 407,A01,1,1,1,1,1965,1,1,0,-1,-1,-1,-1,2.021E+11,4,986,0,NULL,2,5,3,1,1,0,1,NULL,-1,1,0,1,50
2.021E+11,25,2,2021,13:40:00,1,58,58194,2,3,1,3,MARECHAL JUIN,"470,043,600,000","31,538,000,000",2.021E+11,112 341,B01,1,1,0,2,1,1,5,NULL,2.021E+11,148 991,112 340,A01,1,1,1,1,1992,4,1,0,-1,-1,-1,-1,2.021E+11,3,MARECHAL JUIN,0,NULL,2,4,0,1,-1,-1,1,NULL,-1,1,0,1,30
2.021E+11,25,2,2021,13:40:00,1,58,58194,2,3,1,3,MARECHAL JUIN,"470,043,600,000","31,538,000,000",2.021E+11,112 341,B01,1,1,0,2,1,1,5,NULL,2.021E+11,148 992,112 341,B01,1,1,3,1,1953,5,2,0,-1,-1,-1,-1,2.021E+11,3,MARECHAL JUIN,0,NULL,2,4,0,1,-1,-1,1,NULL,-1,1,0,1,30
2.021E+11,9,2,2021,08:50:00,1,972,97209,2,9,2,1,GRAND CARAIBE (RUE DU),"146,017,900,000","-610,793,500,000",2.021E+11,108 969,B01,3,1,0,2,1,15,5,NULL,2.021E+11,144 618,108 968,A01,1,1,3,1,1984,3,2,0,-1,-1,-1,-1,2.021E+11,4,GRAND CARAIBE (RUE DU),0,NULL,2,2,0,1,0,0,1,NULL,-1,2,0,1,50
2.021E+11,9,2,2021,08:50:00,1,972,97209,2,9,2,1,GRAND CARAIBE (RUE DU),"146,017,900,000","-610,793,500,000",2.021E+11,108 969,B01,3,1,0,2,1,15,5,NULL,2.021E+11,144 619,108 969,B01,1,1,4,1,2003,5,8,0,-1,-1,-1,-1,2.021E+11,4,GRAND CARAIBE (RUE DU),0,NULL,2,2,0,1,0,0,1,NULL,-1,2,0,1,50
2.021E+11,5,2,2021,15:15:00,1,83,83152,1,1,1,3,D27,"431,659,050,000","64,728,780,000",2.021E+11,107 692,A01,1,1,0,2,1,1,5,NULL,2.021E+11,142 962,107 692,A01,1,1,3,1,1961,5,2,-1,-1,0,0,-1,2.021E+11,3,27,-1,D,-1,2,0,2,9,560,4,NULL,-1,1,0,1,80
2.021E+11,5,2,2021,15:15:00,1,83,83152,1,1,1,3,D27,"431,659,050,000","64,728,780,000",2.021E+11,107 692,A01,1,1,0,2,1,1,5,NULL,2.021E+11,142 963,107 693,B01,1,1,1,1,1991,1,1,-1,-1,0,0,-1,2.021E+11,3,27,-1,D,-1,2,0,2,9,560,4,NULL,-1,1,0,1,80
2.021E+11,31,1,2021,12:15:00,1,37,37122,1,3,2,6,NULL,"473,207,569,486","0,6605705840",2.021E+11,107 189,B01,1,1,0,2,7,1,0,NULL,2.021E+11,142 318,107 189,B01,1,1,4,2,1964,0,2,0,-1,-1,-1,-1,2.021E+11,3,86,0,NULL,2,2,1,1,6,500,3,NULL,-1,2,0,1,70
2.021E+11,19,1,2021,15:40:00,1,31,31555,2,1,1,6,213 Route d’Albi,"436,428,400,000","14,675,600,000",2.021E+11,104 634,B01,1,1,0,2,1,19,5,NULL,2.021E+11,138 868,104 633,A01,1,1,1,1,1979,4,1,0,-1,-1,-1,-1,2.021E+11,7,RTE D ALBI,0,NULL,3,4,0,1,2,966,1,NULL,-1,1,0,1,50
2.021E+11,19,1,2021,15:40:00,1,31,31555,2,1,1,6,213 Route d’Albi,"436,428,400,000","14,675,600,000",2.021E+11,104 634,B01,1,1,0,2,1,19,5,NULL,2.021E+11,138 869,104 634,B01,1,1,2,1,1957,5,0,-1,-1,0,0,-1,2.021E+11,7,RTE D ALBI,0,NULL,3,4,0,1,2,966,1,NULL,-1,1,0,1,50
2.021E+11,13,1,2021,20:10:00,5,75,75120,2,2,1,3,RUE DE LAGNY,"488,489,370,000","24,054,690,000",2.021E+11,103 136,B01,2,1,0,2,1,1,5,NULL,2.021E+11,136 863,103 136,B01,1,1,4,2,1989,9,8,0,-1,0,0,-1,2.021E+11,4,RUE DE LAGNY,0,NULL,1,2,1,1,-1,-1,1,NULL,-1,2,-1,5,50
2.021E+11,13,1,2021,20:10:00,5,75,75120,2,2,1,3,RUE DE LAGNY,"488,489,370,000","24,054,690,000",2.021E+11,103 136,B01,2,1,0,2,1,1,5,NULL,2.021E+11,136 864,103 137,A01,1,1,1,1,2000,9,8,8,-1,0,0,-1,2.021E+11,4,RUE DE LAGNY,0,NULL,1,2,1,1,-1,-1,1,NULL,-1,2,-1,5,50
2.021E+11,8,1,2021,15:35:00,1,77,77470,2,1,8,1,26 Hameau de Ville,"487,468,340,000","27,882,370,000",2.021E+11,102 404,A01,1,1,0,2,1,5,5,NULL,2.021E+11,135 879,102 403,B01,1,1,1,1,1984,0,1,-1,-1,0,0,-1,2.021E+11,4,0,0,C,2,2,0,1,0,0,1,NULL,-1,1,0,1,30
2.021E+11,8,1,2021,15:35:00,1,77,77470,2,1,8,1,26 Hameau de Ville,"487,468,340,000","27,882,370,000",2.021E+11,102 404,A01,1,1,0,2,1,5,5,NULL,2.021E+11,135 880,102 404,A01,1,1,3,1,1950,5,2,-1,-1,0,0,-1,2.021E+11,4,0,0,C,2,2,0,1,0,0,1,NULL,-1,1,0,1,30
2.021E+11,6,1,2021,22:10:00,5,29,29232,2,3,1,1,Rue Tristan,"479,856,180,380","-40,778,160,095",2.021E+11,101 696,B01,2,1,0,2,3,1,5,NULL,2.021E+11,134 951,101 695,A01,1,1,1,1,1994,5,1,-1,-1,0,-1,-1,2.021E+11,4,BLUM  LEON RUE,0,NULL,2,0,0,1,-1,-1,1,NULL,-1,1,5,1,50
2.021E+11,6,1,2021,22:10:00,5,29,29232,2,3,1,1,Rue Tristan,"479,856,180,380","-40,778,160,095",2.021E+11,101 696,B01,2,1,0,2,3,1,5,NULL,2.021E+11,134 952,101 696,B01,1,1,3,2,1991,1,8,0,-1,-1,-1,-1,2.021E+11,4,BLUM  LEON RUE,0,NULL,2,0,0,1,-1,-1,1,NULL,-1,1,5,1,50
2.021E+11,28,10,2021,18:30:00,5,67,67482,2,3,1,3,MOLIERE (AVENUE),"485,968,000,000","77,041,000,000",2.021E+11,184 268,A01,1,1,0,2,1,19,5,NULL,2.021E+11,244 121,184 267,B01,1,1,1,1,1998,0,1,8,-1,-1,-1,-1,2.021E+11,4,MOLIERE (AVENUE),0,NULL,2,3,1,1,0,0,1,NULL,-1,1,0,1,50
2.021E+11,28,10,2021,18:30:00,5,67,67482,2,3,1,3,MOLIERE (AVENUE),"485,968,000,000","77,041,000,000",2.021E+11,184 268,A01,1,1,0,2,1,19,5,NULL,2.021E+11,244 122,184 268,A01,1,1,4,1,1950,0,8,0,-1,-1,-1,-1,2.021E+11,4,MOLIERE (AVENUE),0,NULL,2,3,1,1,0,0,1,NULL,-1,1,0,1,50
2.021E+11,27,10,2021,12:36:00,1,93,93005,2,1,1,3,NONNEVILLE (AVENUE DE),"489,241,065,686","25,015,997,887",2.021E+11,182 799,B01,1,1,1,0,3,0,0,NULL,2.021E+11,242 049,182 798,A01,1,1,1,2,2000,0,1,8,-1,-1,-1,-1,2.021E+11,4,NONNEVILLE (AVENUE DE),0,NULL,-1,1,0,1,0,0,1,NULL,-1,1,0,1,50
2.021E+11,27,10,2021,12:36:00,1,93,93005,2,1,1,3,NONNEVILLE (AVENUE DE),"489,241,065,686","25,015,997,887",2.021E+11,182 799,B01,1,1,1,0,3,0,0,NULL,2.021E+11,242 050,182 799,B01,1,1,4,1,1954,0,2,0,-1,-1,-1,-1,2.021E+11,4,NONNEVILLE (AVENUE DE),0,NULL,-1,1,0,1,0,0,1,NULL,-1,1,0,1,50
2.021E+11,25,10,2021,08:10:00,1,50,50129,2,1,1,3,THIVET (AVENUE),"496,353,700,000","-16,566,650,000",2.021E+11,182 245,B01,1,1,0,2,1,1,5,NULL,2.021E+11,241 344,182 245,B01,1,1,4,2,1985,0,8,4,-1,-1,-1,-1,2.021E+11,3,THIVET (AVENUE),0,NULL,2,2,1,1,-1,-1,1,NULL,-1,2,9,5,50