Num_Acc,jour,mois,an,hrmn,lum,dep,com,agg,int,atm,col,adr,lat,long,Num_Acc,id_vehicule,num_veh,senc,catv,obs,obsm,choc,manv,motor,occutc,Num_Acc,id_usager,id_vehicule,num_veh,place,catu,grav,sexe,an_nais,trajet,secu1,secu2,secu3,locp,actp,etatp,Num_Acc,catr,voie,v1,v2,circ,nbv,vosp,prof,pr,pr1,plan,lartpc,larrout,surf,infra,situ,vma
2.021E+11,13,10,2021,09:30:00,1,29,29057,1,3,1,3,Route de Port la Forêt,"478,964,710,000","-39,706,990,000",2.021E+11,177 074,B01,2,1,0,2,7,1,5,NULL,2.021E+11,234 630,177 074,B01,1,1,4,2,1966,1,0,-1,-1,0,0,-1,2.021E+11,4,NULL,-1,NULL,2,2,0,1,-1,-1,1,NULL,4,1,0,1,50
2.021E+11,3,10,2021,11:08:00,1,93,93066,2,1,2,3,Rue Brise Echalas,"489,382,050,000","23,456,650,000",2.021E+11,174 467,B01,2,1,0,-1,2,26,5,NULL,2.021E+11,231 256,174 466,A01,1,1,1,1,1985,4,8,8,-1,-1,-1,-1,2.021E+11,4,BRISE ECHALAS,0,NULL,1,1,3,2,0,0,1,NULL,-1,2,4,6,30
2.021E+11,3,10,2021,11:08:00,1,93,93066,2,1,2,3,Rue Brise Echalas,"489,382,050,000","23,456,650,000",2.021E+11,174 467,B01,2,1,0,-1,2,26,5,NULL,2.021E+11,231 257,174 466,A01,4,2,4,2,1943,0,8,8,-1,-1,-1,-1,2.021E+11,4,BRISE ECHALAS,0,NULL,1,1,3,2,0,0,1,NULL,-1,2,4,6,30
2.021E+11,3,10,2021,11:08:00,1,93,93066,2,1,2,3,Rue Brise Echalas,"489,382,050,000","23,456,650,000",2.021E+11,174 467,B01,2,1,0,-1,2,26,5,NULL,2.021E+11,231 258,174 467,B01,1,1,4,1,1977,3,8,0,-1,-1,-1,-1,2.021E+11,4,BRISE ECHALAS,0,NULL,1,1,3,2,0,0,1,NULL,-1,2,4,6,30
2.021E+11,2,10,2021,12:33:00,1,70,70210,2,1,1,7,Route du Lavoir,"477,965,190,000","65,677,210,000",2.021E+11,174 188,A01,3,1,0,0,0,0,5,NULL,2.021E+11,230 886,174 188,A01,1,1,2,1,1945,5,2,-1,-1,0,0,-1,2.021E+11,4,3,-1,NULL,2,2,0,2,-1,-1,1,NULL,-1,1,0,1,50
2.021E+11,26,9,2021,17:25:00,1,31,31573,1,1,1,3,d45,"436,855,640,000","16,704,800,000",2.021E+11,170 958,B01,1,1,0,2,8,1,5,NULL,2.021E+11,226 673,170 958,B01,1,1,4,1,1969,5,2,6,-1,0,0,-1,2.021E+11,3,45,0,D,2,2,0,2,28,105,1,NULL,-1,1,0,1,80
2.021E+11,26,9,2021,17:25:00,1,31,31573,1,1,1,3,d45,"436,855,640,000","16,704,800,000",2.021E+11,170 958,B01,1,1,0,2,8,1,5,NULL,2.021E+11,226 674,170 959,A01,1,1,1,1,1992,5,8,-1,-1,0,0,-1,2.021E+11,3,45,0,D,2,2,0,2,28,105,1,NULL,-1,1,0,1,80
2.021E+11,7,9,2021,21:35:00,5,76,76157,2,3,1,5,CANAL. RUE DU (CD 51),"494,602,047,155","10,431,905,463",2.021E+11,165 440,B01,0,1,0,2,1,1,5,NULL,2.021E+11,219 478,165 439,C01,1,1,4,1,1999,5,2,4,-1,-1,-1,-1,2.021E+11,7,CANAL. RUE DU (CD 51),0,NULL,2,2,0,1,18,300,2,NULL,-1,1,0,1,50
2.021E+11,7,9,2021,21:35:00,5,76,76157,2,3,1,5,CANAL. RUE DU (CD 51),"494,602,047,155","10,431,905,463",2.021E+11,165 439,C01,0,1,0,2,1,1,5,NULL,2.021E+11,219 478,165 439,C01,1,1,4,1,1999,5,2,4,-1,-1,-1,-1,2.021E+11,7,CANAL. RUE DU (CD 51),0,NULL,2,2,0,1,18,300,2,NULL,-1,1,0,1,50
2.021E+11,7,9,2021,21:35:00,5,76,76157,2,3,1,5,CANAL. RUE DU (CD 51),"494,602,047,155","10,431,905,463",2.021E+11,165 440,B01,0,1,0,2,1,1,5,NULL,2.021E+11,219 479,165 440,B01,1,1,4,1,1983,5,2,4,-1,-1,-1,-1,2.021E+11,7,CANAL. RUE DU (CD 51),0,NULL,2,2,0,1,18,300,2,NULL,-1,1,0,1,50
2.021E+11,7,9,2021,21:35:00,5,76,76157,2,3,1,5,CANAL. RUE DU (CD 51),"494,602,047,155","10,431,905,463",2.021E+11,165 439,C01,0,1,0,2,1,1,5,NULL,2.021E+11,219 479,165 440,B01,1,1,4,1,1983,5,2,4,-1,-1,-1,-1,2.021E+11,7,CANAL. RUE DU (CD 51),0,NULL,2,2,0,1,18,300,2,NULL,-1,1,0,1,50
2.021E+11,7,9,2021,21:35:00,5,76,76157,2,3,1,5,CANAL. RUE DU (CD 51),"494,602,047,155","10,431,905,463",2.021E+11,165 440,B01,0,1,0,2,1,1,5,NULL,2.021E+11,219 480,165 441,A01,1,1,1,1,2001,3,1,8,-1,-1,-1,-1,2.021E+11,7,CANAL. RUE DU (CD 51),0,NULL,2,2,0,1,18,300,2,NULL,-1,1,0,1,50
2.021E+11,7,9,2021,21:35:00,5,76,76157,2,3,1,5,CANAL. RUE DU (CD 51),"494,602,047,155","10,431,905,463",2.021E+11,165 439,C01,0,1,0,2,1,1,5,NULL,2.021E+11,219 480,165 441,A01,1,1,1,1,2001,3,1,8,-1,-1,-1,-1,2.021E+11,7,CANAL. RUE DU (CD 51),0,NULL,2,2,0,1,18,300,2,NULL,-1,1,0,1,50
2.021E+11,20,8,2021,06:05:00,5,72,72181,2,6,1,3,LOUIS BLANC (QUAI),"480,093,700,000","0,1955000000",2.021E+11,160 033,B01,1,1,0,2,4,1,0,NULL,2.021E+11,212 234,160 033,B01,1,1,4,1,1969,0,8,0,-1,-1,-1,-1,2.021E+11,4,LOUIS BLANC (QUAI),0,NULL,2,2,0,1,0,0,1,NULL,-1,1,5,1,50
2.021E+11,20,8,2021,06:05:00,5,72,72181,2,6,1,3,LOUIS BLANC (QUAI),"480,093,700,000","0,1955000000",2.021E+11,160 033,B01,1,1,0,2,4,1,0,NULL,2.021E+11,212 235,160 034,A01,1,1,1,2,1965,0,1,0,-1,-1,-1,-1,2.021E+11,4,LOUIS BLANC (QUAI),0,NULL,2,2,0,1,0,0,1,NULL,-1,1,5,1,50
2.021E+11,15,8,2021,10:10:00,1,45,45061,1,3,7,3,Avenue des Acacias,"480,378,932,619","27,475,909,169",2.021E+11,159 099,B01,2,1,0,2,3,1,5,NULL,2.021E+11,210 956,159 098,A01,1,1,1,1,1948,5,0,-1,-1,0,0,-1,2.021E+11,3,740,0,NULL,2,2,0,2,2,600,1,NULL,-1,1,0,1,50
2.021E+11,15,8,2021,10:10:00,1,45,45061,1,3,7,3,Avenue des Acacias,"480,378,932,619","27,475,909,169",2.021E+11,159 099,B01,2,1,0,2,3,1,5,NULL,2.021E+11,210 957,159 099,B01,1,1,3,1,1954,5,2,-1,-1,0,0,-1,2.021E+11,3,740,0,NULL,2,2,0,2,2,600,1,NULL,-1,1,0,1,50
2.021E+11,8,8,2021,18:45:00,1,75,75119,2,1,1,3,AVENUE JEAN JAURES,"488,890,610,000","23,939,420,000",2.021E+11,156 934,B01,2,1,0,2,0,1,5,NULL,2.021E+11,207 966,156 934,B01,1,1,4,1,1983,5,2,0,-1,0,0,-1,2.021E+11,4,AVENUE JEAN JAURES,0,NULL,2,5,1,1,-1,-1,1,NULL,-1,1,0,5,50
2.021E+11,8,8,2021,18:45:00,1,75,75119,2,1,1,3,AVENUE JEAN JAURES,"488,890,610,000","23,939,420,000",2.021E+11,156 934,B01,2,1,0,2,0,1,5,NULL,2.021E+11,207 967,156 935,A01,1,1,1,1,2007,5,2,0,-1,0,0,-1,2.021E+11,4,AVENUE JEAN JAURES,0,NULL,2,5,1,1,-1,-1,1,NULL,-1,1,0,5,50
2.021E+11,8,8,2021,13:00:00,1,50,50260,1,1,1,2,Voie Saint Louis,"486,764,820,000"," -0,9852500000",2.021E+11,156 623,B01,0,1,0,2,4,1,5,NULL,2.021E+11,207 508,156 623,B01,1,1,4,1,1956,5,2,9,-1,0,0,-1,2.021E+11,3,5,-1,NULL,2,2,0,1,28,783,1,NULL,-1,1,0,1,80
2.021E+11,8,8,2021,13:00:00,1,50,50260,1,1,1,2,Voie Saint Louis,"486,764,820,000"," -0,9852500000",2.021E+11,156 623,B01,0,1,0,2,4,1,5,NULL,2.021E+11,207 509,156 624,A01,1,1,1,2,1932,5,1,-1,-1,0,0,-1,2.021E+11,3,5,-1,NULL,2,2,0,1,28,783,1,NULL,-1,1,0,1,80
2.021E+11,3,8,2021,10:00:00,1,3,3018,2,2,8,3,D219,"462,478,730,000","32,656,750,000",2.021E+11,155 558,B01,2,1,0,2,3,15,0,NULL,2.021E+11,206 019,155 557,A01,1,1,1,1,1958,4,1,-1,-1,0,0,-1,2.021E+11,3,D219,0,NULL,2,2,0,1,-1,-1,1,NULL,-1,1,0,1,50
2.021E+11,3,8,2021,10:00:00,1,3,3018,2,2,8,3,D219,"462,478,730,000","32,656,750,000",2.021E+11,155 558,B01,2,1,0,2,3,15,0,NULL,2.021E+11,206 020,155 558,B01,1,1,3,1,1945,5,2,4,-1,0,0,-1,2.021E+11,3,D219,0,NULL,2,2,0,1,-1,-1,1,NULL,-1,1,0,1,50
2.021E+11,25,7,2021,09:40:00,1,73,73008,2,6,1,3,D50 / Bd Lepic,"456,854,100,000","59,061,700,000",2.021E+11,154 437,B01,2,1,0,2,7,1,5,NULL,2.021E+11,204 435,154 436,A01,1,1,1,1,1973,0,8,0,-1,-1,-1,-1,2.021E+11,3,Avenue de Tresserve,0,NULL,1,1,0,1,0,310,2,NULL,-1,1,0,1,50
2.021E+11,25,7,2021,09:40:00,1,73,73008,2,6,1,3,D50 / Bd Lepic,"456,854,100,000","59,061,700,000",2.021E+11,154 437,B01,2,1,0,2,7,1,5,NULL,2.021E+11,204 436,154 437,B01,1,1,3,1,1940,5,8,0,-1,-1,-1,-1,2.021E+11,3,Avenue de Tresserve,0,NULL,1,1,0,1,0,310,2,NULL,-1,1,0,1,50
2.021E+11,7,3,2021,11:45:00,1,90,90091,1,6,1,3,RD 83,"476,899,770,000","69,597,530,000",2.021E+11,153 375,B01,1,1,0,2,8,15,5,NULL,2.021E+11,203 006,153 375,B01,1,1,3,2,1948,5,2,-1,-1,0,0,-1,2.021E+11,3,83,-1,NULL,-1,1,0,1,-1,-1,1,NULL,-1,1,5,1,80
2.021E+11,7,3,2021,11:45:00,1,90,90091,1,6,1,3,RD 83,"476,899,770,000","69,597,530,000",2.021E+11,153 375,B01,1,1,0,2,8,15,5,NULL,2.021E+11,203 007,153 376,A01,1,1,1,1,1943,5,1,-1,-1,0,0,-1,2.021E+11,3,83,-1,NULL,-1,1,0,1,-1,-1,1,NULL,-1,1,5,1,80
2.021E+11,21,7,2021,09:20:00,1,92,92012,2,3,1,3,POINT DU JOUR (QUAI DU),"488,309,353,895","22,581,850,424",2.021E+11,152 043,B01,2,1,0,2,1,1,5,NULL,2.021E+11,201 139,152 042,A01,1,1,4,1,1988,4,8,0,-1,-1,-1,-1,2.021E+11,3,NULL,0,NULL,-1,4,0,1,0,0,3,NULL,-1,1,3,1,50
2.021E+11,21,7,2021,09:20:00,1,92,92012,2,3,1,3,POINT DU JOUR (QUAI DU),"488,309,353,895","22,581,850,424",2.021E+11,152 043,B01,2,1,0,2,1,1,5,NULL,2.021E+11,201 140,152 043,B01,1,1,2,2,1986,1,8,0,-1,-1,-1,-1,2.021E+11,3,NULL,0,NULL,-1,4,0,1,0,0,3,NULL,-1,1,3,1,50
2.021E+11,12,7,2021,10:30:00,1,26,26198,2,6,1,2,36 Boulevard de l’Europe,"445,457,600,000","47,555,500,000",2.021E+11,150 488,B01,3,1,0,2,5,1,5,NULL,2.021E+11,198 994,150 488,B01,1,1,3,1,1948,5,2,8,-1,0,0,-1,2.021E+11,4,EUROPE (Boulevard de l'),0,NULL,1,1,0,1,-1,-1,4,NULL,-1,1,0,1,50
2.021E+11,12,7,2021,10:30:00,1,26,26198,2,6,1,2,36 Boulevard de l’Europe,"445,457,600,000","47,555,500,000",2.021E+11,150 488,B01,3,1,0,2,5,1,5,NULL,2.021E+11,198 995,150 489,A01,1,1,1,1,1942,9,1,8,-1,0,0,-1,2.021E+11,4,EUROPE (Boulevard de l'),0,NULL,1,1,0,1,-1,-1,4,NULL,-1,1,0,1,50
2.021E+11,5,7,2021,16:50:00,1,80,80021,2,1,1,3,BEAUVILLE CENTRE (BOULEVARD),"498,986,400,000","23,119,800,000",2.021E+11,147 863,B01,0,1,0,2,1,1,5,NULL,2.021E+11,195 378,147 862,A01,1,1,1,2,1990,0,1,-1,-1,0,0,-1,2.021E+11,4,BEAUVILLE CENTRE (BOULEVARD),0,NULL,2,2,0,4,-1,-1,1,NULL,-1,1,0,1,50
2.021E+11,5,7,2021,16:50:00,1,80,80021,2,1,1,3,BEAUVILLE CENTRE (BOULEVARD),"498,986,400,000","23,119,800,000",2.021E+11,147 863,B01,0,1,0,2,1,1,5,NULL,2.021E+11,195 379,147 863,B01,1,1,4,1,1978,0,2,-1,-1,0,0,-1,2.021E+11,4,BEAUVILLE CENTRE (BOULEVARD),0,NULL,2,2,0,4,-1,-1,1,NULL,-1,1,0,1,50
2.021E+11,7,7,2021,14:40:00,1,76,76647,1,1,1,3,Route de Lillebonne,"495,258,070,000","0,3828800000",2.021E+11,147 257,B01,1,1,0,2,8,10,5,NULL,2.021E+11,194 570,147 257,B01,1,1,3,1,1959,5,2,-1,-1,0,0,-1,2.021E+11,3,D81,-1,NULL,2,2,0,1,2,508,1,NULL,-1,1,0,1,80
2.021E+11,7,7,2021,14:40:00,1,76,76647,1,1,1,3,Route de Lillebonne,"495,258,070,000","0,3828800000",2.021E+11,147 257,B01,1,1,0,2,8,10,5,NULL,2.021E+11,194 571,147 258,A01,1,1,1,2,1972,5,8,-1,-1,0,0,-1,2.021E+11,3,D81,-1,NULL,2,2,0,1,2,508,1,NULL,-1,1,0,1,80
2.021E+11,27,6,2021,19:45:00,1,33,33063,2,3,8,3,Cours de l'Yser,"448,287,980,000"," -0,5687670000",2.021E+11,144 587,B01,1,1,0,2,1,1,5,NULL,2.021E+11,190 987,144 586,Z01,1,1,1,1,1960,0,1,-1,-1,-1,-1,-1,2.021E+11,4,CRS DE L'YSER,0,NULL,2,2,2,1,-1,-1,1,NULL,-1,2,0,1,50
2.021E+11,27,6,2021,19:45:00,1,33,33063,2,3,8,3,Cours de l'Yser,"448,287,980,000"," -0,5687670000",2.021E+11,144 587,B01,1,1,0,2,1,1,5,NULL,2.021E+11,190 988,144 587,B01,1,1,4,1,1990,4,8,-1,-1,-1,-1,-1,2.021E+11,4,CRS DE L'YSER,0,NULL,2,2,2,1,-1,-1,1,NULL,-1,2,0,1,50
2.021E+11,21,6,2021,14:22:00,1,54,54526,2,2,1,3,MILLENAIRE (BOULEVARD DU),"486,815,000,000","62,160,000,000",2.021E+11,143 016,A01,1,1,0,2,8,1,5,NULL,2.021E+11,188 911,143 016,A01,1,1,3,2,1998,0,2,0,-1,0,0,-1,2.021E+11,7,MILLENAIRE (BOULEVARD DU),0,NULL,2,5,0,1,-1,-1,1,NULL,-1,1,0,1,70
2.021E+11,21,6,2021,14:22:00,1,54,54526,2,2,1,3,MILLENAIRE (BOULEVARD DU),"486,815,000,000","62,160,000,000",2.021E+11,143 016,A01,1,1,0,2,8,1,5,NULL,2.021E+11,188 912,143 017,B01,2,2,1,2,1989,0,1,0,-1,0,0,-1,2.021E+11,7,MILLENAIRE (BOULEVARD DU),0,NULL,2,5,0,1,-1,-1,1,NULL,-1,1,0,1,70
2.021E+11,21,6,2021,14:22:00,1,54,54526,2,2,1,3,MILLENAIRE (BOULEVARD DU),"486,815,000,000","62,160,000,000",2.021E+11,143 016,A01,1,1,0,2,8,1,5,NULL,2.021E+11,188 913,143 017,B01,1,1,1,1,1959,0,1,0,-1,0,0,-1,2.021E+11,7,MILLENAIRE (BOULEVARD DU),0,NULL,2,5,0,1,-1,-1,1,NULL,-1,1,0,1,70
2.021E+11,15,6,2021,18:25:00,1,35,35238,2,3,1,3,STRASBOURG (BOULEVARD DE),"481,116,700,000","-16,561,200,000",2.021E+11,140 480,B01,2,1,0,2,1,1,5,NULL,2.021E+11,185 571,140 479,A01,1,1,1,1,1993,1,1,-1,-1,-1,-1,-1,2.021E+11,4,STRASBOURG (BOULEVARD DE),0,NULL,2,2,2,2,-1,-1,1,NULL,-1,1,0,1,50
2.021E+11,15,6,2021,18:25:00,1,35,35238,2,3,1,3,STRASBOURG (BOULEVARD DE),"481,116,700,000","-16,561,200,000",2.021E+11,140 480,B01,2,1,0,2,1,1,5,NULL,2.021E+11,185 572,140 480,B01,1,1,4,1,1968,0,0,-1,-1,0,0,-1,2.021E+11,4,STRASBOURG (BOULEVARD DE),0,NULL,2,2,2,2,-1,-1,1,NULL,-1,1,0,1,50
2.021E+11,9,6,2021,14:46:00,1,92,92062,2,3,1,3,DE DION BOUTON (QUAI) DU 29 AU 65,"488,855,351,858","22,514,207,661",2.021E+11,138 128,A01,2,1,0,2,1,1,5,NULL,2.021E+11,182 486,138 128,A01,1,1,4,1,1998,0,8,0,-1,-1,-1,-1,2.021E+11,3,7,0,NULL,1,3,0,1,0,0,1,NULL,-1,1,5,1,50
2.021E+11,9,6,2021,14:46:00,1,92,92062,2,3,1,3,DE DION BOUTON (QUAI) DU 29 AU 65,"488,855,351,858","22,514,207,661",2.021E+11,138 128,A01,2,1,0,2,1,1,5,NULL,2.021E+11,182 487,138 129,B01,1,1,1,1,1998,0,1,0,-1,-1,-1,-1,2.021E+11,3,7,0,NULL,1,3,0,1,0,0,1,NULL,-1,1,5,1,50
2.021E+11,12,5,2021,12:30:00,1,38,38558,1,1,1,1,D123,"456,032,480,000","49,197,240,000",2.021E+11,129 360,B01,3,1,0,2,1,17,5,NULL,2.021E+11,170 994,129 359,A01,1,1,1,2,1968,1,1,-1,-1,0,0,-1,2.021E+11,3,123,0,D,2,2,0,2,-1,-1,1,NULL,-1,1,0,1,70
2.021E+11,12,5,2021,12:30:00,1,38,38558,1,1,1,1,D123,"456,032,480,000","49,197,240,000",2.021E+11,129 360,B01,3,1,0,2,1,17,5,NULL,2.021E+11,170 995,129 360,B01,1,1,3,1,1963,5,2,-1,-1,0,0,-1,2.021E+11,3,123,0,D,2,2,0,2,-1,-1,1,NULL,-1,1,0,1,70
2.021E+11,30,4,2021,18:45:00,1,92,92004,2,3,1,6,JEAN DUSSOURD,"489,070,900,000","22,915,000,000",2.021E+11,129 151,B01,3,1,0,2,1,19,0,NULL,2.021E+11,170 723,129 150,A01,1,1,1,1,1990,9,1,0,-1,-1,-1,-1,2.021E+11,3,7,0,NULL,2,2,0,1,0,0,1,NULL,-1,1,5,1,50
2.021E+11,30,4,2021,18:45:00,1,92,92004,2,3,1,6,JEAN DUSSOURD,"489,070,900,000","22,915,000,000",2.021E+11,129 151,B01,3,1,0,2,1,19,0,NULL,2.021E+11,170 724,129 151,B01,1,1,4,1,2017,5,2,0,-1,-1,-1,-1,2.021E+11,3,7,0,NULL,2,2,0,1,0,0,1,NULL,-1,1,5,1,50
2.021E+11,6,5,2021,13:10:00,1,75,75108,2,2,2,3,RUE CAMBACERES,"488,732,340,000","23,179,260,000",2.021E+11,128 055,B01,1,1,0,2,8,1,5,NULL,2.021E+11,169 262,128 054,A01,1,1,1,1,1969,9,1,0,-1,-1,-1,-1,2.021E+11,4,RUE CAMBACERES,0,NULL,1,1,0,1,-1,-1,1,NULL,-1,2,0,1,30
2.021E+11,6,5,2021,13:10:00,1,75,75108,2,2,2,3,RUE CAMBACERES,"488,732,340,000","23,179,260,000",2.021E+11,128 055,B01,1,1,0,2,8,1,5,NULL,2.021E+11,169 263,128 055,B01,1,1,4,1,1986,4,2,0,-1,0,0,-1,2.021E+11,4,RUE CAMBACERES,0,NULL,1,1,0,1,-1,-1,1,NULL,-1,2,0,1,30
2.021E+11,23,4,2021,18:45:00,1,64,64348,2,6,1,3,SANTONA DE,"433,228,100,000"," -0,3995400000",2.021E+11,125 073,B01,2,1,0,2,7,1,5,NULL,2.021E+11,165 432,125 073,B01,1,1,3,1,1982,5,2,8,-1,-1,-1,-1,2.021E+11,4,MOULIN DU,0,NULL,-1,1,0,1,0,0,1,NULL,-1,1,9,1,70
2.021E+11,23,4,2021,18:45:00,1,64,64348,2,6,1,3,SANTONA DE,"433,228,100,000"," -0,3995400000",2.021E+11,125 073,B01,2,1,0,2,7,1,5,NULL,2.021E+11,165 433,125 074,A01,1,1,1,2,1990,5,1,8,-1,-1,-1,-1,2.021E+11,4,MOULIN DU,0,NULL,-1,1,0,1,0,0,1,NULL,-1,1,9,1,70
2.021E+11,13,4,2021,18:00:00,1,72,72181,2,1,1,3,JAURES JEAN (AV) N° PAIRS 60 ET >,"479,861,000,000","0,2089000000",2.021E+11,123 005,B01,1,1,0,2,1,1,5,NULL,2.021E+11,162 768,123 005,B01,1,1,4,2,1964,0,8,0,-1,-1,-1,-1,2.021E+11,4,JAURES JEAN (AV) N° PAIRS 60 ET >,0,NULL,3,4,2,1,0,0,1,NULL,-1,1,0,1,50
2.021E+11,13,4,2021,18:00:00,1,72,72181,2,1,1,3,JAURES JEAN (AV) N° PAIRS 60 ET >,"479,861,000,000","0,2089000000",2.021E+11,123 005,B01,1,1,0,2,1,1,5,NULL,2.021E+11,162 769,123 006,A01,1,1,1,2,1991,0,1,0,-1,-1,-1,-1,2.021E+11,4,JAURES JEAN (AV) N° PAIRS 60 ET >,0,NULL,3,4,2,1,0,0,1,NULL,-1,1,0,1,50
2.021E+11,8,4,2021,15:40:00,1,94,94042,2,1,1,3,Avenue du Général Galliéni,"488,200,850,000","24,768,830,000",2.021E+11,121 775,B01,1,1,0,2,4,1,5,NULL,2.021E+11,161 157,121 774,A01,1,1,1,2,1959,9,1,8,-1,-1,-1,-1,2.021E+11,3,AV DU GENERAL GALLIENI ,0,NULL,2,4,2,1,1,0,1,NULL,-1,1,0,5,30
2.021E+11,8,4,2021,15:40:00,1,94,94042,2,1,1,3,Avenue du Général Galliéni,"488,200,850,000","24,768,830,000",2.021E+11,121 775,B01,1,1,0,2,4,1,5,NULL,2.021E+11,161 158,121 774,A01,2,2,1,2,1990,9,1,8,-1,-1,-1,-1,2.021E+11,3,AV DU GENERAL GALLIENI ,0,NULL,2,4,2,1,1,0,1,NULL,-1,1,0,5,30
2.021E+11,8,4,2021,15:40:00,1,94,94042,2,1,1,3,Avenue du Général Galliéni,"488,200,850,000","24,768,830,000",2.021E+11,121 775,B01,1,1,0,2,4,1,5,NULL,2.021E+11,161 159,121 775,B01,1,1,4,1,1988,1,2,8,-1,-1,-1,-1,2.021E+11,3,AV DU GENERAL GALLIENI ,0,NULL,2,4,2,1,1,0,1,NULL,-1,1,0,5,30
2.021E+11,7,4,2021,18:05:00,1,3,3118,2,3,1,3,Intersection Rue de la Croix des Vignes et chemin du Mont Libre,"460,961,130,000","31,958,250,000",2.021E+11,121 496,A01,3,1,0,2,1,19,5,NULL,2.021E+11,160 803,121 495,B01,1,1,1,2,1963,5,1,-1,-1,0,0,-1,2.021E+11,4,NULL,0,NULL,2,2,0,2,-1,-1,1,NULL,-1,1,0,1,30
2.021E+11,7,4,2021,18:05:00,1,3,3118,2,3,1,3,Intersection Rue de la Croix des Vignes et chemin du Mont Libre,"460,961,130,000","31,958,250,000",2.021E+11,121 496,A01,3,1,0,2,1,19,5,NULL,2.021E+11,160 804,121 496,A01,1,1,3,1,2008,5,0,-1,-1,0,0,-1,2.021E+11,4,NULL,0,NULL,2,2,0,2,-1,-1,1,NULL,-1,1,0,1,30
2.021E+11,5,4,2021,21:35:00,5,75,75109,2,4,1,3,BOULEVARD DE CLICHY,"488,838,520,000","23,286,050,000",2.021E+11,121 338,B01,2,1,0,2,3,19,5,NULL,2.021E+11,160 600,121 338,B01,1,1,4,1,1997,4,8,0,-1,0,0,-1,2.021E+11,4,BOULEVARD DE CLICHY,0,NULL,3,3,3,1,-1,-1,1,NULL,-1,1,0,1,50
2.021E+11,5,4,2021,21:35:00,5,75,75109,2,4,1,3,BOULEVARD DE CLICHY,"488,838,520,000","23,286,050,000",2.021E+11,121 338,B01,2,1,0,2,3,19,5,NULL,2.021E+11,160 601,121 339,A01,1,1,4,1,1994,5,2,6,-1,0,0,-1,2.021E+11,4,BOULEVARD DE CLICHY,0,NULL,3,3,3,1,-1,-1,1,NULL,-1,1,0,1,50
2.021E+11,31,3,2021,13:35:00,1,49,49267,2,1,1,7,CHANTERIE,"474,773,100,000"," -0,5066300000",2.021E+11,119 957,A01,3,1,8,0,1,1,5,NULL,2.021E+11,158 766,119 957,A01,1,1,4,1,1973,9,8,0,-1,-1,-1,-1,2.021E+11,4,CHANTERIE,0,NULL,2,2,0,1,1,0,1,NULL,-1,1,0,1,50
2.021E+11,31,3,2021,14:10:00,1,75,75106,2,3,1,3,QUAI DE CONTI,"488,564,310,000","23,399,110,000",2.021E+11,119 891,A01,1,1,0,2,8,18,5,NULL,2.021E+11,158 680,119 890,B01,1,1,4,2,1992,5,8,0,-1,0,0,-1,2.021E+11,4,QUAI DE CONTI,0,NULL,2,2,1,1,-1,-1,1,NULL,-1,1,-1,5,50
2.021E+11,31,3,2021,14:10:00,1,75,75106,2,3,1,3,QUAI DE CONTI,"488,564,310,000","23,399,110,000",2.021E+11,119 891,A01,1,1,0,2,8,18,5,NULL,2.021E+11,158 681,119 891,A01,1,1,1,1,1968,5,2,0,-1,0,0,-1,2.021E+11,4,QUAI DE CONTI,0,NULL,2,2,1,1,-1,-1,1,NULL,-1,1,-1,5,50
2.021E+11,1,4,2021,09:45:00,1,90,90052,2,6,1,2,ZAC du Mont Jean,"477,373,860,000","68,355,940,000",2.021E+11,119 786,B01,1,1,0,2,4,2,5,NULL,2.021E+11,158 547,119 786,B01,1,1,4,1,1976,5,6,-1,-1,0,0,-1,2.021E+11,3,12,0,D,1,1,0,1,15,850,2,NULL,-1,1,5,1,30
2.021E+11,1,4,2021,09:45:00,1,90,90052,2,6,1,2,ZAC du Mont Jean,"477,373,860,000","68,355,940,000",2.021E+11,119 786,B01,1,1,0,2,4,2,5,NULL,2.021E+11,158 548,119 787,A01,1,1,1,2,1946,3,1,-1,-1,0,0,-1,2.021E+11,3,12,0,D,1,1,0,1,15,850,2,NULL,-1,1,5,1,30
2.021E+11,29,3,2021,18:50:00,1,67,67482,2,3,1,3,ATHENES (PLACE D ),"485,789,940,000","77,682,020,000",2.021E+11,119 655,A01,1,1,0,2,1,19,5,NULL,2.021E+11,158 379,119 655,A01,1,1,4,2,2002,2,8,0,-1,-1,-1,-1,2.021E+11,4,ATHENES (PLACE D ),0,NULL,3,2,3,1,-1,-1,1,NULL,-1,1,0,1,25
2.021E+11,29,3,2021,18:50:00,1,67,67482,2,3,1,3,ATHENES (PLACE D ),"485,789,940,000","77,682,020,000",2.021E+11,119 655,A01,1,1,0,2,1,19,5,NULL,2.021E+11,158 380,119 656,B01,1,1,1,1,1959,0,1,8,-1,-1,-1,-1,2.021E+11,4,ATHENES (PLACE D ),0,NULL,3,2,3,1,-1,-1,1,NULL,-1,1,0,1,25
2.021E+11,27,3,2021,10:05:00,1,75,75115,2,3,1,1,QUAI DE GRENELLE,"488,529,060,000","22,865,710,000",2.021E+11,118 876,A01,1,1,0,2,1,14,5,NULL,2.021E+11,157 358,118 875,B01,1,1,4,1,1984,5,8,0,-1,0,0,-1,2.021E+11,4,QUAI DE GRENELLE,0,NULL,2,1,1,1,-1,-1,1,NULL,-1,1,-1,5,50