Num_Acc,jour,mois,an,hrmn,lum,dep,com,agg,int,atm,col,adr,lat,long,Num_Acc,id_vehicule,num_veh,senc,catv,obs,obsm,choc,manv,motor,occutc,Num_Acc,id_usager,id_vehicule,num_veh,place,catu,grav,sexe,an_nais,trajet,secu1,secu2,secu3,locp,actp,etatp,Num_Acc,catr,voie,v1,v2,circ,nbv,vosp,prof,pr,pr1,plan,lartpc,larrout,surf,infra,situ,vma
2.021E+11,27,3,2021,10:05:00,1,75,75115,2,3,1,1,QUAI DE GRENELLE,"488,529,060,000","22,865,710,000",2.021E+11,118 875,B01,2,1,0,2,1,1,5,NULL,2.021E+11,157 358,118 875,B01,1,1,4,1,1984,5,8,0,-1,0,0,-1,2.021E+11,4,QUAI DE GRENELLE,0,NULL,2,1,1,1,-1,-1,1,NULL,-1,1,-1,5,50
2.021E+11,27,3,2021,10:05:00,1,75,75115,2,3,1,1,QUAI DE GRENELLE,"488,529,060,000","22,865,710,000",2.021E+11,118 876,A01,1,1,0,2,1,14,5,NULL,2.021E+11,157 359,118 876,A01,1,1,4,2,2001,4,8,0,-1,0,0,-1,2.021E+11,4,QUAI DE GRENELLE,0,NULL,2,1,1,1,-1,-1,1,NULL,-1,1,-1,5,50
2.021E+11,27,3,2021,10:05:00,1,75,75115,2,3,1,1,QUAI DE GRENELLE,"488,529,060,000","22,865,710,000",2.021E+11,118 875,B01,2,1,0,2,1,1,5,NULL,2.021E+11,157 359,118 876,A01,1,1,4,2,2001,4,8,0,-1,0,0,-1,2.021E+11,4,QUAI DE GRENELLE,0,NULL,2,1,1,1,-1,-1,1,NULL,-1,1,-1,5,50
2.021E+11,24,3,2021,09:05:00,1,27,27299,2,3,1,3,BRIAND (AVENUE ARISTIDE),"490,504,000,000","11,646,000,000",2.021E+11,118 442,B01,2,1,0,2,2,1,5,NULL,2.021E+11,156 823,118 441,A01,1,1,1,1,1970,5,1,5,-1,0,0,-1,2.021E+11,3,BRIAND (AVENUE ARISTIDE),0,NULL,2,2,0,1,31,400,1,NULL,-1,1,0,1,30
2.021E+11,24,3,2021,09:05:00,1,27,27299,2,3,1,3,BRIAND (AVENUE ARISTIDE),"490,504,000,000","11,646,000,000",2.021E+11,118 442,B01,2,1,0,2,2,1,5,NULL,2.021E+11,156 824,118 442,B01,1,1,4,1,1970,5,2,4,-1,0,0,-1,2.021E+11,3,BRIAND (AVENUE ARISTIDE),0,NULL,2,2,0,1,31,400,1,NULL,-1,1,0,1,30
2.021E+11,24,3,2021,17:00:00,1,94,94068,2,1,1,3,HENRI REGNAULT (R),"487,981,000,000","25,091,100,000",2.021E+11,118 381,B01,3,1,0,2,8,1,5,NULL,2.021E+11,156 751,118 381,B01,1,1,4,1,1936,5,0,0,-1,-1,-1,-1,2.021E+11,4,R HENRI REGNAULT,0,NULL,2,2,0,1,1,0,1,NULL,-1,1,0,1,30
2.021E+11,24,3,2021,17:00:00,1,94,94068,2,1,1,3,HENRI REGNAULT (R),"487,981,000,000","25,091,100,000",2.021E+11,118 381,B01,3,1,0,2,8,1,5,NULL,2.021E+11,156 752,118 382,A01,1,1,1,1,1936,5,8,0,-1,-1,-1,-1,2.021E+11,4,R HENRI REGNAULT,0,NULL,2,2,0,1,1,0,1,NULL,-1,1,0,1,30
2.021E+11,22,3,2021,17:37:00,1,63,63113,2,3,1,3,SOUS MARIN CASABIANCA (RUE DU),"458,083,600,000","31,069,400,000",2.021E+11,117 932,B01,1,1,0,2,7,2,5,NULL,2.021E+11,156 192,117 931,A01,1,1,1,2,1981,0,1,0,-1,0,0,-1,2.021E+11,4,SOUS MARIN CASABIANCA (RUE DU),0,NULL,2,3,1,1,-1,-1,1,NULL,-1,1,0,5,50
2.021E+11,22,3,2021,17:37:00,1,63,63113,2,3,1,3,SOUS MARIN CASABIANCA (RUE DU),"458,083,600,000","31,069,400,000",2.021E+11,117 932,B01,1,1,0,2,7,2,5,NULL,2.021E+11,156 193,117 932,B01,1,1,4,1,1976,1,2,0,-1,0,0,-1,2.021E+11,4,SOUS MARIN CASABIANCA (RUE DU),0,NULL,2,3,1,1,-1,-1,1,NULL,-1,1,0,5,50
2.021E+11,15,3,2021,16:32:00,1,76,76351,2,2,1,7,MOGADOR,"494,972,000,000","0,0983600000",2.021E+11,116 360,A01,2,1,0,0,0,0,5,NULL,2.021E+11,154 169,116 360,A01,1,1,3,1,2008,0,8,0,-1,-1,-1,-1,2.021E+11,4,MOGADOR,0,NULL,1,1,0,2,-1,-1,1,NULL,-1,1,0,1,50
2.021E+11,6,3,2021,09:30:00,1,45,45284,2,3,1,3,Rue du Faubourg de Bourgogne,"479,042,500,000","19,401,300,000",2.021E+11,114 275,B01,0,1,0,2,2,1,5,NULL,2.021E+11,151 486,114 274,A01,1,1,1,1,1971,0,8,0,-1,-1,-1,-1,2.021E+11,4,FAUBOURG DE BOURGOGNE (RUE DU),0,NULL,-1,2,2,1,-1,-1,1,NULL,-1,1,0,5,50
2.021E+11,6,3,2021,09:30:00,1,45,45284,2,3,1,3,Rue du Faubourg de Bourgogne,"479,042,500,000","19,401,300,000",2.021E+11,114 275,B01,0,1,0,2,2,1,5,NULL,2.021E+11,151 487,114 275,B01,1,1,4,2,1962,0,2,0,-1,-1,-1,-1,2.021E+11,4,FAUBOURG DE BOURGOGNE (RUE DU),0,NULL,-1,2,2,1,-1,-1,1,NULL,-1,1,0,5,50
2.021E+11,28,2,2021,17:20:00,1,44,44162,2,1,1,3,RUE DU DOCTEUR BOUBEE,"472,080,100,000","-16,375,600,000",2.021E+11,113 014,B01,0,1,0,0,1,1,5,NULL,2.021E+11,149 882,113 013,A01,1,1,4,2,1968,0,8,0,-1,-1,-1,-1,2.021E+11,4,RUE DU DOCTEUR BOUBEE,0,NULL,2,0,0,2,-1,-1,2,NULL,-1,1,0,1,30
2.021E+11,28,2,2021,17:20:00,1,44,44162,2,1,1,3,RUE DU DOCTEUR BOUBEE,"472,080,100,000","-16,375,600,000",2.021E+11,113 013,A01,0,1,0,2,1,5,5,NULL,2.021E+11,149 882,113 013,A01,1,1,4,2,1968,0,8,0,-1,-1,-1,-1,2.021E+11,4,RUE DU DOCTEUR BOUBEE,0,NULL,2,0,0,2,-1,-1,2,NULL,-1,1,0,1,30
2.021E+11,28,2,2021,17:20:00,1,44,44162,2,1,1,3,RUE DU DOCTEUR BOUBEE,"472,080,100,000","-16,375,600,000",2.021E+11,113 014,B01,0,1,0,0,1,1,5,NULL,2.021E+11,149 883,113 014,B01,1,1,4,1,1980,0,2,0,-1,-1,-1,-1,2.021E+11,4,RUE DU DOCTEUR BOUBEE,0,NULL,2,0,0,2,-1,-1,2,NULL,-1,1,0,1,30
2.021E+11,28,2,2021,17:20:00,1,44,44162,2,1,1,3,RUE DU DOCTEUR BOUBEE,"472,080,100,000","-16,375,600,000",2.021E+11,113 013,A01,0,1,0,2,1,5,5,NULL,2.021E+11,149 883,113 014,B01,1,1,4,1,1980,0,2,0,-1,-1,-1,-1,2.021E+11,4,RUE DU DOCTEUR BOUBEE,0,NULL,2,0,0,2,-1,-1,2,NULL,-1,1,0,1,30
2.021E+11,16,1,2021,19:30:00,5,35,35238,2,9,2,3,RICHEMOND (QUAI DE),"481,099,000,000","-16,739,100,000",2.021E+11,103 906,A01,2,1,0,2,1,1,5,NULL,2.021E+11,137 883,103 905,B01,1,1,1,1,1970,4,8,0,-1,-1,-1,-1,2.021E+11,4,RICHEMOND (QUAI DE),0,NULL,2,2,0,1,-1,-1,1,NULL,-1,2,0,1,50
2.021E+11,16,1,2021,19:30:00,5,35,35238,2,9,2,3,RICHEMOND (QUAI DE),"481,099,000,000","-16,739,100,000",2.021E+11,103 906,A01,2,1,0,2,1,1,5,NULL,2.021E+11,137 884,103 906,A01,1,1,4,1,1988,5,8,0,-1,-1,-1,-1,2.021E+11,4,RICHEMOND (QUAI DE),0,NULL,2,2,0,1,-1,-1,1,NULL,-1,2,0,1,50
2.021E+11,10,1,2021,15:15:00,1,75,75101,2,2,1,6,BOULEVARD DE SEBASTOPOL,"488,595,394,521","23,487,913,769",2.021E+11,102 582,A01,1,1,0,1,1,1,5,NULL,2.021E+11,136 121,102 582,A01,1,1,1,1,1973,9,8,0,-1,0,0,-1,2.021E+11,4,BOULEVARD DE SEBASTOPOL,0,NULL,1,5,0,1,-1,-1,1,NULL,-1,1,0,1,50
2.021E+11,10,1,2021,15:15:00,1,75,75101,2,2,1,6,BOULEVARD DE SEBASTOPOL,"488,595,394,521","23,487,913,769",2.021E+11,102 582,A01,1,1,0,1,1,1,5,NULL,2.021E+11,136 122,102 582,A01,10,3,4,2,1993,5,8,8,-1,4,3,1,2.021E+11,4,BOULEVARD DE SEBASTOPOL,0,NULL,1,5,0,1,-1,-1,1,NULL,-1,1,0,1,50
2.021E+11,8,1,2021,17:45:00,5,75,75108,2,1,1,3,RUE DE LA PEPINIERE,"488,750,220,000","23,212,860,000",2.021E+11,102 325,B01,2,1,0,2,4,13,5,NULL,2.021E+11,135 773,102 324,A01,1,1,1,1,1980,1,2,6,-1,0,0,-1,2.021E+11,4,RUE DE LA PEPINIERE,0,NULL,1,3,3,1,-1,-1,1,NULL,-1,1,-1,6,50
2.021E+11,8,1,2021,17:45:00,5,75,75108,2,1,1,3,RUE DE LA PEPINIERE,"488,750,220,000","23,212,860,000",2.021E+11,102 325,B01,2,1,0,2,4,13,5,NULL,2.021E+11,135 774,102 325,B01,1,1,4,1,1985,1,2,0,-1,0,0,-1,2.021E+11,4,RUE DE LA PEPINIERE,0,NULL,1,3,3,1,-1,-1,1,NULL,-1,1,-1,6,50
2.021E+11,26,10,2021,07:15:00,5,69,69383,2,1,1,6,LACASSAGNE                          (AV),"457,543,700,000","48,667,600,000",2.021E+11,182 339,B01,1,1,1,0,1,1,0,NULL,2.021E+11,241 461,182 339,B01,1,1,1,1,1984,0,8,-1,-1,-1,-1,-1,2.021E+11,4,NULL,0,NULL,2,3,3,1,-1,-1,1,NULL,-1,2,0,1,50
2.021E+11,26,10,2021,07:15:00,5,69,69383,2,1,1,6,LACASSAGNE                          (AV),"457,543,700,000","48,667,600,000",2.021E+11,182 339,B01,1,1,1,0,1,1,0,NULL,2.021E+11,241 462,182 339,B01,2,2,4,1,1997,0,8,-1,-1,-1,-1,-1,2.021E+11,4,NULL,0,NULL,2,3,3,1,-1,-1,1,NULL,-1,2,0,1,50
2.021E+11,18,10,2021,18:00:00,1,64,64269,2,6,1,3,BEARN DU,"433,012,300,000"," -0,3071100000",2.021E+11,179 490,A01,3,1,0,2,4,5,5,NULL,2.021E+11,237 762,179 490,A01,1,1,4,1,1946,5,2,0,-1,-1,-1,-1,2.021E+11,4,BEARN DU,0,NULL,-1,1,0,1,0,0,1,NULL,-1,1,0,1,50
2.021E+11,18,10,2021,18:00:00,1,64,64269,2,6,1,3,BEARN DU,"433,012,300,000"," -0,3071100000",2.021E+11,179 490,A01,3,1,0,2,4,5,5,NULL,2.021E+11,237 763,179 491,B01,1,1,1,2,1981,0,1,0,-1,-1,-1,-1,2.021E+11,4,BEARN DU,0,NULL,-1,1,0,1,0,0,1,NULL,-1,1,0,1,50
2.021E+11,18,10,2021,11:20:00,1,33,33063,2,1,1,2,Avenue du Maréchal de Lattre de Tassigny,"448,563,200,000"," -0,6178500000",2.021E+11,179 453,A01,1,1,0,2,4,1,5,NULL,2.021E+11,237 705,179 453,A01,1,1,4,1,1955,5,8,-1,-1,-1,-1,-1,2.021E+11,4,AVE DU MAL DE LATTRE DE TASSIGNY CAUD.,0,NULL,2,2,2,1,-1,-1,1,NULL,-1,1,0,5,50
2.021E+11,18,10,2021,11:20:00,1,33,33063,2,1,1,2,Avenue du Maréchal de Lattre de Tassigny,"448,563,200,000"," -0,6178500000",2.021E+11,179 453,A01,1,1,0,2,4,1,5,NULL,2.021E+11,237 706,179 454,Z01,1,1,1,-1,NULL,-1,-1,-1,-1,-1,-1,-1,2.021E+11,4,AVE DU MAL DE LATTRE DE TASSIGNY CAUD.,0,NULL,2,2,2,1,-1,-1,1,NULL,-1,1,0,5,50
2.021E+11,10,10,2021,10:25:00,1,45,45346,2,1,1,6,Route des Caduels,"479,444,460,000","22,781,130,000",2.021E+11,176 547,B01,3,1,0,0,8,1,5,NULL,2.021E+11,233 940,176 546,C01,1,1,4,1,1967,5,2,-1,-1,0,0,-1,2.021E+11,9,10,0,NULL,2,2,0,1,-1,-1,1,NULL,-1,1,0,1,70
2.021E+11,10,10,2021,10:25:00,1,45,45346,2,1,1,6,Route des Caduels,"479,444,460,000","22,781,130,000",2.021E+11,176 546,C01,3,1,0,0,0,1,5,NULL,2.021E+11,233 940,176 546,C01,1,1,4,1,1967,5,2,-1,-1,0,0,-1,2.021E+11,9,10,0,NULL,2,2,0,1,-1,-1,1,NULL,-1,1,0,1,70
2.021E+11,10,10,2021,10:25:00,1,45,45346,2,1,1,6,Route des Caduels,"479,444,460,000","22,781,130,000",2.021E+11,176 547,B01,3,1,0,0,8,1,5,NULL,2.021E+11,233 941,176 547,B01,1,1,3,1,1956,5,2,-1,-1,0,0,-1,2.021E+11,9,10,0,NULL,2,2,0,1,-1,-1,1,NULL,-1,1,0,1,70
2.021E+11,10,10,2021,10:25:00,1,45,45346,2,1,1,6,Route des Caduels,"479,444,460,000","22,781,130,000",2.021E+11,176 546,C01,3,1,0,0,0,1,5,NULL,2.021E+11,233 941,176 547,B01,1,1,3,1,1956,5,2,-1,-1,0,0,-1,2.021E+11,9,10,0,NULL,2,2,0,1,-1,-1,1,NULL,-1,1,0,1,70
2.021E+11,10,10,2021,10:25:00,1,45,45346,2,1,1,6,Route des Caduels,"479,444,460,000","22,781,130,000",2.021E+11,176 547,B01,3,1,0,0,8,1,5,NULL,2.021E+11,233 942,176 548,A01,1,1,1,1,1938,5,8,-1,-1,0,0,-1,2.021E+11,9,10,0,NULL,2,2,0,1,-1,-1,1,NULL,-1,1,0,1,70
2.021E+11,10,10,2021,10:25:00,1,45,45346,2,1,1,6,Route des Caduels,"479,444,460,000","22,781,130,000",2.021E+11,176 546,C01,3,1,0,0,0,1,5,NULL,2.021E+11,233 942,176 548,A01,1,1,1,1,1938,5,8,-1,-1,0,0,-1,2.021E+11,9,10,0,NULL,2,2,0,1,-1,-1,1,NULL,-1,1,0,1,70
2.021E+11,28,9,2021,18:10:00,1,92,92051,2,1,1,6,"JEAN MERMOZ (BOULEVARD, N° 5 A 15)","488,857,556,513","22,692,574,561",2.021E+11,172 356,A01,1,1,1,1,2,1,5,NULL,2.021E+11,228 548,172 356,A01,10,3,4,2,1933,5,0,-1,-1,2,3,1,2.021E+11,4,"JEAN MERMOZ (BOULEVARD, N° 5 A 15)",0,NULL,2,2,0,1,0,0,1,NULL,-1,1,0,1,50
2.021E+11,28,9,2021,18:10:00,1,92,92051,2,1,1,6,"JEAN MERMOZ (BOULEVARD, N° 5 A 15)","488,857,556,513","22,692,574,561",2.021E+11,172 356,A01,1,1,1,1,2,1,5,NULL,2.021E+11,228 549,172 356,A01,1,1,1,1,1962,1,8,0,-1,-1,-1,-1,2.021E+11,4,"JEAN MERMOZ (BOULEVARD, N° 5 A 15)",0,NULL,2,2,0,1,0,0,1,NULL,-1,1,0,1,50
2.021E+11,21,9,2021,10:15:00,1,75,75113,2,3,1,3,QUAI D AUSTERLITZ,"488,383,220,000","23,727,830,000",2.021E+11,170 025,B01,1,1,0,2,1,1,5,NULL,2.021E+11,225 447,170 024,A01,1,1,1,1,1990,4,1,0,-1,0,0,-1,2.021E+11,4,QUAI D AUSTERLITZ,0,NULL,2,5,1,1,-1,-1,1,NULL,-1,1,0,5,30
2.021E+11,21,9,2021,10:15:00,1,75,75113,2,3,1,3,QUAI D AUSTERLITZ,"488,383,220,000","23,727,830,000",2.021E+11,170 025,B01,1,1,0,2,1,1,5,NULL,2.021E+11,225 448,170 025,B01,1,1,4,2,1996,5,2,0,-1,0,0,-1,2.021E+11,4,QUAI D AUSTERLITZ,0,NULL,2,5,1,1,-1,-1,1,NULL,-1,1,0,5,30
2.021E+11,9,9,2021,19:30:00,5,973,97307,2,1,1,1,Chemin Morthium,"48,360,960,000","-523,266,470,000",2.021E+11,166 278,B01,0,1,0,2,1,1,5,NULL,2.021E+11,220 549,166 278,B01,1,1,3,1,1999,0,0,-1,-1,0,0,-1,2.021E+11,4,NULL,-1,NULL,2,2,0,1,-1,-1,1,NULL,4,1,0,1,50
2.021E+11,9,9,2021,19:30:00,5,973,97307,2,1,1,1,Chemin Morthium,"48,360,960,000","-523,266,470,000",2.021E+11,166 278,B01,0,1,0,2,1,1,5,NULL,2.021E+11,220 550,166 279,A01,1,1,1,1,1977,1,1,-1,-1,0,0,-1,2.021E+11,4,NULL,-1,NULL,2,2,0,1,-1,-1,1,NULL,4,1,0,1,50
2.021E+11,29,8,2021,15:30:00,1,5,5027,1,1,1,3,Route Departementale 89 t,"448,776,160,000","67,392,110,000",2.021E+11,162 368,A01,2,1,0,2,3,13,5,NULL,2.021E+11,215 434,162 368,A01,1,1,3,1,1982,5,2,-1,-1,0,0,-1,2.021E+11,3,89,0,T,2,2,0,2,2,600,3,NULL,-1,1,0,1,80
2.021E+11,29,8,2021,15:30:00,1,5,5027,1,1,1,3,Route Departementale 89 t,"448,776,160,000","67,392,110,000",2.021E+11,162 368,A01,2,1,0,2,3,13,5,NULL,2.021E+11,215 435,162 369,B01,1,1,1,1,1971,5,1,-1,-1,0,0,-1,2.021E+11,3,89,0,T,2,2,0,2,2,600,3,NULL,-1,1,0,1,80
2.021E+11,1,8,2021,09:55:00,1,95,95652,1,1,1,6,RD 909Z,"491,129,070,000","23,652,900,000",2.021E+11,154 895,A01,1,1,0,9,1,1,5,NULL,2.021E+11,205 064,154 895,A01,1,1,4,1,1975,5,2,-1,-1,0,0,-1,2.021E+11,3,909,-1,Z,2,2,0,2,6,500,1,NULL,-1,1,0,1,70
2.021E+11,7,7,2021,19:50:00,5,974,97422,2,1,1,1,26 Rue Georges Pompidou,"-212,658,670,000","555,247,680,000",2.021E+11,147 678,B01,1,1,0,2,1,1,5,NULL,2.021E+11,195 145,147 677,A01,1,1,1,1,1980,1,1,-1,-1,0,0,-1,2.021E+11,2,3,-1,NULL,2,2,0,2,-1,-1,1,NULL,-1,1,0,1,50
2.021E+11,7,7,2021,19:50:00,5,974,97422,2,1,1,1,26 Rue Georges Pompidou,"-212,658,670,000","555,247,680,000",2.021E+11,147 678,B01,1,1,0,2,1,1,5,NULL,2.021E+11,195 146,147 678,B01,1,1,3,1,1974,0,0,-1,-1,0,0,-1,2.021E+11,2,3,-1,NULL,2,2,0,2,-1,-1,1,NULL,-1,1,0,1,50
2.021E+11,27,3,2021,14:10:00,1,81,81306,1,1,1,1,Moulin de Boussac,"440,429,870,000","22,460,550,000",2.021E+11,146 884,A01,1,1,0,2,1,13,5,NULL,2.021E+11,194 066,146 884,A01,1,1,3,1,2000,5,0,-1,-1,0,0,-1,2.021E+11,3,71,0,D,2,2,0,2,23,950,3,NULL,-1,1,0,1,80
2.021E+11,27,3,2021,14:10:00,1,81,81306,1,1,1,1,Moulin de Boussac,"440,429,870,000","22,460,550,000",2.021E+11,146 884,A01,1,1,0,2,1,13,5,NULL,2.021E+11,194 067,146 885,B01,1,1,1,1,1971,1,1,-1,-1,0,0,-1,2.021E+11,3,71,0,D,2,2,0,2,23,950,3,NULL,-1,1,0,1,80
2.021E+11,30,6,2021,05:50:00,2,33,33281,2,6,1,3,Avenue Marcel Dassault,"448,481,000,000"," -0,6796400000",2.021E+11,146 109,B01,1,1,0,2,2,1,5,NULL,2.021E+11,192 997,146 108,A01,1,1,1,1,1964,0,1,-1,-1,-1,-1,-1,2.021E+11,4,AVE MARCEL DASSAULT,0,NULL,3,2,2,1,-1,-1,1,NULL,-1,1,0,1,50
2.021E+11,30,6,2021,05:50:00,2,33,33281,2,6,1,3,Avenue Marcel Dassault,"448,481,000,000"," -0,6796400000",2.021E+11,146 109,B01,1,1,0,2,2,1,5,NULL,2.021E+11,192 998,146 109,B01,1,1,4,1,1986,0,2,-1,-1,-1,-1,-1,2.021E+11,4,AVE MARCEL DASSAULT,0,NULL,3,2,2,1,-1,-1,1,NULL,-1,1,0,1,50
2.021E+11,14,6,2021,12:35:00,1,75,75111,2,4,1,3,AVENUE DE LA REPUBLIQUE,"488,659,950,000","23,707,120,000",2.021E+11,140 176,B01,1,1,0,2,6,15,5,NULL,2.021E+11,185 193,140 175,A01,1,1,1,1,1995,4,2,6,-1,0,0,-1,2.021E+11,4,AVENUE DE LA REPUBLIQUE,0,NULL,2,-1,1,1,-1,-1,1,NULL,-1,1,0,1,30
2.021E+11,14,6,2021,12:35:00,1,75,75111,2,4,1,3,AVENUE DE LA REPUBLIQUE,"488,659,950,000","23,707,120,000",2.021E+11,140 176,B01,1,1,0,2,6,15,5,NULL,2.021E+11,185 194,140 176,B01,1,1,4,1,1978,9,8,0,-1,0,0,-1,2.021E+11,4,AVENUE DE LA REPUBLIQUE,0,NULL,2,-1,1,1,-1,-1,1,NULL,-1,1,0,1,30
2.021E+11,12,6,2021,20:50:00,2,69,69386,2,2,1,5,MOLIERE (R),"457,648,100,000","48,427,500,000",2.021E+11,139 624,C01,2,1,0,2,8,1,0,NULL,2.021E+11,184 442,139 623,A01,10,3,4,1,1995,0,0,-1,-1,5,B,2,2.021E+11,4,MOLIERE                             (R ),0,NULL,1,1,1,1,-1,-1,1,NULL,-1,1,0,1,30
2.021E+11,12,6,2021,20:50:00,2,69,69386,2,2,1,5,MOLIERE (R),"457,648,100,000","48,427,500,000",2.021E+11,139 624,C01,2,1,0,2,8,1,0,NULL,2.021E+11,184 443,139 623,A01,2,2,1,1,1998,0,8,-1,-1,-1,-1,-1,2.021E+11,4,MOLIERE                             (R ),0,NULL,1,1,1,1,-1,-1,1,NULL,-1,1,0,1,30
2.021E+11,12,6,2021,20:50:00,2,69,69386,2,2,1,5,MOLIERE (R),"457,648,100,000","48,427,500,000",2.021E+11,139 624,C01,2,1,0,2,8,1,0,NULL,2.021E+11,184 444,139 623,A01,1,1,1,1,1998,0,8,-1,-1,-1,-1,-1,2.021E+11,4,MOLIERE                             (R ),0,NULL,1,1,1,1,-1,-1,1,NULL,-1,1,0,1,30
2.021E+11,12,6,2021,20:50:00,2,69,69386,2,2,1,5,MOLIERE (R),"457,648,100,000","48,427,500,000",2.021E+11,139 624,C01,2,1,0,2,8,1,0,NULL,2.021E+11,184 445,139 624,C01,1,1,4,1,1996,0,8,0,-1,-1,-1,-1,2.021E+11,4,MOLIERE                             (R ),0,NULL,1,1,1,1,-1,-1,1,NULL,-1,1,0,1,30
2.021E+11,12,6,2021,20:50:00,2,69,69386,2,2,1,5,MOLIERE (R),"457,648,100,000","48,427,500,000",2.021E+11,139 624,C01,2,1,0,2,8,1,0,NULL,2.021E+11,184 446,139 625,B01,1,1,3,1,1992,0,2,0,-1,-1,-1,-1,2.021E+11,4,MOLIERE                             (R ),0,NULL,1,1,1,1,-1,-1,1,NULL,-1,1,0,1,30
2.021E+11,12,6,2021,08:29:00,1,75,75107,2,2,1,3,RUE DE L UNIVERSITE,"488,609,650,000","23,149,640,000",2.021E+11,139 524,A01,0,1,0,2,1,1,5,NULL,2.021E+11,184 314,139 524,A01,1,1,4,1,1994,9,2,0,-1,0,0,-1,2.021E+11,4,RUE DE L UNIVERSITE,0,NULL,2,4,1,1,-1,-1,1,NULL,-1,1,0,5,50
2.021E+11,12,6,2021,08:29:00,1,75,75107,2,2,1,3,RUE DE L UNIVERSITE,"488,609,650,000","23,149,640,000",2.021E+11,139 524,A01,0,1,0,2,1,1,5,NULL,2.021E+11,184 315,139 525,B01,1,1,1,1,1953,9,1,0,-1,0,0,-1,2.021E+11,4,RUE DE L UNIVERSITE,0,NULL,2,4,1,1,-1,-1,1,NULL,-1,1,0,5,50
2.021E+11,10,6,2021,11:00:00,1,95,95323,2,2,1,3,ECANCOURT (BOULEVARD D'),"490,110,000,000","20,501,400,000",2.021E+11,139 264,B01,3,1,14,2,1,1,5,NULL,2.021E+11,183 954,139 264,B01,1,1,3,1,1964,5,2,-1,-1,-1,0,-1,2.021E+11,4,ECANCOURT (BOULEVARD D'),0,NULL,2,2,0,2,-1,-1,1,NULL,-1,1,0,1,50
2.021E+11,10,6,2021,11:00:00,1,95,95323,2,2,1,3,ECANCOURT (BOULEVARD D'),"490,110,000,000","20,501,400,000",2.021E+11,139 264,B01,3,1,14,2,1,1,5,NULL,2.021E+11,183 955,139 265,A01,1,1,1,1,1952,5,1,-1,-1,-1,0,-1,2.021E+11,4,ECANCOURT (BOULEVARD D'),0,NULL,2,2,0,2,-1,-1,1,NULL,-1,1,0,1,50
2.021E+11,2,6,2021,14:15:00,1,75,75106,2,1,1,2,BOULEVARD SAINT MICHEL,"488,431,110,000","23,384,690,000",2.021E+11,135 865,B01,1,1,0,2,1,1,5,NULL,2.021E+11,179 563,135 864,A01,1,1,1,1,1983,4,1,0,-1,0,0,-1,2.021E+11,4,BOULEVARD SAINT MICHEL,0,NULL,2,4,1,1,-1,-1,1,NULL,-1,1,0,5,50
2.021E+11,2,6,2021,14:15:00,1,75,75106,2,1,1,2,BOULEVARD SAINT MICHEL,"488,431,110,000","23,384,690,000",2.021E+11,135 865,B01,1,1,0,2,1,1,5,NULL,2.021E+11,179 564,135 865,B01,1,1,4,1,2004,5,8,0,-1,0,0,-1,2.021E+11,4,BOULEVARD SAINT MICHEL,0,NULL,2,4,1,1,-1,-1,1,NULL,-1,1,0,5,50
2.021E+11,31,5,2021,18:15:00,1,35,35238,2,6,1,2,Loriettes (Rue des),"480,838,700,000","-16,773,400,000",2.021E+11,135 100,B01,3,1,0,2,1,2,6,NULL,2.021E+11,178 587,135 099,A01,1,1,1,2,2001,9,1,-1,-1,-1,-1,-1,2.021E+11,4,Loriettes (Rue des),0,NULL,1,2,1,1,-1,-1,2,NULL,-1,1,0,1,30
2.021E+11,31,5,2021,18:15:00,1,35,35238,2,6,1,2,Loriettes (Rue des),"480,838,700,000","-16,773,400,000",2.021E+11,135 100,B01,3,1,0,2,1,2,6,NULL,2.021E+11,178 588,135 100,B01,1,1,3,2,1941,5,8,-1,-1,-1,-1,-1,2.021E+11,4,Loriettes (Rue des),0,NULL,1,2,1,1,-1,-1,2,NULL,-1,1,0,1,30
2.021E+11,27,5,2021,09:00:00,1,59,59449,2,1,1,3,Rue Claude Jean,"504,706,750,000","32,481,930,000",2.021E+11,133 185,B01,3,1,0,2,1,15,5,NULL,2.021E+11,176 083,133 185,B01,1,1,4,1,1995,1,0,-1,-1,0,0,-1,2.021E+11,4,NULL,-1,NULL,2,2,0,1,-1,-1,1,NULL,-1,1,0,1,50
2.021E+11,27,5,2021,09:00:00,1,59,59449,2,1,1,3,Rue Claude Jean,"504,706,750,000","32,481,930,000",2.021E+11,133 185,B01,3,1,0,2,1,15,5,NULL,2.021E+11,176 084,133 186,A01,1,1,1,1,1968,4,1,-1,-1,0,0,-1,2.021E+11,4,NULL,-1,NULL,2,2,0,1,-1,-1,1,NULL,-1,1,0,1,50
2.021E+11,22,4,2021,13:20:00,1,33,33519,1,1,1,1,Avenue de Soulac,"448,959,360,000"," -0,6692220000",2.021E+11,124 616,A01,2,1,0,2,0,1,5,NULL,2.021E+11,164 840,124 615,B01,1,1,1,1,2000,0,8,-1,-1,0,0,-1,2.021E+11,4,1,0,NULL,2,2,1,1,-1,-1,1,NULL,-1,1,2,5,50