Num_Acc,jour,mois,an,hrmn,lum,dep,com,agg,int,atm,col,adr,lat,long,Num_Acc,id_vehicule,num_veh,senc,catv,obs,obsm,choc,manv,motor,occutc,Num_Acc,id_usager,id_vehicule,num_veh,place,catu,grav,sexe,an_nais,trajet,secu1,secu2,secu3,locp,actp,etatp,Num_Acc,catr,voie,v1,v2,circ,nbv,vosp,prof,pr,pr1,plan,lartpc,larrout,surf,infra,situ,vma
2.021E+11,29,6,2021,17:30:00,1,69,69387,2,9,2,3,LECLERC (AV),"457,455,700,000","48,320,600,000",2.021E+11,146 791,B01,2,1,0,2,1,1,5,NULL,2.021E+11,193 946,146 791,B01,1,1,3,2,1990,1,4,8,-1,-1,-1,-1,2.021E+11,4,LECLERC                             (AV),0,NULL,2,5,3,1,-1,-1,1,NULL,-1,2,0,1,50
2.021E+11,29,6,2021,17:30:00,1,69,69387,2,9,2,3,LECLERC (AV),"457,455,700,000","48,320,600,000",2.021E+11,146 791,B01,2,1,0,2,1,1,5,NULL,2.021E+11,193 947,146 792,A01,1,1,1,1,1996,1,1,-1,-1,-1,-1,-1,2.021E+11,4,LECLERC                             (AV),0,NULL,2,5,3,1,-1,-1,1,NULL,-1,2,0,1,50
2.021E+11,29,6,2021,19:30:00,2,38,38389,1,1,9,1,Route de Lafayette,"455,623,360,000","50,722,070,000",2.021E+11,145 901,B01,1,1,0,2,1,1,5,NULL,2.021E+11,192 718,145 900,A01,1,1,1,1,2003,5,1,-1,-1,0,0,-1,2.021E+11,3,53,-1,NULL,2,2,0,2,9,900,1,NULL,-1,2,0,3,80
2.021E+11,29,6,2021,19:30:00,2,38,38389,1,1,9,1,Route de Lafayette,"455,623,360,000","50,722,070,000",2.021E+11,145 901,B01,1,1,0,2,1,1,5,NULL,2.021E+11,192 719,145 901,B01,1,1,3,2,1982,1,2,-1,-1,0,0,-1,2.021E+11,3,53,-1,NULL,2,2,0,2,9,900,1,NULL,-1,2,0,3,80
2.021E+11,9,6,2021,17:12:00,1,51,51058,1,2,1,1,Route des Mesneux,"492,219,700,000","39,840,700,000",2.021E+11,138 272,A01,1,1,0,2,1,1,5,NULL,2.021E+11,182 671,138 271,B01,1,1,1,1,1984,9,1,-1,-1,-1,-1,-1,2.021E+11,3,TETES DE FER (CHEMIN DES),0,NULL,2,2,0,1,8,450,2,NULL,-1,1,0,1,50
2.021E+11,9,6,2021,17:12:00,1,51,51058,1,2,1,1,Route des Mesneux,"492,219,700,000","39,840,700,000",2.021E+11,138 272,A01,1,1,0,2,1,1,5,NULL,2.021E+11,182 672,138 272,A01,1,1,4,1,1957,0,2,8,-1,-1,-1,-1,2.021E+11,3,TETES DE FER (CHEMIN DES),0,NULL,2,2,0,1,8,450,2,NULL,-1,1,0,1,50
2.021E+11,5,6,2021,14:57:00,1,63,63113,2,1,1,2,RECLUS (AVENUE ELISEE),"457,841,300,000","31,429,600,000",2.021E+11,137 526,B01,1,1,0,2,4,2,5,NULL,2.021E+11,181 724,137 526,B01,1,1,4,1,1978,0,2,0,-1,0,0,-1,2.021E+11,7,RECLUS (AVENUE ELISEE),0,NULL,3,4,0,1,-1,-1,1,NULL,-1,1,0,1,50
2.021E+11,5,6,2021,14:57:00,1,63,63113,2,1,1,2,RECLUS (AVENUE ELISEE),"457,841,300,000","31,429,600,000",2.021E+11,137 526,B01,1,1,0,2,4,2,5,NULL,2.021E+11,181 725,137 527,A01,1,1,1,1,1978,0,1,0,-1,0,0,-1,2.021E+11,7,RECLUS (AVENUE ELISEE),0,NULL,3,4,0,1,-1,-1,1,NULL,-1,1,0,1,50
2.021E+11,6,6,2021,11:20:00,1,53,53007,2,1,1,2,RD 32,"480,876,440,000"," -0,6363430000",2.021E+11,137 322,B01,1,1,0,2,4,1,5,NULL,2.021E+11,181 467,137 321,A01,1,1,3,1,1983,5,2,-1,-1,0,0,-1,2.021E+11,3,32,-1,NULL,2,2,0,4,33,911,1,NULL,-1,1,0,1,50
2.021E+11,6,6,2021,11:20:00,1,53,53007,2,1,1,2,RD 32,"480,876,440,000"," -0,6363430000",2.021E+11,137 321,A01,1,1,0,2,1,2,5,NULL,2.021E+11,181 467,137 321,A01,1,1,3,1,1983,5,2,-1,-1,0,0,-1,2.021E+11,3,32,-1,NULL,2,2,0,4,33,911,1,NULL,-1,1,0,1,50
2.021E+11,6,6,2021,11:20:00,1,53,53007,2,1,1,2,RD 32,"480,876,440,000"," -0,6363430000",2.021E+11,137 322,B01,1,1,0,2,4,1,5,NULL,2.021E+11,181 468,137 322,B01,1,1,1,1,1953,5,2,-1,-1,0,0,-1,2.021E+11,3,32,-1,NULL,2,2,0,4,33,911,1,NULL,-1,1,0,1,50
2.021E+11,6,6,2021,11:20:00,1,53,53007,2,1,1,2,RD 32,"480,876,440,000"," -0,6363430000",2.021E+11,137 321,A01,1,1,0,2,1,2,5,NULL,2.021E+11,181 468,137 322,B01,1,1,1,1,1953,5,2,-1,-1,0,0,-1,2.021E+11,3,32,-1,NULL,2,2,0,4,33,911,1,NULL,-1,1,0,1,50
2.021E+11,6,6,2021,10:20:00,1,32,32013,1,1,1,7,BALENT (CHEMIN DU),"436,477,700,000","0,6262600000",2.021E+11,137 209,A01,3,1,0,0,0,1,5,NULL,2.021E+11,181 318,137 209,A01,1,1,4,1,1971,5,2,0,-1,-1,-1,-1,2.021E+11,4,BALENT (CHEMIN DU),0,NULL,2,1,0,2,0,0,4,NULL,-1,1,0,1,80
2.021E+11,30,5,2021,20:53:00,1,49,49007,2,1,1,1,POISSONNERIE,"474,726,096,868"," -0,5565744638",2.021E+11,135 560,B01,3,1,0,2,1,26,5,NULL,2.021E+11,179 169,135 560,B01,1,1,4,2,2002,5,8,0,-1,-1,-1,-1,2.021E+11,4,POISSONNERIE,0,NULL,-1,2,0,1,1,0,1,NULL,-1,1,0,1,50
2.021E+11,30,5,2021,20:53:00,1,49,49007,2,1,1,1,POISSONNERIE,"474,726,096,868"," -0,5565744638",2.021E+11,135 560,B01,3,1,0,2,1,26,5,NULL,2.021E+11,179 170,135 561,A01,1,1,1,1,1986,5,8,0,-1,-1,-1,-1,2.021E+11,4,POISSONNERIE,0,NULL,-1,2,0,1,1,0,1,NULL,-1,1,0,1,50
2.021E+11,29,5,2021,13:40:00,1,25,25056,2,9,1,3,SIFFERT  AVENUE CHARLES,"472,399,600,000","60,150,600,000",2.021E+11,134 458,A01,2,1,0,2,2,9,5,NULL,2.021E+11,177 715,134 458,A01,1,1,4,1,2004,0,2,0,-1,-1,-1,-1,2.021E+11,3,NULL,0,NULL,2,3,0,2,34,220,1,NULL,-1,1,0,1,50
2.021E+11,29,5,2021,13:40:00,1,25,25056,2,9,1,3,SIFFERT  AVENUE CHARLES,"472,399,600,000","60,150,600,000",2.021E+11,134 458,A01,2,1,0,2,2,9,5,NULL,2.021E+11,177 716,134 459,B01,1,1,1,1,1972,0,1,8,-1,-1,-1,-1,2.021E+11,3,NULL,0,NULL,2,3,0,2,34,220,1,NULL,-1,1,0,1,50
2.021E+11,26,5,2021,18:30:00,1,69,69290,2,3,1,3,CORDIERE (DE LA) (R),"456,925,900,000","49,556,700,000",2.021E+11,133 431,B01,2,1,0,2,2,15,5,NULL,2.021E+11,176 411,133 431,B01,1,1,4,1,1994,1,0,-1,-1,-1,-1,-1,2.021E+11,4,CORDIERE (DE LA)                    (R ),0,NULL,2,2,0,1,-1,-1,1,NULL,-1,1,0,1,50
2.021E+11,26,5,2021,18:30:00,1,69,69290,2,3,1,3,CORDIERE (DE LA) (R),"456,925,900,000","49,556,700,000",2.021E+11,133 431,B01,2,1,0,2,2,15,5,NULL,2.021E+11,176 412,133 432,A01,1,1,1,2,1962,1,1,-1,-1,-1,-1,-1,2.021E+11,4,CORDIERE (DE LA)                    (R ),0,NULL,2,2,0,1,-1,-1,1,NULL,-1,1,0,1,50
2.021E+11,25,4,2021,12:00:00,1,69,69013,2,6,1,3,RN6 (CHARTONNIERE),"460,082,600,000","47,198,200,000",2.021E+11,125 739,B01,3,1,0,2,1,1,5,NULL,2.021E+11,166 285,125 738,A01,1,1,1,1,1971,5,1,-1,-1,-1,-1,-1,2.021E+11,3,RN6 (CHARTONNIERE),0,NULL,1,1,0,1,-1,-1,2,NULL,-1,1,0,1,50
2.021E+11,25,4,2021,12:00:00,1,69,69013,2,6,1,3,RN6 (CHARTONNIERE),"460,082,600,000","47,198,200,000",2.021E+11,125 739,B01,3,1,0,2,1,1,5,NULL,2.021E+11,166 286,125 739,B01,1,1,4,2,1978,5,8,-1,-1,-1,-1,-1,2.021E+11,3,RN6 (CHARTONNIERE),0,NULL,1,1,0,1,-1,-1,2,NULL,-1,1,0,1,50
2.021E+11,29,3,2021,18:50:00,1,69,69266,2,2,1,6,JEAN JAURES (R),"457,581,600,000","48,851,500,000",2.021E+11,119 659,B01,2,1,0,0,0,0,5,NULL,2.021E+11,158 383,119 659,B01,1,1,4,1,1941,0,8,-1,-1,-1,-1,-1,2.021E+11,4,JEAN JAURES      (Rue),0,NULL,2,2,0,1,-1,-1,1,NULL,-1,1,0,1,50
2.021E+11,29,3,2021,18:50:00,1,69,69266,2,2,1,6,JEAN JAURES (R),"457,581,600,000","48,851,500,000",2.021E+11,119 659,B01,2,1,0,0,0,0,5,NULL,2.021E+11,158 384,119 660,A01,1,1,1,-1,NULL,-1,8,-1,-1,-1,-1,-1,2.021E+11,4,JEAN JAURES      (Rue),0,NULL,2,2,0,1,-1,-1,1,NULL,-1,1,0,1,50
2.021E+11,25,3,2021,17:16:00,1,65,65440,2,3,1,3,DALEAS (RUE),"432,256,690,000","0,0822630000",2.021E+11,118 490,B01,2,1,0,2,1,1,6,NULL,2.021E+11,156 885,118 489,A01,1,1,1,2,1994,2,1,-1,-1,0,0,-1,2.021E+11,4,DALEAS (RUE),0,NULL,2,2,0,1,-1,-1,1,NULL,-1,1,0,1,50
2.021E+11,25,3,2021,17:16:00,1,65,65440,2,3,1,3,DALEAS (RUE),"432,256,690,000","0,0822630000",2.021E+11,118 490,B01,2,1,0,2,1,1,6,NULL,2.021E+11,156 886,118 490,B01,1,1,4,1,1988,1,8,-1,-1,0,0,-1,2.021E+11,4,DALEAS (RUE),0,NULL,2,2,0,1,-1,-1,1,NULL,-1,1,0,1,50
2.021E+11,22,3,2021,13:30:00,1,6,6149,1,1,1,6,Route de Villefranche,"437,299,330,000","73,095,770,000",2.021E+11,117 630,A01,2,1,0,0,1,0,5,NULL,2.021E+11,155 811,117 630,A01,1,1,3,1,1983,5,2,-1,-1,0,0,-1,2.021E+11,4,NULL,-1,NULL,2,2,0,2,-1,-1,4,NULL,-1,1,0,1,50
2.021E+11,15,3,2021,07:45:00,1,67,67482,2,3,8,3,ROMAINS (ROUTE DES),"485,791,660,000","77,129,350,000",2.021E+11,116 347,B01,2,1,0,2,2,1,5,NULL,2.021E+11,154 151,116 346,A01,1,1,1,2,1986,0,1,8,-1,-1,-1,-1,2.021E+11,4,ROMAINS (ROUTE DES),0,NULL,2,4,1,1,-1,-1,1,NULL,-1,1,0,5,50
2.021E+11,15,3,2021,07:45:00,1,67,67482,2,3,8,3,ROMAINS (ROUTE DES),"485,791,660,000","77,129,350,000",2.021E+11,116 347,B01,2,1,0,2,2,1,5,NULL,2.021E+11,154 152,116 347,B01,1,1,4,1,1973,0,8,0,-1,-1,-1,-1,2.021E+11,4,ROMAINS (ROUTE DES),0,NULL,2,4,1,1,-1,-1,1,NULL,-1,1,0,5,50
2.021E+11,11,3,2021,09:30:00,1,56,56260,2,6,1,3,GARE (GIRATOIRE DE LA),"476,640,912,781","-27,553,930,879",2.021E+11,115 493,B01,3,1,0,2,7,1,5,NULL,2.021E+11,153 022,115 492,A01,1,1,1,2,1947,0,8,0,-1,-1,-1,-1,2.021E+11,4,NULL,0,NULL,2,2,0,2,-1,-1,3,NULL,-1,2,5,1,30
2.021E+11,11,3,2021,09:30:00,1,56,56260,2,6,1,3,GARE (GIRATOIRE DE LA),"476,640,912,781","-27,553,930,879",2.021E+11,115 493,B01,3,1,0,2,7,1,5,NULL,2.021E+11,153 023,115 493,B01,1,1,4,2,1986,0,8,0,-1,-1,-1,-1,2.021E+11,4,NULL,0,NULL,2,2,0,2,-1,-1,3,NULL,-1,2,5,1,30
2.021E+11,6,3,2021,09:00:00,1,75,75120,2,3,1,3,RUE DES PYRENEES,"488,719,810,000","23,918,730,000",2.021E+11,114 241,A01,2,1,0,2,1,1,5,NULL,2.021E+11,151 446,114 240,B01,1,1,1,2,1982,4,1,0,-1,0,0,-1,2.021E+11,4,RUE DES PYRENEES,0,NULL,2,2,1,2,-1,-1,1,NULL,-1,1,0,1,50
2.021E+11,6,3,2021,09:00:00,1,75,75120,2,3,1,3,RUE DES PYRENEES,"488,719,810,000","23,918,730,000",2.021E+11,114 241,A01,2,1,0,2,1,1,5,NULL,2.021E+11,151 447,114 241,A01,1,1,4,1,1995,5,8,0,-1,0,0,-1,2.021E+11,4,RUE DES PYRENEES,0,NULL,2,2,1,2,-1,-1,1,NULL,-1,1,0,1,50
2.021E+11,8,2,2021,20:05:00,5,75,75111,2,2,1,3,RUE DU CHEMIN VERT,"488,611,060,000","23,811,580,000",2.021E+11,108 506,B01,2,1,0,2,3,1,5,NULL,2.021E+11,144 015,108 505,A01,1,1,1,1,2002,4,2,0,-1,0,0,-1,2.021E+11,4,RUE DU CHEMIN VERT,0,NULL,1,1,0,1,-1,-1,1,NULL,-1,1,0,1,30
2.021E+11,8,2,2021,20:05:00,5,75,75111,2,2,1,3,RUE DU CHEMIN VERT,"488,611,060,000","23,811,580,000",2.021E+11,108 506,B01,2,1,0,2,3,1,5,NULL,2.021E+11,144 016,108 506,B01,1,1,4,2,1968,1,8,8,-1,0,0,-1,2.021E+11,4,RUE DU CHEMIN VERT,0,NULL,1,1,0,1,-1,-1,1,NULL,-1,1,0,1,30
2.021E+11,27,1,2021,22:25:00,5,971,97101,2,9,8,2,BOISRIPEAUX,"162,776,300,000","-615,043,500,000",2.021E+11,106 410,B01,3,1,0,2,8,15,6,NULL,2.021E+11,141 305,106 409,Z01,1,1,1,-1,NULL,-1,-1,-1,-1,-1,-1,-1,2.021E+11,4,BOISRIPEAUX,0,NULL,2,1,0,1,-1,-1,3,NULL,-1,1,9,1,50
2.021E+11,27,1,2021,22:25:00,5,971,97101,2,9,8,2,BOISRIPEAUX,"162,776,300,000","-615,043,500,000",2.021E+11,106 410,B01,3,1,0,2,8,15,6,NULL,2.021E+11,141 306,106 410,B01,1,1,3,1,1998,5,8,0,-1,-1,-1,-1,2.021E+11,4,BOISRIPEAUX,0,NULL,2,1,0,1,-1,-1,3,NULL,-1,1,9,1,50
2.021E+11,11,1,2021,19:45:00,5,75,75104,2,1,1,7,RUE DU CLOITRE SAINT MERRI,"488,592,600,000","23,508,320,000",2.021E+11,102 879,A01,1,1,0,0,0,1,5,NULL,2.021E+11,136 516,102 879,A01,1,1,4,1,1996,4,8,0,-1,0,0,-1,2.021E+11,4,RUE DU CLOITRE SAINT MERRI,0,NULL,2,0,3,1,-1,-1,1,NULL,-1,1,6,1,15
2.021E+11,6,1,2021,16:15:00,2,75,75112,2,5,8,3,AVENUE DE SAINT MANDE,"488,446,739,656","24,057,128,628",2.021E+11,101 661,B01,1,1,0,2,8,1,5,NULL,2.021E+11,134 910,101 661,B01,1,1,3,2,1971,5,8,0,-1,0,0,-1,2.021E+11,4,AVENUE DE SAINT MANDE,0,NULL,2,2,0,1,-1,-1,1,NULL,-1,1,-1,5,50
2.021E+11,6,1,2021,16:15:00,2,75,75112,2,5,8,3,AVENUE DE SAINT MANDE,"488,446,739,656","24,057,128,628",2.021E+11,101 661,B01,1,1,0,2,8,1,5,NULL,2.021E+11,134 911,101 662,A01,1,1,1,1,1937,5,8,0,-1,0,0,-1,2.021E+11,4,AVENUE DE SAINT MANDE,0,NULL,2,2,0,1,-1,-1,1,NULL,-1,1,-1,5,50
2.021E+11,15,10,2021,13:30:00,1,63,63300,2,4,1,3,RD2029,"458,913,065,486","31,102,305,651",2.021E+11,178 407,B01,2,1,0,2,8,19,5,NULL,2.021E+11,236 295,178 407,B01,1,1,3,1,1967,5,8,0,-1,0,0,-1,2.021E+11,3,RD2029,0,NULL,3,2,0,1,2,486,1,NULL,-1,1,0,1,50
2.021E+11,15,10,2021,13:30:00,1,63,63300,2,4,1,3,RD2029,"458,913,065,486","31,102,305,651",2.021E+11,178 407,B01,2,1,0,2,8,19,5,NULL,2.021E+11,236 296,178 408,A01,1,1,3,2,1971,5,1,8,-1,0,0,-1,2.021E+11,3,RD2029,0,NULL,3,2,0,1,2,486,1,NULL,-1,1,0,1,50
2.021E+11,6,10,2021,17:20:00,1,67,67482,2,3,2,3,WISSEMBOURG (RUE DE),"485,911,900,000","77,420,800,000",2.021E+11,175 642,B01,2,1,0,2,0,1,5,NULL,2.021E+11,232 756,175 642,B01,1,1,4,1,1997,0,8,0,-1,-1,-1,-1,2.021E+11,4,WISSEMBOURG (RUE DE),0,NULL,1,1,0,1,0,0,3,NULL,-1,2,0,1,50
2.021E+11,6,10,2021,17:20:00,1,67,67482,2,3,2,3,WISSEMBOURG (RUE DE),"485,911,900,000","77,420,800,000",2.021E+11,175 642,B01,2,1,0,2,0,1,5,NULL,2.021E+11,232 757,175 643,A01,1,1,1,1,1949,0,1,8,-1,-1,-1,-1,2.021E+11,4,WISSEMBOURG (RUE DE),0,NULL,1,1,0,1,0,0,3,NULL,-1,2,0,1,50
2.021E+11,28,9,2021,19:00:00,1,75,75111,2,2,1,3,BOULEVARD RICHARD LENOIR,"488,657,780,000","23,699,900,000",2.021E+11,172 390,A01,1,1,0,2,8,14,5,NULL,2.021E+11,228 595,172 390,A01,1,1,4,1,1966,9,2,0,-1,0,0,-1,2.021E+11,4,BOULEVARD RICHARD LENOIR,0,NULL,3,2,0,1,-1,-1,1,NULL,-1,1,0,1,30
2.021E+11,28,9,2021,19:00:00,1,75,75111,2,2,1,3,BOULEVARD RICHARD LENOIR,"488,657,780,000","23,699,900,000",2.021E+11,172 390,A01,1,1,0,2,8,14,5,NULL,2.021E+11,228 596,172 391,B01,1,1,1,1,1986,9,1,0,-1,0,0,-1,2.021E+11,4,BOULEVARD RICHARD LENOIR,0,NULL,3,2,0,1,-1,-1,1,NULL,-1,1,0,1,30
2.021E+11,17,9,2021,06:00:00,2,974,97411,2,2,1,3,DODU 1 (RUE JULIETTE),"-208,732,000,000","554,498,500,000",2.021E+11,168 931,B01,1,1,0,2,8,21,5,NULL,2.021E+11,223 987,168 931,B01,1,1,4,1,2000,0,8,0,-1,-1,-1,-1,2.021E+11,4,DODU 1 (RUE JULIETTE),0,NULL,1,1,0,1,0,0,1,NULL,-1,1,0,1,50
2.021E+11,17,9,2021,06:00:00,2,974,97411,2,2,1,3,DODU 1 (RUE JULIETTE),"-208,732,000,000","554,498,500,000",2.021E+11,168 931,B01,1,1,0,2,8,21,5,NULL,2.021E+11,223 988,168 932,Z01,1,1,1,-1,NULL,-1,-1,-1,-1,-1,-1,-1,2.021E+11,4,DODU 1 (RUE JULIETTE),0,NULL,1,1,0,1,0,0,1,NULL,-1,1,0,1,50
2.021E+11,31,8,2021,13:40:00,1,59,59508,2,1,1,6,LILLE (RUE DE)LATERALE A DRONCKAERT,"507,230,510,000","31,109,040,000",2.021E+11,163 316,BA01,2,1,0,1,1,26,5,NULL,2.021E+11,216 672,163 316,BA01,10,3,4,1,1968,0,0,-1,-1,3,3,1,2.021E+11,7,LILLE (RUE DE)LATERALE A DRONCKAERT,0,NULL,-1,2,0,2,-1,-1,1,NULL,-1,1,0,1,50
2.021E+11,31,8,2021,13:40:00,1,59,59508,2,1,1,6,LILLE (RUE DE)LATERALE A DRONCKAERT,"507,230,510,000","31,109,040,000",2.021E+11,163 316,BA01,2,1,0,1,1,26,5,NULL,2.021E+11,216 673,163 316,BA01,1,1,4,1,1986,0,2,0,-1,0,0,-1,2.021E+11,7,LILLE (RUE DE)LATERALE A DRONCKAERT,0,NULL,-1,2,0,2,-1,-1,1,NULL,-1,1,0,1,50
2.021E+11,1,9,2021,18:18:00,1,92,92040,2,2,1,6,VICTOR CRESSON (AVENUE) DU 02 AU 40,"488,225,851,958","22,680,464,387",2.021E+11,163 201,A01,0,1,0,1,1,9,5,NULL,2.021E+11,216 531,163 201,A01,10,3,4,1,2006,0,0,-1,-1,2,2,1,2.021E+11,3,989,0,NULL,2,2,0,1,0,0,1,NULL,-1,1,0,1,50
2.021E+11,1,9,2021,18:18:00,1,92,92040,2,2,1,6,VICTOR CRESSON (AVENUE) DU 02 AU 40,"488,225,851,958","22,680,464,387",2.021E+11,163 201,A01,0,1,0,1,1,9,5,NULL,2.021E+11,216 532,163 201,A01,1,1,4,1,1970,0,8,0,-1,-1,-1,-1,2.021E+11,3,989,0,NULL,2,2,0,1,0,0,1,NULL,-1,1,0,1,50
2.021E+11,25,8,2021,19:00:00,1,75,75112,2,1,1,6,RUE MONTGALLET,"488,439,110,000","23,887,330,000",2.021E+11,161 110,Z01,2,1,0,1,1,25,5,NULL,2.021E+11,213 718,161 110,Z01,1,1,1,-1,NULL,-1,-1,-1,-1,-1,-1,-1,2.021E+11,4,RUE MONTGALLET,0,NULL,1,1,0,2,-1,-1,1,NULL,-1,1,0,4,50
2.021E+11,25,8,2021,19:00:00,1,75,75112,2,1,1,6,RUE MONTGALLET,"488,439,110,000","23,887,330,000",2.021E+11,161 110,Z01,2,1,0,1,1,25,5,NULL,2.021E+11,213 719,161 110,Z01,10,3,4,1,1946,5,8,8,-1,5,1,1,2.021E+11,4,RUE MONTGALLET,0,NULL,1,1,0,2,-1,-1,1,NULL,-1,1,0,4,50
2.021E+11,21,8,2021,23:15:00,2,69,69387,2,9,1,7,LECLERC (AV),"457,328,200,000","48,237,800,000",2.021E+11,160 337,B01,0,1,0,0,0,0,0,NULL,2.021E+11,212 693,160 337,B01,1,1,4,1,1976,0,0,-1,-1,-1,-1,-1,2.021E+11,4,LECLERC                             (AV),0,NULL,2,4,2,1,-1,-1,1,NULL,-1,1,9,1,50
2.021E+11,3,8,2021,10:15:00,1,84,84129,1,1,1,7,RD 907 Avenue d'Avignon,"439,930,920,000","48,646,470,000",2.021E+11,157 041,B01,1,1,0,2,0,25,5,NULL,2.021E+11,208 114,157 040,A01,1,1,1,1,1983,4,1,-1,-1,0,0,-1,2.021E+11,3,907,-1,NULL,3,2,0,1,-1,-1,1,NULL,-1,1,0,1,70
2.021E+11,3,8,2021,10:15:00,1,84,84129,1,1,1,7,RD 907 Avenue d'Avignon,"439,930,920,000","48,646,470,000",2.021E+11,157 041,B01,1,1,0,2,0,25,5,NULL,2.021E+11,208 115,157 041,B01,1,1,4,1,1948,5,0,-1,-1,0,0,-1,2.021E+11,3,907,-1,NULL,3,2,0,1,-1,-1,1,NULL,-1,1,0,1,70
2.021E+11,27,7,2021,15:40:00,1,60,60225,2,3,2,3,Rue de Crèvecoeur,"494,198,483,226","23,615,262,508",2.021E+11,153 680,B01,1,1,0,2,1,26,5,NULL,2.021E+11,203 424,153 679,A01,1,1,1,2,1990,4,1,-1,-1,0,0,-1,2.021E+11,3,151,0,D,2,2,0,2,6,0,3,NULL,-1,2,0,1,50
2.021E+11,27,7,2021,15:40:00,1,60,60225,2,3,2,3,Rue de Crèvecoeur,"494,198,483,226","23,615,262,508",2.021E+11,153 680,B01,1,1,0,2,1,26,5,NULL,2.021E+11,203 425,153 680,B01,1,1,4,1,2006,5,0,-1,-1,0,0,-1,2.021E+11,3,151,0,D,2,2,0,2,6,0,3,NULL,-1,2,0,1,50
2.021E+11,12,7,2021,00:27:00,5,73,73008,2,1,1,3,MARLIOZ AVENUE DE,"456,840,000,000","59,125,900,000",2.021E+11,153 349,B01,1,1,1,0,1,1,5,NULL,2.021E+11,202 969,153 348,A01,1,1,1,1,1992,5,8,0,-1,-1,-1,-1,2.021E+11,4,MARLIOZ AVENUE DE,0,NULL,2,2,0,1,-1,-1,1,NULL,-1,1,0,1,50
2.021E+11,12,7,2021,00:27:00,5,73,73008,2,1,1,3,MARLIOZ AVENUE DE,"456,840,000,000","59,125,900,000",2.021E+11,153 349,B01,1,1,1,0,1,1,5,NULL,2.021E+11,202 970,153 349,B01,1,1,4,1,2003,5,0,-1,-1,0,0,-1,2.021E+11,4,MARLIOZ AVENUE DE,0,NULL,2,2,0,1,-1,-1,1,NULL,-1,1,0,1,50
2.021E+11,25,7,2021,09:00:00,1,33,33529,2,6,1,3,Rue Jean de Grailly,"446,265,900,000","-11,414,100,000",2.021E+11,153 336,B01,0,1,0,2,4,1,5,NULL,2.021E+11,202 954,153 335,A01,1,1,1,2,1973,0,1,-1,-1,-1,-1,-1,2.021E+11,4,GRAILLY (RUE JEAN DE) DU 01 AU 29,0,NULL,1,1,2,1,-1,-1,3,NULL,-1,1,0,1,50
2.021E+11,25,7,2021,09:00:00,1,33,33529,2,6,1,3,Rue Jean de Grailly,"446,265,900,000","-11,414,100,000",2.021E+11,153 336,B01,0,1,0,2,4,1,5,NULL,2.021E+11,202 955,153 336,B01,1,1,4,2,2003,0,8,-1,-1,-1,-1,-1,2.021E+11,4,GRAILLY (RUE JEAN DE) DU 01 AU 29,0,NULL,1,1,2,1,-1,-1,3,NULL,-1,1,0,1,50
2.021E+11,23,7,2021,10:46:00,1,49,49246,2,6,1,2,MAISONS ROUGES CHEMIN,"474,370,500,000"," -0,5143300000",2.021E+11,152 820,B01,1,1,0,2,5,26,5,NULL,2.021E+11,202 186,152 819,A01,1,1,1,2,1992,4,1,0,-1,-1,-1,-1,2.021E+11,3,MAISONS ROUGES CHEMIN,0,NULL,2,2,0,1,1,0,1,NULL,-1,1,0,1,50
2.021E+11,23,7,2021,10:46:00,1,49,49246,2,6,1,2,MAISONS ROUGES CHEMIN,"474,370,500,000"," -0,5143300000",2.021E+11,152 820,B01,1,1,0,2,5,26,5,NULL,2.021E+11,202 187,152 820,B01,1,1,4,1,2000,5,8,0,-1,-1,-1,-1,2.021E+11,3,MAISONS ROUGES CHEMIN,0,NULL,2,2,0,1,1,0,1,NULL,-1,1,0,1,50
2.021E+11,22,7,2021,12:40:00,1,75,75112,2,3,1,3,RUE DE REUILLY,"488,453,090,000","23,889,560,000",2.021E+11,152 592,A01,1,1,0,2,2,1,5,NULL,2.021E+11,201 848,152 591,Z01,1,1,1,-1,NULL,-1,-1,-1,-1,-1,-1,-1,2.021E+11,4,RUE DE REUILLY,0,NULL,2,2,0,4,-1,-1,1,NULL,-1,1,0,1,30
2.021E+11,22,7,2021,12:40:00,1,75,75112,2,3,1,3,RUE DE REUILLY,"488,453,090,000","23,889,560,000",2.021E+11,152 592,A01,1,1,0,2,2,1,5,NULL,2.021E+11,201 849,152 592,A01,1,1,4,1,1991,1,8,0,-1,0,0,-1,2.021E+11,4,RUE DE REUILLY,0,NULL,2,2,0,4,-1,-1,1,NULL,-1,1,0,1,30
2.021E+11,11,7,2021,13:20:00,1,971,97113,1,1,1,5,RN4 - SECTION RIVIERA,"162,174,600,000","-614,923,100,000",2.021E+11,149 445,D01,1,1,0,2,1,26,5,NULL,2.021E+11,197 561,149 442,A01,1,1,1,2,1989,0,1,8,-1,-1,-1,-1,2.021E+11,2,RN4 - SECTION RIVIERA,0,NULL,2,3,0,1,-1,-1,1,NULL,-1,1,0,1,70
2.021E+11,11,7,2021,13:20:00,1,971,97113,1,1,1,5,RN4 - SECTION RIVIERA,"162,174,600,000","-614,923,100,000",2.021E+11,149 445,D01,1,1,0,2,1,26,5,NULL,2.021E+11,197 562,149 443,B01,1,1,1,2,1981,0,1,0,-1,-1,-1,-1,2.021E+11,2,RN4 - SECTION RIVIERA,0,NULL,2,3,0,1,-1,-1,1,NULL,-1,1,0,1,70