Num_Acc,jour,mois,an,hrmn,lum,dep,com,agg,int,atm,col,adr,lat,long,Num_Acc,id_vehicule,num_veh,senc,catv,obs,obsm,choc,manv,motor,occutc,Num_Acc,id_usager,id_vehicule,num_veh,place,catu,grav,sexe,an_nais,trajet,secu1,secu2,secu3,locp,actp,etatp,Num_Acc,catr,voie,v1,v2,circ,nbv,vosp,prof,pr,pr1,plan,lartpc,larrout,surf,infra,situ,vma
2.021E+11,11,7,2021,13:20:00,1,971,97113,1,1,1,5,RN4 - SECTION RIVIERA,"162,174,600,000","-614,923,100,000",2.021E+11,149 445,D01,1,1,0,2,1,26,5,NULL,2.021E+11,197 563,149 444,C01,1,1,1,2,1989,9,1,8,-1,-1,-1,-1,2.021E+11,2,RN4 - SECTION RIVIERA,0,NULL,2,3,0,1,-1,-1,1,NULL,-1,1,0,1,70
2.021E+11,11,7,2021,13:20:00,1,971,97113,1,1,1,5,RN4 - SECTION RIVIERA,"162,174,600,000","-614,923,100,000",2.021E+11,149 445,D01,1,1,0,2,1,26,5,NULL,2.021E+11,197 564,149 445,D01,1,1,4,1,2000,1,2,8,-1,-1,-1,-1,2.021E+11,2,RN4 - SECTION RIVIERA,0,NULL,2,3,0,1,-1,-1,1,NULL,-1,1,0,1,70
2.021E+11,12,7,2021,19:20:00,1,17,17449,2,1,1,3,AUNIS AVENUE D',"459,502,752,374"," -0,9264591646",2.021E+11,149 373,B01,3,1,0,2,0,0,5,NULL,2.021E+11,197 465,149 373,B01,1,1,4,2,1971,3,8,0,-1,-1,-1,-1,2.021E+11,4,AUNIS AVENUE D',0,NULL,-1,2,0,1,-1,-1,1,NULL,-1,1,0,1,50
2.021E+11,12,7,2021,19:20:00,1,17,17449,2,1,1,3,AUNIS AVENUE D',"459,502,752,374"," -0,9264591646",2.021E+11,149 373,B01,3,1,0,2,0,0,5,NULL,2.021E+11,197 466,149 374,A01,1,1,1,1,1985,1,1,8,-1,-1,-1,-1,2.021E+11,4,AUNIS AVENUE D',0,NULL,-1,2,0,1,-1,-1,1,NULL,-1,1,0,1,50
2.021E+11,29,6,2021,07:35:00,1,69,69388,2,2,1,3,PAUL CAZENEUVE (R),"457,318,400,000","48,605,200,000",2.021E+11,146 788,A01,2,1,0,2,1,1,5,NULL,2.021E+11,193 942,146 787,B01,1,1,1,1,1996,1,1,-1,-1,-1,-1,-1,2.021E+11,4,PAUL CAZENEUVE                      (R ),0,NULL,2,4,1,1,-1,-1,1,NULL,-1,1,0,1,50
2.021E+11,29,6,2021,07:35:00,1,69,69388,2,2,1,3,PAUL CAZENEUVE (R),"457,318,400,000","48,605,200,000",2.021E+11,146 788,A01,2,1,0,2,1,1,5,NULL,2.021E+11,193 943,146 788,A01,1,1,4,2,1981,1,8,-1,-1,-1,-1,-1,2.021E+11,4,PAUL CAZENEUVE                      (R ),0,NULL,2,4,1,1,-1,-1,1,NULL,-1,1,0,1,50
2.021E+11,24,6,2021,17:50:00,1,27,27017,1,1,1,1,D6154,"489,924,680,000","11,560,750,000",2.021E+11,145 162,B01,1,1,0,2,7,19,5,NULL,2.021E+11,191 754,145 161,A01,1,1,1,1,1958,5,1,-1,-1,0,0,-1,2.021E+11,3,6154,0,D,2,2,0,2,24,950,1,NULL,-1,1,0,1,70
2.021E+11,24,6,2021,17:50:00,1,27,27017,1,1,1,1,D6154,"489,924,680,000","11,560,750,000",2.021E+11,145 162,B01,1,1,0,2,7,19,5,NULL,2.021E+11,191 755,145 162,B01,1,1,4,1,2008,5,0,-1,-1,0,0,-1,2.021E+11,3,6154,0,D,2,2,0,2,24,950,1,NULL,-1,1,0,1,70
2.021E+11,16,6,2021,17:50:00,1,75,75117,2,1,1,6,AVENUE MAC MAHON,"488,775,270,000","22,943,860,000",2.021E+11,140 826,A01,1,1,0,1,1,1,5,NULL,2.021E+11,186 015,140 826,A01,10,3,4,1,1976,3,0,-1,-1,2,3,1,2.021E+11,4,AVENUE MAC MAHON,0,NULL,2,3,0,2,-1,-1,1,NULL,-1,1,0,1,50
2.021E+11,16,6,2021,17:50:00,1,75,75117,2,1,1,6,AVENUE MAC MAHON,"488,775,270,000","22,943,860,000",2.021E+11,140 826,A01,1,1,0,1,1,1,5,NULL,2.021E+11,186 016,140 826,A01,1,1,4,1,1996,4,2,0,-1,0,0,-1,2.021E+11,4,AVENUE MAC MAHON,0,NULL,2,3,0,2,-1,-1,1,NULL,-1,1,0,1,50
2.021E+11,8,6,2021,21:45:00,5,75,75117,2,3,1,2,RUE JOUFFROY D ABBANS,"488,820,500,000","23,010,600,000",2.021E+11,138 186,B01,1,1,0,2,4,23,5,NULL,2.021E+11,182 562,138 185,A01,1,1,1,1,2002,5,1,8,-1,0,0,-1,2.021E+11,4,RUE JOUFFROY D ABBANS,0,NULL,1,1,0,1,-1,-1,1,NULL,-1,1,0,1,50
2.021E+11,8,6,2021,21:45:00,5,75,75117,2,3,1,2,RUE JOUFFROY D ABBANS,"488,820,500,000","23,010,600,000",2.021E+11,138 186,B01,1,1,0,2,4,23,5,NULL,2.021E+11,182 563,138 186,B01,1,1,4,2,1967,4,2,8,-1,0,0,-1,2.021E+11,4,RUE JOUFFROY D ABBANS,0,NULL,1,1,0,1,-1,-1,1,NULL,-1,1,0,1,50
2.021E+11,18,5,2021,15:40:00,1,75,75104,2,2,2,6,RUE DE RIVOLI,"488,585,040,000","23,482,150,000",2.021E+11,131 648,A01,2,1,0,1,8,1,5,NULL,2.021E+11,174 029,131 648,A01,10,3,4,2,1943,5,0,-1,-1,4,3,1,2.021E+11,4,RUE DE RIVOLI,0,NULL,2,4,1,1,-1,-1,1,NULL,-1,2,0,5,50
2.021E+11,18,5,2021,15:40:00,1,75,75104,2,2,2,6,RUE DE RIVOLI,"488,585,040,000","23,482,150,000",2.021E+11,131 648,A01,2,1,0,1,8,1,5,NULL,2.021E+11,174 030,131 648,A01,1,1,4,1,2001,2,2,0,-1,0,0,-1,2.021E+11,4,RUE DE RIVOLI,0,NULL,2,4,1,1,-1,-1,1,NULL,-1,2,0,5,50
2.021E+11,4,5,2021,18:22:00,1,66,66136,2,3,1,3,SCHWEITZER (AVENUE DU DOCTEUR ALBERT),"427,210,400,000","28,843,000,000",2.021E+11,128 176,B01,1,1,0,2,1,1,5,NULL,2.021E+11,169 422,128 176,B01,1,1,4,1,2004,0,2,0,-1,-1,-1,-1,2.021E+11,4,SCHWEITZER (AVENUE DU DOCTEUR ALBERT),0,NULL,2,2,0,2,0,0,2,NULL,-1,1,0,1,50
2.021E+11,4,5,2021,18:22:00,1,66,66136,2,3,1,3,SCHWEITZER (AVENUE DU DOCTEUR ALBERT),"427,210,400,000","28,843,000,000",2.021E+11,128 176,B01,1,1,0,2,1,1,5,NULL,2.021E+11,169 423,128 177,A01,1,1,1,2,1973,0,1,0,-1,-1,-1,-1,2.021E+11,4,SCHWEITZER (AVENUE DU DOCTEUR ALBERT),0,NULL,2,2,0,2,0,0,2,NULL,-1,1,0,1,50
2.021E+11,22,4,2021,22:10:00,5,75,75107,2,3,1,2,RUE DE SEVRES,"488,473,890,000","23,182,050,000",2.021E+11,124 958,A01,1,1,0,2,1,2,5,NULL,2.021E+11,165 279,124 958,A01,1,1,4,1,1989,9,8,0,-1,0,0,-1,2.021E+11,4,RUE DE SEVRES,0,NULL,2,3,1,1,-1,-1,1,NULL,-1,1,-1,5,50
2.021E+11,22,4,2021,22:10:00,5,75,75107,2,3,1,2,RUE DE SEVRES,"488,473,890,000","23,182,050,000",2.021E+11,124 958,A01,1,1,0,2,1,2,5,NULL,2.021E+11,165 280,124 959,B01,1,1,1,1,1971,4,1,0,-1,0,0,-1,2.021E+11,4,RUE DE SEVRES,0,NULL,2,3,1,1,-1,-1,1,NULL,-1,1,-1,5,50
2.021E+11,22,4,2021,18:00:00,1,75,75101,2,3,1,7,RUE DE L AMIRAL DE COLIGNY,"488,589,890,000","23,398,790,000",2.021E+11,124 701,A01,2,1,0,2,0,21,5,NULL,2.021E+11,164 947,124 701,A01,1,1,4,1,1993,9,8,0,-1,0,0,-1,2.021E+11,4,RUE DE L AMIRAL DE COLIGNY,0,NULL,2,3,0,1,-1,-1,1,NULL,-1,1,0,1,30
2.021E+11,22,4,2021,18:00:00,1,75,75101,2,3,1,7,RUE DE L AMIRAL DE COLIGNY,"488,589,890,000","23,398,790,000",2.021E+11,124 701,A01,2,1,0,2,0,21,5,NULL,2.021E+11,164 948,124 702,B01,1,1,1,1,1986,9,1,0,-1,0,0,-1,2.021E+11,4,RUE DE L AMIRAL DE COLIGNY,0,NULL,2,3,0,1,-1,-1,1,NULL,-1,1,0,1,30
2.021E+11,20,4,2021,12:10:00,1,53,53130,2,2,1,3,TRAPPISTINES ( BOULEVARD DES ),"480,598,500,000"," -0,7760600000",2.021E+11,124 221,B01,2,1,14,0,0,0,0,NULL,2.021E+11,164 342,124 220,A01,1,1,1,1,1979,1,1,0,-1,-1,-1,-1,2.021E+11,3,TRAPPISTINES ( BOULEVARD DES ),0,NULL,2,2,0,1,0,0,1,NULL,-1,1,5,1,50
2.021E+11,20,4,2021,12:10:00,1,53,53130,2,2,1,3,TRAPPISTINES ( BOULEVARD DES ),"480,598,500,000"," -0,7760600000",2.021E+11,124 221,B01,2,1,14,0,0,0,0,NULL,2.021E+11,164 343,124 221,B01,1,1,4,1,1955,5,8,0,-1,-1,-1,-1,2.021E+11,3,TRAPPISTINES ( BOULEVARD DES ),0,NULL,2,2,0,1,0,0,1,NULL,-1,1,5,1,50
2.021E+11,9,4,2021,17:30:00,1,84,84009,1,3,1,3,intersection D27/D42,"437,865,790,000","56,452,240,000",2.021E+11,121 952,A01,1,1,0,0,8,15,5,NULL,2.021E+11,161 396,121 952,A01,1,1,3,1,1963,5,2,-1,-1,0,0,-1,2.021E+11,3,27,0,NULL,2,2,0,1,-1,-1,1,NULL,-1,1,0,1,80
2.021E+11,9,4,2021,17:30:00,1,84,84009,1,3,1,3,intersection D27/D42,"437,865,790,000","56,452,240,000",2.021E+11,121 952,A01,1,1,0,0,8,15,5,NULL,2.021E+11,161 397,121 953,B01,1,1,1,1,2005,5,2,6,-1,0,0,-1,2.021E+11,3,27,0,NULL,2,2,0,1,-1,-1,1,NULL,-1,1,0,1,80
2.021E+11,27,3,2021,08:15:00,1,59,59497,1,1,1,7,Rue d'Oudoff,"507,191,590,000","23,605,520,000",2.021E+11,119 448,A01,0,1,0,0,0,0,5,NULL,2.021E+11,158 115,119 448,A01,1,1,2,1,1950,5,0,-1,-1,0,0,-1,2.021E+11,4,NULL,-1,NULL,2,2,0,1,-1,-1,1,NULL,-1,1,0,3,80
2.021E+11,25,3,2021,18:00:00,1,75,75110,2,1,1,6,RUE EUGENE VARLIN,"488,788,100,000","23,637,980,000",2.021E+11,118 391,A01,1,1,0,1,2,1,5,NULL,2.021E+11,156 762,118 391,A01,10,3,4,2,1963,5,0,-1,-1,2,3,1,2.021E+11,4,RUE EUGENE VARLIN,0,NULL,2,2,1,1,-1,-1,1,NULL,-1,1,-1,5,30
2.021E+11,25,3,2021,18:00:00,1,75,75110,2,1,1,6,RUE EUGENE VARLIN,"488,788,100,000","23,637,980,000",2.021E+11,118 391,A01,1,1,0,1,2,1,5,NULL,2.021E+11,156 763,118 391,A01,1,1,1,1,1985,1,2,0,-1,0,0,-1,2.021E+11,4,RUE EUGENE VARLIN,0,NULL,2,2,1,1,-1,-1,1,NULL,-1,1,-1,5,30
2.021E+11,23,3,2021,10:50:00,1,75,75112,2,4,1,6,BOULEVARD DE PICPUS,"488,465,030,000","24,000,210,000",2.021E+11,117 851,A01,2,1,0,1,3,1,5,NULL,2.021E+11,156 090,117 851,A01,10,3,1,2,1982,9,0,-1,-1,3,3,2,2.021E+11,4,BOULEVARD DE PICPUS,0,NULL,2,4,1,1,-1,-1,1,NULL,-1,1,-1,5,30
2.021E+11,23,3,2021,10:50:00,1,75,75112,2,4,1,6,BOULEVARD DE PICPUS,"488,465,030,000","24,000,210,000",2.021E+11,117 851,A01,2,1,0,1,3,1,5,NULL,2.021E+11,156 091,117 851,A01,1,1,4,2,1996,9,8,0,-1,0,0,-1,2.021E+11,4,BOULEVARD DE PICPUS,0,NULL,2,4,1,1,-1,-1,1,NULL,-1,1,-1,5,30
2.021E+11,8,3,2021,22:30:00,3,75,75103,2,2,1,3,RUE BEAUBOURG,"488,627,250,000","23,543,040,000",2.021E+11,114 703,A01,1,1,0,2,1,19,5,NULL,2.021E+11,152 014,114 703,A01,1,1,4,2,1995,5,2,8,-1,0,0,-1,2.021E+11,4,RUE BEAUBOURG,0,NULL,1,2,3,1,-1,-1,1,NULL,-1,1,0,1,50
2.021E+11,8,3,2021,22:30:00,3,75,75103,2,2,1,3,RUE BEAUBOURG,"488,627,250,000","23,543,040,000",2.021E+11,114 703,A01,1,1,0,2,1,19,5,NULL,2.021E+11,152 015,114 704,B01,1,1,1,1,1991,4,1,0,-1,0,0,-1,2.021E+11,4,RUE BEAUBOURG,0,NULL,1,2,3,1,-1,-1,1,NULL,-1,1,0,1,50
2.021E+11,8,3,2021,22:30:00,3,75,75103,2,2,1,3,RUE BEAUBOURG,"488,627,250,000","23,543,040,000",2.021E+11,114 703,A01,1,1,0,2,1,19,5,NULL,2.021E+11,152 016,114 704,B01,2,2,1,1,1987,4,1,0,-1,0,0,-1,2.021E+11,4,RUE BEAUBOURG,0,NULL,1,2,3,1,-1,-1,1,NULL,-1,1,0,1,50
2.021E+11,8,3,2021,22:30:00,3,75,75103,2,2,1,3,RUE BEAUBOURG,"488,627,250,000","23,543,040,000",2.021E+11,114 703,A01,1,1,0,2,1,19,5,NULL,2.021E+11,152 017,114 704,B01,4,2,1,2,1997,4,1,0,-1,0,0,-1,2.021E+11,4,RUE BEAUBOURG,0,NULL,1,2,3,1,-1,-1,1,NULL,-1,1,0,1,50
2.021E+11,8,3,2021,22:30:00,3,75,75103,2,2,1,3,RUE BEAUBOURG,"488,627,250,000","23,543,040,000",2.021E+11,114 703,A01,1,1,0,2,1,19,5,NULL,2.021E+11,152 018,114 704,B01,3,2,1,1,1995,4,1,0,-1,0,0,-1,2.021E+11,4,RUE BEAUBOURG,0,NULL,1,2,3,1,-1,-1,1,NULL,-1,1,0,1,50
2.021E+11,30,1,2021,11:20:00,1,34,34172,2,6,8,3,FAJON (ROND-POINT PAUL),"435,961,400,000","38,365,800,000",2.021E+11,106 888,B01,2,1,0,2,4,1,5,NULL,2.021E+11,141 928,106 888,B01,1,1,4,1,1956,5,2,8,-1,-1,-1,-1,2.021E+11,4,NULL,0,NULL,2,2,0,1,-1,-1,2,NULL,-1,1,5,1,50
2.021E+11,30,1,2021,11:20:00,1,34,34172,2,6,8,3,FAJON (ROND-POINT PAUL),"435,961,400,000","38,365,800,000",2.021E+11,106 888,B01,2,1,0,2,4,1,5,NULL,2.021E+11,141 929,106 889,A01,1,1,1,1,1989,4,1,8,-1,-1,-1,-1,2.021E+11,4,NULL,0,NULL,2,2,0,1,-1,-1,2,NULL,-1,1,5,1,50
2.021E+11,14,1,2021,19:35:00,5,80,80021,2,1,2,1,REPUBLIQUE (RUE DE LA ),"498,913,100,000","22,965,900,000",2.021E+11,104 242,B01,0,1,0,2,1,5,5,NULL,2.021E+11,138 353,104 242,B01,1,1,4,1,1993,0,2,-1,-1,0,0,-1,2.021E+11,4,REPUBLIQUE (RUE DE LA ),0,NULL,1,1,0,3,-1,-1,1,NULL,-1,2,0,1,50
2.021E+11,14,1,2021,19:35:00,5,80,80021,2,1,2,1,REPUBLIQUE (RUE DE LA ),"498,913,100,000","22,965,900,000",2.021E+11,104 242,B01,0,1,0,2,1,5,5,NULL,2.021E+11,138 354,104 243,A01,1,1,1,2,1962,0,1,-1,-1,0,0,-1,2.021E+11,4,REPUBLIQUE (RUE DE LA ),0,NULL,1,1,0,3,-1,-1,1,NULL,-1,2,0,1,50
2.021E+11,19,10,2021,13:15:00,1,13,13014,2,1,1,1,Rue Pasteur,"434,748,360,000","51,686,650,000",2.021E+11,179 697,A01,2,1,0,1,1,1,5,NULL,2.021E+11,238 013,179 697,A01,10,3,3,2,1949,9,0,-1,-1,1,3,1,2.021E+11,4,NULL,-1,NULL,1,2,0,1,-1,-1,1,NULL,4,1,0,1,30
2.021E+11,19,10,2021,13:15:00,1,13,13014,2,1,1,1,Rue Pasteur,"434,748,360,000","51,686,650,000",2.021E+11,179 697,A01,2,1,0,1,1,1,5,NULL,2.021E+11,238 014,179 697,A01,1,1,1,1,1973,1,0,-1,-1,0,0,-1,2.021E+11,4,NULL,-1,NULL,1,2,0,1,-1,-1,1,NULL,4,1,0,1,30
2.021E+11,14,10,2021,09:40:00,1,75,75116,2,2,1,2,AVENUE DE L HIPPODROME,"488,578,310,000","22,502,690,000",2.021E+11,178 312,B01,2,1,0,2,4,13,5,NULL,2.021E+11,236 176,178 311,A01,1,1,3,1,1960,5,2,6,-1,0,0,-1,2.021E+11,4,AVENUE DE L HIPPODROME,0,NULL,2,2,0,1,-1,-1,1,NULL,-1,1,0,1,50
2.021E+11,14,10,2021,09:40:00,1,75,75116,2,2,1,2,AVENUE DE L HIPPODROME,"488,578,310,000","22,502,690,000",2.021E+11,178 312,B01,2,1,0,2,4,13,5,NULL,2.021E+11,236 177,178 312,B01,1,1,3,1,1993,9,2,0,-1,0,0,-1,2.021E+11,4,AVENUE DE L HIPPODROME,0,NULL,2,2,0,1,-1,-1,1,NULL,-1,1,0,1,50
2.021E+11,12,10,2021,14:30:00,1,29,29220,2,6,1,3,Rue du Petit Train,"478,664,130,000","-42,293,040,000",2.021E+11,176 792,B01,1,1,0,2,1,1,5,NULL,2.021E+11,234 270,176 792,B01,1,1,4,1,1993,0,0,-1,-1,0,0,-1,2.021E+11,4,NULL,-1,NULL,2,1,0,1,-1,-1,3,NULL,5,1,0,1,30
2.021E+11,12,10,2021,14:30:00,1,29,29220,2,6,1,3,Rue du Petit Train,"478,664,130,000","-42,293,040,000",2.021E+11,176 792,B01,1,1,0,2,1,1,5,NULL,2.021E+11,234 271,176 793,A01,1,1,1,2,1950,9,1,-1,-1,0,0,-1,2.021E+11,4,NULL,-1,NULL,2,1,0,1,-1,-1,3,NULL,5,1,0,1,30
2.021E+11,5,10,2021,18:50:00,2,75,75104,2,3,2,7,RUE VIEILLE DU TEMPLE,"488,584,490,000","23,584,850,000",2.021E+11,174 684,A01,1,1,0,0,0,1,5,NULL,2.021E+11,231 517,174 684,A01,1,1,4,2,1981,9,8,0,-1,0,0,-1,2.021E+11,4,RUE VIEILLE DU TEMPLE,0,NULL,1,0,0,1,-1,-1,1,NULL,-1,2,0,1,30
2.021E+11,30,9,2021,15:30:00,1,27,27185,1,2,1,3,D84,"492,110,300,000","0,9770860000",2.021E+11,173 039,B01,0,1,0,2,3,1,5,NULL,2.021E+11,229 400,173 039,B01,1,1,3,1,1963,5,2,-1,-1,0,0,-1,2.021E+11,3,84,0,D,2,2,0,1,5,570,1,NULL,-1,1,0,1,80
2.021E+11,30,9,2021,15:30:00,1,27,27185,1,2,1,3,D84,"492,110,300,000","0,9770860000",2.021E+11,173 039,B01,0,1,0,2,3,1,5,NULL,2.021E+11,229 401,173 040,A01,1,1,1,1,2002,9,1,-1,-1,0,0,-1,2.021E+11,3,84,0,D,2,2,0,1,5,570,1,NULL,-1,1,0,1,80
2.021E+11,19,9,2021,11:50:00,1,35,35131,1,2,1,3,RD 125,"481,305,680,000","-18,171,990,000",2.021E+11,171 721,B01,1,1,0,2,1,1,5,NULL,2.021E+11,227 668,171 721,B01,1,1,3,1,1976,5,2,-1,-1,0,0,-1,2.021E+11,7,D125,0,D,2,2,0,1,32,900,1,NULL,-1,1,0,1,80
2.021E+11,19,9,2021,11:50:00,1,35,35131,1,2,1,3,RD 125,"481,305,680,000","-18,171,990,000",2.021E+11,171 721,B01,1,1,0,2,1,1,5,NULL,2.021E+11,227 669,171 722,A01,1,1,1,2,1992,3,1,-1,-1,0,0,-1,2.021E+11,7,D125,0,D,2,2,0,1,32,900,1,NULL,-1,1,0,1,80
2.021E+11,22,9,2021,17:55:00,1,64,64284,2,1,1,3,BERNADOTTE,"432,854,000,000"," -0,3807200000",2.021E+11,170 453,B01,1,1,1,0,2,1,5,NULL,2.021E+11,226 007,170 452,A01,1,1,1,2,1999,0,1,0,-1,-1,-1,-1,2.021E+11,4,BERNADOTTE,0,NULL,1,1,0,1,0,0,1,NULL,-1,1,0,1,30
2.021E+11,22,9,2021,17:55:00,1,64,64284,2,1,1,3,BERNADOTTE,"432,854,000,000"," -0,3807200000",2.021E+11,170 453,B01,1,1,1,0,2,1,5,NULL,2.021E+11,226 008,170 453,B01,1,1,4,1,1946,5,2,0,-1,-1,-1,-1,2.021E+11,4,BERNADOTTE,0,NULL,1,1,0,1,0,0,1,NULL,-1,1,0,1,30
2.021E+11,14,9,2021,15:50:00,1,33,33063,2,1,1,3,Rue de la Faiencerie,"448,603,900,000"," -0,5556800000",2.021E+11,167 751,A01,0,1,0,2,3,1,5,NULL,2.021E+11,222 487,167 750,B01,1,1,1,2,1993,0,1,-1,-1,-1,-1,-1,2.021E+11,4,RUE DE LA FAIENCERIE,0,NULL,2,2,3,1,-1,-1,3,NULL,-1,1,0,4,20
2.021E+11,14,9,2021,15:50:00,1,33,33063,2,1,1,3,Rue de la Faiencerie,"448,603,900,000"," -0,5556800000",2.021E+11,167 751,A01,0,1,0,2,3,1,5,NULL,2.021E+11,222 488,167 751,A01,1,1,4,1,1975,0,8,-1,-1,-1,-1,-1,2.021E+11,4,RUE DE LA FAIENCERIE,0,NULL,2,2,3,1,-1,-1,3,NULL,-1,1,0,4,20
2.021E+11,13,9,2021,10:10:00,1,75,75119,2,2,1,3,BOULEVARD DE LA VILLETTE,"488,843,430,000","23,668,810,000",2.021E+11,167 306,B01,1,1,0,2,1,1,5,NULL,2.021E+11,221 928,167 305,A01,1,1,1,1,1959,4,1,0,-1,0,0,-1,2.021E+11,4,BOULEVARD DE LA VILLETTE,0,NULL,3,2,1,1,-1,-1,1,NULL,-1,1,0,5,30
2.021E+11,13,9,2021,10:10:00,1,75,75119,2,2,1,3,BOULEVARD DE LA VILLETTE,"488,843,430,000","23,668,810,000",2.021E+11,167 306,B01,1,1,0,2,1,1,5,NULL,2.021E+11,221 929,167 306,B01,1,1,4,1,1990,1,2,0,-1,0,0,-1,2.021E+11,4,BOULEVARD DE LA VILLETTE,0,NULL,3,2,1,1,-1,-1,1,NULL,-1,1,0,5,30
2.021E+11,5,9,2021,17:25:00,1,50,50532,2,6,1,3,GOLF (RUE DU),"487,950,700,000","-15,653,900,000",2.021E+11,164 962,B01,3,1,0,2,7,9,5,NULL,2.021E+11,218 865,164 962,B01,1,1,4,1,1953,5,2,-1,-1,-1,-1,-1,2.021E+11,3,GOLF (RUE DU),0,NULL,2,2,0,1,-1,-1,1,NULL,-1,1,5,1,50
2.021E+11,5,9,2021,17:25:00,1,50,50532,2,6,1,3,GOLF (RUE DU),"487,950,700,000","-15,653,900,000",2.021E+11,164 962,B01,3,1,0,2,7,9,5,NULL,2.021E+11,218 866,164 963,A01,1,1,1,1,1969,5,1,-1,-1,-1,-1,-1,2.021E+11,3,GOLF (RUE DU),0,NULL,2,2,0,1,-1,-1,1,NULL,-1,1,5,1,50
2.021E+11,22,8,2021,09:50:00,1,91,91549,2,6,1,3,LIBERTE (AVENUE DE LA),"486,424,000,000","23,473,500,000",2.021E+11,160 686,B01,3,1,0,2,7,1,5,NULL,2.021E+11,213 149,160 686,B01,2,1,4,1,1948,5,2,0,-1,-1,-1,-1,2.021E+11,4,LIBERTE (AVENUE DE LA),0,NULL,1,1,0,1,0,0,2,NULL,-1,1,0,1,50
2.021E+11,22,8,2021,09:50:00,1,91,91549,2,6,1,3,LIBERTE (AVENUE DE LA),"486,424,000,000","23,473,500,000",2.021E+11,160 686,B01,3,1,0,2,7,1,5,NULL,2.021E+11,213 150,160 687,A01,1,1,1,2,1947,5,1,0,-1,-1,-1,-1,2.021E+11,4,LIBERTE (AVENUE DE LA),0,NULL,1,1,0,1,0,0,2,NULL,-1,1,0,1,50
2.021E+11,20,8,2021,14:50:00,1,45,45147,2,3,1,1,Rue Frédéric et Hélène Joliot Curie,"479,445,836,330","19,175,037,088",2.021E+11,160 005,B01,3,1,0,2,1,15,5,NULL,2.021E+11,212 204,160 005,B01,1,1,4,1,1984,1,8,0,-1,-1,-1,-1,2.021E+11,4,JOIOT CURIE (RUE FREDERIC JOLIOT CURIE),0,NULL,2,4,0,1,-1,-1,1,NULL,-1,1,0,1,50
2.021E+11,20,8,2021,14:50:00,1,45,45147,2,3,1,1,Rue Frédéric et Hélène Joliot Curie,"479,445,836,330","19,175,037,088",2.021E+11,160 005,B01,3,1,0,2,1,15,5,NULL,2.021E+11,212 205,160 006,A01,1,1,1,1,1962,3,1,0,-1,-1,-1,-1,2.021E+11,4,JOIOT CURIE (RUE FREDERIC JOLIOT CURIE),0,NULL,2,4,0,1,-1,-1,1,NULL,-1,1,0,1,50
2.021E+11,18,8,2021,13:00:00,1,83,83016,1,1,1,1,809 Chemin de Sainte Brigitte,"431,925,890,000","58,195,810,000",2.021E+11,159 061,B01,3,1,0,2,1,0,5,NULL,2.021E+11,210 908,159 061,B01,1,1,4,2,2005,0,0,-1,-1,0,0,-1,2.021E+11,4,NULL,-1,NULL,2,1,0,1,-1,-1,3,NULL,3,1,0,1,50
2.021E+11,18,8,2021,13:00:00,1,83,83016,1,1,1,1,809 Chemin de Sainte Brigitte,"431,925,890,000","58,195,810,000",2.021E+11,159 061,B01,3,1,0,2,1,0,5,NULL,2.021E+11,210 909,159 062,A01,1,1,1,1,1960,0,1,-1,-1,0,0,-1,2.021E+11,4,NULL,-1,NULL,2,1,0,1,-1,-1,3,NULL,3,1,0,1,50
2.021E+11,1,8,2021,14:25:00,1,91,91223,2,1,1,7,LYS (RUE DES),"484,312,900,000","21,364,900,000",2.021E+11,155 257,A01,0,1,0,0,0,0,5,NULL,2.021E+11,205 607,155 257,A01,1,1,3,1,1969,0,2,0,-1,-1,-1,-1,2.021E+11,4,LYS (RUE DES),0,NULL,2,2,0,2,0,0,1,NULL,-1,1,0,1,50
2.021E+11,28,7,2021,18:15:00,1,75,75102,2,3,1,3,BOULEVARD DE BONNE NOUVELLE,"488,701,510,000","23,504,810,000",2.021E+11,154 326,B01,2,1,0,2,1,1,5,NULL,2.021E+11,204 286,154 325,A01,1,1,1,1,1972,5,1,0,-1,0,0,-1,2.021E+11,4,BOULEVARD DE BONNE NOUVELLE,0,NULL,2,5,0,1,-1,-1,1,NULL,-1,1,0,1,50
2.021E+11,28,7,2021,18:15:00,1,75,75102,2,3,1,3,BOULEVARD DE BONNE NOUVELLE,"488,701,510,000","23,504,810,000",2.021E+11,154 326,B01,2,1,0,2,1,1,5,NULL,2.021E+11,204 287,154 326,B01,1,1,4,2,1995,1,8,0,-1,0,0,-1,2.021E+11,4,BOULEVARD DE BONNE NOUVELLE,0,NULL,2,5,0,1,-1,-1,1,NULL,-1,1,0,1,50
2.021E+11,28,7,2021,19:15:00,1,75,75111,2,2,1,3,AVENUE LEDRU ROLLIN,"488,533,060,000","23,773,200,000",2.021E+11,154 009,B01,1,1,0,2,1,1,5,NULL,2.021E+11,203 860,154 008,A01,1,1,1,1,1971,9,1,0,-1,0,0,-1,2.021E+11,4,AVENUE LEDRU ROLLIN,0,NULL,2,2,0,1,-1,-1,1,NULL,-1,1,0,1,50
2.021E+11,28,7,2021,19:15:00,1,75,75111,2,2,1,3,AVENUE LEDRU ROLLIN,"488,533,060,000","23,773,200,000",2.021E+11,154 009,B01,1,1,0,2,1,1,5,NULL,2.021E+11,203 861,154 009,B01,1,1,4,1,1984,1,8,0,-1,0,0,-1,2.021E+11,4,AVENUE LEDRU ROLLIN,0,NULL,2,2,0,1,-1,-1,1,NULL,-1,1,0,1,50