Num_Acc,jour,mois,an,hrmn,lum,dep,com,agg,int,atm,col,adr,lat,long,Num_Acc,id_vehicule,num_veh,senc,catv,obs,obsm,choc,manv,motor,occutc,Num_Acc,id_usager,id_vehicule,num_veh,place,catu,grav,sexe,an_nais,trajet,secu1,secu2,secu3,locp,actp,etatp,Num_Acc,catr,voie,v1,v2,circ,nbv,vosp,prof,pr,pr1,plan,lartpc,larrout,surf,infra,situ,vma
2.021E+11,22,7,2021,12:00:00,1,75,75104,2,2,1,7,QUAI DE L ARCHEVECHE,"488,526,520,000","23,521,870,000",2.021E+11,152 433,A01,2,1,0,0,2,26,5,NULL,2.021E+11,201 653,152 433,A01,1,1,4,2,2001,9,8,0,-1,0,0,-1,2.021E+11,4,QUAI DE L ARCHEVECHE,0,NULL,-1,1,0,1,-1,-1,1,NULL,-1,1,0,1,30
2.021E+11,25,6,2021,16:38:00,1,5,5061,2,1,1,7,PAUL BERT ( RUE ),"445,671,100,000","60,908,100,000",2.021E+11,144 747,A01,1,1,0,0,7,1,5,NULL,2.021E+11,191 204,144 747,A01,1,1,3,1,1960,1,2,-1,-1,0,0,-1,2.021E+11,4,PAUL BERT ( RUE ),0,NULL,2,2,0,1,0,1,1,NULL,-1,1,-1,1,50
2.021E+11,26,6,2021,17:15:00,1,38,38382,2,1,1,2,71 Avenue du General de Gaulle,"452,357,680,000","56,755,010,000",2.021E+11,143 832,C01,1,1,0,2,2,1,5,NULL,2.021E+11,189 925,143 830,A01,1,1,4,2,1969,5,1,-1,-1,0,0,-1,2.021E+11,7,1075,-1,NULL,1,1,1,1,-1,-1,1,NULL,-1,1,0,1,50
2.021E+11,26,6,2021,17:15:00,1,38,38382,2,1,1,2,71 Avenue du General de Gaulle,"452,357,680,000","56,755,010,000",2.021E+11,143 832,C01,1,1,0,2,2,1,5,NULL,2.021E+11,189 926,143 831,B01,1,1,4,1,1984,1,1,-1,-1,0,0,-1,2.021E+11,7,1075,-1,NULL,1,1,1,1,-1,-1,1,NULL,-1,1,0,1,50
2.021E+11,26,6,2021,17:15:00,1,38,38382,2,1,1,2,71 Avenue du General de Gaulle,"452,357,680,000","56,755,010,000",2.021E+11,143 832,C01,1,1,0,2,2,1,5,NULL,2.021E+11,189 927,143 832,C01,1,1,4,1,1960,5,2,-1,-1,0,0,-1,2.021E+11,7,1075,-1,NULL,1,1,1,1,-1,-1,1,NULL,-1,1,0,1,50
2.021E+11,18,6,2021,09:15:00,1,84,84054,2,3,1,3,Chemin du Bosquet,"439,119,070,000","50,679,160,000",2.021E+11,141 459,B01,1,1,0,2,1,1,5,NULL,2.021E+11,186 841,141 459,B01,1,1,3,2,1953,3,0,-1,-1,0,0,-1,2.021E+11,4,VC,0,NULL,2,2,0,1,0,0,1,NULL,-1,1,0,1,50
2.021E+11,18,6,2021,09:15:00,1,84,84054,2,3,1,3,Chemin du Bosquet,"439,119,070,000","50,679,160,000",2.021E+11,141 459,B01,1,1,0,2,1,1,5,NULL,2.021E+11,186 842,141 460,A01,1,1,1,2,1971,4,1,-1,-1,0,0,-1,2.021E+11,4,VC,0,NULL,2,2,0,1,0,0,1,NULL,-1,1,0,1,50
2.021E+11,9,6,2021,18:30:00,1,75,75111,2,4,1,3,AVENUE DE LA REPUBLIQUE,"488,658,500,000","23,715,750,000",2.021E+11,138 177,B01,0,1,0,2,1,1,5,NULL,2.021E+11,182 550,138 176,A01,1,1,1,1,1988,5,2,6,-1,0,0,-1,2.021E+11,4,AVENUE DE LA REPUBLIQUE,0,NULL,2,5,1,1,-1,-1,1,NULL,-1,1,0,5,50
2.021E+11,9,6,2021,18:30:00,1,75,75111,2,4,1,3,AVENUE DE LA REPUBLIQUE,"488,658,500,000","23,715,750,000",2.021E+11,138 177,B01,0,1,0,2,1,1,5,NULL,2.021E+11,182 551,138 177,B01,1,1,4,1,1992,4,2,0,-1,0,0,-1,2.021E+11,4,AVENUE DE LA REPUBLIQUE,0,NULL,2,5,1,1,-1,-1,1,NULL,-1,1,0,5,50
2.021E+11,3,6,2021,08:23:00,1,56,56083,2,3,1,3,Avenue Salvador Allende,"478,053,700,000","-32,607,500,000",2.021E+11,136 623,A01,1,1,0,2,1,25,5,NULL,2.021E+11,180 529,136 623,A01,1,1,4,1,2006,2,2,8,-1,-1,-1,-1,2.021E+11,3,724,0,NULL,2,2,0,1,93,520,1,NULL,-1,1,0,4,30
2.021E+11,3,6,2021,08:23:00,1,56,56083,2,3,1,3,Avenue Salvador Allende,"478,053,700,000","-32,607,500,000",2.021E+11,136 623,A01,1,1,0,2,1,25,5,NULL,2.021E+11,180 530,136 624,B01,1,1,1,2,1995,4,1,8,-1,-1,-1,-1,2.021E+11,3,724,0,NULL,2,2,0,1,93,520,1,NULL,-1,1,0,4,30
2.021E+11,24,5,2021,17:00:00,1,75,75111,2,5,8,3,AVENUE DE LA REPUBLIQUE,"488,651,550,000","23,749,220,000",2.021E+11,132 768,B01,2,1,0,2,1,1,5,NULL,2.021E+11,175 534,132 767,A01,1,1,1,2,1953,5,1,0,-1,0,0,-1,2.021E+11,4,AVENUE DE LA REPUBLIQUE,0,NULL,1,1,1,2,-1,-1,1,NULL,-1,2,0,5,50
2.021E+11,24,5,2021,17:00:00,1,75,75111,2,5,8,3,AVENUE DE LA REPUBLIQUE,"488,651,550,000","23,749,220,000",2.021E+11,132 768,B01,2,1,0,2,1,1,5,NULL,2.021E+11,175 535,132 768,B01,1,1,4,2,1997,5,8,0,-1,0,0,-1,2.021E+11,4,AVENUE DE LA REPUBLIQUE,0,NULL,1,1,1,2,-1,-1,1,NULL,-1,2,0,5,50
2.021E+11,21,5,2021,08:20:00,1,92,92012,2,3,1,3,PARIS (RUE DE) 1/97 - 2/114,"488,411,539,340","22,401,796,281",2.021E+11,131 924,A01,1,1,0,2,3,19,5,NULL,2.021E+11,174 385,131 924,A01,1,1,4,2,1961,0,2,8,-1,-1,-1,-1,2.021E+11,4,PARIS (RUE DE) 1/97 - 2/114,0,NULL,1,1,2,1,0,0,1,NULL,-1,1,0,1,50
2.021E+11,21,5,2021,08:20:00,1,92,92012,2,3,1,3,PARIS (RUE DE) 1/97 - 2/114,"488,411,539,340","22,401,796,281",2.021E+11,131 924,A01,1,1,0,2,3,19,5,NULL,2.021E+11,174 386,131 925,Z01,1,1,1,1,1986,0,8,0,-1,-1,-1,-1,2.021E+11,4,PARIS (RUE DE) 1/97 - 2/114,0,NULL,1,1,2,1,0,0,1,NULL,-1,1,0,1,50
2.021E+11,8,5,2021,17:30:00,1,43,43163,1,1,1,7,D184,"452,335,278,597","44,326,829,910",2.021E+11,128 664,A01,2,1,0,0,0,1,5,NULL,2.021E+11,170 060,128 664,A01,1,1,2,1,1952,5,2,-1,-1,0,0,-1,2.021E+11,3,RD184,-1,NULL,2,2,0,2,3,200,1,NULL,-1,1,0,1,80
2.021E+11,1,5,2021,14:15:00,1,75,75118,2,3,8,3,RUE MARX DORMOY,"488,861,150,000","23,594,790,000",2.021E+11,126 874,B01,2,1,0,2,2,1,5,NULL,2.021E+11,167 733,126 874,B01,1,1,4,2,1997,5,2,0,-1,0,0,-1,2.021E+11,4,RUE MARX DORMOY,0,NULL,3,3,1,1,-1,-1,1,NULL,-1,1,0,5,50
2.021E+11,1,5,2021,14:15:00,1,75,75118,2,3,8,3,RUE MARX DORMOY,"488,861,150,000","23,594,790,000",2.021E+11,126 874,B01,2,1,0,2,2,1,5,NULL,2.021E+11,167 734,126 875,A01,1,1,1,2,1987,5,1,0,-1,0,0,-1,2.021E+11,4,RUE MARX DORMOY,0,NULL,3,3,1,1,-1,-1,1,NULL,-1,1,0,5,50
2.021E+11,17,4,2021,09:00:00,1,77,77186,1,1,1,2,D138. girat.valvins à croix de vitry,"484,555,200,000","27,039,400,000",2.021E+11,123 843,B01,1,1,0,2,4,1,0,NULL,2.021E+11,163 853,123 843,B01,1,1,2,1,1961,5,8,0,-1,-1,-1,-1,2.021E+11,3,D138. girat.valvins à croix de vitry,0,NULL,2,2,0,1,10,268,1,NULL,-1,1,0,1,80
2.021E+11,17,4,2021,09:00:00,1,77,77186,1,1,1,2,D138. girat.valvins à croix de vitry,"484,555,200,000","27,039,400,000",2.021E+11,123 843,B01,1,1,0,2,4,1,0,NULL,2.021E+11,163 854,123 844,A01,1,1,1,2,1999,1,1,0,-1,-1,-1,-1,2.021E+11,3,D138. girat.valvins à croix de vitry,0,NULL,2,2,0,1,10,268,1,NULL,-1,1,0,1,80
2.021E+11,15,4,2021,11:15:00,1,17,17225,2,2,1,3,Avenue Pierre Sibard,"457,139,670,000","-11,423,690,000",2.021E+11,123 062,B01,1,1,0,2,1,1,5,NULL,2.021E+11,162 839,123 062,B01,1,1,3,2,1958,5,0,-1,-1,0,0,-1,2.021E+11,3,NULL,-1,NULL,2,2,1,1,6,383,1,NULL,-1,1,5,1,50
2.021E+11,15,4,2021,11:15:00,1,17,17225,2,2,1,3,Avenue Pierre Sibard,"457,139,670,000","-11,423,690,000",2.021E+11,123 062,B01,1,1,0,2,1,1,5,NULL,2.021E+11,162 840,123 063,A01,1,1,1,1,1980,1,1,-1,-1,0,0,-1,2.021E+11,3,NULL,-1,NULL,2,2,1,1,6,383,1,NULL,-1,1,5,1,50
2.021E+11,12,4,2021,10:45:00,1,75,75104,2,3,1,6,BOULEVARD HENRI IV,"488,512,060,000","23,626,860,000",2.021E+11,122 473,A01,2,1,0,1,1,1,5,NULL,2.021E+11,162 118,122 473,A01,1,1,1,1,1992,1,8,0,-1,0,0,-1,2.021E+11,4,BOULEVARD HENRI IV,0,NULL,2,3,0,1,-1,-1,1,NULL,-1,1,0,1,50
2.021E+11,12,4,2021,10:45:00,1,75,75104,2,3,1,6,BOULEVARD HENRI IV,"488,512,060,000","23,626,860,000",2.021E+11,122 473,A01,2,1,0,1,1,1,5,NULL,2.021E+11,162 119,122 473,A01,10,3,4,1,2009,5,0,-1,-1,2,3,1,2.021E+11,4,BOULEVARD HENRI IV,0,NULL,2,3,0,1,-1,-1,1,NULL,-1,1,0,1,50
2.021E+11,4,4,2021,12:45:00,1,83,83034,2,6,1,3,CD559,"430,956,700,000","60,692,000,000",2.021E+11,121 090,B01,1,1,0,2,7,1,5,NULL,2.021E+11,160 266,121 089,A01,1,1,1,2,1945,5,1,8,-1,-1,-1,-1,2.021E+11,7,CD559,0,NULL,-1,2,0,1,40,420,1,NULL,-1,1,0,1,50
2.021E+11,4,4,2021,12:45:00,1,83,83034,2,6,1,3,CD559,"430,956,700,000","60,692,000,000",2.021E+11,121 090,B01,1,1,0,2,7,1,5,NULL,2.021E+11,160 267,121 090,B01,1,1,3,1,1975,5,2,8,-1,-1,-1,-1,2.021E+11,7,CD559,0,NULL,-1,2,0,1,40,420,1,NULL,-1,1,0,1,50
2.021E+11,1,4,2021,07:50:00,2,32,32013,2,1,1,3,JEAN DE LA FONTAINE,"436,401,500,000","0,5949400000",2.021E+11,120 225,B01,1,1,0,2,8,1,5,NULL,2.021E+11,159 104,120 224,A01,1,1,1,2,1952,9,1,0,-1,-1,-1,-1,2.021E+11,4,JEAN DE LA FONTAINE,0,NULL,2,2,0,1,0,0,1,NULL,-1,1,0,1,50
2.021E+11,1,4,2021,07:50:00,2,32,32013,2,1,1,3,JEAN DE LA FONTAINE,"436,401,500,000","0,5949400000",2.021E+11,120 225,B01,1,1,0,2,8,1,5,NULL,2.021E+11,159 105,120 225,B01,1,1,4,1,1956,1,2,8,-1,-1,-1,-1,2.021E+11,4,JEAN DE LA FONTAINE,0,NULL,2,2,0,1,0,0,1,NULL,-1,1,0,1,50
2.021E+11,23,3,2021,08:05:00,1,14,14030,2,1,1,3,Rue de l’Abbaye,"492,036,600,000"," -0,4220700000",2.021E+11,118 181,B01,1,1,0,2,4,23,5,NULL,2.021E+11,156 499,118 180,A01,1,1,1,1,1963,4,1,0,-1,0,0,-1,2.021E+11,3,ABBAYE (RUE DEL'),0,NULL,2,2,0,1,1,0,1,NULL,-1,1,0,1,50
2.021E+11,23,3,2021,08:05:00,1,14,14030,2,1,1,3,Rue de l’Abbaye,"492,036,600,000"," -0,4220700000",2.021E+11,118 181,B01,1,1,0,2,4,23,5,NULL,2.021E+11,156 500,118 181,B01,1,1,4,2,1977,0,0,-1,-1,0,0,-1,2.021E+11,3,ABBAYE (RUE DEL'),0,NULL,2,2,0,1,1,0,1,NULL,-1,1,0,1,50
2.021E+11,21,3,2021,12:10:00,1,2,2779,2,3,1,3,Rue du Fort,"499,817,230,000","36,396,240,000",2.021E+11,117 233,B01,1,1,0,2,8,16,5,NULL,2.021E+11,155 274,117 232,A01,1,1,1,1,1999,5,1,-1,-1,0,0,-1,2.021E+11,4,NULL,-1,NULL,2,2,0,2,-1,-1,1,NULL,-1,1,0,1,50
2.021E+11,21,3,2021,12:10:00,1,2,2779,2,3,1,3,Rue du Fort,"499,817,230,000","36,396,240,000",2.021E+11,117 233,B01,1,1,0,2,8,16,5,NULL,2.021E+11,155 275,117 233,B01,1,1,4,2,2006,5,0,-1,-1,0,0,-1,2.021E+11,4,NULL,-1,NULL,2,2,0,2,-1,-1,1,NULL,-1,1,0,1,50
2.021E+11,16,3,2021,09:06:00,1,87,87085,2,1,1,7,CHINCHAUVAUD (RUE DU),"458,415,600,000","12,646,300,000",2.021E+11,116 652,A01,2,1,0,0,8,1,5,NULL,2.021E+11,154 538,116 652,A01,1,1,4,1,1986,1,2,0,-1,-1,-1,-1,2.021E+11,4,CHINCHAUVAUD (RUE DU),0,NULL,2,2,0,2,0,0,3,NULL,-1,1,0,1,50
2.021E+11,25,2,2021,09:12:00,1,75,75116,2,7,1,2,PLACE CHARLES DE GAULLE,"488,732,030,000","22,951,270,000",2.021E+11,112 262,A01,3,1,0,2,1,1,5,NULL,2.021E+11,148 892,112 262,A01,1,1,4,1,1985,9,2,0,-1,0,0,-1,2.021E+11,4,PLACE CHARLES DE GAULLE,0,NULL,1,1,0,1,-1,-1,2,NULL,-1,1,0,1,50
2.021E+11,25,2,2021,09:12:00,1,75,75116,2,7,1,2,PLACE CHARLES DE GAULLE,"488,732,030,000","22,951,270,000",2.021E+11,112 262,A01,3,1,0,2,1,1,5,NULL,2.021E+11,148 893,112 263,B01,1,1,1,2,1987,4,1,0,-1,0,0,-1,2.021E+11,4,PLACE CHARLES DE GAULLE,0,NULL,1,1,0,1,-1,-1,2,NULL,-1,1,0,1,50
2.021E+11,30,1,2021,13:40:00,1,94,94016,2,1,8,7,LEON BLUM (AV),"487,919,200,000","23,369,300,000",2.021E+11,106 831,A01,2,1,12,0,1,1,5,NULL,2.021E+11,141 850,106 831,A01,1,1,4,1,1973,5,8,0,-1,-1,-1,-1,2.021E+11,4,LEON BLUM (AV),0,NULL,2,2,0,2,1,0,2,NULL,-1,2,0,1,30
2.021E+11,14,1,2021,11:50:00,1,974,97416,2,1,1,3,PAVE(RUE),"-213,416,400,000","554,821,600,000",2.021E+11,103 485,A01,1,1,0,2,1,15,5,NULL,2.021E+11,137 316,103 484,B01,1,1,1,1,1966,4,1,0,-1,-1,-1,-1,2.021E+11,4,PAVE(RUE),0,NULL,2,2,0,4,0,0,1,NULL,-1,1,0,1,50
2.021E+11,14,1,2021,11:50:00,1,974,97416,2,1,1,3,PAVE(RUE),"-213,416,400,000","554,821,600,000",2.021E+11,103 485,A01,1,1,0,2,1,15,5,NULL,2.021E+11,137 317,103 485,A01,1,1,3,1,1976,0,8,0,-1,-1,-1,-1,2.021E+11,4,PAVE(RUE),0,NULL,2,2,0,4,0,0,1,NULL,-1,1,0,1,50
2.021E+11,5,1,2021,17:50:00,5,58,58194,2,3,2,3,MARZY,"469,880,600,000","31,267,400,000",2.021E+11,101 515,A01,3,1,0,2,1,1,5,NULL,2.021E+11,134 716,101 514,B01,1,1,1,1,2000,4,1,0,-1,-1,-1,-1,2.021E+11,4,MARZY,0,NULL,2,2,0,1,0,0,1,NULL,-1,2,0,1,50
2.021E+11,5,1,2021,17:50:00,5,58,58194,2,3,2,3,MARZY,"469,880,600,000","31,267,400,000",2.021E+11,101 515,A01,3,1,0,2,1,1,5,NULL,2.021E+11,134 717,101 515,A01,1,1,4,1,1975,0,8,0,-1,-1,-1,-1,2.021E+11,4,MARZY,0,NULL,2,2,0,1,0,0,1,NULL,-1,2,0,1,50
2.021E+11,2,9,2021,15:30:00,1,51,51287,1,1,1,7,D386,"490,933,360,557","39,403,481,312",2.021E+11,183 124,A01,2,1,0,0,0,1,5,NULL,2.021E+11,242 479,183 124,A01,1,1,4,1,1993,5,2,-1,-1,0,0,-1,2.021E+11,3,386,0,D,2,2,0,1,4,900,1,NULL,-1,1,0,3,80
2.021E+11,9,10,2021,10:45:00,1,75,75113,2,2,1,3,BOULEVARD MASSENA,"488,192,850,000","23,620,200,000",2.021E+11,176 641,B01,2,1,0,2,4,19,5,NULL,2.021E+11,234 073,176 641,B01,1,1,4,2,1971,5,8,0,-1,0,0,-1,2.021E+11,4,BOULEVARD MASSENA,0,NULL,2,4,0,1,-1,-1,1,NULL,-1,1,0,1,30
2.021E+11,9,10,2021,10:45:00,1,75,75113,2,2,1,3,BOULEVARD MASSENA,"488,192,850,000","23,620,200,000",2.021E+11,176 641,B01,2,1,0,2,4,19,5,NULL,2.021E+11,234 074,176 642,A01,1,1,1,1,1977,5,1,0,-1,0,0,-1,2.021E+11,4,BOULEVARD MASSENA,0,NULL,2,4,0,1,-1,-1,1,NULL,-1,1,0,1,30
2.021E+11,7,10,2021,12:55:00,1,75,75101,2,3,1,3,RUE DE RIVOLI,"488,660,240,000","23,250,250,000",2.021E+11,175 545,A01,2,1,0,2,1,1,5,NULL,2.021E+11,232 635,175 544,Z01,1,1,1,-1,NULL,-1,-1,-1,-1,-1,-1,-1,2.021E+11,4,RUE DE RIVOLI,0,NULL,2,6,1,1,-1,-1,1,NULL,-1,1,0,5,30
2.021E+11,7,10,2021,12:55:00,1,75,75101,2,3,1,3,RUE DE RIVOLI,"488,660,240,000","23,250,250,000",2.021E+11,175 545,A01,2,1,0,2,1,1,5,NULL,2.021E+11,232 636,175 545,A01,1,1,4,2,1988,9,2,0,-1,0,0,-1,2.021E+11,4,RUE DE RIVOLI,0,NULL,2,6,1,1,-1,-1,1,NULL,-1,1,0,5,30
2.021E+11,30,9,2021,08:45:00,1,75,75114,2,2,1,7,AVENUE DE LA PORTE DE MONTROUGE,"488,236,860,000","23,231,730,000",2.021E+11,173 156,A01,2,1,0,0,1,1,5,NULL,2.021E+11,229 544,173 156,A01,1,1,4,2,1988,1,2,0,-1,0,0,-1,2.021E+11,4,AVENUE DE LA PORTE DE MONTROUGE,0,NULL,2,3,3,1,-1,-1,1,NULL,-1,1,0,1,50
2.021E+11,29,9,2021,09:08:00,1,63,63113,2,1,1,3,COTE BLATIN (BD),"457,685,200,000","30,896,600,000",2.021E+11,172 795,B01,1,1,0,2,8,1,5,NULL,2.021E+11,229 102,172 794,A01,1,1,1,1,1993,0,1,0,-1,0,0,-1,2.021E+11,4,COTE BLATIN (BD),0,NULL,1,3,0,1,-1,-1,1,NULL,-1,1,0,1,50
2.021E+11,29,9,2021,09:08:00,1,63,63113,2,1,1,3,COTE BLATIN (BD),"457,685,200,000","30,896,600,000",2.021E+11,172 795,B01,1,1,0,2,8,1,5,NULL,2.021E+11,229 103,172 795,B01,1,1,4,1,1980,0,2,0,-1,0,0,-1,2.021E+11,4,COTE BLATIN (BD),0,NULL,1,3,0,1,-1,-1,1,NULL,-1,1,0,1,50
2.021E+11,29,9,2021,17:44:00,1,75,75113,2,1,1,3,BOULEVARD DU GENERAL JEAN SIMON,"488,270,260,000","23,854,190,000",2.021E+11,172 594,B01,2,1,0,2,1,1,5,NULL,2.021E+11,228 859,172 594,B01,1,1,4,1,1999,5,2,0,-1,0,0,-1,2.021E+11,4,BOULEVARD DU GENERAL JEAN SIMON,0,NULL,3,5,0,1,-1,-1,1,NULL,-1,1,0,1,50
2.021E+11,29,9,2021,17:44:00,1,75,75113,2,1,1,3,BOULEVARD DU GENERAL JEAN SIMON,"488,270,260,000","23,854,190,000",2.021E+11,172 594,B01,2,1,0,2,1,1,5,NULL,2.021E+11,228 860,172 595,A01,1,1,1,1,2001,5,2,0,-1,0,0,-1,2.021E+11,4,BOULEVARD DU GENERAL JEAN SIMON,0,NULL,3,5,0,1,-1,-1,1,NULL,-1,1,0,1,50
2.021E+11,16,9,2021,19:55:00,2,37,37261,2,1,1,7,MONTJOYEUX (AVENUE),"473,615,200,000","0,7084600000",2.021E+11,168 814,A01,2,1,12,0,7,1,5,NULL,2.021E+11,223 833,168 814,A01,1,1,3,1,2004,5,8,0,-1,-1,-1,-1,2.021E+11,4,MONTJOYEUX (AVENUE),0,NULL,2,2,0,2,-1,-1,1,NULL,-1,1,0,1,50
2.021E+11,17,9,2021,20:45:00,5,75,75119,2,4,1,1,RUE D HAUTPOUL,"488,831,040,000","23,880,620,000",2.021E+11,168 741,B01,1,1,0,2,1,5,5,NULL,2.021E+11,223 739,168 740,A01,1,1,1,1,1959,9,2,6,-1,0,0,-1,2.021E+11,4,RUE D HAUTPOUL,0,NULL,1,1,0,2,-1,-1,1,NULL,-1,1,0,1,30
2.021E+11,17,9,2021,20:45:00,5,75,75119,2,4,1,1,RUE D HAUTPOUL,"488,831,040,000","23,880,620,000",2.021E+11,168 741,B01,1,1,0,2,1,5,5,NULL,2.021E+11,223 740,168 741,B01,1,1,4,1,1989,9,8,0,-1,0,0,-1,2.021E+11,4,RUE D HAUTPOUL,0,NULL,1,1,0,2,-1,-1,1,NULL,-1,1,0,1,30
2.021E+11,15,9,2021,10:20:00,1,92,92012,2,1,2,6,REINE (ROUTE DE LA) 1/37- 6/80,"488,395,842,338","22,413,207,911",2.021E+11,167 990,B01,1,1,1,0,1,1,5,NULL,2.021E+11,222 780,167 990,B01,1,1,4,1,2000,4,8,0,-1,-1,-1,-1,2.021E+11,3,NULL,0,NULL,3,4,0,1,0,0,1,NULL,-1,2,0,1,50
2.021E+11,13,9,2021,17:30:00,1,69,69249,1,9,1,3,RONTALON (DE) (RTE),"456,728,933,360","46,453,928,947",2.021E+11,166 894,B01,2,1,0,2,1,1,5,NULL,2.021E+11,221 362,166 894,B01,1,1,3,1,1978,5,2,-1,-1,0,0,-1,2.021E+11,3,75,0,D,2,2,0,1,14,723,1,NULL,-1,1,0,1,80
2.021E+11,13,9,2021,17:30:00,1,69,69249,1,9,1,3,RONTALON (DE) (RTE),"456,728,933,360","46,453,928,947",2.021E+11,166 894,B01,2,1,0,2,1,1,5,NULL,2.021E+11,221 363,166 895,A01,1,1,1,1,1942,3,8,-1,-1,0,0,-1,2.021E+11,3,75,0,D,2,2,0,1,14,723,1,NULL,-1,1,0,1,80
2.021E+11,8,9,2021,09:35:00,1,94,94033,2,9,1,3,Rue Pierre Grange,"488,510,500,000","24,933,200,000",2.021E+11,166 363,B01,2,1,0,2,8,1,5,NULL,2.021E+11,220 664,166 362,A01,1,1,1,1,1942,1,1,0,-1,-1,-1,-1,2.021E+11,3,LOUISON BOBET (AV),0,NULL,1,3,2,1,1,0,1,NULL,-1,1,0,5,50
2.021E+11,8,9,2021,09:35:00,1,94,94033,2,9,1,3,Rue Pierre Grange,"488,510,500,000","24,933,200,000",2.021E+11,166 363,B01,2,1,0,2,8,1,5,NULL,2.021E+11,220 665,166 363,B01,1,1,4,1,1986,1,0,0,-1,-1,-1,-1,2.021E+11,3,LOUISON BOBET (AV),0,NULL,1,3,2,1,1,0,1,NULL,-1,1,0,5,50
2.021E+11,1,9,2021,08:06:00,1,54,54328,2,6,7,3,PASTEUR (RUE LOUIS),"486,184,600,000","61,772,500,000",2.021E+11,163 676,B01,3,1,0,2,1,1,5,NULL,2.021E+11,217 132,163 676,B01,1,1,4,1,1989,1,2,0,-1,0,0,-1,2.021E+11,4,PASTEUR (RUE LOUIS),0,NULL,2,2,1,1,-1,-1,1,NULL,-1,1,0,1,30
2.021E+11,1,9,2021,08:06:00,1,54,54328,2,6,7,3,PASTEUR (RUE LOUIS),"486,184,600,000","61,772,500,000",2.021E+11,163 676,B01,3,1,0,2,1,1,5,NULL,2.021E+11,217 133,163 677,A01,1,1,1,1,1968,0,1,0,-1,0,0,-1,2.021E+11,4,PASTEUR (RUE LOUIS),0,NULL,2,2,1,1,-1,-1,1,NULL,-1,1,0,1,30
2.021E+11,23,8,2021,03:15:00,5,14,14384,2,1,1,2,D83,"493,072,700,000"," -0,3593840000",2.021E+11,160 538,A01,1,1,0,2,1,2,5,NULL,2.021E+11,212 941,160 537,B01,1,1,1,1,2003,5,0,-1,-1,0,0,-1,2.021E+11,3,83,-1,NULL,2,2,0,1,-1,-1,1,NULL,-1,1,0,1,50
2.021E+11,23,8,2021,03:15:00,5,14,14384,2,1,1,2,D83,"493,072,700,000"," -0,3593840000",2.021E+11,160 537,B01,1,1,0,0,4,1,5,NULL,2.021E+11,212 941,160 537,B01,1,1,1,1,2003,5,0,-1,-1,0,0,-1,2.021E+11,3,83,-1,NULL,2,2,0,1,-1,-1,1,NULL,-1,1,0,1,50
2.021E+11,23,8,2021,03:15:00,5,14,14384,2,1,1,2,D83,"493,072,700,000"," -0,3593840000",2.021E+11,160 538,A01,1,1,0,2,1,2,5,NULL,2.021E+11,212 942,160 538,A01,1,1,4,1,2002,5,0,-1,-1,0,0,-1,2.021E+11,3,83,-1,NULL,2,2,0,1,-1,-1,1,NULL,-1,1,0,1,50
2.021E+11,23,8,2021,03:15:00,5,14,14384,2,1,1,2,D83,"493,072,700,000"," -0,3593840000",2.021E+11,160 537,B01,1,1,0,0,4,1,5,NULL,2.021E+11,212 942,160 538,A01,1,1,4,1,2002,5,0,-1,-1,0,0,-1,2.021E+11,3,83,-1,NULL,2,2,0,1,-1,-1,1,NULL,-1,1,0,1,50
2.021E+11,8,7,2021,08:50:00,1,75,75115,2,2,1,3,RUE MARMONTEL,"488,367,460,000","22,995,550,000",2.021E+11,148 479,A01,1,1,0,2,1,1,5,NULL,2.021E+11,196 172,148 479,A01,1,1,4,2,1992,1,2,0,-1,0,0,-1,2.021E+11,4,RUE MARMONTEL,0,NULL,1,1,0,1,-1,-1,1,NULL,-1,1,0,1,30
2.021E+11,8,7,2021,08:50:00,1,75,75115,2,2,1,3,RUE MARMONTEL,"488,367,460,000","22,995,550,000",2.021E+11,148 479,A01,1,1,0,2,1,1,5,NULL,2.021E+11,196 173,148 480,B01,1,1,1,1,1969,4,1,0,-1,0,0,-1,2.021E+11,4,RUE MARMONTEL,0,NULL,1,1,0,1,-1,-1,1,NULL,-1,1,0,1,30
2.021E+11,2,7,2021,14:40:00,1,75,75118,2,1,1,6,BOULEVARD BARBES,"488,859,970,000","23,495,440,000",2.021E+11,145 980,A01,1,1,1,0,0,21,5,NULL,2.021E+11,192 825,145 980,A01,1,1,4,2,1963,9,2,0,-1,0,0,-1,2.021E+11,4,BOULEVARD BARBES,0,NULL,2,6,1,2,-1,-1,1,NULL,-1,1,0,5,50
2.021E+11,19,6,2021,12:30:00,1,42,42218,2,1,1,3,Rue Jean Huss,"454,503,011,816","44,154,333,004",2.021E+11,144 788,B01,2,1,0,2,7,1,0,NULL,2.021E+11,191 259,144 788,B01,1,1,3,1,2007,0,8,0,-1,-1,-1,-1,2.021E+11,4,HUSS JEAN,0,NULL,2,2,0,1,-1,-1,1,NULL,-1,1,0,1,50
2.021E+11,19,6,2021,12:30:00,1,42,42218,2,1,1,3,Rue Jean Huss,"454,503,011,816","44,154,333,004",2.021E+11,144 788,B01,2,1,0,2,7,1,0,NULL,2.021E+11,191 260,144 789,A01,1,1,1,2,1993,0,1,8,-1,-1,-1,-1,2.021E+11,4,HUSS JEAN,0,NULL,2,2,0,1,-1,-1,1,NULL,-1,1,0,1,50