Num_Acc,jour,mois,an,hrmn,lum,dep,com,agg,int,atm,col,adr,lat,long,Num_Acc,id_vehicule,num_veh,senc,catv,obs,obsm,choc,manv,motor,occutc,Num_Acc,id_usager,id_vehicule,num_veh,place,catu,grav,sexe,an_nais,trajet,secu1,secu2,secu3,locp,actp,etatp,Num_Acc,catr,voie,v1,v2,circ,nbv,vosp,prof,pr,pr1,plan,lartpc,larrout,surf,infra,situ,vma
2.021E+11,25,6,2021,15:40:00,1,65,65192,1,1,1,6,D923,"427,363,990,000"," -0,0270690000",2.021E+11,143 886,A01,2,1,0,5,0,21,5,NULL,2.021E+11,190 001,143 886,A01,1,1,4,1,1976,5,8,-1,-1,0,0,-1,2.021E+11,3,923,0,NULL,2,2,0,2,2,979,4,NULL,-1,1,0,1,70
2.021E+11,21,6,2021,20:30:00,2,92,92012,2,2,1,3,ESCUDIER (RUE) 1/47 - 2/38,"488,433,400,000","22,366,200,000",2.021E+11,142 578,A01,2,1,0,2,5,1,5,NULL,2.021E+11,188 331,142 577,Z01,1,1,1,-1,NULL,-1,-1,-1,-1,-1,-1,-1,2.021E+11,4,NULL,0,NULL,1,1,0,1,0,0,1,NULL,-1,1,0,1,50
2.021E+11,21,6,2021,20:30:00,2,92,92012,2,2,1,3,ESCUDIER (RUE) 1/47 - 2/38,"488,433,400,000","22,366,200,000",2.021E+11,142 578,A01,2,1,0,2,5,1,5,NULL,2.021E+11,188 332,142 578,A01,1,1,4,1,2003,0,8,0,-1,-1,-1,-1,2.021E+11,4,NULL,0,NULL,1,1,0,1,0,0,1,NULL,-1,1,0,1,50
2.021E+11,17,6,2021,11:45:00,1,72,72176,2,9,1,3,2 Avenue de la Libération,"476,475,056,811","0,1529760363",2.021E+11,141 102,B01,1,1,0,2,8,1,5,NULL,2.021E+11,186 382,141 101,A01,1,1,1,1,1970,4,1,-1,-1,0,0,-1,2.021E+11,3,307,-1,NULL,2,2,0,1,33,944,1,NULL,-1,1,0,1,50
2.021E+11,17,6,2021,11:45:00,1,72,72176,2,9,1,3,2 Avenue de la Libération,"476,475,056,811","0,1529760363",2.021E+11,141 102,B01,1,1,0,2,8,1,5,NULL,2.021E+11,186 383,141 102,B01,1,1,4,2,1983,5,0,-1,-1,0,0,-1,2.021E+11,3,307,-1,NULL,2,2,0,1,33,944,1,NULL,-1,1,0,1,50
2.021E+11,15,6,2021,20:20:00,1,30,30007,2,3,1,3,ONZE NOVEMBRE 1918 (QUAI DU),"441,276,500,000","40,732,300,000",2.021E+11,140 470,A01,3,1,0,2,8,9,2,NULL,2.021E+11,185 558,140 470,A01,1,1,2,1,2009,5,8,0,-1,-1,-1,-1,2.021E+11,2,ONZE NOVEMBRE 1918 (QUAI DU),0,NULL,2,2,0,1,0,0,1,NULL,-1,1,0,1,50
2.021E+11,15,6,2021,20:20:00,1,30,30007,2,3,1,3,ONZE NOVEMBRE 1918 (QUAI DU),"441,276,500,000","40,732,300,000",2.021E+11,140 470,A01,3,1,0,2,8,9,2,NULL,2.021E+11,185 559,140 471,B01,1,1,1,1,1995,5,1,0,-1,-1,-1,-1,2.021E+11,2,ONZE NOVEMBRE 1918 (QUAI DU),0,NULL,2,2,0,1,0,0,1,NULL,-1,1,0,1,50
2.021E+11,15,6,2021,20:20:00,1,30,30007,2,3,1,3,ONZE NOVEMBRE 1918 (QUAI DU),"441,276,500,000","40,732,300,000",2.021E+11,140 470,A01,3,1,0,2,8,9,2,NULL,2.021E+11,185 560,140 471,B01,2,2,1,1,1995,5,1,0,-1,-1,-1,-1,2.021E+11,2,ONZE NOVEMBRE 1918 (QUAI DU),0,NULL,2,2,0,1,0,0,1,NULL,-1,1,0,1,50
2.021E+11,14,5,2021,10:15:00,1,68,68375,2,3,1,3,rue de Mulhouse,"478,084,640,000","72,397,430,000",2.021E+11,130 520,A01,1,1,0,2,2,17,5,NULL,2.021E+11,172 568,130 519,B01,1,1,1,1,1999,3,1,-1,-1,0,0,-1,2.021E+11,3,NULL,-1,NULL,2,2,0,1,-1,-1,1,NULL,4,1,0,1,30
2.021E+11,14,5,2021,10:15:00,1,68,68375,2,3,1,3,rue de Mulhouse,"478,084,640,000","72,397,430,000",2.021E+11,130 520,A01,1,1,0,2,2,17,5,NULL,2.021E+11,172 569,130 520,A01,1,1,4,1,1991,5,9,-1,-1,0,0,-1,2.021E+11,3,NULL,-1,NULL,2,2,0,1,-1,-1,1,NULL,4,1,0,1,30
2.021E+11,10,5,2021,14:15:00,1,92,92075,2,1,1,7,PASTEUR (RUE),"488,246,500,000","22,926,600,000",2.021E+11,129 164,A01,0,1,12,0,1,1,5,NULL,2.021E+11,170 745,129 164,A01,2,2,4,2,2005,5,8,0,-1,-1,-1,-1,2.021E+11,4,61,0,NULL,2,4,2,1,0,0,1,NULL,-1,1,0,1,30
2.021E+11,10,5,2021,14:15:00,1,92,92075,2,1,1,7,PASTEUR (RUE),"488,246,500,000","22,926,600,000",2.021E+11,129 164,A01,0,1,12,0,1,1,5,NULL,2.021E+11,170 746,129 164,A01,1,1,1,2,2004,5,8,0,-1,-1,-1,-1,2.021E+11,4,61,0,NULL,2,4,2,1,0,0,1,NULL,-1,1,0,1,30
2.021E+11,6,5,2021,10:15:00,1,75,75112,2,1,2,3,RUE DE CHARENTON,"488,513,280,000","23,723,060,000",2.021E+11,128 059,B01,1,1,0,2,1,18,5,NULL,2.021E+11,169 267,128 059,B01,1,1,4,1,1989,4,8,0,-1,0,0,-1,2.021E+11,4,RUE DE CHARENTON,0,NULL,1,1,0,1,-1,-1,1,NULL,-1,2,0,1,30
2.021E+11,6,5,2021,10:15:00,1,75,75112,2,1,2,3,RUE DE CHARENTON,"488,513,280,000","23,723,060,000",2.021E+11,128 059,B01,1,1,0,2,1,18,5,NULL,2.021E+11,169 268,128 060,A01,1,1,1,1,1977,4,1,0,-1,0,0,-1,2.021E+11,4,RUE DE CHARENTON,0,NULL,1,1,0,1,-1,-1,1,NULL,-1,2,0,1,30
2.021E+11,6,5,2021,10:15:00,1,75,75112,2,1,2,3,RUE DE CHARENTON,"488,513,280,000","23,723,060,000",2.021E+11,128 059,B01,1,1,0,2,1,18,5,NULL,2.021E+11,169 269,128 060,A01,3,2,1,1,2002,9,1,0,-1,0,0,-1,2.021E+11,4,RUE DE CHARENTON,0,NULL,1,1,0,1,-1,-1,1,NULL,-1,2,0,1,30
2.021E+11,30,4,2021,15:30:00,1,75,75114,2,3,1,6,AVENUE REILLE,"488,244,710,000","23,383,490,000",2.021E+11,126 673,A01,2,1,0,1,1,25,5,NULL,2.021E+11,167 477,126 673,A01,1,1,4,1,1998,9,8,0,-1,0,0,-1,2.021E+11,4,AVENUE REILLE,0,NULL,2,2,0,2,-1,-1,1,NULL,-1,1,0,4,50
2.021E+11,30,4,2021,15:30:00,1,75,75114,2,3,1,6,AVENUE REILLE,"488,244,710,000","23,383,490,000",2.021E+11,126 673,A01,2,1,0,1,1,25,5,NULL,2.021E+11,167 478,126 673,A01,10,3,4,2,1944,5,0,-1,-1,5,1,1,2.021E+11,4,AVENUE REILLE,0,NULL,2,2,0,2,-1,-1,1,NULL,-1,1,0,4,50
2.021E+11,18,4,2021,15:55:00,1,88,88115,2,1,1,3,Rue James Wiese,"481,687,400,000","68,800,590,000",2.021E+11,123 786,B01,3,1,0,2,1,19,5,NULL,2.021E+11,163 763,123 785,A01,1,1,1,1,1977,5,1,-1,-1,0,0,-1,2.021E+11,4,NULL,-1,NULL,2,2,0,2,-1,-1,2,NULL,-1,1,0,1,50
2.021E+11,18,4,2021,15:55:00,1,88,88115,2,1,1,3,Rue James Wiese,"481,687,400,000","68,800,590,000",2.021E+11,123 786,B01,3,1,0,2,1,19,5,NULL,2.021E+11,163 764,123 786,B01,1,1,3,1,2006,5,2,-1,-1,0,0,-1,2.021E+11,4,NULL,-1,NULL,2,2,0,2,-1,-1,2,NULL,-1,1,0,1,50
2.021E+11,8,4,2021,16:20:00,1,6,6075,2,1,1,1,1174 Route de la Roquette,"438,497,050,000","72,235,180,000",2.021E+11,121 693,A01,1,1,0,2,1,19,0,NULL,2.021E+11,161 050,121 693,A01,1,1,3,1,2004,1,0,-1,-1,0,0,-1,2.021E+11,7,20,-1,NULL,2,2,0,1,8,0,1,NULL,-1,1,0,1,50
2.021E+11,8,4,2021,16:20:00,1,6,6075,2,1,1,1,1174 Route de la Roquette,"438,497,050,000","72,235,180,000",2.021E+11,121 693,A01,1,1,0,2,1,19,0,NULL,2.021E+11,161 051,121 694,B01,1,1,1,1,1971,4,1,-1,-1,0,0,-1,2.021E+11,7,20,-1,NULL,2,2,0,1,8,0,1,NULL,-1,1,0,1,50
2.021E+11,10,3,2021,12:50:00,1,69,69387,2,1,1,6,CLAUDE BERNARD (Q),"457,508,469,538","48,359,751,105",2.021E+11,115 058,A01,3,1,0,1,1,1,5,NULL,2.021E+11,152 469,115 058,A01,10,3,3,2,1998,2,0,-1,-1,1,3,1,2.021E+11,4,CLAUDE BERNARD                      (QU),0,NULL,2,2,1,1,-1,-1,1,NULL,-1,1,0,5,-1
2.021E+11,10,3,2021,12:50:00,1,69,69387,2,1,1,6,CLAUDE BERNARD (Q),"457,508,469,538","48,359,751,105",2.021E+11,115 058,A01,3,1,0,1,1,1,5,NULL,2.021E+11,152 470,115 058,A01,1,1,4,1,1985,1,2,-1,-1,-1,-1,-1,2.021E+11,4,CLAUDE BERNARD                      (QU),0,NULL,2,2,1,1,-1,-1,1,NULL,-1,1,0,5,-1
2.021E+11,8,3,2021,18:05:00,1,64,64024,2,6,1,2,MONTAURY (ROND POINT DU PARC),"434,803,700,000","-15,091,200,000",2.021E+11,115 003,A01,3,1,0,2,1,2,5,NULL,2.021E+11,152 400,115 002,B01,1,1,1,1,1961,5,1,0,-1,-1,-1,-1,2.021E+11,4,MONTAURY (ROND POINT DU PARC),0,NULL,2,2,0,1,0,0,2,NULL,-1,1,0,1,50
2.021E+11,8,3,2021,18:05:00,1,64,64024,2,6,1,2,MONTAURY (ROND POINT DU PARC),"434,803,700,000","-15,091,200,000",2.021E+11,115 003,A01,3,1,0,2,1,2,5,NULL,2.021E+11,152 401,115 003,A01,1,1,4,1,1995,4,8,0,-1,-1,-1,-1,2.021E+11,4,MONTAURY (ROND POINT DU PARC),0,NULL,2,2,0,1,0,0,2,NULL,-1,1,0,1,50
2.021E+11,28,2,2021,08:40:00,1,75,75108,2,2,1,6,PLACE DE LA CONCORDE,"488,640,680,000","23,201,250,000",2.021E+11,112 767,A01,1,1,11,0,1,1,5,NULL,2.021E+11,149 575,112 767,A01,1,1,4,1,1975,9,8,0,-1,0,0,-1,2.021E+11,4,PLACE DE LA CONCORDE,0,NULL,2,2,1,1,-1,-1,1,NULL,-1,1,-1,5,50
2.021E+11,22,2,2021,13:30:00,1,75,75116,2,2,8,3,ROUTE DE LA PTE DAUPHINE A LA PTE DES SA,"488,749,250,000","22,711,040,000",2.021E+11,111 953,B01,2,1,0,2,8,1,5,NULL,2.021E+11,148 475,111 952,A01,1,1,1,1,1993,4,1,0,-1,0,0,-1,2.021E+11,4,ROUTE DE LA PTE DAUPHINE A LA PTE DES SA,0,NULL,2,4,0,1,-1,-1,1,NULL,-1,1,0,1,50
2.021E+11,22,2,2021,13:30:00,1,75,75116,2,2,8,3,ROUTE DE LA PTE DAUPHINE A LA PTE DES SA,"488,749,250,000","22,711,040,000",2.021E+11,111 953,B01,2,1,0,2,8,1,5,NULL,2.021E+11,148 476,111 953,B01,1,1,4,1,1938,9,8,0,-1,0,0,-1,2.021E+11,4,ROUTE DE LA PTE DAUPHINE A LA PTE DES SA,0,NULL,2,4,0,1,-1,-1,1,NULL,-1,1,0,1,50
2.021E+11,25,2,2021,14:30:00,1,52,52366,1,3,1,1,D3 PK 9+120,"479,171,400,000","51,895,060,000",2.021E+11,111 583,B01,2,1,0,2,3,15,5,NULL,2.021E+11,148 020,111 583,B01,1,1,2,1,1956,5,2,-1,-1,0,0,-1,2.021E+11,3,3,-1,NULL,2,2,0,2,9,120,1,NULL,-1,1,0,1,90
2.021E+11,25,2,2021,14:30:00,1,52,52366,1,3,1,1,D3 PK 9+120,"479,171,400,000","51,895,060,000",2.021E+11,111 583,B01,2,1,0,2,3,15,5,NULL,2.021E+11,148 021,111 584,A01,2,2,1,2,1939,5,1,-1,-1,0,0,-1,2.021E+11,3,3,-1,NULL,2,2,0,2,9,120,1,NULL,-1,1,0,1,90
2.021E+11,25,2,2021,14:30:00,1,52,52366,1,3,1,1,D3 PK 9+120,"479,171,400,000","51,895,060,000",2.021E+11,111 583,B01,2,1,0,2,3,15,5,NULL,2.021E+11,148 022,111 584,A01,1,1,1,1,1934,5,1,-1,-1,0,0,-1,2.021E+11,3,3,-1,NULL,2,2,0,2,9,120,1,NULL,-1,1,0,1,90
2.021E+11,3,2,2021,10:50:00,1,63,63113,2,1,1,3,LEMOY (RUE ROBERT),"458,171,111,341","31,112,966,542",2.021E+11,108 939,A01,1,1,0,2,1,13,5,NULL,2.021E+11,144 583,108 939,A01,1,1,4,1,1939,5,8,0,-1,0,0,-1,2.021E+11,4,LEMOY (RUE ROBERT),0,NULL,2,2,0,1,-1,-1,1,NULL,-1,2,0,1,50
2.021E+11,3,2,2021,10:50:00,1,63,63113,2,1,1,3,LEMOY (RUE ROBERT),"458,171,111,341","31,112,966,542",2.021E+11,108 939,A01,1,1,0,2,1,13,5,NULL,2.021E+11,144 584,108 940,B01,1,1,1,1,1929,5,1,0,-1,0,0,-1,2.021E+11,4,LEMOY (RUE ROBERT),0,NULL,2,2,0,1,-1,-1,1,NULL,-1,2,0,1,50
2.021E+11,27,1,2021,17:00:00,1,94,94046,2,1,1,1,JEAN JAURES (R),"487,895,700,000","24,353,570,000",2.021E+11,106 101,B01,0,1,0,2,1,1,0,NULL,2.021E+11,140 914,106 101,B01,1,1,4,1,1975,0,2,0,-1,-1,-1,-1,2.021E+11,4,JEAN JAURES (R),0,NULL,1,1,1,1,0,0,1,NULL,-1,1,0,5,30
2.021E+11,27,1,2021,17:00:00,1,94,94046,2,1,1,1,JEAN JAURES (R),"487,895,700,000","24,353,570,000",2.021E+11,106 101,B01,0,1,0,2,1,1,0,NULL,2.021E+11,140 915,106 102,A01,1,1,1,1,1991,0,2,6,-1,-1,-1,-1,2.021E+11,4,JEAN JAURES (R),0,NULL,1,1,1,1,0,0,1,NULL,-1,1,0,5,30
2.021E+11,25,1,2021,15:20:00,1,80,80264,1,1,1,7,Rue de Fargny,"499,594,480,000","27,902,860,000",2.021E+11,105 443,A01,3,1,16,0,0,0,5,NULL,2.021E+11,140 012,105 443,A01,1,1,2,1,1957,5,2,-1,-1,0,0,-1,2.021E+11,4,NULL,0,NULL,2,2,0,1,-1,-1,1,NULL,-1,6,0,3,80
2.021E+11,12,10,2021,09:30:00,1,75,75112,2,2,1,3,BOULEVARD DIDEROT,"488,480,310,000","23,928,910,000",2.021E+11,177 802,B01,2,1,0,2,3,18,5,NULL,2.021E+11,235 529,177 802,B01,1,1,4,1,1992,9,8,0,-1,0,0,-1,2.021E+11,4,BOULEVARD DIDEROT,0,NULL,2,2,0,1,-1,-1,1,NULL,-1,1,0,1,30
2.021E+11,12,10,2021,09:30:00,1,75,75112,2,2,1,3,BOULEVARD DIDEROT,"488,480,310,000","23,928,910,000",2.021E+11,177 802,B01,2,1,0,2,3,18,5,NULL,2.021E+11,235 530,177 803,A01,2,2,1,1,2002,1,1,0,-1,0,0,-1,2.021E+11,4,BOULEVARD DIDEROT,0,NULL,2,2,0,1,-1,-1,1,NULL,-1,1,0,1,30
2.021E+11,12,10,2021,09:30:00,1,75,75112,2,2,1,3,BOULEVARD DIDEROT,"488,480,310,000","23,928,910,000",2.021E+11,177 802,B01,2,1,0,2,3,18,5,NULL,2.021E+11,235 531,177 803,A01,1,1,1,1,1997,1,1,0,-1,0,0,-1,2.021E+11,4,BOULEVARD DIDEROT,0,NULL,2,2,0,1,-1,-1,1,NULL,-1,1,0,1,30
2.021E+11,6,10,2021,09:05:00,1,75,75114,2,2,1,3,BOULEVARD JOURDAN,"488,213,700,000","23,343,530,000",2.021E+11,175 178,A01,1,1,0,4,1,19,5,NULL,2.021E+11,232 171,175 178,A01,1,1,4,2,1969,1,2,0,-1,0,0,-1,2.021E+11,4,BOULEVARD JOURDAN,0,NULL,3,2,3,1,-1,-1,1,NULL,-1,1,-1,6,50
2.021E+11,6,10,2021,09:05:00,1,75,75114,2,2,1,3,BOULEVARD JOURDAN,"488,213,700,000","23,343,530,000",2.021E+11,175 178,A01,1,1,0,4,1,19,5,NULL,2.021E+11,232 172,175 179,B01,1,1,1,1,1987,4,1,0,-1,0,0,-1,2.021E+11,4,BOULEVARD JOURDAN,0,NULL,3,2,3,1,-1,-1,1,NULL,-1,1,-1,6,50
2.021E+11,6,10,2021,15:30:00,1,94,94077,2,1,1,6,Avenue de la République,"487,320,310,000","24,107,800,000",2.021E+11,175 163,A01,2,1,14,0,1,26,5,NULL,2.021E+11,232 150,175 163,A01,1,1,4,2,1985,0,8,0,-1,-1,-1,-1,2.021E+11,3,REPUBLIQUE (AV DE LA),0,NULL,2,2,0,2,154,0,1,NULL,-1,1,0,1,50
2.021E+11,6,10,2021,11:00:00,1,93,93029,2,1,1,3,Avenue Marceau,"489,283,420,000","24,361,770,000",2.021E+11,175 151,B01,1,1,0,2,3,0,5,NULL,2.021E+11,232 133,175 151,B01,1,1,4,1,1992,5,8,0,-1,-1,-1,-1,2.021E+11,3,MARCEAU (AVENUE) N° 1-27,0,NULL,2,2,0,1,0,1,1,NULL,-1,1,0,1,50
2.021E+11,6,10,2021,11:00:00,1,93,93029,2,1,1,3,Avenue Marceau,"489,283,420,000","24,361,770,000",2.021E+11,175 151,B01,1,1,0,2,3,0,5,NULL,2.021E+11,232 134,175 152,A01,1,1,1,2,1981,5,8,0,-1,-1,-1,-1,2.021E+11,3,MARCEAU (AVENUE) N° 1-27,0,NULL,2,2,0,1,0,1,1,NULL,-1,1,0,1,50
2.021E+11,6,10,2021,11:00:00,1,93,93029,2,1,1,3,Avenue Marceau,"489,283,420,000","24,361,770,000",2.021E+11,175 151,B01,1,1,0,2,3,0,5,NULL,2.021E+11,232 135,175 152,A01,2,2,1,1,2011,5,8,0,-1,-1,-1,-1,2.021E+11,3,MARCEAU (AVENUE) N° 1-27,0,NULL,2,2,0,1,0,1,1,NULL,-1,1,0,1,50
2.021E+11,28,9,2021,20:10:00,3,66,66136,2,6,1,3,FRANCE LIBRE (BOULEVARD DE LA),"427,054,300,000","29,018,500,000",2.021E+11,172 808,B01,1,1,0,2,1,1,5,NULL,2.021E+11,229 117,172 807,A01,1,1,1,1,1976,4,1,0,-1,-1,-1,-1,2.021E+11,4,FRANCE LIBRE (BOULEVARD DE LA),0,NULL,2,2,0,1,0,0,1,NULL,-1,1,0,1,50
2.021E+11,28,9,2021,20:10:00,3,66,66136,2,6,1,3,FRANCE LIBRE (BOULEVARD DE LA),"427,054,300,000","29,018,500,000",2.021E+11,172 808,B01,1,1,0,2,1,1,5,NULL,2.021E+11,229 118,172 808,B01,1,1,4,1,1966,5,8,0,-1,-1,-1,-1,2.021E+11,4,FRANCE LIBRE (BOULEVARD DE LA),0,NULL,2,2,0,1,0,0,1,NULL,-1,1,0,1,50
2.021E+11,13,9,2021,06:40:00,5,93,93046,2,3,1,3,FIRMIN DIDOT AVENUE,"489,118,300,000","25,209,300,000",2.021E+11,167 270,B01,1,1,0,2,1,1,5,NULL,2.021E+11,221 886,167 270,B01,1,1,4,1,1993,0,8,0,-1,-1,-1,-1,2.021E+11,3,ARISTIDE BRIAND AVENUE,0,NULL,3,4,0,1,1,0,1,NULL,-1,1,0,1,50
2.021E+11,13,9,2021,06:40:00,5,93,93046,2,3,1,3,FIRMIN DIDOT AVENUE,"489,118,300,000","25,209,300,000",2.021E+11,167 270,B01,1,1,0,2,1,1,5,NULL,2.021E+11,221 887,167 271,A01,1,1,1,2,1996,1,1,0,-1,-1,-1,-1,2.021E+11,3,ARISTIDE BRIAND AVENUE,0,NULL,3,4,0,1,1,0,1,NULL,-1,1,0,1,50
2.021E+11,4,9,2021,23:00:00,5,75,75110,2,4,1,4,RUE LA FAYETTE,"488,824,420,000","23,691,840,000",2.021E+11,164 588,B01,1,1,0,2,0,7,5,NULL,2.021E+11,218 374,164 587,C01,1,1,1,1,1992,5,2,0,-1,0,0,-1,2.021E+11,4,RUE LA FAYETTE,0,NULL,2,3,3,1,-1,-1,1,NULL,-1,1,0,6,30
2.021E+11,4,9,2021,23:00:00,5,75,75110,2,4,1,4,RUE LA FAYETTE,"488,824,420,000","23,691,840,000",2.021E+11,164 587,C01,1,1,0,2,1,7,5,NULL,2.021E+11,218 374,164 587,C01,1,1,1,1,1992,5,2,0,-1,0,0,-1,2.021E+11,4,RUE LA FAYETTE,0,NULL,2,3,3,1,-1,-1,1,NULL,-1,1,0,6,30
2.021E+11,4,9,2021,23:00:00,5,75,75110,2,4,1,4,RUE LA FAYETTE,"488,824,420,000","23,691,840,000",2.021E+11,164 588,B01,1,1,0,2,0,7,5,NULL,2.021E+11,218 375,164 588,B01,1,1,4,1,1994,5,2,0,-1,0,0,-1,2.021E+11,4,RUE LA FAYETTE,0,NULL,2,3,3,1,-1,-1,1,NULL,-1,1,0,6,30
2.021E+11,4,9,2021,23:00:00,5,75,75110,2,4,1,4,RUE LA FAYETTE,"488,824,420,000","23,691,840,000",2.021E+11,164 587,C01,1,1,0,2,1,7,5,NULL,2.021E+11,218 375,164 588,B01,1,1,4,1,1994,5,2,0,-1,0,0,-1,2.021E+11,4,RUE LA FAYETTE,0,NULL,2,3,3,1,-1,-1,1,NULL,-1,1,0,6,30
2.021E+11,4,9,2021,23:00:00,5,75,75110,2,4,1,4,RUE LA FAYETTE,"488,824,420,000","23,691,840,000",2.021E+11,164 588,B01,1,1,0,2,0,7,5,NULL,2.021E+11,218 376,164 589,A01,1,1,1,1,1970,4,1,0,-1,0,0,-1,2.021E+11,4,RUE LA FAYETTE,0,NULL,2,3,3,1,-1,-1,1,NULL,-1,1,0,6,30
2.021E+11,4,9,2021,23:00:00,5,75,75110,2,4,1,4,RUE LA FAYETTE,"488,824,420,000","23,691,840,000",2.021E+11,164 587,C01,1,1,0,2,1,7,5,NULL,2.021E+11,218 376,164 589,A01,1,1,1,1,1970,4,1,0,-1,0,0,-1,2.021E+11,4,RUE LA FAYETTE,0,NULL,2,3,3,1,-1,-1,1,NULL,-1,1,0,6,30
2.021E+11,5,9,2021,14:45:00,1,26,26002,1,6,1,3,1845 Route de Marcoz,"452,414,450,000","48,201,980,000",2.021E+11,164 549,B01,2,1,0,2,3,2,6,NULL,2.021E+11,218 317,164 549,B01,1,1,3,2,1952,5,0,-1,-1,0,0,-1,2.021E+11,2,7,-1,NULL,2,2,0,1,7,330,3,NULL,-1,1,5,1,80
2.021E+11,5,9,2021,14:45:00,1,26,26002,1,6,1,3,1845 Route de Marcoz,"452,414,450,000","48,201,980,000",2.021E+11,164 549,B01,2,1,0,2,3,2,6,NULL,2.021E+11,218 318,164 550,A01,1,1,1,2,1990,5,1,-1,-1,0,0,-1,2.021E+11,2,7,-1,NULL,2,2,0,1,7,330,3,NULL,-1,1,5,1,80
2.021E+11,2,9,2021,08:45:00,1,75,75112,2,3,7,3,AVENUE DE GRAVELLE,"488,184,090,000","24,515,840,000",2.021E+11,163 589,B01,2,1,0,2,6,1,5,NULL,2.021E+11,217 030,163 589,B01,1,1,4,2,1981,1,2,0,-1,0,0,-1,2.021E+11,4,AVENUE DE GRAVELLE,0,NULL,2,2,1,1,-1,-1,1,NULL,-1,1,0,5,50
2.021E+11,2,9,2021,08:45:00,1,75,75112,2,3,7,3,AVENUE DE GRAVELLE,"488,184,090,000","24,515,840,000",2.021E+11,163 589,B01,2,1,0,2,6,1,5,NULL,2.021E+11,217 031,163 590,A01,1,1,1,2,1964,1,1,0,-1,0,0,-1,2.021E+11,4,AVENUE DE GRAVELLE,0,NULL,2,2,1,1,-1,-1,1,NULL,-1,1,0,5,50
2.021E+11,31,8,2021,19:20:00,1,92,92026,2,3,1,3,VERDUN (DE 62 A FIN),"489,012,950,949","22,599,488,497",2.021E+11,162 897,B01,1,1,0,2,1,1,5,NULL,2.021E+11,216 147,162 897,B01,1,1,4,1,1982,1,2,0,-1,-1,-1,-1,2.021E+11,3,908,0,NULL,-1,1,0,1,0,0,1,NULL,-1,1,0,5,50
2.021E+11,31,8,2021,19:20:00,1,92,92026,2,3,1,3,VERDUN (DE 62 A FIN),"489,012,950,949","22,599,488,497",2.021E+11,162 897,B01,1,1,0,2,1,1,5,NULL,2.021E+11,216 148,162 898,A01,1,1,1,-1,NULL,-1,-1,-1,-1,-1,-1,-1,2.021E+11,3,908,0,NULL,-1,1,0,1,0,0,1,NULL,-1,1,0,5,50
2.021E+11,26,8,2021,18:40:00,1,14,14193,1,1,1,5,La croix rouge,"491,314,360,000","0,3317250000",2.021E+11,161 361,C01,2,1,0,2,1,1,5,NULL,2.021E+11,214 056,161 361,C01,1,1,4,1,2005,5,0,-1,-1,0,0,-1,2.021E+11,4,101,0,NULL,2,2,0,1,-1,-1,1,NULL,-1,1,0,1,50
2.021E+11,26,8,2021,18:40:00,1,14,14193,1,1,1,5,La croix rouge,"491,314,360,000","0,3317250000",2.021E+11,161 361,C01,2,1,0,2,1,1,5,NULL,2.021E+11,214 057,161 362,B01,1,1,3,1,2010,5,0,-1,-1,0,0,-1,2.021E+11,4,101,0,NULL,2,2,0,1,-1,-1,1,NULL,-1,1,0,1,50
2.021E+11,26,8,2021,18:40:00,1,14,14193,1,1,1,5,La croix rouge,"491,314,360,000","0,3317250000",2.021E+11,161 361,C01,2,1,0,2,1,1,5,NULL,2.021E+11,214 058,161 363,A01,1,1,1,1,2006,5,2,6,-1,0,0,-1,2.021E+11,4,101,0,NULL,2,2,0,1,-1,-1,1,NULL,-1,1,0,1,50
2.021E+11,20,8,2021,09:15:00,1,93,93048,2,3,1,3,Avenue Jean Moulin / Rue Galilée,"488,597,000,000","24,503,000,000",2.021E+11,159 924,B01,2,1,0,2,1,1,0,NULL,2.021E+11,212 100,159 923,A01,1,1,1,1,1971,4,8,8,-1,-1,-1,-1,2.021E+11,3,JEAN MOULIN (AVENUE),0,NULL,2,2,1,2,1,0,1,NULL,-1,1,0,1,30
2.021E+11,20,8,2021,09:15:00,1,93,93048,2,3,1,3,Avenue Jean Moulin / Rue Galilée,"488,597,000,000","24,503,000,000",2.021E+11,159 924,B01,2,1,0,2,1,1,0,NULL,2.021E+11,212 101,159 924,B01,1,1,4,1,1982,1,2,8,-1,-1,-1,-1,2.021E+11,3,JEAN MOULIN (AVENUE),0,NULL,2,2,1,2,1,0,1,NULL,-1,1,0,1,30
2.021E+11,6,8,2021,08:45:00,1,46,46157,2,1,1,2,Le bourg,"445,215,860,000","19,434,540,000",2.021E+11,156 327,A01,1,1,0,2,1,2,5,NULL,2.021E+11,207 068,156 326,B01,1,1,1,1,1967,5,2,-1,-1,0,0,-1,2.021E+11,3,662,-1,NULL,2,2,0,1,48,500,1,NULL,-1,1,0,1,50
2.021E+11,6,8,2021,08:45:00,1,46,46157,2,1,1,2,Le bourg,"445,215,860,000","19,434,540,000",2.021E+11,156 326,B01,1,1,0,2,4,1,5,NULL,2.021E+11,207 068,156 326,B01,1,1,1,1,1967,5,2,-1,-1,0,0,-1,2.021E+11,3,662,-1,NULL,2,2,0,1,48,500,1,NULL,-1,1,0,1,50
2.021E+11,6,8,2021,08:45:00,1,46,46157,2,1,1,2,Le bourg,"445,215,860,000","19,434,540,000",2.021E+11,156 327,A01,1,1,0,2,1,2,5,NULL,2.021E+11,207 069,156 327,A01,1,1,3,1,1971,5,2,-1,-1,0,0,-1,2.021E+11,3,662,-1,NULL,2,2,0,1,48,500,1,NULL,-1,1,0,1,50