Num_Acc,jour,mois,an,hrmn,lum,dep,com,agg,int,atm,col,adr,lat,long,Num_Acc,id_vehicule,num_veh,senc,catv,obs,obsm,choc,manv,motor,occutc,Num_Acc,id_usager,id_vehicule,num_veh,place,catu,grav,sexe,an_nais,trajet,secu1,secu2,secu3,locp,actp,etatp,Num_Acc,catr,voie,v1,v2,circ,nbv,vosp,prof,pr,pr1,plan,lartpc,larrout,surf,infra,situ,vma
2.021E+11,6,8,2021,08:45:00,1,46,46157,2,1,1,2,Le bourg,"445,215,860,000","19,434,540,000",2.021E+11,156 326,B01,1,1,0,2,4,1,5,NULL,2.021E+11,207 069,156 327,A01,1,1,3,1,1971,5,2,-1,-1,0,0,-1,2.021E+11,3,662,-1,NULL,2,2,0,1,48,500,1,NULL,-1,1,0,1,50
2.021E+11,17,6,2021,14:09:00,1,92,92051,2,9,1,3,RICHARD WALLACE (BOULEVARD),"488,752,063,011","22,506,174,445",2.021E+11,141 559,B01,1,1,0,2,0,0,6,NULL,2.021E+11,186 965,141 559,B01,1,1,4,1,1967,0,8,8,-1,-1,-1,-1,2.021E+11,4,NULL,0,NULL,1,4,0,1,0,0,1,NULL,-1,1,0,1,50
2.021E+11,17,6,2021,14:09:00,1,92,92051,2,9,1,3,RICHARD WALLACE (BOULEVARD),"488,752,063,011","22,506,174,445",2.021E+11,141 559,B01,1,1,0,2,0,0,6,NULL,2.021E+11,186 966,141 560,A01,1,1,1,1,1981,0,2,6,-1,-1,-1,-1,2.021E+11,4,NULL,0,NULL,1,4,0,1,0,0,1,NULL,-1,1,0,1,50
2.021E+11,14,6,2021,15:15:00,1,75,75107,2,1,1,6,QUAI VOLTAIRE,"488,588,180,000","23,315,040,000",2.021E+11,140 184,A01,1,1,12,0,1,21,5,NULL,2.021E+11,185 202,140 184,A01,1,1,4,1,1993,9,2,6,-1,0,0,-1,2.021E+11,4,QUAI VOLTAIRE,0,NULL,1,2,1,1,-1,-1,1,NULL,-1,1,0,5,50
2.021E+11,11,6,2021,23:20:00,5,44,44109,2,1,1,3,STRASBOURG ( RUE DE ),"472,164,200,000","-15,516,200,000",2.021E+11,139 125,B01,1,1,0,2,0,1,5,NULL,2.021E+11,183 781,139 125,B01,1,1,4,1,1987,0,8,0,-1,-1,-1,-1,2.021E+11,4,STRASBOURG ( RUE DE ),0,NULL,2,2,2,1,-1,-1,1,NULL,-1,1,0,1,30
2.021E+11,11,6,2021,23:20:00,5,44,44109,2,1,1,3,STRASBOURG ( RUE DE ),"472,164,200,000","-15,516,200,000",2.021E+11,139 125,B01,1,1,0,2,0,1,5,NULL,2.021E+11,183 782,139 126,Z01,1,1,1,-1,NULL,-1,-1,-1,-1,-1,-1,-1,2.021E+11,4,STRASBOURG ( RUE DE ),0,NULL,2,2,2,1,-1,-1,1,NULL,-1,1,0,1,30
2.021E+11,8,6,2021,16:30:00,1,67,67482,2,1,1,3,ROMAINS (ROUTE DES),"485,794,600,000","77,106,800,000",2.021E+11,138 306,B01,1,1,0,2,1,1,5,NULL,2.021E+11,182 711,138 305,A01,1,1,1,1,1976,0,1,8,-1,-1,-1,-1,2.021E+11,4,ROMAINS (ROUTE DES),0,NULL,2,4,1,1,0,0,1,NULL,-1,1,0,1,50
2.021E+11,8,6,2021,16:30:00,1,67,67482,2,1,1,3,ROMAINS (ROUTE DES),"485,794,600,000","77,106,800,000",2.021E+11,138 306,B01,1,1,0,2,1,1,5,NULL,2.021E+11,182 712,138 306,B01,1,1,4,1,1998,5,8,0,-1,-1,-1,-1,2.021E+11,4,ROMAINS (ROUTE DES),0,NULL,2,4,1,1,0,0,1,NULL,-1,1,0,1,50
2.021E+11,3,6,2021,13:00:00,1,2A,2A024,1,1,1,6,D69,"417,751,840,000","90,893,840,000",2.021E+11,136 150,A01,2,1,0,6,8,1,5,NULL,2.021E+11,179 924,136 150,A01,1,1,3,1,1943,5,2,-1,-1,0,0,-1,2.021E+11,3,69,0,D,-1,2,0,1,-1,-1,3,NULL,-1,1,0,1,90
2.021E+11,29,5,2021,11:00:00,1,67,67482,2,3,1,3,BAN DE LA ROCHE (RUE DU),"485,749,720,000","77,301,850,000",2.021E+11,135 597,B01,2,1,0,2,0,19,5,NULL,2.021E+11,179 217,135 597,B01,1,1,4,2,2016,5,2,0,-1,-1,-1,-1,2.021E+11,7,MOLSHEIM (RUE DE),0,NULL,1,2,0,1,-1,-1,1,NULL,-1,1,0,1,50
2.021E+11,29,5,2021,11:00:00,1,67,67482,2,3,1,3,BAN DE LA ROCHE (RUE DU),"485,749,720,000","77,301,850,000",2.021E+11,135 597,B01,2,1,0,2,0,19,5,NULL,2.021E+11,179 218,135 598,A01,1,1,1,1,1970,0,1,8,-1,-1,-1,-1,2.021E+11,7,MOLSHEIM (RUE DE),0,NULL,1,2,0,1,-1,-1,1,NULL,-1,1,0,1,50
2.021E+11,31,5,2021,14:50:00,1,88,88196,2,3,1,3,Boulevard de Colmar,"480,808,080,000","68,964,450,000",2.021E+11,135 347,B01,2,1,0,2,1,1,5,NULL,2.021E+11,178 910,135 347,B01,1,1,3,1,1979,5,2,6,-1,0,0,-1,2.021E+11,3,417,0,D,2,2,2,1,32,500,1,NULL,-1,1,0,5,50
2.021E+11,31,5,2021,14:50:00,1,88,88196,2,3,1,3,Boulevard de Colmar,"480,808,080,000","68,964,450,000",2.021E+11,135 347,B01,2,1,0,2,1,1,5,NULL,2.021E+11,178 911,135 348,A01,1,1,1,1,1960,4,1,-1,-1,0,0,-1,2.021E+11,3,417,0,D,2,2,2,1,32,500,1,NULL,-1,1,0,5,50
2.021E+11,28,5,2021,18:20:00,1,56,56121,2,6,1,3,FAOUEDIC ( AVE DU ),"477,478,300,000","-33,648,900,000",2.021E+11,135 137,B01,1,1,0,2,1,1,5,NULL,2.021E+11,178 641,135 136,A01,1,1,1,1,2000,5,1,8,-1,-1,-1,-1,2.021E+11,4,FAOUEDIC ( AVE DU ),0,NULL,-1,2,3,1,-1,-1,1,NULL,-1,1,5,1,30
2.021E+11,28,5,2021,18:20:00,1,56,56121,2,6,1,3,FAOUEDIC ( AVE DU ),"477,478,300,000","-33,648,900,000",2.021E+11,135 137,B01,1,1,0,2,1,1,5,NULL,2.021E+11,178 642,135 137,B01,1,1,4,1,1977,5,2,0,-1,-1,-1,-1,2.021E+11,4,FAOUEDIC ( AVE DU ),0,NULL,-1,2,3,1,-1,-1,1,NULL,-1,1,5,1,30
2.021E+11,30,5,2021,14:00:00,1,1,1451,2,1,1,6,CHAMBIERE ( RUE DE LA ),"462,116,000,000","52,136,000,000",2.021E+11,134 730,B01,1,1,0,2,1,13,5,NULL,2.021E+11,178 100,134 729,A01,1,1,1,2,1981,5,1,8,-1,-1,-1,-1,2.021E+11,4,NULL,0,NULL,2,2,0,1,-1,-1,1,NULL,-1,1,0,1,50
2.021E+11,30,5,2021,14:00:00,1,1,1451,2,1,1,6,CHAMBIERE ( RUE DE LA ),"462,116,000,000","52,136,000,000",2.021E+11,134 730,B01,1,1,0,2,1,13,5,NULL,2.021E+11,178 101,134 729,A01,2,2,1,1,2007,5,1,8,-1,-1,-1,-1,2.021E+11,4,NULL,0,NULL,2,2,0,1,-1,-1,1,NULL,-1,1,0,1,50
2.021E+11,30,5,2021,14:00:00,1,1,1451,2,1,1,6,CHAMBIERE ( RUE DE LA ),"462,116,000,000","52,136,000,000",2.021E+11,134 730,B01,1,1,0,2,1,13,5,NULL,2.021E+11,178 102,134 729,A01,4,2,1,2,2003,5,1,8,-1,-1,-1,-1,2.021E+11,4,NULL,0,NULL,2,2,0,1,-1,-1,1,NULL,-1,1,0,1,50
2.021E+11,30,5,2021,14:00:00,1,1,1451,2,1,1,6,CHAMBIERE ( RUE DE LA ),"462,116,000,000","52,136,000,000",2.021E+11,134 730,B01,1,1,0,2,1,13,5,NULL,2.021E+11,178 103,134 729,A01,3,2,1,2,2004,0,1,8,-1,-1,-1,-1,2.021E+11,4,NULL,0,NULL,2,2,0,1,-1,-1,1,NULL,-1,1,0,1,50
2.021E+11,30,5,2021,14:00:00,1,1,1451,2,1,1,6,CHAMBIERE ( RUE DE LA ),"462,116,000,000","52,136,000,000",2.021E+11,134 730,B01,1,1,0,2,1,13,5,NULL,2.021E+11,178 104,134 730,B01,1,1,4,1,1969,5,0,-1,-1,-1,-1,-1,2.021E+11,4,NULL,0,NULL,2,2,0,1,-1,-1,1,NULL,-1,1,0,1,50
2.021E+11,27,5,2021,05:29:00,2,94,94046,2,9,1,2,GALLIENI (BD),"487,967,500,000","24,308,800,000",2.021E+11,133 650,B01,0,1,0,2,4,26,5,NULL,2.021E+11,176 689,133 650,B01,1,1,4,1,1968,1,0,0,-1,-1,-1,-1,2.021E+11,4,BD GALLIENI ,0,NULL,2,2,0,1,1,0,1,NULL,-1,1,2,1,50
2.021E+11,27,5,2021,05:29:00,2,94,94046,2,9,1,2,GALLIENI (BD),"487,967,500,000","24,308,800,000",2.021E+11,133 650,B01,0,1,0,2,4,26,5,NULL,2.021E+11,176 690,133 651,C01,1,1,1,-1,NULL,-1,-1,-1,-1,-1,-1,-1,2.021E+11,4,BD GALLIENI ,0,NULL,2,2,0,1,1,0,1,NULL,-1,1,2,1,50
2.021E+11,10,5,2021,15:15:00,1,75,75119,2,7,8,3,PLACE AUGUSTE BARON,"489,007,550,000","23,870,180,000",2.021E+11,129 205,B01,1,1,0,2,4,1,5,NULL,2.021E+11,170 802,129 204,A01,1,1,1,1,1978,9,1,0,-1,0,0,-1,2.021E+11,4,PLACE AUGUSTE BARON,0,NULL,1,5,0,1,-1,-1,2,NULL,-1,1,0,1,50
2.021E+11,10,5,2021,15:15:00,1,75,75119,2,7,8,3,PLACE AUGUSTE BARON,"489,007,550,000","23,870,180,000",2.021E+11,129 205,B01,1,1,0,2,4,1,5,NULL,2.021E+11,170 803,129 205,B01,1,1,4,1,1967,9,8,0,-1,0,0,-1,2.021E+11,4,PLACE AUGUSTE BARON,0,NULL,1,5,0,1,-1,-1,2,NULL,-1,1,0,1,50
2.021E+11,28,4,2021,13:50:00,1,75,75115,2,7,1,6,RUE DU COMMERCE,"488,448,320,000","22,939,800,000",2.021E+11,126 171,A01,2,1,0,1,1,1,5,NULL,2.021E+11,166 845,126 171,A01,10,3,4,2,1965,9,0,-1,-1,2,3,1,2.021E+11,4,RUE DU COMMERCE,0,NULL,2,2,2,1,-1,-1,1,NULL,-1,1,0,5,20
2.021E+11,28,4,2021,13:50:00,1,75,75115,2,7,1,6,RUE DU COMMERCE,"488,448,320,000","22,939,800,000",2.021E+11,126 171,A01,2,1,0,1,1,1,5,NULL,2.021E+11,166 846,126 171,A01,1,1,1,1,1981,4,8,0,-1,0,0,-1,2.021E+11,4,RUE DU COMMERCE,0,NULL,2,2,2,1,-1,-1,1,NULL,-1,1,0,5,20
2.021E+11,27,4,2021,17:15:00,1,75,75115,2,2,1,3,AVENUE EMILE ZOLA,"488,468,790,000","22,924,140,000",2.021E+11,125 919,A01,2,1,0,2,7,1,5,NULL,2.021E+11,166 520,125 919,A01,1,1,4,1,1983,5,8,0,-1,0,0,-1,2.021E+11,4,AVENUE EMILE ZOLA,0,NULL,2,2,0,1,-1,-1,1,NULL,-1,1,0,1,50
2.021E+11,27,4,2021,17:15:00,1,75,75115,2,2,1,3,AVENUE EMILE ZOLA,"488,468,790,000","22,924,140,000",2.021E+11,125 919,A01,2,1,0,2,7,1,5,NULL,2.021E+11,166 521,125 920,B01,1,1,1,1,1966,5,1,0,-1,0,0,-1,2.021E+11,4,AVENUE EMILE ZOLA,0,NULL,2,2,0,1,-1,-1,1,NULL,-1,1,0,1,50
2.021E+11,23,4,2021,14:40:00,1,62,62193,2,1,1,1,ROYALE,"509,573,690,000","18,495,010,000",2.021E+11,125 063,B01,2,1,0,2,1,5,5,NULL,2.021E+11,165 420,125 063,B01,1,1,4,1,1999,5,8,0,-1,-1,-1,-1,2.021E+11,4,ROYALE,0,NULL,1,1,1,1,-1,-1,1,NULL,-1,1,0,1,30
2.021E+11,23,4,2021,14:40:00,1,62,62193,2,1,1,1,ROYALE,"509,573,690,000","18,495,010,000",2.021E+11,125 063,B01,2,1,0,2,1,5,5,NULL,2.021E+11,165 421,125 064,A01,1,1,1,1,1968,5,1,8,-1,-1,-1,-1,2.021E+11,4,ROYALE,0,NULL,1,1,1,1,-1,-1,1,NULL,-1,1,0,1,30
2.021E+11,23,4,2021,14:40:00,1,62,62193,2,1,1,1,ROYALE,"509,573,690,000","18,495,010,000",2.021E+11,125 063,B01,2,1,0,2,1,5,5,NULL,2.021E+11,165 422,125 064,A01,2,2,1,2,1972,5,1,0,-1,-1,-1,-1,2.021E+11,4,ROYALE,0,NULL,1,1,1,1,-1,-1,1,NULL,-1,1,0,1,30
2.021E+11,22,4,2021,15:25:00,1,35,35071,1,1,1,6,CD 798 lieu dit ville courte,"484,451,660,000","-12,458,860,000",2.021E+11,124 875,A01,2,1,0,9,1,0,5,NULL,2.021E+11,165 178,124 875,A01,1,1,4,1,1949,5,2,-1,-1,0,0,-1,2.021E+11,3,798,0,D,2,2,0,1,28,669,1,NULL,-1,1,0,1,80
2.021E+11,21,4,2021,16:53:00,1,6,6088,2,9,1,3,POMPIDOU (BD GEORGES),"436,677,800,000","72,042,700,000",2.021E+11,124 460,B01,0,1,0,2,6,1,6,NULL,2.021E+11,164 640,124 459,A01,1,1,1,1,1988,4,1,0,-1,0,0,-1,2.021E+11,7,POMPIDOU (BD GEORGES),0,NULL,1,3,0,1,-1,-1,1,NULL,-1,1,0,1,50
2.021E+11,21,4,2021,16:53:00,1,6,6088,2,9,1,3,POMPIDOU (BD GEORGES),"436,677,800,000","72,042,700,000",2.021E+11,124 460,B01,0,1,0,2,6,1,6,NULL,2.021E+11,164 641,124 460,B01,1,1,3,1,1975,5,8,8,-1,0,0,-1,2.021E+11,7,POMPIDOU (BD GEORGES),0,NULL,1,3,0,1,-1,-1,1,NULL,-1,1,0,1,50
2.021E+11,17,4,2021,17:30:00,1,53,53094,2,1,1,3,RD 565,"480,019,330,000"," -0,7122870000",2.021E+11,123 555,B01,1,1,0,2,7,19,5,NULL,2.021E+11,163 481,123 554,A01,1,1,1,1,1968,4,1,-1,-1,0,0,-1,2.021E+11,3,565,-1,NULL,2,2,0,2,3,630,1,NULL,-1,1,6,1,30
2.021E+11,17,4,2021,17:30:00,1,53,53094,2,1,1,3,RD 565,"480,019,330,000"," -0,7122870000",2.021E+11,123 555,B01,1,1,0,2,7,19,5,NULL,2.021E+11,163 482,123 555,B01,1,1,4,1,2008,5,0,-1,-1,0,0,-1,2.021E+11,3,565,-1,NULL,2,2,0,2,3,630,1,NULL,-1,1,6,1,30
2.021E+11,15,4,2021,11:20:00,1,92,92040,2,1,1,3,VOLTAIRE (BOULEVARD),"488,264,833,725","22,797,998,786",2.021E+11,123 137,B01,2,1,1,0,1,1,5,NULL,2.021E+11,162 929,123 137,B01,1,1,4,1,1992,0,8,0,-1,-1,-1,-1,2.021E+11,3,50,0,NULL,2,4,2,1,0,0,1,NULL,-1,1,0,5,30
2.021E+11,15,4,2021,11:20:00,1,92,92040,2,1,1,3,VOLTAIRE (BOULEVARD),"488,264,833,725","22,797,998,786",2.021E+11,123 137,B01,2,1,1,0,1,1,5,NULL,2.021E+11,162 930,123 138,A01,1,1,1,1,1945,3,8,0,-1,-1,-1,-1,2.021E+11,3,50,0,NULL,2,4,2,1,0,0,1,NULL,-1,1,0,5,30
2.021E+11,17,3,2021,17:10:00,1,94,94018,2,1,2,1,PARIS (R DE),"488,221,600,000","24,124,500,000",2.021E+11,116 561,B01,1,1,0,2,1,13,5,NULL,2.021E+11,154 419,116 560,A01,1,1,1,1,1987,9,1,8,-1,-1,-1,-1,2.021E+11,3,R DE PARIS,0,NULL,2,2,1,1,1,0,1,NULL,-1,2,0,1,30
2.021E+11,17,3,2021,17:10:00,1,94,94018,2,1,2,1,PARIS (R DE),"488,221,600,000","24,124,500,000",2.021E+11,116 561,B01,1,1,0,2,1,13,5,NULL,2.021E+11,154 420,116 561,B01,1,1,4,1,1984,9,2,8,-1,-1,-1,-1,2.021E+11,3,R DE PARIS,0,NULL,2,2,1,1,1,0,1,NULL,-1,2,0,1,30
2.021E+11,14,2,2021,11:30:00,1,6,6088,1,3,1,5,CORNICHE FLEURIE (AV. DE LA),"436,847,650,000","72,094,460,000",2.021E+11,109 609,C01,2,1,0,2,1,1,5,NULL,2.021E+11,145 482,109 609,C01,1,1,4,1,2007,5,2,6,-1,0,0,-1,2.021E+11,4,CAPPATTI (AV. LOUIS),0,NULL,2,-1,0,1,-1,-1,1,NULL,-1,1,0,1,50
2.021E+11,14,2,2021,11:30:00,1,6,6088,1,3,1,5,CORNICHE FLEURIE (AV. DE LA),"436,847,650,000","72,094,460,000",2.021E+11,109 609,C01,2,1,0,2,1,1,5,NULL,2.021E+11,145 483,109 610,A01,1,1,1,2,1971,5,1,0,0,0,0,-1,2.021E+11,4,CAPPATTI (AV. LOUIS),0,NULL,2,-1,0,1,-1,-1,1,NULL,-1,1,0,1,50
2.021E+11,14,2,2021,11:30:00,1,6,6088,1,3,1,5,CORNICHE FLEURIE (AV. DE LA),"436,847,650,000","72,094,460,000",2.021E+11,109 609,C01,2,1,0,2,1,1,5,NULL,2.021E+11,145 484,109 611,B01,1,1,1,1,1958,5,1,0,0,0,0,-1,2.021E+11,4,CAPPATTI (AV. LOUIS),0,NULL,2,-1,0,1,-1,-1,1,NULL,-1,1,0,1,50
2.021E+11,9,2,2021,20:05:00,4,75,75115,2,4,1,1,RUE DES MORILLONS,"488,328,030,000","23,004,950,000",2.021E+11,108 891,A01,1,1,0,2,1,1,5,NULL,2.021E+11,144 519,108 891,A01,1,1,3,2,1959,1,8,0,-1,0,0,-1,2.021E+11,4,RUE DES MORILLONS,0,NULL,2,2,0,1,-1,-1,1,NULL,-1,1,0,1,50
2.021E+11,9,2,2021,20:05:00,4,75,75115,2,4,1,1,RUE DES MORILLONS,"488,328,030,000","23,004,950,000",2.021E+11,108 891,A01,1,1,0,2,1,1,5,NULL,2.021E+11,144 520,108 892,Z01,1,1,1,1,1984,9,8,0,0,0,0,-1,2.021E+11,4,RUE DES MORILLONS,0,NULL,2,2,0,1,-1,-1,1,NULL,-1,1,0,1,50
2.021E+11,9,2,2021,15:00:00,1,33,33281,2,3,3,3,Avenue du Truc,"448,492,900,000"," -0,6545000000",2.021E+11,108 732,B01,1,1,0,2,1,1,0,NULL,2.021E+11,144 321,108 732,B01,1,1,3,1,1939,0,8,-1,-1,-1,-1,-1,2.021E+11,4,AVE DU TRUC,0,NULL,2,2,2,1,-1,-1,1,NULL,-1,2,0,5,50
2.021E+11,9,2,2021,15:00:00,1,33,33281,2,3,3,3,Avenue du Truc,"448,492,900,000"," -0,6545000000",2.021E+11,108 732,B01,1,1,0,2,1,1,0,NULL,2.021E+11,144 322,108 733,A01,1,1,1,1,1993,1,1,-1,-1,-1,-1,-1,2.021E+11,4,AVE DU TRUC,0,NULL,2,2,2,1,-1,-1,1,NULL,-1,2,0,5,50
2.021E+11,4,2,2021,18:00:00,4,54,54025,1,1,1,2,RD 126,"486,598,500,000","62,506,100,000",2.021E+11,108 006,B01,2,1,0,2,4,1,5,NULL,2.021E+11,143 357,108 005,Z01,1,1,1,-1,NULL,-1,-1,-1,-1,-1,-1,-1,2.021E+11,7,RD 126,0,NULL,2,2,0,1,1,722,1,NULL,-1,1,0,1,70
2.021E+11,4,2,2021,18:00:00,4,54,54025,1,1,1,2,RD 126,"486,598,500,000","62,506,100,000",2.021E+11,108 006,B01,2,1,0,2,4,1,5,NULL,2.021E+11,143 358,108 006,B01,1,1,4,2,1969,0,2,0,-1,0,0,-1,2.021E+11,7,RD 126,0,NULL,2,2,0,1,1,722,1,NULL,-1,1,0,1,70
2.021E+11,4,2,2021,16:00:00,1,6,6085,2,1,1,1,1028 Avenue Notre-dame de Vie,"435,961,180,000","70,017,340,000",2.021E+11,107 661,A01,2,1,0,2,8,9,5,NULL,2.021E+11,142 924,107 661,A01,1,1,3,1,1965,5,2,-1,-1,0,0,-1,2.021E+11,3,NULL,-1,NULL,2,2,1,1,6,297,1,NULL,-1,1,0,1,30
2.021E+11,4,2,2021,16:00:00,1,6,6085,2,1,1,1,1028 Avenue Notre-dame de Vie,"435,961,180,000","70,017,340,000",2.021E+11,107 661,A01,2,1,0,2,8,9,5,NULL,2.021E+11,142 925,107 662,B01,1,1,1,2,1954,5,1,-1,-1,0,0,-1,2.021E+11,3,NULL,-1,NULL,2,2,1,1,6,297,1,NULL,-1,1,0,1,30
2.021E+11,4,1,2021,08:10:00,2,93,93055,2,3,1,3,JULES AUFFRET (1/49 ET 2/54),"488,874,996,701","24,103,069,848",2.021E+11,101 279,B01,2,1,0,2,1,1,5,NULL,2.021E+11,134 400,101 278,A01,1,1,1,1,1960,4,1,0,-1,-1,-1,-1,2.021E+11,3,JULES AUFFRET (1/49 ET 2/54),0,NULL,2,2,0,2,0,1,1,NULL,-1,1,0,1,50
2.021E+11,4,1,2021,08:10:00,2,93,93055,2,3,1,3,JULES AUFFRET (1/49 ET 2/54),"488,874,996,701","24,103,069,848",2.021E+11,101 279,B01,2,1,0,2,1,1,5,NULL,2.021E+11,134 401,101 279,B01,1,1,4,1,2003,2,8,0,-1,-1,-1,-1,2.021E+11,3,JULES AUFFRET (1/49 ET 2/54),0,NULL,2,2,0,2,0,1,1,NULL,-1,1,0,1,50
2.021E+11,25,10,2021,15:14:00,1,33,33318,2,6,1,3,Avenue de Saige,"447,899,700,000"," -0,6345900000",2.021E+11,181 901,B01,3,1,0,2,7,9,5,NULL,2.021E+11,240 910,181 900,A01,1,1,1,1,1977,1,1,-1,-1,-1,-1,-1,2.021E+11,4,SAIGE (AVE DE),0,NULL,2,2,2,1,-1,-1,1,NULL,-1,1,0,1,50
2.021E+11,25,10,2021,15:14:00,1,33,33318,2,6,1,3,Avenue de Saige,"447,899,700,000"," -0,6345900000",2.021E+11,181 901,B01,3,1,0,2,7,9,5,NULL,2.021E+11,240 911,181 901,B01,1,1,4,1,1996,1,0,-1,-1,-1,-1,-1,2.021E+11,4,SAIGE (AVE DE),0,NULL,2,2,2,1,-1,-1,1,NULL,-1,1,0,1,50
2.021E+11,21,10,2021,13:35:00,1,44,44063,1,1,1,2,Maupay,"470,671,070,000","-12,007,930,000",2.021E+11,180 096,B01,1,1,0,2,4,1,0,NULL,2.021E+11,238 531,180 095,A01,1,1,1,1,2002,4,1,-1,-1,0,0,-1,2.021E+11,3,149,0,A,2,2,0,1,6,747,1,NULL,-1,1,0,1,80
2.021E+11,21,10,2021,13:35:00,1,44,44063,1,1,1,2,Maupay,"470,671,070,000","-12,007,930,000",2.021E+11,180 096,B01,1,1,0,2,4,1,0,NULL,2.021E+11,238 532,180 096,B01,1,1,2,1,1952,5,0,-1,-1,0,0,-1,2.021E+11,3,149,0,A,2,2,0,1,6,747,1,NULL,-1,1,0,1,80
2.021E+11,13,10,2021,09:00:00,1,22,22113,2,6,1,3,AERODROME (RUE DE L'),"487,463,448,143","-34,666,628,837",2.021E+11,177 996,B01,0,1,0,2,4,0,5,NULL,2.021E+11,235 783,177 996,B01,1,1,4,1,1947,5,2,0,-1,-1,-1,-1,2.021E+11,4,AERODROME (RUE DE L'),0,NULL,2,2,0,1,1,0,1,NULL,-1,1,0,1,50
2.021E+11,13,10,2021,09:00:00,1,22,22113,2,6,1,3,AERODROME (RUE DE L'),"487,463,448,143","-34,666,628,837",2.021E+11,177 996,B01,0,1,0,2,4,0,5,NULL,2.021E+11,235 784,177 997,A01,1,1,1,2,1972,1,1,0,-1,-1,-1,-1,2.021E+11,4,AERODROME (RUE DE L'),0,NULL,2,2,0,1,1,0,1,NULL,-1,1,0,1,50
2.021E+11,8,10,2021,16:45:00,1,75,75104,2,2,1,3,RUE DE RIVOLI,"488,559,560,000","23,579,830,000",2.021E+11,175 933,A01,1,1,0,2,4,18,5,NULL,2.021E+11,233 125,175 932,B01,1,1,4,1,1968,5,2,0,-1,0,0,-1,2.021E+11,4,RUE DE RIVOLI,0,NULL,2,4,1,1,-1,-1,1,NULL,-1,1,-1,5,30
2.021E+11,8,10,2021,16:45:00,1,75,75104,2,2,1,3,RUE DE RIVOLI,"488,559,560,000","23,579,830,000",2.021E+11,175 933,A01,1,1,0,2,4,18,5,NULL,2.021E+11,233 126,175 933,A01,1,1,1,1,1982,9,2,0,-1,0,0,-1,2.021E+11,4,RUE DE RIVOLI,0,NULL,2,4,1,1,-1,-1,1,NULL,-1,1,-1,5,30
2.021E+11,6,10,2021,19:00:00,1,63,63213,1,1,1,3,D1093,"458,341,410,000","32,693,430,000",2.021E+11,175 060,B01,1,1,0,0,8,1,5,NULL,2.021E+11,232 015,175 059,A01,1,1,1,1,1960,5,1,-1,-1,0,0,-1,2.021E+11,3,1093,0,NULL,2,2,0,2,32,400,1,NULL,-1,1,0,1,80
2.021E+11,6,10,2021,19:00:00,1,63,63213,1,1,1,3,D1093,"458,341,410,000","32,693,430,000",2.021E+11,175 060,B01,1,1,0,0,8,1,5,NULL,2.021E+11,232 016,175 060,B01,1,1,4,1,1963,5,2,-1,-1,0,0,-1,2.021E+11,3,1093,0,NULL,2,2,0,2,32,400,1,NULL,-1,1,0,1,80
2.021E+11,2,10,2021,11:25:00,1,65,65320,1,1,1,2,RD 8,"431,204,110,000","0,1186290000",2.021E+11,175 055,B01,2,1,0,0,6,1,5,NULL,2.021E+11,232 011,175 055,B01,1,1,3,1,1978,5,2,-1,-1,0,0,-1,2.021E+11,3,NULL,-1,NULL,2,2,2,1,13,200,1,NULL,-1,1,0,5,90
2.021E+11,2,10,2021,11:25:00,1,65,65320,1,1,1,2,RD 8,"431,204,110,000","0,1186290000",2.021E+11,175 055,B01,2,1,0,0,6,1,5,NULL,2.021E+11,232 012,175 056,A01,1,1,1,1,1982,5,1,-1,-1,0,0,-1,2.021E+11,3,NULL,-1,NULL,2,2,2,1,13,200,1,NULL,-1,1,0,5,90
2.021E+11,2,10,2021,12:16:00,1,94,94028,2,1,1,5,Avenue de Verdun,"487,995,900,000","24,670,900,000",2.021E+11,173 694,B01,1,1,0,2,8,2,5,NULL,2.021E+11,230 245,173 693,A01,1,1,1,2,1998,5,1,0,-1,-1,-1,-1,2.021E+11,3,VERDUN.(AVENUE DE),0,NULL,1,2,0,1,1,0,1,NULL,-1,1,0,1,50
2.021E+11,2,10,2021,12:16:00,1,94,94028,2,1,1,5,Avenue de Verdun,"487,995,900,000","24,670,900,000",2.021E+11,173 694,B01,1,1,0,2,8,2,5,NULL,2.021E+11,230 246,173 694,B01,1,1,4,2,1965,5,0,0,-1,-1,-1,-1,2.021E+11,3,VERDUN.(AVENUE DE),0,NULL,1,2,0,1,1,0,1,NULL,-1,1,0,1,50
2.021E+11,2,10,2021,12:16:00,1,94,94028,2,1,1,5,Avenue de Verdun,"487,995,900,000","24,670,900,000",2.021E+11,173 694,B01,1,1,0,2,8,2,5,NULL,2.021E+11,230 247,173 695,T01,1,1,1,-1,NULL,-1,-1,-1,-1,-1,-1,-1,2.021E+11,3,VERDUN.(AVENUE DE),0,NULL,1,2,0,1,1,0,1,NULL,-1,1,0,1,50
2.021E+11,29,9,2021,15:30:00,1,33,33119,2,3,1,3,Cours de Verdun,"448,514,600,000"," -0,5378700000",2.021E+11,173 218,A01,1,1,0,2,1,5,5,NULL,2.021E+11,229 630,173 218,A01,1,1,4,2,1964,0,2,-1,-1,-1,-1,-1,2.021E+11,4,CRS DE VERDUN,0,NULL,1,2,0,1,-1,-1,1,NULL,-1,1,0,1,50
2.021E+11,29,9,2021,15:30:00,1,33,33119,2,3,1,3,Cours de Verdun,"448,514,600,000"," -0,5378700000",2.021E+11,173 218,A01,1,1,0,2,1,5,5,NULL,2.021E+11,229 631,173 219,B01,1,1,1,1,1981,1,1,-1,-1,-1,-1,-1,2.021E+11,4,CRS DE VERDUN,0,NULL,1,2,0,1,-1,-1,1,NULL,-1,1,0,1,50