Num_Acc,jour,mois,an,hrmn,lum,dep,com,agg,int,atm,col,adr,lat,long,Num_Acc,id_vehicule,num_veh,senc,catv,obs,obsm,choc,manv,motor,occutc,Num_Acc,id_usager,id_vehicule,num_veh,place,catu,grav,sexe,an_nais,trajet,secu1,secu2,secu3,locp,actp,etatp,Num_Acc,catr,voie,v1,v2,circ,nbv,vosp,prof,pr,pr1,plan,lartpc,larrout,surf,infra,situ,vma
2.021E+11,29,9,2021,12:53:00,1,75,75113,2,7,1,3,PLACE ABBE GEORGES HENOCQUE,"488,239,523,259","23,535,811,549",2.021E+11,172 593,A01,1,1,0,2,7,1,5,NULL,2.021E+11,228 857,172 592,Z01,1,1,1,-1,NULL,-1,-1,-1,-1,-1,-1,-1,2.021E+11,4,PLACE ABBE GEORGES HENOCQUE,0,NULL,1,1,0,2,-1,-1,1,NULL,-1,1,0,1,30
2.021E+11,29,9,2021,12:53:00,1,75,75113,2,7,1,3,PLACE ABBE GEORGES HENOCQUE,"488,239,523,259","23,535,811,549",2.021E+11,172 593,A01,1,1,0,2,7,1,5,NULL,2.021E+11,228 858,172 593,A01,1,1,4,1,2005,5,2,0,-1,0,0,-1,2.021E+11,4,PLACE ABBE GEORGES HENOCQUE,0,NULL,1,1,0,2,-1,-1,1,NULL,-1,1,0,1,30
2.021E+11,28,9,2021,09:15:00,1,75,75120,2,1,1,2,RUE DES PYRENEES,"488,569,630,000","24,044,670,000",2.021E+11,172 414,A01,1,1,0,2,1,2,5,NULL,2.021E+11,228 621,172 414,A01,1,1,4,1,1990,1,2,0,-1,0,0,-1,2.021E+11,4,RUE DES PYRENEES,0,NULL,2,3,0,1,-1,-1,1,NULL,-1,1,0,1,30
2.021E+11,28,9,2021,09:15:00,1,75,75120,2,1,1,2,RUE DES PYRENEES,"488,569,630,000","24,044,670,000",2.021E+11,172 414,A01,1,1,0,2,1,2,5,NULL,2.021E+11,228 622,172 415,B01,2,2,1,1,1995,4,1,0,-1,0,0,-1,2.021E+11,4,RUE DES PYRENEES,0,NULL,2,3,0,1,-1,-1,1,NULL,-1,1,0,1,30
2.021E+11,28,9,2021,09:15:00,1,75,75120,2,1,1,2,RUE DES PYRENEES,"488,569,630,000","24,044,670,000",2.021E+11,172 414,A01,1,1,0,2,1,2,5,NULL,2.021E+11,228 623,172 415,B01,1,1,1,1,1991,4,1,0,-1,0,0,-1,2.021E+11,4,RUE DES PYRENEES,0,NULL,2,3,0,1,-1,-1,1,NULL,-1,1,0,1,30
2.021E+11,21,9,2021,17:15:00,1,1,1249,2,2,1,3,Montée Neuve,"458,259,400,000","49,479,940,000",2.021E+11,169 885,B01,2,1,0,2,1,1,5,NULL,2.021E+11,225 260,169 884,A01,1,1,1,2,1960,1,1,-1,-1,0,0,-1,2.021E+11,3,71,0,NULL,2,2,0,2,0,702,2,NULL,4,1,5,1,30
2.021E+11,21,9,2021,17:15:00,1,1,1249,2,2,1,3,Montée Neuve,"458,259,400,000","49,479,940,000",2.021E+11,169 885,B01,2,1,0,2,1,1,5,NULL,2.021E+11,225 261,169 885,B01,1,1,4,1,2002,5,2,-1,-1,0,0,-1,2.021E+11,3,71,0,NULL,2,2,0,2,0,702,2,NULL,4,1,5,1,30
2.021E+11,11,9,2021,12:50:00,1,75,75116,2,1,1,6,RUE RAFFET,"488,519,410,000","22,645,450,000",2.021E+11,167 011,A01,2,1,0,1,1,1,5,NULL,2.021E+11,221 521,167 011,A01,10,3,4,2,1960,5,0,-1,-1,2,3,1,2.021E+11,4,RUE RAFFET,0,NULL,1,1,0,4,-1,-1,1,NULL,-1,1,0,1,30
2.021E+11,11,9,2021,12:50:00,1,75,75116,2,1,1,6,RUE RAFFET,"488,519,410,000","22,645,450,000",2.021E+11,167 011,A01,2,1,0,1,1,1,5,NULL,2.021E+11,221 522,167 011,A01,1,1,1,1,1982,5,2,0,-1,0,0,-1,2.021E+11,4,RUE RAFFET,0,NULL,1,1,0,4,-1,-1,1,NULL,-1,1,0,1,30
2.021E+11,4,9,2021,18:30:00,2,74,74082,1,1,1,7,D45,"461,250,100,000","61,659,260,000",2.021E+11,164 202,A01,2,1,13,0,0,1,5,NULL,2.021E+11,217 815,164 202,A01,1,1,3,1,1996,5,2,-1,-1,0,0,-1,2.021E+11,3,45,0,D,2,2,0,2,3,500,4,NULL,-1,1,0,1,80
2.021E+11,3,9,2021,18:45:00,1,75,75102,2,2,1,3,BOULEVARD DE SEBASTOPOL,"488,678,930,000","23,534,570,000",2.021E+11,163 940,B01,1,1,0,2,0,1,5,NULL,2.021E+11,217 487,163 939,A01,1,1,1,2,1997,5,1,0,-1,0,0,-1,2.021E+11,4,BOULEVARD DE SEBASTOPOL,0,NULL,1,5,1,1,-1,-1,1,NULL,-1,1,0,5,30
2.021E+11,3,9,2021,18:45:00,1,75,75102,2,2,1,3,BOULEVARD DE SEBASTOPOL,"488,678,930,000","23,534,570,000",2.021E+11,163 940,B01,1,1,0,2,0,1,5,NULL,2.021E+11,217 488,163 940,B01,1,1,4,1,1964,1,2,0,-1,0,0,-1,2.021E+11,4,BOULEVARD DE SEBASTOPOL,0,NULL,1,5,1,1,-1,-1,1,NULL,-1,1,0,5,30
2.021E+11,29,6,2021,10:45:00,1,83,83016,1,1,1,3,Dn8,"432,182,460,000","58,109,630,000",2.021E+11,162 466,B01,2,1,0,2,0,1,5,NULL,2.021E+11,215 568,162 466,B01,1,1,3,1,1960,5,2,-1,-1,0,0,-1,2.021E+11,3,8,-1,NULL,2,2,0,2,9,250,1,NULL,-1,1,0,1,70
2.021E+11,29,6,2021,10:45:00,1,83,83016,1,1,1,3,Dn8,"432,182,460,000","58,109,630,000",2.021E+11,162 466,B01,2,1,0,2,0,1,5,NULL,2.021E+11,215 569,162 467,A01,1,1,1,1,1957,4,1,-1,-1,0,0,-1,2.021E+11,3,8,-1,NULL,2,2,0,2,9,250,1,NULL,-1,1,0,1,70
2.021E+11,23,8,2021,12:30:00,1,69,69385,2,1,1,6,CHEMIN NEUF (DU) (MO),"457,620,000,000","48,260,000,000",2.021E+11,161 046,A01,2,1,12,0,1,1,5,NULL,2.021E+11,213 645,161 046,A01,1,1,3,2,2003,5,8,-1,-1,-1,-1,-1,2.021E+11,4,CHEMIN NEUF (DU)                    (MO),0,NULL,1,1,2,2,-1,-1,3,NULL,-1,1,0,1,50
2.021E+11,17,8,2021,21:25:00,2,47,47094,2,1,1,2,1450 Route de Marmande,"444,541,490,000","0,2337930000",2.021E+11,159 050,B01,2,1,0,0,4,1,5,NULL,2.021E+11,210 889,159 049,A01,1,1,1,1,1985,1,1,-1,-1,0,0,-1,2.021E+11,3,813,-1,NULL,3,2,0,1,66,980,1,NULL,-1,1,0,1,80
2.021E+11,17,8,2021,21:25:00,2,47,47094,2,1,1,2,1450 Route de Marmande,"444,541,490,000","0,2337930000",2.021E+11,159 050,B01,2,1,0,0,4,1,5,NULL,2.021E+11,210 890,159 050,B01,1,1,2,1,1977,5,0,-1,-1,0,0,-1,2.021E+11,3,813,-1,NULL,3,2,0,1,66,980,1,NULL,-1,1,0,1,80
2.021E+11,11,8,2021,19:20:00,1,75,75112,2,3,1,1,RUE TRAVERSIERE,"488,446,750,000","23,691,440,000",2.021E+11,157 772,B01,1,1,0,2,1,1,5,NULL,2.021E+11,209 104,157 771,A01,1,1,1,1,1998,9,8,0,-1,0,0,-1,2.021E+11,4,RUE TRAVERSIERE,0,NULL,2,2,1,1,-1,-1,1,NULL,-1,1,0,5,30
2.021E+11,11,8,2021,19:20:00,1,75,75112,2,3,1,1,RUE TRAVERSIERE,"488,446,750,000","23,691,440,000",2.021E+11,157 772,B01,1,1,0,2,1,1,5,NULL,2.021E+11,209 105,157 772,B01,1,1,4,1,1958,1,8,0,-1,0,0,-1,2.021E+11,4,RUE TRAVERSIERE,0,NULL,2,2,1,1,-1,-1,1,NULL,-1,1,0,5,30
2.021E+11,11,8,2021,09:01:00,1,75,75114,2,3,1,3,BOULEVARD ARAGO,"488,346,540,000","23,382,210,000",2.021E+11,157 636,B01,1,1,0,2,1,1,5,NULL,2.021E+11,208 921,157 635,A01,1,1,1,2,1990,9,1,8,-1,0,0,-1,2.021E+11,4,BOULEVARD ARAGO,0,NULL,2,4,1,1,-1,-1,1,NULL,-1,1,0,5,50
2.021E+11,11,8,2021,09:01:00,1,75,75114,2,3,1,3,BOULEVARD ARAGO,"488,346,540,000","23,382,210,000",2.021E+11,157 636,B01,1,1,0,2,1,1,5,NULL,2.021E+11,208 922,157 636,B01,1,1,4,2,1972,9,2,0,-1,0,0,-1,2.021E+11,4,BOULEVARD ARAGO,0,NULL,2,4,1,1,-1,-1,1,NULL,-1,1,0,5,50
2.021E+11,1,7,2021,17:00:00,1,92,92004,2,3,1,3,VOLTAIRE  ( BD 01 A 15 ),"489,165,677,380","22,890,213,132",2.021E+11,157 603,B01,1,1,0,2,1,1,0,NULL,2.021E+11,208 876,157 602,A01,1,1,1,1,1973,4,1,0,-1,-1,-1,-1,2.021E+11,3,15,0,NULL,2,2,2,1,0,0,1,NULL,-1,1,0,5,50
2.021E+11,1,7,2021,17:00:00,1,92,92004,2,3,1,3,VOLTAIRE  ( BD 01 A 15 ),"489,165,677,380","22,890,213,132",2.021E+11,157 603,B01,1,1,0,2,1,1,0,NULL,2.021E+11,208 877,157 603,B01,1,1,4,2,1968,1,8,0,-1,-1,-1,-1,2.021E+11,3,15,0,NULL,2,2,2,1,0,0,1,NULL,-1,1,0,5,50
2.021E+11,5,8,2021,10:05:00,1,75,75115,2,2,1,3,BOULEVARD DE GRENELLE,"488,524,720,000","22,906,020,000",2.021E+11,156 368,B01,2,1,0,2,1,1,5,NULL,2.021E+11,207 125,156 367,A01,1,1,1,1,1997,4,1,0,-1,0,0,-1,2.021E+11,4,BOULEVARD DE GRENELLE,0,NULL,2,2,1,1,-1,-1,1,NULL,-1,1,0,5,30
2.021E+11,5,8,2021,10:05:00,1,75,75115,2,2,1,3,BOULEVARD DE GRENELLE,"488,524,720,000","22,906,020,000",2.021E+11,156 368,B01,2,1,0,2,1,1,5,NULL,2.021E+11,207 126,156 368,B01,1,1,4,1,1991,1,2,0,-1,0,0,-1,2.021E+11,4,BOULEVARD DE GRENELLE,0,NULL,2,2,1,1,-1,-1,1,NULL,-1,1,0,5,30
2.021E+11,26,7,2021,15:50:00,1,54,54395,2,1,1,3,SAINTE CATHERINE (RUE),"486,951,000,000","61,883,700,000",2.021E+11,154 411,B01,1,1,0,2,1,1,5,NULL,2.021E+11,204 404,154 411,B01,1,1,4,1,1972,0,2,0,-1,0,0,-1,2.021E+11,4,SAINTE CATHERINE (RUE),0,NULL,1,2,2,1,-1,-1,1,NULL,-1,1,0,1,30
2.021E+11,26,7,2021,15:50:00,1,54,54395,2,1,1,3,SAINTE CATHERINE (RUE),"486,951,000,000","61,883,700,000",2.021E+11,154 411,B01,1,1,0,2,1,1,5,NULL,2.021E+11,204 405,154 412,A01,4,2,1,1,1982,0,8,0,-1,0,0,-1,2.021E+11,4,SAINTE CATHERINE (RUE),0,NULL,1,2,2,1,-1,-1,1,NULL,-1,1,0,1,30
2.021E+11,23,7,2021,22:00:00,5,75,75119,2,1,1,3,BOULEVARD SERURIER,"488,879,990,000","23,953,550,000",2.021E+11,152 773,A01,3,1,0,2,1,9,5,NULL,2.021E+11,202 116,152 772,B01,1,1,4,1,1997,9,8,0,-1,0,0,-1,2.021E+11,4,BOULEVARD SERURIER,0,NULL,3,5,1,2,-1,-1,1,NULL,-1,1,0,5,30
2.021E+11,23,7,2021,22:00:00,5,75,75119,2,1,1,3,BOULEVARD SERURIER,"488,879,990,000","23,953,550,000",2.021E+11,152 772,B01,3,1,0,2,1,1,5,NULL,2.021E+11,202 116,152 772,B01,1,1,4,1,1997,9,8,0,-1,0,0,-1,2.021E+11,4,BOULEVARD SERURIER,0,NULL,3,5,1,2,-1,-1,1,NULL,-1,1,0,5,30
2.021E+11,23,7,2021,22:00:00,5,75,75119,2,1,1,3,BOULEVARD SERURIER,"488,879,990,000","23,953,550,000",2.021E+11,152 773,A01,3,1,0,2,1,9,5,NULL,2.021E+11,202 117,152 773,A01,1,1,1,1,1990,9,8,0,-1,0,0,-1,2.021E+11,4,BOULEVARD SERURIER,0,NULL,3,5,1,2,-1,-1,1,NULL,-1,1,0,5,30
2.021E+11,23,7,2021,22:00:00,5,75,75119,2,1,1,3,BOULEVARD SERURIER,"488,879,990,000","23,953,550,000",2.021E+11,152 772,B01,3,1,0,2,1,1,5,NULL,2.021E+11,202 117,152 773,A01,1,1,1,1,1990,9,8,0,-1,0,0,-1,2.021E+11,4,BOULEVARD SERURIER,0,NULL,3,5,1,2,-1,-1,1,NULL,-1,1,0,5,30
2.021E+11,19,7,2021,19:10:00,1,45,45160,2,2,1,3,Rue de la Biringue,"481,822,840,000","21,116,170,000",2.021E+11,150 967,A01,1,1,0,0,2,19,5,NULL,2.021E+11,199 699,150 967,A01,1,1,4,1,2008,5,8,-1,-1,0,0,-1,2.021E+11,3,D20,-1,NULL,2,2,0,1,13,25,1,NULL,4,1,0,1,50
2.021E+11,19,7,2021,19:10:00,1,45,45160,2,2,1,3,Rue de la Biringue,"481,822,840,000","21,116,170,000",2.021E+11,150 967,A01,1,1,0,0,2,19,5,NULL,2.021E+11,199 700,150 968,B01,1,1,1,1,2000,4,8,-1,-1,0,0,-1,2.021E+11,3,D20,-1,NULL,2,2,0,1,13,25,1,NULL,4,1,0,1,50
2.021E+11,23,6,2021,16:45:00,1,22,22106,2,1,1,3,BREST (RUE DE),"484,948,020,000","-27,152,470,000",2.021E+11,143 684,B01,1,1,0,2,1,1,5,NULL,2.021E+11,189 738,143 684,B01,1,1,4,1,2008,5,2,0,-1,-1,-1,-1,2.021E+11,3,BREST (RUE DE),0,NULL,2,2,0,1,0,0,1,NULL,-1,1,0,4,50
2.021E+11,23,6,2021,16:45:00,1,22,22106,2,1,1,3,BREST (RUE DE),"484,948,020,000","-27,152,470,000",2.021E+11,143 684,B01,1,1,0,2,1,1,5,NULL,2.021E+11,189 739,143 685,A01,1,1,1,2,1995,5,1,0,-1,-1,-1,-1,2.021E+11,3,BREST (RUE DE),0,NULL,2,2,0,1,0,0,1,NULL,-1,1,0,4,50
2.021E+11,14,6,2021,18:15:00,1,59,59299,2,2,1,3,GUESDE (RUE JULES),"506,576,600,000","31,925,070,000",2.021E+11,142 179,A01,0,1,0,2,8,1,5,NULL,2.021E+11,187 802,142 178,B01,1,1,1,1,1979,0,1,0,-1,-1,-1,-1,2.021E+11,7,GUESDE (RUE JULES),0,NULL,2,2,1,1,-1,-1,1,NULL,-1,1,0,1,50
2.021E+11,14,6,2021,18:15:00,1,59,59299,2,2,1,3,GUESDE (RUE JULES),"506,576,600,000","31,925,070,000",2.021E+11,142 179,A01,0,1,0,2,8,1,5,NULL,2.021E+11,187 803,142 179,A01,1,1,3,1,2009,0,8,0,-1,-1,-1,-1,2.021E+11,7,GUESDE (RUE JULES),0,NULL,2,2,1,1,-1,-1,1,NULL,-1,1,0,1,50
2.021E+11,17,6,2021,19:10:00,1,38,38421,2,1,1,3,Rue du Bourgamon,"451,650,700,000","57,611,700,000",2.021E+11,141 721,A01,3,1,0,2,7,1,5,NULL,2.021E+11,187 163,141 721,A01,1,1,4,1,1997,0,8,0,-1,-1,-1,-1,2.021E+11,4,RUE DU BOURGAMON,0,NULL,-1,2,0,1,-1,-1,1,NULL,-1,1,0,1,30
2.021E+11,17,6,2021,19:10:00,1,38,38421,2,1,1,3,Rue du Bourgamon,"451,650,700,000","57,611,700,000",2.021E+11,141 721,A01,3,1,0,2,7,1,5,NULL,2.021E+11,187 164,141 722,Z01,1,1,1,-1,NULL,-1,-1,-1,-1,-1,-1,-1,2.021E+11,4,RUE DU BOURGAMON,0,NULL,-1,2,0,1,-1,-1,1,NULL,-1,1,0,1,30
2.021E+11,4,6,2021,19:00:00,1,92,92062,2,1,1,3,JAURES (RUE JEAN) DU 114 AU 2,"488,827,021,119","22,405,084,611",2.021E+11,136 475,A01,3,1,0,2,1,19,5,NULL,2.021E+11,180 342,136 475,A01,1,1,4,2,2003,0,8,0,-1,-1,-1,-1,2.021E+11,4,4,0,NULL,2,2,0,1,0,0,1,NULL,-1,1,0,1,50
2.021E+11,4,6,2021,19:00:00,1,92,92062,2,1,1,3,JAURES (RUE JEAN) DU 114 AU 2,"488,827,021,119","22,405,084,611",2.021E+11,136 475,A01,3,1,0,2,1,19,5,NULL,2.021E+11,180 343,136 476,B01,1,1,1,1,2002,0,2,0,-1,-1,-1,-1,2.021E+11,4,4,0,NULL,2,2,0,1,0,0,1,NULL,-1,1,0,1,50
2.021E+11,2,6,2021,17:15:00,1,90,90010,2,1,3,3,ANCIEN THEATRE (RUE DE L'),"476,374,600,000","68,627,600,000",2.021E+11,135 985,B01,3,1,0,2,0,0,0,NULL,2.021E+11,179 717,135 984,A01,1,1,1,1,1977,0,1,0,-1,-1,-1,-1,2.021E+11,4,ANCIEN THEATRE (RUE DE L'),0,NULL,2,2,0,1,1,0,1,NULL,-1,2,0,1,50
2.021E+11,2,6,2021,17:15:00,1,90,90010,2,1,3,3,ANCIEN THEATRE (RUE DE L'),"476,374,600,000","68,627,600,000",2.021E+11,135 985,B01,3,1,0,2,0,0,0,NULL,2.021E+11,179 718,135 985,B01,1,1,4,1,1942,5,2,0,-1,-1,-1,-1,2.021E+11,4,ANCIEN THEATRE (RUE DE L'),0,NULL,2,2,0,1,1,0,1,NULL,-1,2,0,1,50
2.021E+11,2,6,2021,09:45:00,1,92,92050,2,1,1,3,PONT DE BEZONS,"489,196,334,802","22,216,066,718",2.021E+11,135 796,A01,2,1,0,2,6,1,5,NULL,2.021E+11,179 478,135 795,Z01,1,1,1,-1,NULL,-1,-1,-1,-1,-1,-1,-1,2.021E+11,3,992,0,NULL,1,2,1,1,0,0,1,NULL,-1,1,9,5,50
2.021E+11,2,6,2021,09:45:00,1,92,92050,2,1,1,3,PONT DE BEZONS,"489,196,334,802","22,216,066,718",2.021E+11,135 796,A01,2,1,0,2,6,1,5,NULL,2.021E+11,179 479,135 796,A01,1,1,4,1,1978,1,2,0,-1,-1,-1,-1,2.021E+11,3,992,0,NULL,1,2,1,1,0,0,1,NULL,-1,1,9,5,50
2.021E+11,30,5,2021,18:50:00,1,75,75115,2,2,1,3,RUE DE LA CONVENTION,"488,372,240,000","22,963,300,000",2.021E+11,135 026,B01,1,1,0,2,1,1,5,NULL,2.021E+11,178 498,135 026,B01,1,1,4,1,1994,5,2,0,-1,0,0,-1,2.021E+11,4,RUE DE LA CONVENTION,0,NULL,2,2,1,1,-1,-1,1,NULL,-1,1,0,1,50
2.021E+11,30,5,2021,18:50:00,1,75,75115,2,2,1,3,RUE DE LA CONVENTION,"488,372,240,000","22,963,300,000",2.021E+11,135 026,B01,1,1,0,2,1,1,5,NULL,2.021E+11,178 499,135 027,A01,1,1,1,2,1962,5,1,0,-1,0,0,-1,2.021E+11,4,RUE DE LA CONVENTION,0,NULL,2,2,1,1,-1,-1,1,NULL,-1,1,0,1,50
2.021E+11,26,5,2021,14:50:00,1,26,26198,2,1,1,3,4 Place du Roubion,"445,552,650,000","47,520,380,000",2.021E+11,133 699,B01,3,1,0,2,0,1,5,NULL,2.021E+11,176 754,133 699,B01,1,1,4,1,1970,5,2,0,-1,0,0,-1,2.021E+11,4,ROUBION (Quai du),0,NULL,1,1,0,2,-1,-1,1,NULL,-1,1,0,1,30
2.021E+11,26,5,2021,14:50:00,1,26,26198,2,1,1,3,4 Place du Roubion,"445,552,650,000","47,520,380,000",2.021E+11,133 699,B01,3,1,0,2,0,1,5,NULL,2.021E+11,176 755,133 700,A01,1,1,1,1,1988,0,1,0,-1,0,0,-1,2.021E+11,4,ROUBION (Quai du),0,NULL,1,1,0,2,-1,-1,1,NULL,-1,1,0,1,30
2.021E+11,27,5,2021,16:53:00,1,86,86132,1,1,1,2,D675,"465,163,420,000","10,222,290,000",2.021E+11,133 605,B01,2,1,0,2,4,2,5,NULL,2.021E+11,176 631,133 604,A01,1,1,1,1,1999,4,8,-1,-1,0,0,-1,2.021E+11,3,675,0,NULL,2,2,0,1,2,150,1,NULL,-1,1,0,1,80
2.021E+11,27,5,2021,16:53:00,1,86,86132,1,1,1,2,D675,"465,163,420,000","10,222,290,000",2.021E+11,133 605,B01,2,1,0,2,4,2,5,NULL,2.021E+11,176 632,133 605,B01,1,1,2,1,1943,5,4,2,-1,0,0,-1,2.021E+11,3,675,0,NULL,2,2,0,1,2,150,1,NULL,-1,1,0,1,80
2.021E+11,8,5,2021,17:05:00,1,94,94016,2,1,1,6,Avenue de la Division Leclerc,"487,865,500,000","23,296,000,000",2.021E+11,128 727,A01,2,1,0,1,2,1,5,NULL,2.021E+11,170 149,128 727,A01,10,3,1,2,1975,0,0,-1,-1,5,3,1,2.021E+11,3,AV DE LA DIVISION LECLERC ,0,NULL,-1,3,1,1,1,0,1,NULL,-1,1,0,5,50
2.021E+11,8,5,2021,17:05:00,1,94,94016,2,1,1,6,Avenue de la Division Leclerc,"487,865,500,000","23,296,000,000",2.021E+11,128 727,A01,2,1,0,1,2,1,5,NULL,2.021E+11,170 150,128 727,A01,1,1,4,1,1997,0,2,0,-1,-1,-1,-1,2.021E+11,3,AV DE LA DIVISION LECLERC ,0,NULL,-1,3,1,1,1,0,1,NULL,-1,1,0,5,50
2.021E+11,4,5,2021,21:30:00,5,60,60665,2,3,1,3,Rue André Mellenne,"494,140,000,000","28,000,000,000",2.021E+11,127 884,B01,1,1,0,0,8,13,5,NULL,2.021E+11,169 052,127 883,A01,1,1,1,1,1969,5,1,0,-1,0,0,-1,2.021E+11,3,MELLENNE (A.),0,NULL,2,2,0,1,-1,-1,1,NULL,-1,1,0,1,50
2.021E+11,4,5,2021,21:30:00,5,60,60665,2,3,1,3,Rue André Mellenne,"494,140,000,000","28,000,000,000",2.021E+11,127 884,B01,1,1,0,0,8,13,5,NULL,2.021E+11,169 053,127 884,B01,1,1,3,1,1991,5,8,0,-1,0,0,-1,2.021E+11,3,MELLENNE (A.),0,NULL,2,2,0,1,-1,-1,1,NULL,-1,1,0,1,50
2.021E+11,11,4,2021,13:05:00,1,93,93001,2,3,1,3,VICTOR HUGO (AVE)  N° 167 =>,"489,124,856,990","23,801,741,084",2.021E+11,122 347,A01,1,1,0,2,1,1,5,NULL,2.021E+11,161 959,122 347,A01,1,1,3,1,1996,5,2,0,-1,-1,-1,-1,2.021E+11,3,VICTOR HUGO (AVE)  N° 167 =>,0,NULL,2,2,0,1,0,1,1,NULL,-1,1,0,1,50
2.021E+11,11,4,2021,13:05:00,1,93,93001,2,3,1,3,VICTOR HUGO (AVE)  N° 167 =>,"489,124,856,990","23,801,741,084",2.021E+11,122 347,A01,1,1,0,2,1,1,5,NULL,2.021E+11,161 960,122 348,B01,1,1,1,1,1994,5,1,8,-1,-1,-1,-1,2.021E+11,3,VICTOR HUGO (AVE)  N° 167 =>,0,NULL,2,2,0,1,0,1,1,NULL,-1,1,0,1,50
2.021E+11,7,4,2021,09:40:00,1,978,97801,2,1,1,1,R JEAN-LUC HAMLET,"180,660,610,000","-630,739,470,000",2.021E+11,121 471,B01,3,1,0,2,1,2,5,NULL,2.021E+11,160 771,121 470,A01,2,2,4,1,2001,5,2,-1,-1,0,0,-1,2.021E+11,9,1,0,NULL,2,2,0,2,0,0,1,NULL,-1,1,0,1,50
2.021E+11,7,4,2021,09:40:00,1,978,97801,2,1,1,1,R JEAN-LUC HAMLET,"180,660,610,000","-630,739,470,000",2.021E+11,121 471,B01,3,1,0,2,1,2,5,NULL,2.021E+11,160 772,121 470,A01,1,1,3,1,1999,5,2,-1,-1,0,0,-1,2.021E+11,9,1,0,NULL,2,2,0,2,0,0,1,NULL,-1,1,0,1,50
2.021E+11,7,4,2021,09:40:00,1,978,97801,2,1,1,1,R JEAN-LUC HAMLET,"180,660,610,000","-630,739,470,000",2.021E+11,121 471,B01,3,1,0,2,1,2,5,NULL,2.021E+11,160 773,121 471,B01,1,1,4,1,2006,5,0,-1,-1,0,0,-1,2.021E+11,9,1,0,NULL,2,2,0,2,0,0,1,NULL,-1,1,0,1,50
2.021E+11,2,4,2021,18:44:00,1,33,33063,2,4,1,2,Cours Maréchal Juin,"448,359,570,000"," -0,5834200000",2.021E+11,120 583,A01,2,1,0,2,2,15,0,NULL,2.021E+11,159 577,120 582,B01,1,1,1,1,1987,1,2,6,-1,-1,-1,-1,2.021E+11,4,CRS MARECHAL JUIN,0,NULL,3,6,2,1,-1,-1,1,NULL,-1,1,5,1,50
2.021E+11,2,4,2021,18:44:00,1,33,33063,2,4,1,2,Cours Maréchal Juin,"448,359,570,000"," -0,5834200000",2.021E+11,120 583,A01,2,1,0,2,2,15,0,NULL,2.021E+11,159 578,120 583,A01,1,1,4,1,1958,5,8,-1,-1,-1,-1,-1,2.021E+11,4,CRS MARECHAL JUIN,0,NULL,3,6,2,1,-1,-1,1,NULL,-1,1,5,1,50
2.021E+11,24,3,2021,15:50:00,1,91,91425,2,9,1,3,RTE D ORLEANS RN 20,"486,399,100,000","22,680,700,000",2.021E+11,118 240,B01,1,1,0,2,0,0,5,NULL,2.021E+11,156 570,118 239,A01,1,1,1,1,1982,4,1,0,-1,-1,-1,-1,2.021E+11,3,20,0,NULL,3,3,0,2,0,0,1,NULL,-1,1,5,1,50
2.021E+11,24,3,2021,15:50:00,1,91,91425,2,9,1,3,RTE D ORLEANS RN 20,"486,399,100,000","22,680,700,000",2.021E+11,118 240,B01,1,1,0,2,0,0,5,NULL,2.021E+11,156 571,118 240,B01,1,1,4,1,2007,5,8,0,-1,-1,-1,-1,2.021E+11,3,20,0,NULL,3,3,0,2,0,0,1,NULL,-1,1,5,1,50
2.021E+11,11,3,2021,07:05:00,2,75,75112,2,1,2,3,BOULEVARD SOULT,"488,434,290,000","24,098,950,000",2.021E+11,115 177,A01,1,1,0,2,7,1,5,NULL,2.021E+11,152 619,115 176,B01,1,1,1,1,1971,9,1,0,-1,0,0,-1,2.021E+11,4,BOULEVARD SOULT,0,NULL,2,4,2,2,-1,-1,1,NULL,-1,2,-1,5,50
2.021E+11,11,3,2021,07:05:00,2,75,75112,2,1,2,3,BOULEVARD SOULT,"488,434,290,000","24,098,950,000",2.021E+11,115 177,A01,1,1,0,2,7,1,5,NULL,2.021E+11,152 620,115 177,A01,1,1,4,2,1975,1,2,0,-1,0,0,-1,2.021E+11,4,BOULEVARD SOULT,0,NULL,2,4,2,2,-1,-1,1,NULL,-1,2,-1,5,50
2.021E+11,25,2,2021,14:20:00,1,94,94077,2,1,1,7,GAMBETTA (AV),"487,288,800,000","24,283,500,000",2.021E+11,111 932,A01,3,1,0,0,0,0,6,NULL,2.021E+11,148 452,111 932,A01,1,1,4,2,1965,5,8,0,-1,-1,-1,-1,2.021E+11,4,GAMBETTA (AV),0,NULL,2,2,0,1,1,0,1,NULL,-1,1,0,1,30
2.021E+11,24,2,2021,15:15:00,1,14,14103,1,1,1,7,Route de Saon,"492,561,320,000"," -0,8692700000",2.021E+11,111 397,A01,1,1,0,0,0,16,5,NULL,2.021E+11,147 785,111 397,A01,1,1,3,1,1952,5,2,6,4,0,0,-1,2.021E+11,3,97,0,NULL,2,2,0,1,-1,-1,1,NULL,-1,1,0,1,80
2.021E+11,20,2,2021,07:15:00,2,40,40046,2,1,1,3,Avenue Marechal Lyautey,"443,907,660,000","-11,608,490,000",2.021E+11,110 837,B01,2,1,0,2,8,1,5,NULL,2.021E+11,147 062,110 837,B01,1,1,3,1,1975,1,2,9,-1,0,0,-1,2.021E+11,3,652,0,D,2,2,0,1,663,0,1,NULL,-1,1,0,1,50