Num_Acc,jour,mois,an,hrmn,lum,dep,com,agg,int,atm,col,adr,lat,long,Num_Acc,id_vehicule,num_veh,senc,catv,obs,obsm,choc,manv,motor,occutc,Num_Acc,id_usager,id_vehicule,num_veh,place,catu,grav,sexe,an_nais,trajet,secu1,secu2,secu3,locp,actp,etatp,Num_Acc,catr,voie,v1,v2,circ,nbv,vosp,prof,pr,pr1,plan,lartpc,larrout,surf,infra,situ,vma
2.021E+11,20,2,2021,07:15:00,2,40,40046,2,1,1,3,Avenue Marechal Lyautey,"443,907,660,000","-11,608,490,000",2.021E+11,110 837,B01,2,1,0,2,8,1,5,NULL,2.021E+11,147 063,110 838,A01,1,1,1,1,1960,5,1,-1,-1,0,0,-1,2.021E+11,3,652,0,D,2,2,0,1,663,0,1,NULL,-1,1,0,1,50
2.021E+11,8,2,2021,11:30:00,1,26,26277,1,3,8,3,Route d’Autichamp,"446,886,100,000","49,445,440,000",2.021E+11,108 285,B01,2,1,0,2,1,15,5,NULL,2.021E+11,143 733,108 284,A01,1,1,1,1,1978,4,1,-1,-1,0,0,-1,2.021E+11,3,166,0,NULL,2,2,0,2,7,157,1,NULL,-1,1,0,1,80
2.021E+11,8,2,2021,11:30:00,1,26,26277,1,3,8,3,Route d’Autichamp,"446,886,100,000","49,445,440,000",2.021E+11,108 285,B01,2,1,0,2,1,15,5,NULL,2.021E+11,143 734,108 285,B01,1,1,3,1,1946,5,0,-1,-1,0,0,-1,2.021E+11,3,166,0,NULL,2,2,0,2,7,157,1,NULL,-1,1,0,1,80
2.021E+11,29,1,2021,08:13:00,1,75,75117,2,2,1,3,AVENUE DE WAGRAM,"488,751,270,000","22,960,210,000",2.021E+11,106 555,B01,1,1,0,2,8,1,5,NULL,2.021E+11,141 488,106 555,B01,1,1,4,2,1985,1,2,0,-1,0,0,-1,2.021E+11,4,AVENUE DE WAGRAM,0,NULL,2,6,1,2,-1,-1,1,NULL,-1,1,-1,5,50
2.021E+11,29,1,2021,08:13:00,1,75,75117,2,2,1,3,AVENUE DE WAGRAM,"488,751,270,000","22,960,210,000",2.021E+11,106 555,B01,1,1,0,2,8,1,5,NULL,2.021E+11,141 489,106 556,A01,1,1,1,1,1996,1,2,6,-1,0,0,-1,2.021E+11,4,AVENUE DE WAGRAM,0,NULL,2,6,1,2,-1,-1,1,NULL,-1,1,-1,5,50
2.021E+11,11,1,2021,10:20:00,1,75,75110,2,2,8,3,RUE DU FAUBOURG SAINT DENIS,"488,793,280,000","23,570,940,000",2.021E+11,102 590,B01,1,1,0,2,3,1,5,NULL,2.021E+11,136 130,102 590,B01,1,1,4,2,1985,5,8,0,-1,0,0,-1,2.021E+11,4,RUE LA FAYETTE,0,NULL,2,4,1,2,-1,-1,1,NULL,-1,1,-1,5,50
2.021E+11,11,1,2021,10:20:00,1,75,75110,2,2,8,3,RUE DU FAUBOURG SAINT DENIS,"488,793,280,000","23,570,940,000",2.021E+11,102 590,B01,1,1,0,2,3,1,5,NULL,2.021E+11,136 131,102 591,A01,1,1,1,1,1995,4,1,0,-1,0,0,-1,2.021E+11,4,RUE LA FAYETTE,0,NULL,2,4,1,2,-1,-1,1,NULL,-1,1,-1,5,50
2.021E+11,11,1,2021,17:42:00,2,75,75107,2,2,1,7,QUAI D ORSAY,"488,628,320,000","23,134,550,000",2.021E+11,102 583,B01,2,1,0,0,0,21,5,NULL,2.021E+11,136 123,102 583,B01,1,1,4,1,1969,1,2,0,-1,0,0,-1,2.021E+11,4,QUAI D ORSAY,0,NULL,2,2,1,1,-1,-1,1,NULL,-1,1,-1,5,50
2.021E+11,3,11,2021,11:40:00,1,75,75110,2,4,1,7,RUE CIVIALE,"488,725,640,000","23,762,320,000",2.021E+11,184 502,A01,2,1,0,0,1,21,5,NULL,2.021E+11,244 447,184 502,A01,1,1,4,1,2004,9,2,0,-1,0,0,-1,2.021E+11,4,RUE CIVIALE,0,NULL,2,2,1,1,-1,-1,1,NULL,-1,1,-1,5,30
2.021E+11,19,10,2021,16:45:00,1,47,47201,2,1,1,2,BEME (AVENUE PAUL),"441,910,500,000","0,5989000000",2.021E+11,180 346,B01,1,1,0,2,4,1,5,NULL,2.021E+11,238 856,180 346,B01,1,1,3,1,1943,5,8,0,-1,0,0,-1,2.021E+11,4,BEME (AVENUE PAUL),0,NULL,2,2,0,2,0,0,1,NULL,-1,1,0,1,30
2.021E+11,19,10,2021,16:45:00,1,47,47201,2,1,1,2,BEME (AVENUE PAUL),"441,910,500,000","0,5989000000",2.021E+11,180 346,B01,1,1,0,2,4,1,5,NULL,2.021E+11,238 857,180 347,Z01,1,1,1,-1,NULL,-1,-1,-1,-1,-1,-1,-1,2.021E+11,4,BEME (AVENUE PAUL),0,NULL,2,2,0,2,0,0,1,NULL,-1,1,0,1,30
2.021E+11,7,10,2021,10:25:00,1,33,33063,2,7,7,3,Cours de la Marne,"448,286,600,000"," -0,5629300000",2.021E+11,175 603,A01,3,1,0,2,8,1,5,NULL,2.021E+11,232 705,175 602,B01,1,1,1,1,1947,5,1,-1,-1,-1,-1,-1,2.021E+11,4,CRS DE LA MARNE,0,NULL,2,2,3,1,-1,-1,1,NULL,-1,1,-1,1,50
2.021E+11,7,10,2021,10:25:00,1,33,33063,2,7,7,3,Cours de la Marne,"448,286,600,000"," -0,5629300000",2.021E+11,175 603,A01,3,1,0,2,8,1,5,NULL,2.021E+11,232 706,175 603,A01,1,1,4,2,1971,0,8,-1,-1,-1,-1,-1,2.021E+11,4,CRS DE LA MARNE,0,NULL,2,2,3,1,-1,-1,1,NULL,-1,1,-1,1,50
2.021E+11,30,9,2021,19:20:00,1,83,83126,2,1,1,6,PACHA (CORNICHE MICHEL),"430,928,620,000","59,040,390,000",2.021E+11,173 982,B01,1,1,0,2,4,2,5,NULL,2.021E+11,230 615,173 981,A01,1,1,1,1,1990,5,2,6,-1,-1,-1,-1,2.021E+11,4,PACHA (CORNICHE MICHEL),0,NULL,2,2,0,1,0,0,1,NULL,-1,1,0,1,50
2.021E+11,30,9,2021,19:20:00,1,83,83126,2,1,1,6,PACHA (CORNICHE MICHEL),"430,928,620,000","59,040,390,000",2.021E+11,173 982,B01,1,1,0,2,4,2,5,NULL,2.021E+11,230 616,173 982,B01,1,1,4,1,1975,5,8,0,-1,-1,-1,-1,2.021E+11,4,PACHA (CORNICHE MICHEL),0,NULL,2,2,0,1,0,0,1,NULL,-1,1,0,1,50
2.021E+11,1,10,2021,07:35:00,2,45,45302,2,3,1,3,Ancienne Route de Chartres,"479,413,500,000","18,888,700,000",2.021E+11,173 860,B01,1,1,0,2,1,1,5,NULL,2.021E+11,230 455,173 860,B01,1,1,4,1,1971,1,8,0,-1,-1,-1,-1,2.021E+11,3,CHARTRES (ANCIENNE ROUTE DE),0,NULL,2,2,0,1,-1,-1,3,NULL,-1,1,0,1,50
2.021E+11,1,10,2021,07:35:00,2,45,45302,2,3,1,3,Ancienne Route de Chartres,"479,413,500,000","18,888,700,000",2.021E+11,173 860,B01,1,1,0,2,1,1,5,NULL,2.021E+11,230 456,173 861,A01,1,1,1,1,1965,1,1,0,-1,-1,-1,-1,2.021E+11,3,CHARTRES (ANCIENNE ROUTE DE),0,NULL,2,2,0,1,-1,-1,3,NULL,-1,1,0,1,50
2.021E+11,29,9,2021,16:55:00,1,24,24138,1,1,1,4,CHURCHILL ( AVENUE WINSTON),"451,851,300,000","0,6989500000",2.021E+11,173 784,C01,-1,1,0,0,4,1,5,NULL,2.021E+11,230 358,173 784,C01,1,2,1,2,2014,-1,2,0,0,-1,-1,-1,2.021E+11,3,CHURCHILL ( AVENUE WINSTON),0,NULL,2,2,0,4,0,0,2,NULL,-1,1,0,1,50
2.021E+11,29,9,2021,16:55:00,1,24,24138,1,1,1,4,CHURCHILL ( AVENUE WINSTON),"451,851,300,000","0,6989500000",2.021E+11,173 784,C01,-1,1,0,0,4,1,5,NULL,2.021E+11,230 359,173 784,C01,2,2,1,2,2016,-1,2,0,0,-1,-1,-1,2.021E+11,3,CHURCHILL ( AVENUE WINSTON),0,NULL,2,2,0,4,0,0,2,NULL,-1,1,0,1,50
2.021E+11,29,9,2021,16:55:00,1,24,24138,1,1,1,4,CHURCHILL ( AVENUE WINSTON),"451,851,300,000","0,6989500000",2.021E+11,173 784,C01,-1,1,0,0,4,1,5,NULL,2.021E+11,230 360,173 784,C01,1,1,1,1,1983,-1,2,9,0,-1,-1,-1,2.021E+11,3,CHURCHILL ( AVENUE WINSTON),0,NULL,2,2,0,4,0,0,2,NULL,-1,1,0,1,50
2.021E+11,29,9,2021,16:55:00,1,24,24138,1,1,1,4,CHURCHILL ( AVENUE WINSTON),"451,851,300,000","0,6989500000",2.021E+11,173 784,C01,-1,1,0,0,4,1,5,NULL,2.021E+11,230 361,173 785,A01,1,1,3,1,1962,0,1,8,-1,-1,-1,-1,2.021E+11,3,CHURCHILL ( AVENUE WINSTON),0,NULL,2,2,0,4,0,0,2,NULL,-1,1,0,1,50
2.021E+11,29,9,2021,16:55:00,1,24,24138,1,1,1,4,CHURCHILL ( AVENUE WINSTON),"451,851,300,000","0,6989500000",2.021E+11,173 784,C01,-1,1,0,0,4,1,5,NULL,2.021E+11,230 362,173 786,B01,1,1,4,1,1966,1,1,0,-1,-1,-1,-1,2.021E+11,3,CHURCHILL ( AVENUE WINSTON),0,NULL,2,2,0,4,0,0,2,NULL,-1,1,0,1,50
2.021E+11,17,9,2021,15:18:00,1,75,75111,2,2,1,3,AVENUE PHILIPPE AUGUSTE,"488,506,690,000","23,944,930,000",2.021E+11,168 721,A01,1,1,0,2,1,1,5,NULL,2.021E+11,223 713,168 720,B01,1,1,4,1,1999,9,2,6,-1,0,0,-1,2.021E+11,4,AVENUE PHILIPPE AUGUSTE,0,NULL,2,0,2,1,-1,-1,1,NULL,-1,1,0,5,30
2.021E+11,17,9,2021,15:18:00,1,75,75111,2,2,1,3,AVENUE PHILIPPE AUGUSTE,"488,506,690,000","23,944,930,000",2.021E+11,168 721,A01,1,1,0,2,1,1,5,NULL,2.021E+11,223 714,168 721,A01,1,1,1,1,2000,9,8,0,-1,0,0,-1,2.021E+11,4,AVENUE PHILIPPE AUGUSTE,0,NULL,2,0,2,1,-1,-1,1,NULL,-1,1,0,5,30
2.021E+11,15,9,2021,07:05:00,2,45,45234,2,2,1,3,Boulevard Guy - Marie Riobe,"479,128,800,000","19,124,200,000",2.021E+11,168 105,B01,3,1,0,2,8,1,0,NULL,2.021E+11,222 927,168 105,B01,1,1,4,1,1987,1,0,0,-1,-1,-1,-1,2.021E+11,4,RIOBE (BOULEVARD GUY MARIE),0,NULL,2,2,0,1,-1,-1,1,NULL,-1,2,5,1,50
2.021E+11,15,9,2021,07:05:00,2,45,45234,2,2,1,3,Boulevard Guy - Marie Riobe,"479,128,800,000","19,124,200,000",2.021E+11,168 105,B01,3,1,0,2,8,1,0,NULL,2.021E+11,222 928,168 106,A01,1,1,1,1,1961,1,1,0,-1,-1,-1,-1,2.021E+11,4,RIOBE (BOULEVARD GUY MARIE),0,NULL,2,2,0,1,-1,-1,1,NULL,-1,2,5,1,50
2.021E+11,10,9,2021,23:50:00,5,75,75114,2,1,1,3,AVENUE DU MAINE,"488,284,150,000","23,267,040,000",2.021E+11,166 752,A01,1,1,0,2,8,9,5,NULL,2.021E+11,221 170,166 752,A01,1,1,4,1,1978,9,2,0,-1,0,0,-1,2.021E+11,4,AVENUE DU MAINE,0,NULL,2,5,0,1,-1,-1,1,NULL,-1,1,0,1,50
2.021E+11,10,9,2021,23:50:00,5,75,75114,2,1,1,3,AVENUE DU MAINE,"488,284,150,000","23,267,040,000",2.021E+11,166 752,A01,1,1,0,2,8,9,5,NULL,2.021E+11,221 171,166 753,B01,1,1,1,1,1967,9,2,0,-1,0,0,-1,2.021E+11,4,AVENUE DU MAINE,0,NULL,2,5,0,1,-1,-1,1,NULL,-1,1,0,1,50
2.021E+11,29,4,2021,16:00:00,1,19,19031,2,2,1,3,TURGOT (AVENUE),"451,653,300,000","15,205,600,000",2.021E+11,166 195,B01,2,1,0,2,8,1,5,NULL,2.021E+11,220 451,166 194,A01,1,1,1,2,1964,4,1,0,-1,-1,-1,-1,2.021E+11,3,TURGOT (AVENUE),0,NULL,2,3,0,1,-1,-1,1,NULL,-1,1,0,1,50
2.021E+11,29,4,2021,16:00:00,1,19,19031,2,2,1,3,TURGOT (AVENUE),"451,653,300,000","15,205,600,000",2.021E+11,166 195,B01,2,1,0,2,8,1,5,NULL,2.021E+11,220 452,166 195,B01,1,1,3,1,1973,3,2,0,-1,-1,-1,-1,2.021E+11,3,TURGOT (AVENUE),0,NULL,2,3,0,1,-1,-1,1,NULL,-1,1,0,1,50
2.021E+11,8,9,2021,17:45:00,1,45,45234,2,4,1,3,Rue du Pressoir Blanc,"478,846,100,000","18,875,000,000",2.021E+11,166 129,B01,0,1,0,2,7,1,5,NULL,2.021E+11,220 368,166 129,B01,1,1,4,1,1990,1,2,0,-1,-1,-1,-1,2.021E+11,4,CORNE DE CERF (RUE DE LA ),0,NULL,2,2,0,1,-1,-1,1,NULL,-1,1,0,1,50
2.021E+11,8,9,2021,17:45:00,1,45,45234,2,4,1,3,Rue du Pressoir Blanc,"478,846,100,000","18,875,000,000",2.021E+11,166 129,B01,0,1,0,2,7,1,5,NULL,2.021E+11,220 369,166 130,A01,2,2,1,1,2004,0,1,0,-1,-1,-1,-1,2.021E+11,4,CORNE DE CERF (RUE DE LA ),0,NULL,2,2,0,1,-1,-1,1,NULL,-1,1,0,1,50
2.021E+11,8,9,2021,17:45:00,1,45,45234,2,4,1,3,Rue du Pressoir Blanc,"478,846,100,000","18,875,000,000",2.021E+11,166 129,B01,0,1,0,2,7,1,5,NULL,2.021E+11,220 370,166 130,A01,1,1,1,2,1976,9,1,0,-1,-1,-1,-1,2.021E+11,4,CORNE DE CERF (RUE DE LA ),0,NULL,2,2,0,1,-1,-1,1,NULL,-1,1,0,1,50
2.021E+11,1,9,2021,19:20:00,1,6,6088,2,2,1,1,FAURE (AV. FELIX),"436,980,750,000","72,727,900,000",2.021E+11,163 618,A01,2,1,0,2,1,1,5,NULL,2.021E+11,217 064,163 617,B01,1,1,1,-1,NULL,-1,8,8,8,0,0,-1,2.021E+11,4,FAURE (AV. FELIX),0,NULL,2,2,1,1,-1,-1,1,NULL,-1,1,0,5,50
2.021E+11,1,9,2021,19:20:00,1,6,6088,2,2,1,1,FAURE (AV. FELIX),"436,980,750,000","72,727,900,000",2.021E+11,163 617,B01,1,1,0,2,1,1,5,NULL,2.021E+11,217 064,163 617,B01,1,1,1,-1,NULL,-1,8,8,8,0,0,-1,2.021E+11,4,FAURE (AV. FELIX),0,NULL,2,2,1,1,-1,-1,1,NULL,-1,1,0,5,50
2.021E+11,1,9,2021,19:20:00,1,6,6088,2,2,1,1,FAURE (AV. FELIX),"436,980,750,000","72,727,900,000",2.021E+11,163 618,A01,2,1,0,2,1,1,5,NULL,2.021E+11,217 065,163 618,A01,1,1,4,2,1946,5,8,8,8,0,0,-1,2.021E+11,4,FAURE (AV. FELIX),0,NULL,2,2,1,1,-1,-1,1,NULL,-1,1,0,5,50
2.021E+11,1,9,2021,19:20:00,1,6,6088,2,2,1,1,FAURE (AV. FELIX),"436,980,750,000","72,727,900,000",2.021E+11,163 617,B01,1,1,0,2,1,1,5,NULL,2.021E+11,217 065,163 618,A01,1,1,4,2,1946,5,8,8,8,0,0,-1,2.021E+11,4,FAURE (AV. FELIX),0,NULL,2,2,1,1,-1,-1,1,NULL,-1,1,0,5,50
2.021E+11,1,9,2021,08:40:00,1,75,75116,2,4,1,1,QUAI LOUIS BLERIOT,"488,499,030,000","22,771,530,000",2.021E+11,163 246,A01,2,1,0,2,8,17,5,NULL,2.021E+11,216 587,163 246,A01,1,1,1,1,1973,1,2,0,-1,0,0,-1,2.021E+11,4,QUAI LOUIS BLERIOT,0,NULL,2,3,1,2,-1,-1,1,NULL,-1,1,0,5,30
2.021E+11,1,9,2021,08:40:00,1,75,75116,2,4,1,1,QUAI LOUIS BLERIOT,"488,499,030,000","22,771,530,000",2.021E+11,163 246,A01,2,1,0,2,8,17,5,NULL,2.021E+11,216 588,163 247,B01,1,1,4,2,1968,1,2,0,-1,0,0,-1,2.021E+11,4,QUAI LOUIS BLERIOT,0,NULL,2,3,1,2,-1,-1,1,NULL,-1,1,0,5,30
2.021E+11,4,8,2021,08:00:00,1,83,83083,1,4,1,3,Chemin des Lones,"434,738,350,000","61,303,930,000",2.021E+11,158 065,B01,2,1,0,2,7,1,5,NULL,2.021E+11,209 484,158 064,A01,1,1,1,1,1964,1,1,-1,-1,0,0,-1,2.021E+11,3,22,0,NULL,2,1,0,1,18,600,1,NULL,3,1,0,1,50
2.021E+11,4,8,2021,08:00:00,1,83,83083,1,4,1,3,Chemin des Lones,"434,738,350,000","61,303,930,000",2.021E+11,158 065,B01,2,1,0,2,7,1,5,NULL,2.021E+11,209 485,158 065,B01,1,1,3,1,1950,5,2,-1,-1,0,0,-1,2.021E+11,3,22,0,NULL,2,1,0,1,18,600,1,NULL,3,1,0,1,50
2.021E+11,14,7,2021,20:00:00,1,75,75116,2,1,1,6,AVENUE DE L HIPPODROME,"488,636,290,000","22,369,690,000",2.021E+11,157 163,A01,2,1,0,1,1,1,5,NULL,2.021E+11,208 271,157 163,A01,10,3,4,2,2000,5,0,-1,-1,2,1,1,2.021E+11,4,AVENUE DE L HIPPODROME,0,NULL,2,1,1,1,-1,-1,1,NULL,-1,1,0,5,30
2.021E+11,14,7,2021,20:00:00,1,75,75116,2,1,1,6,AVENUE DE L HIPPODROME,"488,636,290,000","22,369,690,000",2.021E+11,157 163,A01,2,1,0,1,1,1,5,NULL,2.021E+11,208 272,157 163,A01,1,1,1,1,1995,5,2,4,-1,0,0,-1,2.021E+11,4,AVENUE DE L HIPPODROME,0,NULL,2,1,1,1,-1,-1,1,NULL,-1,1,0,5,30
2.021E+11,3,8,2021,11:40:00,1,75,75108,2,1,1,3,AVENUE WINSTON CHURCHILL,"488,661,100,000","23,138,280,000",2.021E+11,155 619,A01,3,1,0,2,2,1,5,NULL,2.021E+11,206 107,155 618,B01,1,1,1,1,1967,4,1,0,-1,0,0,-1,2.021E+11,4,AVENUE WINSTON CHURCHILL,0,NULL,2,4,0,1,-1,-1,1,NULL,-1,1,0,1,50
2.021E+11,3,8,2021,11:40:00,1,75,75108,2,1,1,3,AVENUE WINSTON CHURCHILL,"488,661,100,000","23,138,280,000",2.021E+11,155 619,A01,3,1,0,2,2,1,5,NULL,2.021E+11,206 108,155 619,A01,1,1,4,2,1949,5,2,0,-1,0,0,-1,2.021E+11,4,AVENUE WINSTON CHURCHILL,0,NULL,2,4,0,1,-1,-1,1,NULL,-1,1,0,1,50
2.021E+11,29,7,2021,17:05:00,1,75,75109,2,1,1,3,RUE DU HAVRE,"488,751,200,000","23,267,000,000",2.021E+11,154 328,B01,2,1,0,2,3,13,5,NULL,2.021E+11,204 288,154 327,A01,1,1,1,1,1994,4,1,0,-1,0,0,-1,2.021E+11,4,RUE DU HAVRE,0,NULL,2,4,1,1,-1,-1,1,NULL,-1,1,0,1,50
2.021E+11,29,7,2021,17:05:00,1,75,75109,2,1,1,3,RUE DU HAVRE,"488,751,200,000","23,267,000,000",2.021E+11,154 328,B01,2,1,0,2,3,13,5,NULL,2.021E+11,204 289,154 328,B01,1,1,4,2,1986,5,2,0,-1,0,0,-1,2.021E+11,4,RUE DU HAVRE,0,NULL,2,4,1,1,-1,-1,1,NULL,-1,1,0,1,50
2.021E+11,18,7,2021,14:16:00,1,87,87085,2,1,1,6,BENEDICTINS (RAMPE DES),"458,353,200,000","12,684,600,000",2.021E+11,151 861,A01,0,1,0,1,1,25,5,NULL,2.021E+11,200 906,151 861,A01,10,3,3,1,1955,5,0,-1,-1,5,2,1,2.021E+11,4,BENEDICTINS (RAMPE DES),0,NULL,2,2,0,2,0,0,1,NULL,-1,1,0,1,50
2.021E+11,18,7,2021,14:16:00,1,87,87085,2,1,1,6,BENEDICTINS (RAMPE DES),"458,353,200,000","12,684,600,000",2.021E+11,151 861,A01,0,1,0,1,1,25,5,NULL,2.021E+11,200 907,151 861,A01,1,1,1,1,1971,5,8,0,-1,-1,-1,-1,2.021E+11,4,BENEDICTINS (RAMPE DES),0,NULL,2,2,0,2,0,0,1,NULL,-1,1,0,1,50
2.021E+11,20,7,2021,21:00:00,1,75,75117,2,2,1,3,BOULEVARD MALESHERBES,"488,808,570,000","23,125,450,000",2.021E+11,151 729,A01,1,1,0,2,2,13,5,NULL,2.021E+11,200 745,151 729,A01,1,1,3,2,1988,5,2,0,-1,0,0,-1,2.021E+11,4,BOULEVARD MALESHERBES,0,NULL,2,4,0,1,-1,-1,1,NULL,-1,1,0,1,50
2.021E+11,20,7,2021,21:00:00,1,75,75117,2,2,1,3,BOULEVARD MALESHERBES,"488,808,570,000","23,125,450,000",2.021E+11,151 729,A01,1,1,0,2,2,13,5,NULL,2.021E+11,200 746,151 730,B01,1,1,1,1,1996,4,1,0,-1,0,0,-1,2.021E+11,4,BOULEVARD MALESHERBES,0,NULL,2,4,0,1,-1,-1,1,NULL,-1,1,0,1,50
2.021E+11,5,7,2021,14:45:00,1,75,75111,2,1,1,3,BOULEVARD VOLTAIRE,"488,648,360,000","23,683,120,000",2.021E+11,147 057,A01,2,1,0,2,3,1,5,NULL,2.021E+11,194 309,147 057,A01,1,1,4,1,1957,9,8,0,-1,0,0,-1,2.021E+11,4,BOULEVARD VOLTAIRE,0,NULL,2,4,1,1,-1,-1,1,NULL,-1,1,0,5,30
2.021E+11,5,7,2021,14:45:00,1,75,75111,2,1,1,3,BOULEVARD VOLTAIRE,"488,648,360,000","23,683,120,000",2.021E+11,147 057,A01,2,1,0,2,3,1,5,NULL,2.021E+11,194 310,147 058,Z01,1,1,1,-1,NULL,-1,-1,-1,-1,-1,-1,-1,2.021E+11,4,BOULEVARD VOLTAIRE,0,NULL,2,4,1,1,-1,-1,1,NULL,-1,1,0,5,30
2.021E+11,3,6,2021,12:00:00,1,31,31382,1,2,1,3,Chemin de Beaufort,"434,508,240,000","10,742,250,000",2.021E+11,135 776,B01,3,1,0,2,8,1,0,NULL,2.021E+11,179 451,135 775,A01,1,1,1,1,1982,4,8,-1,-1,0,0,-1,2.021E+11,4,NULL,-1,NULL,-1,2,0,1,-1,-1,1,NULL,-1,1,0,1,80
2.021E+11,3,6,2021,12:00:00,1,31,31382,1,2,1,3,Chemin de Beaufort,"434,508,240,000","10,742,250,000",2.021E+11,135 776,B01,3,1,0,2,8,1,0,NULL,2.021E+11,179 452,135 776,B01,1,1,3,1,1944,5,2,-1,-1,0,0,-1,2.021E+11,4,NULL,-1,NULL,-1,2,0,1,-1,-1,1,NULL,-1,1,0,1,80
2.021E+11,30,5,2021,10:00:00,1,78,78193,1,1,1,3,Voie communale des essarts,"487,082,950,000","19,779,250,000",2.021E+11,134 876,B01,3,1,0,2,8,2,5,NULL,2.021E+11,178 302,134 876,B01,1,1,3,1,1950,5,2,-1,-1,0,0,-1,2.021E+11,4,NULL,-1,NULL,2,2,0,2,-1,-1,1,NULL,5,1,0,1,70
2.021E+11,30,5,2021,10:00:00,1,78,78193,1,1,1,3,Voie communale des essarts,"487,082,950,000","19,779,250,000",2.021E+11,134 876,B01,3,1,0,2,8,2,5,NULL,2.021E+11,178 303,134 877,A01,1,1,1,1,1967,5,1,-1,-1,0,0,-1,2.021E+11,4,NULL,-1,NULL,2,2,0,2,-1,-1,1,NULL,5,1,0,1,70
2.021E+11,12,5,2021,17:50:00,1,64,64445,2,3,2,3,CARNOT,"432,991,600,000"," -0,3702600000",2.021E+11,129 810,B01,2,1,0,2,3,1,5,NULL,2.021E+11,171 584,129 809,A01,1,1,1,1,1997,9,1,8,-1,-1,-1,-1,2.021E+11,4,CARNOT,0,NULL,1,2,3,1,0,0,1,NULL,-1,2,0,1,50
2.021E+11,12,5,2021,17:50:00,1,64,64445,2,3,2,3,CARNOT,"432,991,600,000"," -0,3702600000",2.021E+11,129 810,B01,2,1,0,2,3,1,5,NULL,2.021E+11,171 585,129 810,B01,1,1,4,2,1993,0,2,8,-1,-1,-1,-1,2.021E+11,4,CARNOT,0,NULL,1,2,3,1,0,0,1,NULL,-1,2,0,1,50
2.021E+11,12,5,2021,15:15:00,1,92,92023,2,2,1,3,PORTE DE TRIVAUX (RUE DE) N°57 A 197 ET,"487,848,109,699","22,380,142,319",2.021E+11,129 673,B01,2,1,0,2,3,0,0,NULL,2.021E+11,171 411,129 673,B01,1,1,4,1,1950,5,8,0,-1,-1,-1,-1,2.021E+11,3,80,0,NULL,2,2,0,1,0,0,1,NULL,-1,1,0,1,50
2.021E+11,12,5,2021,15:15:00,1,92,92023,2,2,1,3,PORTE DE TRIVAUX (RUE DE) N°57 A 197 ET,"487,848,109,699","22,380,142,319",2.021E+11,129 673,B01,2,1,0,2,3,0,0,NULL,2.021E+11,171 412,129 674,A01,1,1,1,1,1981,5,1,8,-1,-1,-1,-1,2.021E+11,3,80,0,NULL,2,2,0,1,0,0,1,NULL,-1,1,0,1,50
2.021E+11,9,5,2021,09:55:00,1,54,54395,2,2,1,3,Marcel BROT (Rue et Rond-Point ),"486,867,299,549","62,011,174,389",2.021E+11,129 255,A01,1,1,0,2,1,1,5,NULL,2.021E+11,170 866,129 254,B01,1,1,1,1,1963,0,1,0,-1,0,0,-1,2.021E+11,4,Marcel BROT (Rue et Rond-Point ),0,NULL,2,3,0,1,-1,-1,1,NULL,-1,1,0,1,50
2.021E+11,9,5,2021,09:55:00,1,54,54395,2,2,1,3,Marcel BROT (Rue et Rond-Point ),"486,867,299,549","62,011,174,389",2.021E+11,129 255,A01,1,1,0,2,1,1,5,NULL,2.021E+11,170 867,129 255,A01,1,1,4,1,2002,0,2,0,-1,0,0,-1,2.021E+11,4,Marcel BROT (Rue et Rond-Point ),0,NULL,2,3,0,1,-1,-1,1,NULL,-1,1,0,1,50
2.021E+11,26,4,2021,14:30:00,1,57,57550,1,1,1,3,Rue de Saint-avold,"491,505,981,173","66,671,778,701",2.021E+11,128 287,C01,1,1,0,2,8,0,0,NULL,2.021E+11,169 576,128 286,A01,1,1,1,1,1967,0,8,-1,-1,0,0,-1,2.021E+11,3,72,-1,NULL,2,2,0,4,28,585,3,NULL,-1,1,0,1,80
2.021E+11,26,4,2021,14:30:00,1,57,57550,1,1,1,3,Rue de Saint-avold,"491,505,981,173","66,671,778,701",2.021E+11,128 287,C01,1,1,0,2,8,0,0,NULL,2.021E+11,169 577,128 287,C01,1,1,4,1,1935,5,2,-1,-1,0,0,-1,2.021E+11,3,72,-1,NULL,2,2,0,4,28,585,3,NULL,-1,1,0,1,80
2.021E+11,15,4,2021,18:15:00,1,91,91345,2,1,1,3,RUE PDT FRANCOIS MITTERRAND,"486,910,000,000","22,895,500,000",2.021E+11,126 953,B01,2,1,0,2,0,19,5,NULL,2.021E+11,167 839,126 953,B01,1,1,4,1,2011,0,8,0,-1,-1,-1,-1,2.021E+11,3,217,0,NULL,2,0,0,2,0,0,1,NULL,-1,1,6,6,50
2.021E+11,15,4,2021,18:15:00,1,91,91345,2,1,1,3,RUE PDT FRANCOIS MITTERRAND,"486,910,000,000","22,895,500,000",2.021E+11,126 953,B01,2,1,0,2,0,19,5,NULL,2.021E+11,167 840,126 954,A01,1,1,1,1,1982,0,1,8,-1,-1,-1,-1,2.021E+11,3,217,0,NULL,2,0,0,2,0,0,1,NULL,-1,1,6,6,50
2.021E+11,30,4,2021,19:27:00,1,94,94028,2,1,1,6,Chemin du Bras du Chapitre,"487,912,000,000","24,695,100,000",2.021E+11,126 654,A01,3,1,0,1,1,1,0,NULL,2.021E+11,167 451,126 654,A01,10,3,4,1,1990,5,0,-1,-1,3,3,1,2.021E+11,4,BRAS DU CHAPITRE.(CHEMIN DU),0,NULL,2,1,0,1,1,0,1,NULL,-1,1,0,1,20