Num_Acc,jour,mois,an,hrmn,lum,dep,com,agg,int,atm,col,adr,lat,long,Num_Acc,id_vehicule,num_veh,senc,catv,obs,obsm,choc,manv,motor,occutc,Num_Acc,id_usager,id_vehicule,num_veh,place,catu,grav,sexe,an_nais,trajet,secu1,secu2,secu3,locp,actp,etatp,Num_Acc,catr,voie,v1,v2,circ,nbv,vosp,prof,pr,pr1,plan,lartpc,larrout,surf,infra,situ,vma
2.021E+11,25,2,2021,17:00:00,1,71,71342,2,1,1,3,voie verte écluse numéro 23,"464,442,670,000","41,248,730,000",2.021E+11,111 585,B01,3,1,0,2,7,1,5,NULL,2.021E+11,148 023,111 585,B01,1,1,3,1,1977,5,2,-1,-1,0,0,-1,2.021E+11,9, -,0, -,2,2,1,1,-1,-1,1,NULL,-1,1,0,5,-1
2.021E+11,25,2,2021,17:00:00,1,71,71342,2,1,1,3,voie verte écluse numéro 23,"464,442,670,000","41,248,730,000",2.021E+11,111 586,A01,3,1,0,2,8,13,5,NULL,2.021E+11,148 024,111 586,A01,1,1,1,1,1957,5,2,-1,-1,0,0,-1,2.021E+11,9, -,0, -,2,2,1,1,-1,-1,1,NULL,-1,1,0,5,-1
2.021E+11,25,2,2021,17:00:00,1,71,71342,2,1,1,3,voie verte écluse numéro 23,"464,442,670,000","41,248,730,000",2.021E+11,111 585,B01,3,1,0,2,7,1,5,NULL,2.021E+11,148 024,111 586,A01,1,1,1,1,1957,5,2,-1,-1,0,0,-1,2.021E+11,9, -,0, -,2,2,1,1,-1,-1,1,NULL,-1,1,0,5,-1
2.021E+11,4,2,2021,15:55:00,1,71,71076,2,1,1,3,PARIS (AVENUE DE),"467,900,900,000","48,503,400,000",2.021E+11,108 031,B01,1,1,0,2,1,15,5,NULL,2.021E+11,143 389,108 031,B01,1,1,3,2,1935,9,8,0,-1,-1,-1,-1,2.021E+11,4,PARIS (AVENUE DE),0,NULL,3,2,2,1,-1,-1,1,NULL,-1,1,-1,1,50
2.021E+11,4,2,2021,15:55:00,1,71,71076,2,1,1,3,PARIS (AVENUE DE),"467,900,900,000","48,503,400,000",2.021E+11,108 031,B01,1,1,0,2,1,15,5,NULL,2.021E+11,143 390,108 032,Z01,1,1,1,1,1969,5,8,0,-1,-1,-1,-1,2.021E+11,4,PARIS (AVENUE DE),0,NULL,3,2,2,1,-1,-1,1,NULL,-1,1,-1,1,50
2.021E+11,4,2,2021,19:00:00,5,69,69387,2,2,1,1,CAMILLE ROY (R),"457,451,324,432","48,466,658,592",2.021E+11,107 851,A01,2,1,0,2,1,1,5,NULL,2.021E+11,143 170,107 850,B01,1,1,4,1,1993,1,2,-1,-1,-1,-1,-1,2.021E+11,4,CAMILLE ROY                         (R ),0,NULL,1,1,0,1,-1,-1,1,NULL,-1,1,0,1,50
2.021E+11,4,2,2021,19:00:00,5,69,69387,2,2,1,1,CAMILLE ROY (R),"457,451,324,432","48,466,658,592",2.021E+11,107 851,A01,2,1,0,2,1,1,5,NULL,2.021E+11,143 171,107 851,A01,1,1,4,2,1990,1,0,-1,-1,-1,-1,-1,2.021E+11,4,CAMILLE ROY                         (R ),0,NULL,1,1,0,1,-1,-1,1,NULL,-1,1,0,1,50
2.021E+11,2,2,2021,07:45:00,2,33,33281,2,6,1,3,Avenue de l’Yser,"448,411,800,000"," -0,6509800000",2.021E+11,107 387,B01,1,1,0,2,2,9,6,NULL,2.021E+11,142 567,107 386,Z01,1,1,1,-1,NULL,-1,-1,-1,-1,-1,-1,-1,2.021E+11,4,AVENUE DE L'YSER,0,NULL,3,2,2,1,-1,-1,2,NULL,-1,1,0,1,50
2.021E+11,2,2,2021,07:45:00,2,33,33281,2,6,1,3,Avenue de l’Yser,"448,411,800,000"," -0,6509800000",2.021E+11,107 387,B01,1,1,0,2,2,9,6,NULL,2.021E+11,142 568,107 387,B01,1,1,4,2,1992,0,8,-1,-1,-1,-1,-1,2.021E+11,4,AVENUE DE L'YSER,0,NULL,3,2,2,1,-1,-1,2,NULL,-1,1,0,1,50
2.021E+11,28,1,2021,16:30:00,1,28,28085,2,6,2,3,EPARGNE (RUE DE L'),"484,474,600,000","14,767,900,000",2.021E+11,106 610,B01,3,1,0,2,0,1,5,NULL,2.021E+11,141 556,106 610,B01,1,1,2,1,1955,5,8,8,-1,0,0,-1,2.021E+11,4,EPARGNE (RUE DE L'),0,NULL,-1,2,0,2,0,0,1,NULL,-1,2,0,1,30
2.021E+11,28,1,2021,16:30:00,1,28,28085,2,6,2,3,EPARGNE (RUE DE L'),"484,474,600,000","14,767,900,000",2.021E+11,106 610,B01,3,1,0,2,0,1,5,NULL,2.021E+11,141 557,106 611,A01,1,1,1,1,1994,9,8,8,-1,0,0,-1,2.021E+11,4,EPARGNE (RUE DE L'),0,NULL,-1,2,0,2,0,0,1,NULL,-1,2,0,1,30
2.021E+11,28,1,2021,08:05:00,2,59,59258,1,1,3,1,rue de la bertellerie,"505,401,970,000","32,204,750,000",2.021E+11,106 016,B01,1,1,0,2,1,16,5,NULL,2.021E+11,140 797,106 015,A01,1,1,1,2,1977,2,1,-1,-1,0,0,-1,2.021E+11,3,93A,0,D,2,2,0,1,-1,-1,4,NULL,-1,2,0,1,50
2.021E+11,28,1,2021,08:05:00,2,59,59258,1,1,3,1,rue de la bertellerie,"505,401,970,000","32,204,750,000",2.021E+11,106 016,B01,1,1,0,2,1,16,5,NULL,2.021E+11,140 798,106 016,B01,1,1,4,1,1998,1,9,-1,-1,0,0,-1,2.021E+11,3,93A,0,D,2,2,0,1,-1,-1,4,NULL,-1,2,0,1,50
2.021E+11,17,1,2021,14:30:00,1,69,69389,2,1,7,2,JOANNES CARRET (R),"457,928,555,890","48,199,432,944",2.021E+11,104 066,B01,2,1,0,2,4,2,5,NULL,2.021E+11,138 125,104 065,A01,1,1,1,1,1985,0,1,-1,-1,-1,-1,-1,2.021E+11,4,NULL,0,NULL,2,2,3,1,-1,-1,1,NULL,-1,2,0,1,50
2.021E+11,17,1,2021,14:30:00,1,69,69389,2,1,7,2,JOANNES CARRET (R),"457,928,555,890","48,199,432,944",2.021E+11,104 066,B01,2,1,0,2,4,2,5,NULL,2.021E+11,138 126,104 066,B01,1,1,4,1,2008,5,2,-1,-1,-1,-1,-1,2.021E+11,4,NULL,0,NULL,2,2,3,1,-1,-1,1,NULL,-1,2,0,1,50
2.021E+11,1,11,2021,11:10:00,1,95,95042,1,1,7,5,Route du Golf,"490,571,220,000","22,970,870,000",2.021E+11,183 660,B01,1,1,0,2,3,13,5,NULL,2.021E+11,243 241,183 659,A01,1,1,4,1,1976,5,2,6,-1,0,0,-1,2.021E+11,3,NULL,-1,NULL,2,2,0,1,1,700,3,NULL,-1,1,0,1,50
2.021E+11,1,11,2021,11:10:00,1,95,95042,1,1,7,5,Route du Golf,"490,571,220,000","22,970,870,000",2.021E+11,183 659,A01,1,1,0,2,1,13,5,NULL,2.021E+11,243 241,183 659,A01,1,1,4,1,1976,5,2,6,-1,0,0,-1,2.021E+11,3,NULL,-1,NULL,2,2,0,1,1,700,3,NULL,-1,1,0,1,50
2.021E+11,1,11,2021,11:10:00,1,95,95042,1,1,7,5,Route du Golf,"490,571,220,000","22,970,870,000",2.021E+11,183 660,B01,1,1,0,2,3,13,5,NULL,2.021E+11,243 242,183 660,B01,1,1,4,1,1978,5,2,6,-1,0,0,-1,2.021E+11,3,NULL,-1,NULL,2,2,0,1,1,700,3,NULL,-1,1,0,1,50
2.021E+11,1,11,2021,11:10:00,1,95,95042,1,1,7,5,Route du Golf,"490,571,220,000","22,970,870,000",2.021E+11,183 659,A01,1,1,0,2,1,13,5,NULL,2.021E+11,243 242,183 660,B01,1,1,4,1,1978,5,2,6,-1,0,0,-1,2.021E+11,3,NULL,-1,NULL,2,2,0,1,1,700,3,NULL,-1,1,0,1,50
2.021E+11,1,11,2021,11:10:00,1,95,95042,1,1,7,5,Route du Golf,"490,571,220,000","22,970,870,000",2.021E+11,183 660,B01,1,1,0,2,3,13,5,NULL,2.021E+11,243 243,183 661,C01,1,1,1,2,1975,5,1,-1,-1,0,0,-1,2.021E+11,3,NULL,-1,NULL,2,2,0,1,1,700,3,NULL,-1,1,0,1,50
2.021E+11,1,11,2021,11:10:00,1,95,95042,1,1,7,5,Route du Golf,"490,571,220,000","22,970,870,000",2.021E+11,183 659,A01,1,1,0,2,1,13,5,NULL,2.021E+11,243 243,183 661,C01,1,1,1,2,1975,5,1,-1,-1,0,0,-1,2.021E+11,3,NULL,-1,NULL,2,2,0,1,1,700,3,NULL,-1,1,0,1,50
2.021E+11,29,10,2021,18:20:00,5,69,69266,2,1,1,3,ETIENNE GAGNAIRE (R),"457,729,621,130","48,656,372,213",2.021E+11,183 328,B01,2,1,0,2,3,2,0,NULL,2.021E+11,242 757,183 327,A01,1,1,1,-1,NULL,-1,8,-1,-1,-1,-1,-1,2.021E+11,4,ETIENNE GAGNAIRE   (Rue),0,NULL,2,2,0,1,-1,-1,1,NULL,-1,1,0,1,50
2.021E+11,29,10,2021,18:20:00,5,69,69266,2,1,1,3,ETIENNE GAGNAIRE (R),"457,729,621,130","48,656,372,213",2.021E+11,183 328,B01,2,1,0,2,3,2,0,NULL,2.021E+11,242 758,183 328,B01,1,1,4,2,1983,1,0,-1,-1,-1,-1,-1,2.021E+11,4,ETIENNE GAGNAIRE   (Rue),0,NULL,2,2,0,1,-1,-1,1,NULL,-1,1,0,1,50
2.021E+11,19,10,2021,07:25:00,3,59,59371,2,1,2,3,Rue du Bas,"506,186,170,000","28,802,210,000",2.021E+11,180 467,A01,0,1,0,2,8,1,5,NULL,2.021E+11,239 004,180 467,A01,1,1,4,1,1969,0,2,0,-1,0,0,-1,2.021E+11,4,NULL,-1,NULL,2,2,0,1,-1,-1,2,NULL,4,2,0,1,50
2.021E+11,19,10,2021,07:25:00,3,59,59371,2,1,2,3,Rue du Bas,"506,186,170,000","28,802,210,000",2.021E+11,180 467,A01,0,1,0,2,8,1,5,NULL,2.021E+11,239 005,180 468,B01,1,1,1,-1,NULL,-1,-1,-1,-1,-1,-1,-1,2.021E+11,4,NULL,-1,NULL,2,2,0,1,-1,-1,2,NULL,4,2,0,1,50
2.021E+11,23,9,2021,18:30:00,1,92,92049,2,2,1,3,PERI RUE GABRIEL AUTRES N°,"488,185,013,266","23,195,991,481",2.021E+11,170 995,A01,2,1,0,9,1,26,5,NULL,2.021E+11,226 716,170 994,B01,1,1,4,2,1976,1,8,0,-1,-1,-1,-1,2.021E+11,3,50,0,NULL,2,4,0,2,0,1,1,NULL,-1,1,0,8,50
2.021E+11,23,9,2021,18:30:00,1,92,92049,2,2,1,3,PERI RUE GABRIEL AUTRES N°,"488,185,013,266","23,195,991,481",2.021E+11,170 994,B01,1,1,0,9,7,26,5,NULL,2.021E+11,226 716,170 994,B01,1,1,4,2,1976,1,8,0,-1,-1,-1,-1,2.021E+11,3,50,0,NULL,2,4,0,2,0,1,1,NULL,-1,1,0,8,50
2.021E+11,23,9,2021,18:30:00,1,92,92049,2,2,1,3,PERI RUE GABRIEL AUTRES N°,"488,185,013,266","23,195,991,481",2.021E+11,170 995,A01,2,1,0,9,1,26,5,NULL,2.021E+11,226 717,170 995,A01,1,1,1,-1,NULL,-1,-1,-1,-1,-1,-1,-1,2.021E+11,3,50,0,NULL,2,4,0,2,0,1,1,NULL,-1,1,0,8,50
2.021E+11,23,9,2021,18:30:00,1,92,92049,2,2,1,3,PERI RUE GABRIEL AUTRES N°,"488,185,013,266","23,195,991,481",2.021E+11,170 994,B01,1,1,0,9,7,26,5,NULL,2.021E+11,226 717,170 995,A01,1,1,1,-1,NULL,-1,-1,-1,-1,-1,-1,-1,2.021E+11,3,50,0,NULL,2,4,0,2,0,1,1,NULL,-1,1,0,8,50
2.021E+11,20,9,2021,09:10:00,1,92,92040,2,3,8,5,GENERAL LECLERC,"488,264,204,396","22,784,598,815",2.021E+11,169 635,B01,1,1,0,2,3,15,5,NULL,2.021E+11,224 946,169 634,A01,1,1,4,1,1984,0,2,8,-1,-1,-1,-1,2.021E+11,3,989,0,NULL,1,1,0,1,0,0,1,NULL,-1,2,0,1,30
2.021E+11,20,9,2021,09:10:00,1,92,92040,2,3,8,5,GENERAL LECLERC,"488,264,204,396","22,784,598,815",2.021E+11,169 635,B01,1,1,0,2,3,15,5,NULL,2.021E+11,224 947,169 635,B01,1,1,1,1,1997,0,8,0,-1,-1,-1,-1,2.021E+11,3,989,0,NULL,1,1,0,1,0,0,1,NULL,-1,2,0,1,30
2.021E+11,20,9,2021,09:10:00,1,92,92040,2,3,8,5,GENERAL LECLERC,"488,264,204,396","22,784,598,815",2.021E+11,169 635,B01,1,1,0,2,3,15,5,NULL,2.021E+11,224 948,169 636,C01,1,1,1,1,1968,0,8,0,-1,-1,-1,-1,2.021E+11,3,989,0,NULL,1,1,0,1,0,0,1,NULL,-1,2,0,1,30
2.021E+11,14,9,2021,18:20:00,1,56,56162,2,1,1,3,PINS (RUE DES),"477,342,000,000","-34,328,300,000",2.021E+11,168 839,B01,1,1,0,2,7,19,5,NULL,2.021E+11,223 868,168 839,B01,1,1,4,1,2005,0,0,-1,-1,-1,-1,-1,2.021E+11,3,PINS (RUE DES),0,NULL,2,2,0,1,0,308,1,NULL,-1,1,0,1,30
2.021E+11,14,9,2021,18:20:00,1,56,56162,2,1,1,3,PINS (RUE DES),"477,342,000,000","-34,328,300,000",2.021E+11,168 839,B01,1,1,0,2,7,19,5,NULL,2.021E+11,223 869,168 840,A01,1,1,1,2,1985,0,1,8,-1,-1,-1,-1,2.021E+11,3,PINS (RUE DES),0,NULL,2,2,0,1,0,308,1,NULL,-1,1,0,1,30
2.021E+11,15,8,2021,17:20:00,1,974,97415,1,1,1,1,Chemin Piton Leon,"-210,703,890,000","552,866,350,000",2.021E+11,168 331,A01,3,1,0,2,2,13,5,NULL,2.021E+11,223 206,168 331,A01,1,1,3,1,1991,5,0,-1,-1,0,0,-1,2.021E+11,4,1,0,NULL,2,1,0,2,-1,-1,1,NULL,-1,1,0,1,70
2.021E+11,15,8,2021,17:20:00,1,974,97415,1,1,1,1,Chemin Piton Leon,"-210,703,890,000","552,866,350,000",2.021E+11,168 331,A01,3,1,0,2,2,13,5,NULL,2.021E+11,223 207,168 332,B01,1,1,1,1,1961,5,2,-1,-1,0,0,-1,2.021E+11,4,1,0,NULL,2,1,0,2,-1,-1,1,NULL,-1,1,0,1,70
2.021E+11,4,9,2021,16:53:00,1,65,65417,2,3,1,3,VILLON (RUE FRANCOIS),"432,323,000,000","0,1054000000",2.021E+11,164 653,B01,3,1,0,2,8,1,5,NULL,2.021E+11,218 468,164 652,A01,1,1,1,2,2000,5,1,-1,-1,0,0,-1,2.021E+11,4,VILLON (RUE FRANCOIS),0,NULL,2,1,0,1,0,0,1,NULL,-1,1,0,1,50
2.021E+11,4,9,2021,16:53:00,1,65,65417,2,3,1,3,VILLON (RUE FRANCOIS),"432,323,000,000","0,1054000000",2.021E+11,164 653,B01,3,1,0,2,8,1,5,NULL,2.021E+11,218 469,164 653,B01,1,1,4,1,2000,5,2,-1,-1,0,0,-1,2.021E+11,4,VILLON (RUE FRANCOIS),0,NULL,2,1,0,1,0,0,1,NULL,-1,1,0,1,50
2.021E+11,30,8,2021,18:30:00,1,69,69266,2,2,1,3,NORD (DU) (R),"457,638,100,000","48,831,700,000",2.021E+11,163 028,B01,3,1,0,2,1,1,0,NULL,2.021E+11,216 322,163 028,B01,1,1,4,1,1971,0,8,-1,-1,-1,-1,-1,2.021E+11,4,NORD      (Rue du),0,NULL,1,1,2,1,-1,-1,1,NULL,-1,1,0,1,50
2.021E+11,30,8,2021,18:30:00,1,69,69266,2,2,1,3,NORD (DU) (R),"457,638,100,000","48,831,700,000",2.021E+11,163 028,B01,3,1,0,2,1,1,0,NULL,2.021E+11,216 323,163 029,A01,1,1,1,2,1998,1,1,-1,-1,-1,-1,-1,2.021E+11,4,NORD      (Rue du),0,NULL,1,1,2,1,-1,-1,1,NULL,-1,1,0,1,50
2.021E+11,15,8,2021,13:50:00,1,71,71118,2,3,1,3,FRANCHET D'ESPEREY (AVENUE),"467,934,300,000","48,236,770,000",2.021E+11,158 961,B01,2,1,0,2,0,1,5,NULL,2.021E+11,210 775,158 961,B01,1,1,3,1,1955,0,2,0,-1,0,0,-1,2.021E+11,4,FRANCHET D'ESPEREY (AVENUE),0,NULL,2,2,1,1,-1,-1,1,NULL,-1,1,5,5,50
2.021E+11,15,8,2021,13:50:00,1,71,71118,2,3,1,3,FRANCHET D'ESPEREY (AVENUE),"467,934,300,000","48,236,770,000",2.021E+11,158 961,B01,2,1,0,2,0,1,5,NULL,2.021E+11,210 776,158 962,A01,1,1,1,-1,NULL,-1,8,-1,-1,0,0,-1,2.021E+11,4,FRANCHET D'ESPEREY (AVENUE),0,NULL,2,2,1,1,-1,-1,1,NULL,-1,1,5,5,50
2.021E+11,5,8,2021,14:06:00,1,6,6088,2,1,7,2,POMPIDOU (BD GEORGES),"436,686,870,000","72,039,120,000",2.021E+11,156 131,B01,3,1,0,2,4,1,0,NULL,2.021E+11,206 818,156 130,A01,1,1,1,1,1994,0,1,0,-1,0,0,-1,2.021E+11,7,NULL,0,NULL,1,3,0,1,-1,-1,1,NULL,-1,1,0,1,50
2.021E+11,5,8,2021,14:06:00,1,6,6088,2,1,7,2,POMPIDOU (BD GEORGES),"436,686,870,000","72,039,120,000",2.021E+11,156 131,B01,3,1,0,2,4,1,0,NULL,2.021E+11,206 819,156 131,B01,1,1,3,1,1970,0,2,0,-1,0,0,-1,2.021E+11,7,NULL,0,NULL,1,3,0,1,-1,-1,1,NULL,-1,1,0,1,50
2.021E+11,20,7,2021,21:30:00,2,76,76189,2,1,1,1,Route des Calvaires,"498,071,530,000","0,7224150000",2.021E+11,151 650,B01,3,1,0,2,1,1,0,NULL,2.021E+11,200 635,151 649,A01,1,1,1,1,1970,1,1,-1,-1,0,0,-1,2.021E+11,4,NULL,-1,NULL,2,1,0,2,-1,-1,2,NULL,3,1,0,1,50
2.021E+11,20,7,2021,21:30:00,2,76,76189,2,1,1,1,Route des Calvaires,"498,071,530,000","0,7224150000",2.021E+11,151 650,B01,3,1,0,2,1,1,0,NULL,2.021E+11,200 636,151 650,B01,1,1,3,1,2006,5,0,-1,-1,0,0,-1,2.021E+11,4,NULL,-1,NULL,2,1,0,2,-1,-1,2,NULL,3,1,0,1,50
2.021E+11,7,7,2021,19:45:00,1,75,75104,2,2,1,7,RUE DU RENARD,"488,583,640,000","23,519,370,000",2.021E+11,147 711,A01,2,1,0,0,7,7,5,NULL,2.021E+11,195 190,147 711,A01,1,1,4,1,1982,1,2,0,-1,0,0,-1,2.021E+11,4,RUE DU RENARD,0,NULL,1,3,3,1,-1,-1,1,NULL,-1,1,0,6,50
2.021E+11,13,6,2021,11:00:00,1,27,27554,1,1,1,3,COTES (RUE DES),"491,042,200,000","14,331,800,000",2.021E+11,139 889,B01,2,1,0,2,1,1,5,NULL,2.021E+11,184 828,139 889,B01,1,1,4,2,1963,5,2,0,-1,0,0,-1,2.021E+11,3,COTES (RUE DES),0,NULL,-1,2,0,2,3,340,3,NULL,-1,1,0,1,80
2.021E+11,13,6,2021,11:00:00,1,27,27554,1,1,1,3,COTES (RUE DES),"491,042,200,000","14,331,800,000",2.021E+11,139 889,B01,2,1,0,2,1,1,5,NULL,2.021E+11,184 829,139 890,A01,1,1,1,2,1956,5,1,0,-1,0,0,-1,2.021E+11,3,COTES (RUE DES),0,NULL,-1,2,0,2,3,340,3,NULL,-1,1,0,1,80
2.021E+11,7,6,2021,20:50:00,1,75,75105,2,4,1,1,BOULEVARD DE L HOPITAL,"488,431,830,000","23,642,690,000",2.021E+11,137 444,B01,1,1,0,2,2,1,5,NULL,2.021E+11,181 624,137 443,A01,1,1,1,1,1994,9,2,6,-1,0,0,-1,2.021E+11,4,BOULEVARD DE L HOPITAL,0,NULL,2,6,3,1,-1,-1,1,NULL,-1,1,0,6,30
2.021E+11,7,6,2021,20:50:00,1,75,75105,2,4,1,1,BOULEVARD DE L HOPITAL,"488,431,830,000","23,642,690,000",2.021E+11,137 444,B01,1,1,0,2,2,1,5,NULL,2.021E+11,181 625,137 444,B01,1,1,3,1,1993,9,2,0,-1,0,0,-1,2.021E+11,4,BOULEVARD DE L HOPITAL,0,NULL,2,6,3,1,-1,-1,1,NULL,-1,1,0,6,30
2.021E+11,26,4,2021,18:00:00,1,94,94016,2,2,1,3,Boulevard de la Vanne,"487,855,590,000","23,379,030,000",2.021E+11,125 636,B01,2,1,0,2,1,1,1,NULL,2.021E+11,166 161,125 635,A01,1,1,1,2,1999,1,1,0,-1,-1,-1,-1,2.021E+11,3,LEON BLUM (AV),0,NULL,2,0,0,1,1,0,1,NULL,-1,1,0,1,50
2.021E+11,26,4,2021,18:00:00,1,94,94016,2,2,1,3,Boulevard de la Vanne,"487,855,590,000","23,379,030,000",2.021E+11,125 636,B01,2,1,0,2,1,1,1,NULL,2.021E+11,166 162,125 636,B01,1,1,4,1,1987,0,2,0,-1,-1,-1,-1,2.021E+11,3,LEON BLUM (AV),0,NULL,2,0,0,1,1,0,1,NULL,-1,1,0,1,50
2.021E+11,4,4,2021,09:50:00,1,70,70058,1,1,1,4,RD 2,"475,004,160,000","56,675,610,000",2.021E+11,121 175,C01,2,1,0,2,1,2,5,NULL,2.021E+11,160 380,121 173,A01,1,1,4,1,1954,5,2,-1,-1,0,0,-1,2.021E+11,3,2,0,NULL,2,2,0,1,20,250,1,NULL,-1,1,0,1,80
2.021E+11,4,4,2021,09:50:00,1,70,70058,1,1,1,4,RD 2,"475,004,160,000","56,675,610,000",2.021E+11,121 174,B01,2,1,0,0,4,2,5,NULL,2.021E+11,160 380,121 173,A01,1,1,4,1,1954,5,2,-1,-1,0,0,-1,2.021E+11,3,2,0,NULL,2,2,0,1,20,250,1,NULL,-1,1,0,1,80
2.021E+11,4,4,2021,09:50:00,1,70,70058,1,1,1,4,RD 2,"475,004,160,000","56,675,610,000",2.021E+11,121 173,A01,2,1,0,2,1,2,5,NULL,2.021E+11,160 380,121 173,A01,1,1,4,1,1954,5,2,-1,-1,0,0,-1,2.021E+11,3,2,0,NULL,2,2,0,1,20,250,1,NULL,-1,1,0,1,80
2.021E+11,4,4,2021,09:50:00,1,70,70058,1,1,1,4,RD 2,"475,004,160,000","56,675,610,000",2.021E+11,121 175,C01,2,1,0,2,1,2,5,NULL,2.021E+11,160 381,121 174,B01,1,1,1,1,1954,5,2,-1,-1,0,0,-1,2.021E+11,3,2,0,NULL,2,2,0,1,20,250,1,NULL,-1,1,0,1,80
2.021E+11,4,4,2021,09:50:00,1,70,70058,1,1,1,4,RD 2,"475,004,160,000","56,675,610,000",2.021E+11,121 174,B01,2,1,0,0,4,2,5,NULL,2.021E+11,160 381,121 174,B01,1,1,1,1,1954,5,2,-1,-1,0,0,-1,2.021E+11,3,2,0,NULL,2,2,0,1,20,250,1,NULL,-1,1,0,1,80
2.021E+11,4,4,2021,09:50:00,1,70,70058,1,1,1,4,RD 2,"475,004,160,000","56,675,610,000",2.021E+11,121 173,A01,2,1,0,2,1,2,5,NULL,2.021E+11,160 381,121 174,B01,1,1,1,1,1954,5,2,-1,-1,0,0,-1,2.021E+11,3,2,0,NULL,2,2,0,1,20,250,1,NULL,-1,1,0,1,80
2.021E+11,4,4,2021,09:50:00,1,70,70058,1,1,1,4,RD 2,"475,004,160,000","56,675,610,000",2.021E+11,121 175,C01,2,1,0,2,1,2,5,NULL,2.021E+11,160 382,121 175,C01,1,1,4,1,1945,5,2,-1,-1,0,0,-1,2.021E+11,3,2,0,NULL,2,2,0,1,20,250,1,NULL,-1,1,0,1,80
2.021E+11,4,4,2021,09:50:00,1,70,70058,1,1,1,4,RD 2,"475,004,160,000","56,675,610,000",2.021E+11,121 174,B01,2,1,0,0,4,2,5,NULL,2.021E+11,160 382,121 175,C01,1,1,4,1,1945,5,2,-1,-1,0,0,-1,2.021E+11,3,2,0,NULL,2,2,0,1,20,250,1,NULL,-1,1,0,1,80
2.021E+11,4,4,2021,09:50:00,1,70,70058,1,1,1,4,RD 2,"475,004,160,000","56,675,610,000",2.021E+11,121 173,A01,2,1,0,2,1,2,5,NULL,2.021E+11,160 382,121 175,C01,1,1,4,1,1945,5,2,-1,-1,0,0,-1,2.021E+11,3,2,0,NULL,2,2,0,1,20,250,1,NULL,-1,1,0,1,80
2.021E+11,3,4,2021,12:55:00,1,75,75103,2,2,1,3,RUE DU TEMPLE,"488,618,980,000","23,569,200,000",2.021E+11,120 841,B01,3,1,0,2,0,16,5,NULL,2.021E+11,159 929,120 840,A01,1,1,1,1,1962,4,1,0,-1,0,0,-1,2.021E+11,4,RUE DU TEMPLE,0,NULL,1,1,0,1,-1,-1,1,NULL,-1,1,0,1,30
2.021E+11,3,4,2021,12:55:00,1,75,75103,2,2,1,3,RUE DU TEMPLE,"488,618,980,000","23,569,200,000",2.021E+11,120 841,B01,3,1,0,2,0,16,5,NULL,2.021E+11,159 930,120 840,A01,3,2,1,2,1994,9,1,0,-1,0,0,-1,2.021E+11,4,RUE DU TEMPLE,0,NULL,1,1,0,1,-1,-1,1,NULL,-1,1,0,1,30
2.021E+11,3,4,2021,12:55:00,1,75,75103,2,2,1,3,RUE DU TEMPLE,"488,618,980,000","23,569,200,000",2.021E+11,120 841,B01,3,1,0,2,0,16,5,NULL,2.021E+11,159 931,120 841,B01,1,1,4,2,1955,3,8,0,-1,0,0,-1,2.021E+11,4,RUE DU TEMPLE,0,NULL,1,1,0,1,-1,-1,1,NULL,-1,1,0,1,30
2.021E+11,1,4,2021,15:30:00,1,68,68118,2,3,1,3,1 Rue des Noyers,"477,392,740,000","74,165,270,000",2.021E+11,120 067,B01,1,1,0,2,1,25,5,NULL,2.021E+11,158 906,120 066,A01,1,1,1,1,1965,1,1,-1,-1,0,0,-1,2.021E+11,3,201,0,NULL,2,2,0,1,43,0,1,NULL,-1,1,0,8,50
2.021E+11,1,4,2021,15:30:00,1,68,68118,2,3,1,3,1 Rue des Noyers,"477,392,740,000","74,165,270,000",2.021E+11,120 067,B01,1,1,0,2,1,25,5,NULL,2.021E+11,158 907,120 067,B01,1,1,4,2,2008,5,0,-1,-1,0,0,-1,2.021E+11,3,201,0,NULL,2,2,0,1,43,0,1,NULL,-1,1,0,8,50
2.021E+11,30,3,2021,09:15:00,1,35,35238,2,1,1,3,LIBERTE (BD DE LA),"481,081,200,000","-16,827,100,000",2.021E+11,119 627,B01,2,1,0,2,1,1,5,NULL,2.021E+11,158 343,119 627,B01,1,1,4,1,1978,1,8,-1,-1,-1,-1,-1,2.021E+11,4,LIBERTE (BD DE LA),0,NULL,3,4,2,1,-1,-1,1,NULL,-1,1,0,5,30
2.021E+11,30,3,2021,09:15:00,1,35,35238,2,1,1,3,LIBERTE (BD DE LA),"481,081,200,000","-16,827,100,000",2.021E+11,119 627,B01,2,1,0,2,1,1,5,NULL,2.021E+11,158 344,119 628,A01,1,1,1,2,1968,1,1,-1,-1,-1,-1,-1,2.021E+11,4,LIBERTE (BD DE LA),0,NULL,3,4,2,1,-1,-1,1,NULL,-1,1,0,5,30
2.021E+11,31,3,2021,10:09:00,1,25,25623,2,9,7,3,GRANDE RUE,"472,260,090,000","64,417,970,000",2.021E+11,119 503,B01,2,1,0,2,8,1,5,NULL,2.021E+11,158 182,119 503,B01,1,1,3,1,1951,5,2,-1,-1,0,0,-1,2.021E+11,3,20,-1,NULL,2,2,0,2,4,425,1,NULL,-1,1,0,1,50
2.021E+11,31,3,2021,10:09:00,1,25,25623,2,9,7,3,GRANDE RUE,"472,260,090,000","64,417,970,000",2.021E+11,119 503,B01,2,1,0,2,8,1,5,NULL,2.021E+11,158 183,119 504,A01,1,1,1,2,1977,5,1,-1,-1,0,0,-1,2.021E+11,3,20,-1,NULL,2,2,0,2,4,425,1,NULL,-1,1,0,1,50