Num_Acc,jour,mois,an,hrmn,lum,dep,com,agg,int,atm,col,adr,lat,long,Num_Acc,id_vehicule,num_veh,senc,catv,obs,obsm,choc,manv,motor,occutc,Num_Acc,id_usager,id_vehicule,num_veh,place,catu,grav,sexe,an_nais,trajet,secu1,secu2,secu3,locp,actp,etatp,Num_Acc,catr,voie,v1,v2,circ,nbv,vosp,prof,pr,pr1,plan,lartpc,larrout,surf,infra,situ,vma
2.021E+11,30,3,2021,17:55:00,1,59,59011,2,4,1,7,Rue du Docteur Schaffner,"505,313,460,000","29,384,890,000",2.021E+11,119 190,B01,3,1,0,0,0,14,5,NULL,2.021E+11,157 794,119 190,B01,1,1,3,1,1967,5,0,-1,-1,0,0,-1,2.021E+11,4,NULL,-1,NULL,2,2,0,1,-1,-1,1,NULL,-1,1,5,1,30
2.021E+11,30,3,2021,17:55:00,1,59,59011,2,4,1,7,Rue du Docteur Schaffner,"505,313,460,000","29,384,890,000",2.021E+11,119 190,B01,3,1,0,0,0,14,5,NULL,2.021E+11,157 795,119 191,A01,1,1,1,1,2001,0,1,-1,-1,0,0,-1,2.021E+11,4,NULL,-1,NULL,2,2,0,1,-1,-1,1,NULL,-1,1,5,1,30
2.021E+11,28,3,2021,17:05:00,1,68,68211,2,1,1,3,33 Rue Principale,"478,719,600,000","70,064,260,000",2.021E+11,119 002,A01,1,1,0,2,1,19,5,NULL,2.021E+11,157 530,119 001,B01,1,1,1,1,1987,5,1,-1,-1,0,0,-1,2.021E+11,3,741,-1,NULL,2,2,0,2,3,300,1,NULL,-1,1,0,1,50
2.021E+11,28,3,2021,17:05:00,1,68,68211,2,1,1,3,33 Rue Principale,"478,719,600,000","70,064,260,000",2.021E+11,119 002,A01,1,1,0,2,1,19,5,NULL,2.021E+11,157 531,119 002,A01,1,1,4,1,2013,5,0,-1,-1,0,0,-1,2.021E+11,3,741,-1,NULL,2,2,0,2,3,300,1,NULL,-1,1,0,1,50
2.021E+11,24,3,2021,13:30:00,1,13,13201,2,3,1,3,HENRI BARBUSSE (RUE),"432,970,441,863","53,742,201,626",2.021E+11,118 178,A01,2,1,0,2,8,15,5,NULL,2.021E+11,156 497,118 178,A01,1,1,4,1,1953,5,8,0,-1,-1,-1,-1,2.021E+11,4,HENRI BARBUSSE (RUE),0,NULL,2,2,0,4,-1,-1,2,NULL,-1,1,0,1,50
2.021E+11,24,3,2021,13:30:00,1,13,13201,2,3,1,3,HENRI BARBUSSE (RUE),"432,970,441,863","53,742,201,626",2.021E+11,118 178,A01,2,1,0,2,8,15,5,NULL,2.021E+11,156 498,118 179,B01,1,1,1,1,1992,5,1,0,-1,-1,-1,-1,2.021E+11,4,HENRI BARBUSSE (RUE),0,NULL,2,2,0,4,-1,-1,2,NULL,-1,1,0,1,50
2.021E+11,12,3,2021,11:00:00,1,6,6010,1,1,1,5,Route de Gourdon,"436,849,470,000","69,748,540,000",2.021E+11,115 109,A01,1,1,0,2,3,21,5,NULL,2.021E+11,152 534,115 109,A01,1,1,3,1,1976,0,2,-1,-1,0,0,-1,2.021E+11,3,3,-1,NULL,2,2,0,2,19,1021,3,NULL,-1,1,0,1,50
2.021E+11,12,3,2021,11:00:00,1,6,6010,1,1,1,5,Route de Gourdon,"436,849,470,000","69,748,540,000",2.021E+11,115 109,A01,1,1,0,2,3,21,5,NULL,2.021E+11,152 535,115 110,C01,1,1,1,1,1962,4,1,-1,-1,0,0,-1,2.021E+11,3,3,-1,NULL,2,2,0,2,19,1021,3,NULL,-1,1,0,1,50
2.021E+11,12,3,2021,11:00:00,1,6,6010,1,1,1,5,Route de Gourdon,"436,849,470,000","69,748,540,000",2.021E+11,115 109,A01,1,1,0,2,3,21,5,NULL,2.021E+11,152 536,115 111,B01,1,1,1,1,1964,4,1,-1,-1,0,0,-1,2.021E+11,3,3,-1,NULL,2,2,0,2,19,1021,3,NULL,-1,1,0,1,50
2.021E+11,8,3,2021,17:30:00,1,46,46144,1,1,1,6,lieu dit pech des boules,"448,401,800,000","15,512,570,000",2.021E+11,114 517,A01,1,1,3,9,1,16,5,NULL,2.021E+11,151 791,114 517,A01,1,1,3,1,1979,5,0,-1,-1,0,0,-1,2.021E+11,3,43,-1,NULL,2,2,0,2,17,80,3,NULL,-1,1,0,3,80
2.021E+11,7,3,2021,12:50:00,1,7,7281,1,1,8,7,C.D. 287 (VERS ST ROMAIN DE LERPS),"449,521,300,000","48,235,600,000",2.021E+11,114 419,A01,1,1,0,0,0,1,5,NULL,2.021E+11,151 675,114 419,A01,1,1,4,1,1957,5,2,8,-1,-1,-1,-1,2.021E+11,3,C.D. 287 (VERS ST ROMAIN DE LERPS),0,NULL,2,2,0,2,19,600,3,NULL,-1,2,0,1,50
2.021E+11,22,2,2021,13:50:00,1,51,51454,2,2,1,3,Rue Lieutenant Herduin,"492,491,529,193","40,369,893,307",2.021E+11,111 279,A01,2,1,0,2,1,19,5,NULL,2.021E+11,147 638,111 279,A01,1,1,4,1,2007,5,8,-1,-1,-1,-1,-1,2.021E+11,4,HERDUIN (RUE DU LIEUTENANT),0,NULL,2,2,0,1,-1,-1,1,NULL,-1,1,0,8,50
2.021E+11,22,2,2021,13:50:00,1,51,51454,2,2,1,3,Rue Lieutenant Herduin,"492,491,529,193","40,369,893,307",2.021E+11,111 279,A01,2,1,0,2,1,19,5,NULL,2.021E+11,147 639,111 280,B01,1,1,1,2,1956,0,1,0,-1,-1,-1,-1,2.021E+11,4,HERDUIN (RUE DU LIEUTENANT),0,NULL,2,2,0,1,-1,-1,1,NULL,-1,1,0,8,50
2.021E+11,22,2,2021,13:50:00,1,51,51454,2,2,1,3,Rue Lieutenant Herduin,"492,491,529,193","40,369,893,307",2.021E+11,111 279,A01,2,1,0,2,1,19,5,NULL,2.021E+11,147 640,111 280,B01,2,2,1,2,1957,0,1,-1,-1,-1,-1,-1,2.021E+11,4,HERDUIN (RUE DU LIEUTENANT),0,NULL,2,2,0,1,-1,-1,1,NULL,-1,1,0,8,50
2.021E+11,29,1,2021,15:50:00,1,87,87114,2,2,1,3,FRANCE (DE),"458,321,300,000","12,876,000,000",2.021E+11,107 224,B01,1,1,0,2,1,15,5,NULL,2.021E+11,142 367,107 223,A01,1,1,1,2,1985,5,1,0,-1,-1,-1,-1,2.021E+11,4,FRANCE (DE),0,NULL,2,2,0,1,0,0,1,NULL,-1,1,0,1,50
2.021E+11,29,1,2021,15:50:00,1,87,87114,2,2,1,3,FRANCE (DE),"458,321,300,000","12,876,000,000",2.021E+11,107 224,B01,1,1,0,2,1,15,5,NULL,2.021E+11,142 368,107 224,B01,1,1,4,1,1962,5,2,0,-1,-1,-1,-1,2.021E+11,4,FRANCE (DE),0,NULL,2,2,0,1,0,0,1,NULL,-1,1,0,1,50
2.021E+11,28,1,2021,18:20:00,5,69,69271,1,2,8,3,CHARLES DE GAULLE (BD),"457,433,100,000","49,371,700,000",2.021E+11,106 664,A01,2,1,0,2,7,19,5,NULL,2.021E+11,141 624,106 663,B01,1,1,1,-1,NULL,-1,8,-1,-1,-1,-1,-1,2.021E+11,7,CHARLES DE GAULLE               BD,0,NULL,2,8,1,1,2,200,1,NULL,-1,2,5,1,70
2.021E+11,28,1,2021,18:20:00,5,69,69271,1,2,8,3,CHARLES DE GAULLE (BD),"457,433,100,000","49,371,700,000",2.021E+11,106 664,A01,2,1,0,2,7,19,5,NULL,2.021E+11,141 625,106 664,A01,1,1,4,1,1966,0,2,-1,-1,-1,-1,-1,2.021E+11,7,CHARLES DE GAULLE               BD,0,NULL,2,8,1,1,2,200,1,NULL,-1,2,5,1,70
2.021E+11,22,10,2021,07:55:00,2,51,51454,2,6,1,3,Avenue d’Epernay,"492,297,840,599","40,147,393,106",2.021E+11,181 024,B01,0,1,0,2,5,3,5,NULL,2.021E+11,239 717,181 024,B01,1,1,4,1,1992,1,8,-1,-1,-1,-1,-1,2.021E+11,4,COGNACQ JAY (RUE),0,NULL,1,2,0,1,-1,-1,2,NULL,-1,2,5,1,50
2.021E+11,22,10,2021,07:55:00,2,51,51454,2,6,1,3,Avenue d’Epernay,"492,297,840,599","40,147,393,106",2.021E+11,181 024,B01,0,1,0,2,5,3,5,NULL,2.021E+11,239 718,181 025,A01,1,1,1,1,1980,1,1,-1,-1,-1,-1,-1,2.021E+11,4,COGNACQ JAY (RUE),0,NULL,1,2,0,1,-1,-1,2,NULL,-1,2,5,1,50
2.021E+11,12,10,2021,17:45:00,1,29,29037,1,6,1,3,Le Lannou,"478,845,100,000","-41,691,510,000",2.021E+11,177 130,B01,1,1,0,2,1,1,5,NULL,2.021E+11,234 696,177 130,B01,1,1,3,1,1953,5,2,-1,-1,0,0,-1,2.021E+11,3,144,-1,NULL,2,2,0,1,3,500,1,NULL,-1,1,9,1,80
2.021E+11,12,10,2021,17:45:00,1,29,29037,1,6,1,3,Le Lannou,"478,845,100,000","-41,691,510,000",2.021E+11,177 130,B01,1,1,0,2,1,1,5,NULL,2.021E+11,234 697,177 131,A01,1,1,1,1,1958,5,1,-1,-1,0,0,-1,2.021E+11,3,144,-1,NULL,2,2,0,1,3,500,1,NULL,-1,1,9,1,80
2.021E+11,8,10,2021,08:35:00,1,37,37261,2,1,1,7,GAUTHIER (RUE MARCEL),"474,047,384,734","0,7109922767",2.021E+11,176 026,A01,1,1,0,0,1,7,5,NULL,2.021E+11,233 237,176 026,A01,1,1,4,1,1983,1,8,0,-1,-1,-1,-1,2.021E+11,4,GAUTHIER (RUE MARCEL),0,NULL,2,2,0,2,-1,-1,1,NULL,-1,1,0,1,50
2.021E+11,8,10,2021,08:35:00,1,35,35238,2,1,1,2,SAINT-HELIER,"481,073,600,000","-16,659,100,000",2.021E+11,176 018,A01,3,1,0,2,1,18,5,NULL,2.021E+11,233 226,176 017,B01,1,1,4,1,1972,1,8,0,-1,-1,-1,-1,2.021E+11,4,SAINT-HELIER,0,NULL,2,3,2,2,-1,-1,1,NULL,-1,1,0,1,30
2.021E+11,8,10,2021,08:35:00,1,35,35238,2,1,1,2,SAINT-HELIER,"481,073,600,000","-16,659,100,000",2.021E+11,176 017,B01,3,1,0,2,4,2,5,NULL,2.021E+11,233 226,176 017,B01,1,1,4,1,1972,1,8,0,-1,-1,-1,-1,2.021E+11,4,SAINT-HELIER,0,NULL,2,3,2,2,-1,-1,1,NULL,-1,1,0,1,30
2.021E+11,8,10,2021,08:35:00,1,35,35238,2,1,1,2,SAINT-HELIER,"481,073,600,000","-16,659,100,000",2.021E+11,176 018,A01,3,1,0,2,1,18,5,NULL,2.021E+11,233 227,176 018,A01,1,1,4,1,1966,1,8,0,-1,-1,-1,-1,2.021E+11,4,SAINT-HELIER,0,NULL,2,3,2,2,-1,-1,1,NULL,-1,1,0,1,30
2.021E+11,8,10,2021,08:35:00,1,35,35238,2,1,1,2,SAINT-HELIER,"481,073,600,000","-16,659,100,000",2.021E+11,176 017,B01,3,1,0,2,4,2,5,NULL,2.021E+11,233 227,176 018,A01,1,1,4,1,1966,1,8,0,-1,-1,-1,-1,2.021E+11,4,SAINT-HELIER,0,NULL,2,3,2,2,-1,-1,1,NULL,-1,1,0,1,30
2.021E+11,7,9,2021,19:40:00,1,75,75114,2,3,1,3,AVENUE DU GENERAL LECLERC,"488,312,060,000","23,297,900,000",2.021E+11,165 302,B01,1,1,0,2,3,1,5,NULL,2.021E+11,219 299,165 301,A01,1,1,1,1,1995,4,1,0,-1,0,0,-1,2.021E+11,4,AVENUE DU GENERAL LECLERC,0,NULL,2,4,3,1,-1,-1,1,NULL,-1,1,8,1,50
2.021E+11,7,9,2021,19:40:00,1,75,75114,2,3,1,3,AVENUE DU GENERAL LECLERC,"488,312,060,000","23,297,900,000",2.021E+11,165 302,B01,1,1,0,2,3,1,5,NULL,2.021E+11,219 300,165 302,B01,1,1,4,1,1975,1,2,0,-1,0,0,-1,2.021E+11,4,AVENUE DU GENERAL LECLERC,0,NULL,2,4,3,1,-1,-1,1,NULL,-1,1,8,1,50
2.021E+11,6,9,2021,18:50:00,1,69,69259,2,1,1,6,IRENE JOLIOT CURIE (BD),"457,105,700,000","48,833,340,000",2.021E+11,165 028,A01,1,1,12,0,0,17,5,NULL,2.021E+11,218 952,165 028,A01,1,1,4,2,1989,1,0,-1,-1,-1,-1,-1,2.021E+11,4,IRENE JOLIOT CURIE                  (BD),0,NULL,3,4,2,1,-1,-1,1,NULL,-1,1,0,5,50
2.021E+11,7,9,2021,08:45:00,1,35,35191,1,1,1,1,Lieu Dit Launay (Montours),"484,538,830,000","-13,122,980,000",2.021E+11,164 704,B01,1,1,0,2,0,13,0,NULL,2.021E+11,218 533,164 703,A01,1,1,1,2,1990,5,1,-1,-1,0,0,-1,2.021E+11,3,103,-1,NULL,2,2,0,1,0,620,1,NULL,-1,1,0,1,80
2.021E+11,7,9,2021,08:45:00,1,35,35191,1,1,1,1,Lieu Dit Launay (Montours),"484,538,830,000","-13,122,980,000",2.021E+11,164 704,B01,1,1,0,2,0,13,0,NULL,2.021E+11,218 534,164 704,B01,1,1,2,1,1962,5,2,-1,-1,0,0,-1,2.021E+11,3,103,-1,NULL,2,2,0,1,0,620,1,NULL,-1,1,0,1,80
2.021E+11,5,9,2021,11:55:00,1,76,76026,1,9,1,3,PRAIRIES (CHEMIN DES),"498,765,344,824","11,383,992,434",2.021E+11,164 660,A01,3,1,0,2,0,1,0,NULL,2.021E+11,218 478,164 659,B01,1,1,1,1,1953,0,1,8,-1,-1,-1,-1,2.021E+11,4,PRAIRIES (CHEMIN DES),0,NULL,2,1,1,1,1,0,1,NULL,-1,1,0,5,30
2.021E+11,5,9,2021,11:55:00,1,76,76026,1,9,1,3,PRAIRIES (CHEMIN DES),"498,765,344,824","11,383,992,434",2.021E+11,164 660,A01,3,1,0,2,0,1,0,NULL,2.021E+11,218 479,164 660,A01,1,1,3,2,1948,5,0,-1,-1,-1,-1,-1,2.021E+11,4,PRAIRIES (CHEMIN DES),0,NULL,2,1,1,1,1,0,1,NULL,-1,1,0,5,30
2.021E+11,29,8,2021,16:40:00,1,24,24037,2,9,1,3,PIMONT (BOULEVAR LOUIS),"448,435,500,000","0,4845000000",2.021E+11,162 416,B01,1,1,0,2,1,1,5,NULL,2.021E+11,215 498,162 416,B01,1,1,4,1,1948,0,2,0,-1,-1,-1,-1,2.021E+11,3,PIMONT (BOULEVAR LOUIS),0,NULL,1,1,0,1,0,1,1,NULL,-1,1,0,1,50
2.021E+11,29,8,2021,16:40:00,1,24,24037,2,9,1,3,PIMONT (BOULEVAR LOUIS),"448,435,500,000","0,4845000000",2.021E+11,162 416,B01,1,1,0,2,1,1,5,NULL,2.021E+11,215 499,162 417,A01,1,1,1,1,1970,5,1,0,-1,-1,-1,-1,2.021E+11,3,PIMONT (BOULEVAR LOUIS),0,NULL,1,1,0,1,0,1,1,NULL,-1,1,0,1,50
2.021E+11,15,8,2021,11:30:00,1,59,59431,1,8,1,1,MENEGATTE (RUE DE LA),"507,013,000,000","28,165,300,000",2.021E+11,159 253,B01,3,1,0,2,3,9,5,NULL,2.021E+11,211 182,159 253,B01,1,1,3,1,1953,5,2,8,-1,-1,-1,-1,2.021E+11,4,MENEGATTE (RUE DE LA),0,NULL,2,1,0,1,-1,-1,2,NULL,-1,1,4,1,70
2.021E+11,15,8,2021,11:30:00,1,59,59431,1,8,1,1,MENEGATTE (RUE DE LA),"507,013,000,000","28,165,300,000",2.021E+11,159 253,B01,3,1,0,2,3,9,5,NULL,2.021E+11,211 183,159 254,A01,1,1,1,1,2002,1,8,0,-1,-1,-1,-1,2.021E+11,4,MENEGATTE (RUE DE LA),0,NULL,2,1,0,1,-1,-1,2,NULL,-1,1,4,1,70
2.021E+11,8,8,2021,12:15:00,1,43,43039,2,3,1,7,Carrefour face école et D54,"449,349,560,000","38,799,690,000",2.021E+11,157 061,A01,2,1,0,0,0,16,5,NULL,2.021E+11,208 139,157 061,A01,1,1,3,1,1956,5,0,-1,-1,0,0,-1,2.021E+11,3,54,-1,D,2,2,0,2,-1,-1,1,NULL,-1,1,0,1,30
2.021E+11,7,8,2021,10:30:00,1,93,93051,2,1,1,2,Quai de la Marne,"488,577,000,000","25,679,000,000",2.021E+11,156 693,A01,3,1,0,2,5,14,0,NULL,2.021E+11,207 607,156 692,B01,1,1,4,1,1967,5,2,0,-1,-1,-1,-1,2.021E+11,4,MARNE (QUAI),0,NULL,-1,0,0,1,-1,-1,1,NULL,-1,1,0,1,50
2.021E+11,7,8,2021,10:30:00,1,93,93051,2,1,1,2,Quai de la Marne,"488,577,000,000","25,679,000,000",2.021E+11,156 692,B01,3,1,0,2,3,1,0,NULL,2.021E+11,207 607,156 692,B01,1,1,4,1,1967,5,2,0,-1,-1,-1,-1,2.021E+11,4,MARNE (QUAI),0,NULL,-1,0,0,1,-1,-1,1,NULL,-1,1,0,1,50
2.021E+11,7,8,2021,10:30:00,1,93,93051,2,1,1,2,Quai de la Marne,"488,577,000,000","25,679,000,000",2.021E+11,156 693,A01,3,1,0,2,5,14,0,NULL,2.021E+11,207 608,156 693,A01,1,1,4,1,1976,5,8,0,-1,-1,-1,-1,2.021E+11,4,MARNE (QUAI),0,NULL,-1,0,0,1,-1,-1,1,NULL,-1,1,0,1,50
2.021E+11,7,8,2021,10:30:00,1,93,93051,2,1,1,2,Quai de la Marne,"488,577,000,000","25,679,000,000",2.021E+11,156 692,B01,3,1,0,2,3,1,0,NULL,2.021E+11,207 608,156 693,A01,1,1,4,1,1976,5,8,0,-1,-1,-1,-1,2.021E+11,4,MARNE (QUAI),0,NULL,-1,0,0,1,-1,-1,1,NULL,-1,1,0,1,50
2.021E+11,8,8,2021,16:15:00,1,5,5027,1,1,1,3,CD 902,"448,225,620,000","67,359,280,000",2.021E+11,156 672,B01,2,1,0,2,8,1,5,NULL,2.021E+11,207 577,156 671,A01,1,1,1,1,1957,5,2,6,9,0,0,-1,2.021E+11,3,RD902,-1,NULL,2,2,0,2,28,-1,4,NULL,-1,1,0,1,80
2.021E+11,8,8,2021,16:15:00,1,5,5027,1,1,1,3,CD 902,"448,225,620,000","67,359,280,000",2.021E+11,156 672,B01,2,1,0,2,8,1,5,NULL,2.021E+11,207 578,156 672,B01,1,1,3,1,1975,5,2,-1,-1,0,0,-1,2.021E+11,3,RD902,-1,NULL,2,2,0,2,28,-1,4,NULL,-1,1,0,1,80
2.021E+11,30,7,2021,12:50:00,1,84,84123,1,1,1,6,D164,"441,119,760,000","53,931,000,000",2.021E+11,154 242,A01,1,1,13,0,1,0,5,NULL,2.021E+11,204 171,154 242,A01,1,1,3,1,1960,5,0,-1,-1,0,0,-1,2.021E+11,3,164,0,D,2,2,0,2,0,0,3,NULL,-1,1,0,3,80
2.021E+11,28,7,2021,18:15:00,1,75,75110,2,7,1,6,BOULEVARD DE MAGENTA,"488,806,670,000","23,520,780,000",2.021E+11,154 007,A01,2,1,0,1,1,1,5,NULL,2.021E+11,203 858,154 007,A01,1,1,1,1,1992,5,8,0,-1,0,0,-1,2.021E+11,4,BOULEVARD DE MAGENTA,0,NULL,1,1,1,2,-1,-1,1,NULL,-1,1,0,5,50
2.021E+11,28,7,2021,18:15:00,1,75,75110,2,7,1,6,BOULEVARD DE MAGENTA,"488,806,670,000","23,520,780,000",2.021E+11,154 007,A01,2,1,0,1,1,1,5,NULL,2.021E+11,203 859,154 007,A01,10,3,4,2,1962,9,0,-1,-1,2,5,1,2.021E+11,4,BOULEVARD DE MAGENTA,0,NULL,1,1,1,2,-1,-1,1,NULL,-1,1,0,5,50
2.021E+11,21,7,2021,15:45:00,1,75,75120,2,5,1,6,AVENUE GAMBETTA,"488,683,310,000","24,014,260,000",2.021E+11,152 091,A01,1,1,4,0,1,13,5,NULL,2.021E+11,201 208,152 091,A01,1,1,3,2,1990,9,8,0,-1,0,0,-1,2.021E+11,4,AVENUE GAMBETTA,0,NULL,2,2,1,2,-1,-1,1,NULL,-1,1,0,5,50
2.021E+11,21,7,2021,11:05:00,1,27,27114,2,2,1,1,Rue Lamartine,"489,622,220,000","14,270,670,000",2.021E+11,151 550,B01,2,1,0,2,8,15,5,NULL,2.021E+11,200 500,151 549,A01,1,1,1,2,1957,5,1,-1,-1,0,0,-1,2.021E+11,3,836,0,D,2,2,0,1,9,555,1,NULL,-1,1,0,1,50
2.021E+11,21,7,2021,11:05:00,1,27,27114,2,2,1,1,Rue Lamartine,"489,622,220,000","14,270,670,000",2.021E+11,151 550,B01,2,1,0,2,8,15,5,NULL,2.021E+11,200 501,151 550,B01,1,1,3,1,1949,5,2,-1,-1,0,0,-1,2.021E+11,3,836,0,D,2,2,0,1,9,555,1,NULL,-1,1,0,1,50
2.021E+11,6,7,2021,10:30:00,1,974,97407,1,1,1,2,MAHATMA GANDHY - RIV. DES GALETS,"-209,530,100,000","553,245,700,000",2.021E+11,147 563,B01,1,1,0,2,4,2,0,NULL,2.021E+11,194 973,147 563,B01,1,1,4,1,1986,0,8,0,-1,-1,-1,-1,2.021E+11,4,MAHATMA GANDHY - RIV. DES GALETS,0,NULL,2,2,1,2,0,0,1,NULL,-1,1,0,5,70
2.021E+11,6,7,2021,10:30:00,1,974,97407,1,1,1,2,MAHATMA GANDHY - RIV. DES GALETS,"-209,530,100,000","553,245,700,000",2.021E+11,147 563,B01,1,1,0,2,4,2,0,NULL,2.021E+11,194 974,147 564,A01,1,1,1,1,1998,0,1,0,-1,-1,-1,-1,2.021E+11,4,MAHATMA GANDHY - RIV. DES GALETS,0,NULL,2,2,1,2,0,0,1,NULL,-1,1,0,5,70
2.021E+11,5,7,2021,11:25:00,1,26,26313,2,6,1,3,Avenue de Provence,"449,612,000,000","49,402,960,000",2.021E+11,146 448,B01,1,1,0,2,8,2,5,NULL,2.021E+11,193 461,146 448,B01,1,1,3,1,1942,5,2,-1,-1,0,0,-1,2.021E+11,3,432,-1,NULL,2,2,0,1,3,50,1,NULL,-1,1,9,1,30
2.021E+11,5,7,2021,11:25:00,1,26,26313,2,6,1,3,Avenue de Provence,"449,612,000,000","49,402,960,000",2.021E+11,146 448,B01,1,1,0,2,8,2,5,NULL,2.021E+11,193 462,146 449,A01,1,1,1,1,1963,5,1,-1,-1,0,0,-1,2.021E+11,3,432,-1,NULL,2,2,0,1,3,50,1,NULL,-1,1,9,1,30
2.021E+11,23,6,2021,10:50:00,1,69,69387,2,2,1,2,JEAN JAURES                         (AV),"457,473,141,509","48,431,666,493",2.021E+11,143 426,A01,2,1,0,2,4,2,0,NULL,2.021E+11,189 422,143 426,A01,1,1,4,1,1996,4,8,-1,-1,-1,-1,-1,2.021E+11,4,JEAN JAURES                         (AV),0,NULL,2,4,3,1,-1,-1,1,NULL,-1,1,0,1,50
2.021E+11,23,6,2021,10:50:00,1,69,69387,2,2,1,2,JEAN JAURES                         (AV),"457,473,141,509","48,431,666,493",2.021E+11,143 426,A01,2,1,0,2,4,2,0,NULL,2.021E+11,189 423,143 427,B01,1,1,1,2,1945,0,8,-1,-1,-1,-1,-1,2.021E+11,4,JEAN JAURES                         (AV),0,NULL,2,4,3,1,-1,-1,1,NULL,-1,1,0,1,50
2.021E+11,8,6,2021,08:20:00,1,35,35238,2,1,1,3,SAINT-CAST (QUAI),"481,108,800,000","-16,858,800,000",2.021E+11,137 869,B01,1,1,1,0,7,1,5,NULL,2.021E+11,182 149,137 868,A01,1,1,1,1,1967,0,8,-1,-1,-1,-1,-1,2.021E+11,4,SAINT-CAST (QUAI),0,NULL,1,1,2,2,-1,-1,1,NULL,-1,1,0,5,50
2.021E+11,8,6,2021,08:20:00,1,35,35238,2,1,1,3,SAINT-CAST (QUAI),"481,108,800,000","-16,858,800,000",2.021E+11,137 869,B01,1,1,1,0,7,1,5,NULL,2.021E+11,182 150,137 869,B01,1,1,4,2,1965,1,2,-1,-1,-1,-1,-1,2.021E+11,4,SAINT-CAST (QUAI),0,NULL,1,1,2,2,-1,-1,1,NULL,-1,1,0,5,50
2.021E+11,31,5,2021,12:00:00,1,75,75112,2,3,1,5,ROUTE DE CEINTURE DU LAC DAUMESNIL,"488,274,630,000","24,193,850,000",2.021E+11,135 013,A01,3,1,0,2,7,19,5,NULL,2.021E+11,178 480,135 013,A01,1,1,4,2,1982,5,8,0,-1,0,0,-1,2.021E+11,4,ROUTE DE CEINTURE DU LAC DAUMESNIL,0,NULL,2,4,0,1,-1,-1,1,NULL,-1,1,0,1,50
2.021E+11,31,5,2021,12:00:00,1,75,75112,2,3,1,5,ROUTE DE CEINTURE DU LAC DAUMESNIL,"488,274,630,000","24,193,850,000",2.021E+11,135 013,A01,3,1,0,2,7,19,5,NULL,2.021E+11,178 481,135 014,B01,1,1,1,1,1944,5,1,0,-1,0,0,-1,2.021E+11,4,ROUTE DE CEINTURE DU LAC DAUMESNIL,0,NULL,2,4,0,1,-1,-1,1,NULL,-1,1,0,1,50
2.021E+11,31,5,2021,12:00:00,1,75,75112,2,3,1,5,ROUTE DE CEINTURE DU LAC DAUMESNIL,"488,274,630,000","24,193,850,000",2.021E+11,135 013,A01,3,1,0,2,7,19,5,NULL,2.021E+11,178 482,135 015,C01,1,1,1,1,1968,4,1,0,-1,0,0,-1,2.021E+11,4,ROUTE DE CEINTURE DU LAC DAUMESNIL,0,NULL,2,4,0,1,-1,-1,1,NULL,-1,1,0,1,50
2.021E+11,29,5,2021,16:30:00,1,15,15215,1,1,1,2,Lieu Dit Oyez,"449,768,100,000","25,192,490,000",2.021E+11,133 914,A01,2,1,0,9,1,2,5,NULL,2.021E+11,177 027,133 913,B01,1,1,1,1,1970,5,2,6,-1,0,0,-1,2.021E+11,3,17,0,D,2,2,2,1,6,250,1,NULL,-1,1,0,5,90
2.021E+11,29,5,2021,16:30:00,1,15,15215,1,1,1,2,Lieu Dit Oyez,"449,768,100,000","25,192,490,000",2.021E+11,133 913,B01,2,1,0,9,1,2,5,NULL,2.021E+11,177 027,133 913,B01,1,1,1,1,1970,5,2,6,-1,0,0,-1,2.021E+11,3,17,0,D,2,2,2,1,6,250,1,NULL,-1,1,0,5,90
2.021E+11,29,5,2021,16:30:00,1,15,15215,1,1,1,2,Lieu Dit Oyez,"449,768,100,000","25,192,490,000",2.021E+11,133 914,A01,2,1,0,9,1,2,5,NULL,2.021E+11,177 028,133 914,A01,1,1,3,1,1953,5,2,6,-1,0,0,-1,2.021E+11,3,17,0,D,2,2,2,1,6,250,1,NULL,-1,1,0,5,90
2.021E+11,29,5,2021,16:30:00,1,15,15215,1,1,1,2,Lieu Dit Oyez,"449,768,100,000","25,192,490,000",2.021E+11,133 913,B01,2,1,0,9,1,2,5,NULL,2.021E+11,177 028,133 914,A01,1,1,3,1,1953,5,2,6,-1,0,0,-1,2.021E+11,3,17,0,D,2,2,2,1,6,250,1,NULL,-1,1,0,5,90
2.021E+11,11,5,2021,08:45:00,1,29,29019,2,6,1,3,Avenue de Tallinn,"483,895,100,000","-45,202,200,000",2.021E+11,129 483,A01,1,1,0,2,1,15,5,NULL,2.021E+11,171 155,129 482,B01,1,1,1,1,1977,2,1,-1,-1,0,0,-1,2.021E+11,4,TALLINN (SANS N° DE GUILERS A DELALANDE),0,NULL,2,2,0,3,-1,-1,2,NULL,-1,1,5,1,50