Num_Acc,jour,mois,an,hrmn,lum,dep,com,agg,int,atm,col,adr,lat,long,Num_Acc,id_vehicule,num_veh,senc,catv,obs,obsm,choc,manv,motor,occutc,Num_Acc,id_usager,id_vehicule,num_veh,place,catu,grav,sexe,an_nais,trajet,secu1,secu2,secu3,locp,actp,etatp,Num_Acc,catr,voie,v1,v2,circ,nbv,vosp,prof,pr,pr1,plan,lartpc,larrout,surf,infra,situ,vma
2.021E+11,11,5,2021,08:45:00,1,29,29019,2,6,1,3,Avenue de Tallinn,"483,895,100,000","-45,202,200,000",2.021E+11,129 483,A01,1,1,0,2,1,15,5,NULL,2.021E+11,171 156,129 483,A01,1,1,4,1,1992,4,8,-1,-1,0,0,-1,2.021E+11,4,TALLINN (SANS N° DE GUILERS A DELALANDE),0,NULL,2,2,0,3,-1,-1,2,NULL,-1,1,5,1,50
2.021E+11,24,4,2021,19:00:00,1,49,49180,2,2,1,3,Place du Champ de Foire,"473,757,290,000"," -0,1107830000",2.021E+11,125 606,B01,3,1,0,2,1,19,5,NULL,2.021E+11,166 123,125 606,B01,1,1,3,1,2004,5,0,-1,-1,0,0,-1,2.021E+11,4,NULL,-1,NULL,3,-1,-1,1,-1,-1,1,NULL,-1,1,0,1,-1
2.021E+11,24,4,2021,19:00:00,1,49,49180,2,2,1,3,Place du Champ de Foire,"473,757,290,000"," -0,1107830000",2.021E+11,125 606,B01,3,1,0,2,1,19,5,NULL,2.021E+11,166 124,125 607,A01,1,1,1,1,1994,5,8,-1,-1,0,0,-1,2.021E+11,4,NULL,-1,NULL,3,-1,-1,1,-1,-1,1,NULL,-1,1,0,1,-1
2.021E+11,3,4,2021,12:15:00,1,65,65401,2,9,8,2,Route Départementale 8,"431,858,530,000","0,1017090000",2.021E+11,121 139,B01,2,1,0,9,4,1,5,NULL,2.021E+11,160 334,121 138,A01,1,1,3,1,1967,5,2,-1,-1,0,0,-1,2.021E+11,3,8,-1,NULL,2,2,0,1,20,625,1,NULL,-1,1,0,1,50
2.021E+11,3,4,2021,12:15:00,1,65,65401,2,9,8,2,Route Départementale 8,"431,858,530,000","0,1017090000",2.021E+11,121 138,A01,2,1,0,0,1,1,5,NULL,2.021E+11,160 334,121 138,A01,1,1,3,1,1967,5,2,-1,-1,0,0,-1,2.021E+11,3,8,-1,NULL,2,2,0,1,20,625,1,NULL,-1,1,0,1,50
2.021E+11,3,4,2021,12:15:00,1,65,65401,2,9,8,2,Route Départementale 8,"431,858,530,000","0,1017090000",2.021E+11,121 139,B01,2,1,0,9,4,1,5,NULL,2.021E+11,160 335,121 139,B01,1,1,1,1,1963,5,2,-1,-1,0,0,-1,2.021E+11,3,8,-1,NULL,2,2,0,1,20,625,1,NULL,-1,1,0,1,50
2.021E+11,3,4,2021,12:15:00,1,65,65401,2,9,8,2,Route Départementale 8,"431,858,530,000","0,1017090000",2.021E+11,121 138,A01,2,1,0,0,1,1,5,NULL,2.021E+11,160 335,121 139,B01,1,1,1,1,1963,5,2,-1,-1,0,0,-1,2.021E+11,3,8,-1,NULL,2,2,0,1,20,625,1,NULL,-1,1,0,1,50
2.021E+11,1,4,2021,11:17:00,1,973,97302,2,9,1,6,LAFAURIE (CITE),"49,320,163,056","-523,239,111,944",2.021E+11,120 354,B01,2,1,0,0,0,0,1,NULL,2.021E+11,159 270,120 353,A01,1,1,1,1,1965,0,1,0,0,-1,-1,-1,2.021E+11,4,LAFAURIE (CITE),0,NULL,2,1,0,1,-1,-1,1,NULL,-1,1,0,1,50
2.021E+11,1,4,2021,11:17:00,1,973,97302,2,9,1,6,LAFAURIE (CITE),"49,320,163,056","-523,239,111,944",2.021E+11,120 354,B01,2,1,0,0,0,0,1,NULL,2.021E+11,159 271,120 354,B01,1,1,4,1,1999,9,0,0,-1,-1,-1,-1,2.021E+11,4,LAFAURIE (CITE),0,NULL,2,1,0,1,-1,-1,1,NULL,-1,1,0,1,50
2.021E+11,28,3,2021,19:15:00,1,75,75118,2,2,1,3,BOULEVARD NEY,"488,977,990,000","23,374,340,000",2.021E+11,119 291,B01,2,1,0,2,1,19,5,NULL,2.021E+11,157 919,119 290,A01,1,1,1,1,1955,4,8,0,-1,0,0,-1,2.021E+11,4,BOULEVARD NEY,0,NULL,1,1,0,1,-1,-1,1,NULL,-1,1,0,1,50
2.021E+11,28,3,2021,19:15:00,1,75,75118,2,2,1,3,BOULEVARD NEY,"488,977,990,000","23,374,340,000",2.021E+11,119 291,B01,2,1,0,2,1,19,5,NULL,2.021E+11,157 920,119 291,B01,1,1,3,2,2014,9,8,0,-1,0,0,-1,2.021E+11,4,BOULEVARD NEY,0,NULL,1,1,0,1,-1,-1,1,NULL,-1,1,0,1,50
2.021E+11,28,3,2021,16:40:00,1,15,15108,1,3,7,2,La Baraque Neuve (Saint-Just),"448,986,410,000","32,268,960,000",2.021E+11,119 058,B01,2,1,0,2,4,15,5,NULL,2.021E+11,157 613,119 057,A01,1,1,4,2,1999,5,2,-1,-1,0,0,-1,2.021E+11,3,909,0,A,2,2,0,1,54,160,3,NULL,-1,1,0,1,90
2.021E+11,28,3,2021,16:40:00,1,15,15108,1,3,7,2,La Baraque Neuve (Saint-Just),"448,986,410,000","32,268,960,000",2.021E+11,119 058,B01,2,1,0,2,4,15,5,NULL,2.021E+11,157 614,119 058,B01,2,1,4,1,1969,5,2,-1,-1,0,0,-1,2.021E+11,3,909,0,A,2,2,0,1,54,160,3,NULL,-1,1,0,1,90
2.021E+11,20,3,2021,15:30:00,1,93,93051,2,1,1,3,ROUGET DE LISLE,"488,455,000,000","25,629,000,000",2.021E+11,117 285,B01,3,1,0,2,1,26,6,NULL,2.021E+11,155 343,117 285,B01,1,1,4,1,1984,9,8,0,-1,-1,-1,-1,2.021E+11,4,ROUGET DE LISLE,0,NULL,2,0,0,1,0,0,1,NULL,-1,1,0,1,50
2.021E+11,20,3,2021,15:30:00,1,93,93051,2,1,1,3,ROUGET DE LISLE,"488,455,000,000","25,629,000,000",2.021E+11,117 285,B01,3,1,0,2,1,26,6,NULL,2.021E+11,155 344,117 286,A01,1,1,1,2,1953,5,8,0,-1,-1,-1,-1,2.021E+11,4,ROUGET DE LISLE,0,NULL,2,0,0,1,0,0,1,NULL,-1,1,0,1,50
2.021E+11,20,2,2021,21:10:00,3,973,97305,1,1,1,2,"PK 15.800, route nationale 1","49,406,024,639","-524,118,833,543",2.021E+11,110 821,B01,1,1,0,2,4,2,5,NULL,2.021E+11,147 044,110 821,B01,1,1,2,1,1967,0,0,-1,-1,0,0,-1,2.021E+11,2,1,-1,NULL,2,2,0,1,15,800,1,NULL,-1,1,0,1,80
2.021E+11,20,2,2021,21:10:00,3,973,97305,1,1,1,2,"PK 15.800, route nationale 1","49,406,024,639","-524,118,833,543",2.021E+11,110 821,B01,1,1,0,2,4,2,5,NULL,2.021E+11,147 045,110 822,A01,1,1,1,1,1989,1,1,-1,-1,0,0,-1,2.021E+11,2,1,-1,NULL,2,2,0,1,15,800,1,NULL,-1,1,0,1,80
2.021E+11,20,1,2021,17:35:00,5,88,88181,2,3,8,3,Rue du General Ingold,"481,831,780,000","70,032,260,000",2.021E+11,104 355,A01,1,1,0,2,7,19,5,NULL,2.021E+11,138 497,104 354,B01,1,1,1,1,1950,3,1,-1,-1,0,0,-1,2.021E+11,3,415,-1,NULL,2,2,0,1,14,400,1,NULL,-1,2,9,1,50
2.021E+11,20,1,2021,17:35:00,5,88,88181,2,3,8,3,Rue du General Ingold,"481,831,780,000","70,032,260,000",2.021E+11,104 355,A01,1,1,0,2,7,19,5,NULL,2.021E+11,138 498,104 355,A01,1,1,3,1,1950,3,0,-1,-1,0,0,-1,2.021E+11,3,415,-1,NULL,2,2,0,1,14,400,1,NULL,-1,2,9,1,50
2.021E+11,24,10,2021,16:15:00,1,70,70356,1,1,1,3,D3,"473,798,710,000","59,334,540,000",2.021E+11,181 566,A01,1,1,0,2,0,0,5,NULL,2.021E+11,240 466,181 566,A01,1,1,2,1,1938,5,2,-1,-1,0,0,-1,2.021E+11,3,3,-1,NULL,2,2,0,1,4,200,1,NULL,-1,1,0,1,80
2.021E+11,24,10,2021,16:15:00,1,70,70356,1,1,1,3,D3,"473,798,710,000","59,334,540,000",2.021E+11,181 566,A01,1,1,0,2,0,0,5,NULL,2.021E+11,240 467,181 567,B01,1,1,1,1,1988,5,1,-1,-1,0,0,-1,2.021E+11,3,3,-1,NULL,2,2,0,1,4,200,1,NULL,-1,1,0,1,80
2.021E+11,30,9,2021,15:45:00,1,28,28158,1,1,1,1,D921,"484,092,800,000","14,204,000,000",2.021E+11,177 727,A01,1,1,0,2,1,1,5,NULL,2.021E+11,235 433,177 726,B01,1,1,4,1,2003,1,2,-1,-1,0,0,-1,2.021E+11,9,921,0,NULL,2,2,1,1,5,50,3,NULL,-1,1,0,5,50
2.021E+11,30,9,2021,15:45:00,1,28,28158,1,1,1,1,D921,"484,092,800,000","14,204,000,000",2.021E+11,177 726,B01,2,1,0,2,1,1,5,NULL,2.021E+11,235 433,177 726,B01,1,1,4,1,2003,1,2,-1,-1,0,0,-1,2.021E+11,9,921,0,NULL,2,2,1,1,5,50,3,NULL,-1,1,0,5,50
2.021E+11,30,9,2021,15:45:00,1,28,28158,1,1,1,1,D921,"484,092,800,000","14,204,000,000",2.021E+11,177 727,A01,1,1,0,2,1,1,5,NULL,2.021E+11,235 434,177 727,A01,1,1,3,1,1952,5,2,-1,-1,0,0,-1,2.021E+11,9,921,0,NULL,2,2,1,1,5,50,3,NULL,-1,1,0,5,50
2.021E+11,30,9,2021,15:45:00,1,28,28158,1,1,1,1,D921,"484,092,800,000","14,204,000,000",2.021E+11,177 726,B01,2,1,0,2,1,1,5,NULL,2.021E+11,235 434,177 727,A01,1,1,3,1,1952,5,2,-1,-1,0,0,-1,2.021E+11,9,921,0,NULL,2,2,1,1,5,50,3,NULL,-1,1,0,5,50
2.021E+11,9,10,2021,17:10:00,1,973,97302,2,2,1,3,MANGUES (RUE DES - CITE MANGUIERS),"49,342,560,347","-523,234,711,290",2.021E+11,176 441,B01,1,1,0,2,1,19,5,NULL,2.021E+11,233 785,176 440,A01,1,1,1,1,1956,0,1,8,-1,-1,-1,-1,2.021E+11,4,MANGUES (RUE DES - CITE MANGUIERS),0,NULL,2,2,0,1,-1,-1,1,NULL,-1,1,0,1,50
2.021E+11,9,10,2021,17:10:00,1,973,97302,2,2,1,3,MANGUES (RUE DES - CITE MANGUIERS),"49,342,560,347","-523,234,711,290",2.021E+11,176 441,B01,1,1,0,2,1,19,5,NULL,2.021E+11,233 786,176 441,B01,1,1,4,1,2011,5,8,8,-1,-1,-1,-1,2.021E+11,4,MANGUES (RUE DES - CITE MANGUIERS),0,NULL,2,2,0,1,-1,-1,1,NULL,-1,1,0,1,50
2.021E+11,6,10,2021,13:20:00,1,41,41194,2,6,1,3,Rond point de chatlievre,"473,422,120,000","17,490,120,000",2.021E+11,176 239,B01,1,1,0,2,1,1,6,NULL,2.021E+11,233 520,176 239,B01,1,1,4,1,1996,1,0,-1,-1,0,0,-1,2.021E+11,3,765,-1,D,1,1,0,1,38,455,2,NULL,-1,1,0,1,50
2.021E+11,6,10,2021,13:20:00,1,41,41194,2,6,1,3,Rond point de chatlievre,"473,422,120,000","17,490,120,000",2.021E+11,176 239,B01,1,1,0,2,1,1,6,NULL,2.021E+11,233 521,176 240,A01,1,1,1,1,1981,4,1,-1,-1,0,0,-1,2.021E+11,3,765,-1,D,1,1,0,1,38,455,2,NULL,-1,1,0,1,50
2.021E+11,6,10,2021,21:35:00,3,971,97101,2,6,1,6,JEAN  IGNACE (RUE) ,"162,516,600,000","-615,207,500,000",2.021E+11,176 133,B01,3,1,0,2,0,26,5,NULL,2.021E+11,233 378,176 133,B01,1,1,4,1,1956,9,8,0,-1,0,0,-1,2.021E+11,3,BOULEVARD DES HEROS,0,NULL,3,2,0,1,-1,-1,1,NULL,-1,1,0,1,50
2.021E+11,6,10,2021,21:35:00,3,971,97101,2,6,1,6,JEAN  IGNACE (RUE) ,"162,516,600,000","-615,207,500,000",2.021E+11,176 133,B01,3,1,0,2,0,26,5,NULL,2.021E+11,233 379,176 134,A01,1,1,1,1,2000,1,1,0,-1,0,0,-1,2.021E+11,3,BOULEVARD DES HEROS,0,NULL,3,2,0,1,-1,-1,1,NULL,-1,1,0,1,50
2.021E+11,28,9,2021,07:55:00,1,37,37261,2,2,1,6,EUROPE (AVENUE DE L'),"474,236,709,681","0,6930945106",2.021E+11,172 732,B01,3,1,0,2,2,15,5,NULL,2.021E+11,229 027,172 731,A01,1,1,1,2,1973,1,1,0,-1,-1,-1,-1,2.021E+11,4,EUROPE (AVENUE DE L'),0,NULL,4,4,0,1,-1,-1,2,NULL,-1,1,5,1,50
2.021E+11,28,9,2021,07:55:00,1,37,37261,2,2,1,6,EUROPE (AVENUE DE L'),"474,236,709,681","0,6930945106",2.021E+11,172 732,B01,3,1,0,2,2,15,5,NULL,2.021E+11,229 028,172 732,B01,1,1,4,1,1943,5,8,0,-1,-1,-1,-1,2.021E+11,4,EUROPE (AVENUE DE L'),0,NULL,4,4,0,1,-1,-1,2,NULL,-1,1,5,1,50
2.021E+11,27,8,2021,08:40:00,1,69,69387,2,3,1,3,GUILLOTIERE (DE LA) (GR),"457,473,600,000","48,582,600,000",2.021E+11,161 932,B01,2,1,0,2,7,15,5,NULL,2.021E+11,214 802,161 932,B01,1,1,4,2,1990,1,8,-1,-1,-1,-1,-1,2.021E+11,4,GUILLOTIERE (DE LA)                 (GR),0,NULL,1,1,2,1,-1,-1,1,NULL,-1,1,0,1,50
2.021E+11,27,8,2021,08:40:00,1,69,69387,2,3,1,3,GUILLOTIERE (DE LA) (GR),"457,473,600,000","48,582,600,000",2.021E+11,161 932,B01,2,1,0,2,7,15,5,NULL,2.021E+11,214 803,161 933,A01,1,1,1,1,1969,0,8,-1,-1,-1,-1,-1,2.021E+11,4,GUILLOTIERE (DE LA)                 (GR),0,NULL,1,1,2,1,-1,-1,1,NULL,-1,1,0,1,50
2.021E+11,11,8,2021,11:45:00,1,76,76351,2,2,1,3,JEAN BAPTISTE EYRIES,"494,975,300,000","0,1155500000",2.021E+11,157 856,A01,0,1,0,2,1,5,5,NULL,2.021E+11,209 212,157 855,B01,1,1,1,1,1985,0,1,-1,-1,-1,-1,-1,2.021E+11,4,JEAN BAPTISTE EYRIES,0,NULL,2,2,1,1,0,0,1,NULL,-1,1,0,1,50
2.021E+11,11,8,2021,11:45:00,1,76,76351,2,2,1,3,JEAN BAPTISTE EYRIES,"494,975,300,000","0,1155500000",2.021E+11,157 856,A01,0,1,0,2,1,5,5,NULL,2.021E+11,209 213,157 856,A01,1,1,4,1,1998,0,8,-1,-1,-1,-1,-1,2.021E+11,4,JEAN BAPTISTE EYRIES,0,NULL,2,2,1,1,0,0,1,NULL,-1,1,0,1,50
2.021E+11,2,8,2021,09:30:00,1,17,17224,2,3,1,3,4bis Rue du Semblier,"458,632,230,000"," -0,3173380000",2.021E+11,155 098,A01,2,1,0,2,7,1,5,NULL,2.021E+11,205 380,155 097,B01,1,1,1,-1,NULL,-1,-1,-1,-1,-1,-1,-1,2.021E+11,4,0,0,A,2,2,0,2,-1,-1,4,NULL,-1,1,0,1,50
2.021E+11,2,8,2021,09:30:00,1,17,17224,2,3,1,3,4bis Rue du Semblier,"458,632,230,000"," -0,3173380000",2.021E+11,155 098,A01,2,1,0,2,7,1,5,NULL,2.021E+11,205 381,155 098,A01,1,1,4,2,2003,1,0,-1,-1,0,0,-1,2.021E+11,4,0,0,A,2,2,0,2,-1,-1,4,NULL,-1,1,0,1,50
2.021E+11,29,6,2021,17:40:00,1,69,69386,2,2,1,3,BELLECOMBE (DE) (R),"457,682,000,000","48,632,000,000",2.021E+11,151 155,B01,1,1,0,2,1,1,0,NULL,2.021E+11,199 955,151 155,B01,1,1,4,1,1980,1,8,-1,-1,-1,-1,-1,2.021E+11,4,BELLECOMBE (DE)                     (R ),0,NULL,1,1,2,1,-1,-1,1,NULL,-1,1,0,1,50
2.021E+11,29,6,2021,17:40:00,1,69,69386,2,2,1,3,BELLECOMBE (DE) (R),"457,682,000,000","48,632,000,000",2.021E+11,151 155,B01,1,1,0,2,1,1,0,NULL,2.021E+11,199 956,151 156,A01,1,1,1,1,1960,1,1,-1,-1,-1,-1,-1,2.021E+11,4,BELLECOMBE (DE)                     (R ),0,NULL,1,1,2,1,-1,-1,1,NULL,-1,1,0,1,50
2.021E+11,6,7,2021,16:12:00,1,49,49007,2,1,1,6,ECCE HOMO BOULEVARD,"474,641,400,000"," -0,5648000000",2.021E+11,147 821,A01,1,1,0,2,0,9,5,NULL,2.021E+11,195 326,147 821,A01,1,1,4,1,1997,1,8,0,-1,-1,-1,-1,2.021E+11,4,ECCE HOMO BOULEVARD,0,NULL,2,1,1,1,1,0,1,NULL,-1,1,0,1,50
2.021E+11,25,6,2021,13:25:00,1,76,76540,2,1,1,6,JEANNE D'ARC. RUE,"494,423,600,000","10,907,000,000",2.021E+11,144 112,A01,0,1,0,1,7,0,5,NULL,2.021E+11,190 295,144 112,A01,1,1,1,-1,NULL,-1,8,-1,-1,-1,-1,-1,2.021E+11,4,JEANNE D'ARC. RUE,0,NULL,-1,2,0,1,-1,-1,1,NULL,-1,1,-1,1,30
2.021E+11,25,6,2021,13:25:00,1,76,76540,2,1,1,6,JEANNE D'ARC. RUE,"494,423,600,000","10,907,000,000",2.021E+11,144 112,A01,0,1,0,1,7,0,5,NULL,2.021E+11,190 296,144 112,A01,10,3,4,2,1963,1,8,8,-1,3,3,1,2.021E+11,4,JEANNE D'ARC. RUE,0,NULL,-1,2,0,1,-1,-1,1,NULL,-1,1,-1,1,30
2.021E+11,20,6,2021,12:55:00,1,37,37122,2,1,1,7,JEAN JAURES,"473,483,353,127","0,6601144373",2.021E+11,142 433,A01,3,1,9,0,1,26,5,NULL,2.021E+11,188 149,142 433,A01,1,1,4,2,1984,5,8,0,-1,-1,-1,-1,2.021E+11,4,JEAN JAURES,0,NULL,2,2,1,1,-1,-1,1,NULL,-1,1,9,3,50
2.021E+11,15,6,2021,12:11:00,1,75,75108,2,7,1,6,PLACE DE LA CONCORDE,"488,641,430,000","23,204,000,000",2.021E+11,142 388,A01,1,1,12,0,2,14,5,NULL,2.021E+11,188 091,142 388,A01,1,1,3,2,1946,5,2,0,-1,0,0,-1,2.021E+11,4,PLACE DE LA CONCORDE,0,NULL,2,8,1,1,-1,-1,1,NULL,-1,1,0,5,50
2.021E+11,6,6,2021,11:00:00,1,14,14303,2,2,1,3,Chemin de Chambray,"491,218,850,000","0,2830540000",2.021E+11,141 100,A01,3,1,0,2,1,19,5,NULL,2.021E+11,186 380,141 099,B01,1,1,1,1,1960,3,1,-1,-1,0,0,-1,2.021E+11,3,266,-1,NULL,2,2,0,1,-1,-1,1,NULL,-1,1,0,1,50
2.021E+11,6,6,2021,11:00:00,1,14,14303,2,2,1,3,Chemin de Chambray,"491,218,850,000","0,2830540000",2.021E+11,141 100,A01,3,1,0,2,1,19,5,NULL,2.021E+11,186 381,141 100,A01,1,1,4,1,1973,5,0,-1,-1,0,0,-1,2.021E+11,3,266,-1,NULL,2,2,0,1,-1,-1,1,NULL,-1,1,0,1,50
2.021E+11,12,6,2021,23:00:00,5,45,45147,2,1,1,4,18 Rue Marc Sangnier,"479,213,900,000","19,130,100,000",2.021E+11,139 908,C01,2,1,0,2,4,1,0,NULL,2.021E+11,184 852,139 906,A01,1,1,1,-1,NULL,-1,8,-1,-1,-1,-1,-1,2.021E+11,4,SANGNIER (RUE MARC SANGNIER),0,NULL,2,2,2,1,-1,-1,1,NULL,-1,1,0,5,50
2.021E+11,12,6,2021,23:00:00,5,45,45147,2,1,1,4,18 Rue Marc Sangnier,"479,213,900,000","19,130,100,000",2.021E+11,139 907,B01,2,1,0,2,4,1,0,NULL,2.021E+11,184 852,139 906,A01,1,1,1,-1,NULL,-1,8,-1,-1,-1,-1,-1,2.021E+11,4,SANGNIER (RUE MARC SANGNIER),0,NULL,2,2,2,1,-1,-1,1,NULL,-1,1,0,5,50
2.021E+11,12,6,2021,23:00:00,5,45,45147,2,1,1,4,18 Rue Marc Sangnier,"479,213,900,000","19,130,100,000",2.021E+11,139 908,C01,2,1,0,2,4,1,0,NULL,2.021E+11,184 853,139 907,B01,1,1,2,1,1970,0,8,0,-1,-1,-1,-1,2.021E+11,4,SANGNIER (RUE MARC SANGNIER),0,NULL,2,2,2,1,-1,-1,1,NULL,-1,1,0,5,50
2.021E+11,12,6,2021,23:00:00,5,45,45147,2,1,1,4,18 Rue Marc Sangnier,"479,213,900,000","19,130,100,000",2.021E+11,139 907,B01,2,1,0,2,4,1,0,NULL,2.021E+11,184 853,139 907,B01,1,1,2,1,1970,0,8,0,-1,-1,-1,-1,2.021E+11,4,SANGNIER (RUE MARC SANGNIER),0,NULL,2,2,2,1,-1,-1,1,NULL,-1,1,0,5,50
2.021E+11,12,6,2021,23:00:00,5,45,45147,2,1,1,4,18 Rue Marc Sangnier,"479,213,900,000","19,130,100,000",2.021E+11,139 908,C01,2,1,0,2,4,1,0,NULL,2.021E+11,184 854,139 908,C01,1,1,3,2,1972,0,8,0,-1,-1,-1,-1,2.021E+11,4,SANGNIER (RUE MARC SANGNIER),0,NULL,2,2,2,1,-1,-1,1,NULL,-1,1,0,5,50
2.021E+11,12,6,2021,23:00:00,5,45,45147,2,1,1,4,18 Rue Marc Sangnier,"479,213,900,000","19,130,100,000",2.021E+11,139 907,B01,2,1,0,2,4,1,0,NULL,2.021E+11,184 854,139 908,C01,1,1,3,2,1972,0,8,0,-1,-1,-1,-1,2.021E+11,4,SANGNIER (RUE MARC SANGNIER),0,NULL,2,2,2,1,-1,-1,1,NULL,-1,1,0,5,50
2.021E+11,30,5,2021,19:00:00,1,26,26353,2,1,1,1,route nationale 7,"446,641,810,000","47,911,230,000",2.021E+11,134 912,B01,2,1,0,2,7,6,5,NULL,2.021E+11,178 346,134 911,A01,1,1,1,1,1969,3,1,-1,-1,0,0,-1,2.021E+11,2,7,0,NULL,2,2,0,1,77,200,1,NULL,-1,1,0,1,50
2.021E+11,30,5,2021,19:00:00,1,26,26353,2,1,1,1,route nationale 7,"446,641,810,000","47,911,230,000",2.021E+11,134 912,B01,2,1,0,2,7,6,5,NULL,2.021E+11,178 347,134 912,B01,1,1,3,1,1989,5,0,-1,-1,0,0,-1,2.021E+11,2,7,0,NULL,2,2,0,1,77,200,1,NULL,-1,1,0,1,50
2.021E+11,22,4,2021,11:40:00,1,22,22093,1,3,1,3,D28,"484,849,620,000","-24,605,030,000",2.021E+11,133 854,B01,1,1,0,2,2,1,5,NULL,2.021E+11,176 952,133 853,A01,1,1,1,1,1994,4,1,-1,-1,0,0,-1,2.021E+11,3,28,0,NULL,2,2,0,1,-1,-1,2,NULL,4,1,0,1,80
2.021E+11,22,4,2021,11:40:00,1,22,22093,1,3,1,3,D28,"484,849,620,000","-24,605,030,000",2.021E+11,133 854,B01,1,1,0,2,2,1,5,NULL,2.021E+11,176 953,133 854,B01,1,1,3,1,1948,5,2,6,-1,0,0,-1,2.021E+11,3,28,0,NULL,2,2,0,1,-1,-1,2,NULL,4,1,0,1,80
2.021E+11,27,5,2021,10:25:00,1,55,55122,2,2,1,1,Rue de la Trace,"487,570,858,650","55,879,479,647",2.021E+11,133 201,A01,2,1,0,2,1,1,5,NULL,2.021E+11,176 100,133 201,A01,1,1,4,1,1981,5,0,-1,-1,0,0,-1,2.021E+11,3,NULL,-1,NULL,2,2,0,2,-1,-1,1,NULL,-1,1,0,1,50
2.021E+11,27,5,2021,10:25:00,1,55,55122,2,2,1,1,Rue de la Trace,"487,570,858,650","55,879,479,647",2.021E+11,133 201,A01,2,1,0,2,1,1,5,NULL,2.021E+11,176 101,133 202,B01,1,1,1,1,1940,5,1,-1,-1,0,0,-1,2.021E+11,3,NULL,-1,NULL,2,2,0,2,-1,-1,1,NULL,-1,1,0,1,50
2.021E+11,10,5,2021,09:50:00,1,50,50032,1,2,1,5,Les Chasses,"491,149,780,000","-10,022,370,000",2.021E+11,128 929,A01,1,1,0,2,1,1,6,NULL,2.021E+11,170 422,128 927,C01,1,1,1,1,1987,5,1,-1,-1,0,0,-1,2.021E+11,3,390,0,NULL,2,2,0,1,129,0,3,NULL,-1,1,5,1,80
2.021E+11,10,5,2021,09:50:00,1,50,50032,1,2,1,5,Les Chasses,"491,149,780,000","-10,022,370,000",2.021E+11,128 928,B01,1,1,0,2,1,1,6,NULL,2.021E+11,170 422,128 927,C01,1,1,1,1,1987,5,1,-1,-1,0,0,-1,2.021E+11,3,390,0,NULL,2,2,0,1,129,0,3,NULL,-1,1,5,1,80
2.021E+11,10,5,2021,09:50:00,1,50,50032,1,2,1,5,Les Chasses,"491,149,780,000","-10,022,370,000",2.021E+11,128 929,A01,1,1,0,2,1,1,6,NULL,2.021E+11,170 423,128 928,B01,1,1,4,1,2005,5,2,-1,-1,0,0,-1,2.021E+11,3,390,0,NULL,2,2,0,1,129,0,3,NULL,-1,1,5,1,80
2.021E+11,10,5,2021,09:50:00,1,50,50032,1,2,1,5,Les Chasses,"491,149,780,000","-10,022,370,000",2.021E+11,128 928,B01,1,1,0,2,1,1,6,NULL,2.021E+11,170 423,128 928,B01,1,1,4,1,2005,5,2,-1,-1,0,0,-1,2.021E+11,3,390,0,NULL,2,2,0,1,129,0,3,NULL,-1,1,5,1,80
2.021E+11,10,5,2021,09:50:00,1,50,50032,1,2,1,5,Les Chasses,"491,149,780,000","-10,022,370,000",2.021E+11,128 929,A01,1,1,0,2,1,1,6,NULL,2.021E+11,170 424,128 929,A01,1,1,4,1,2004,5,2,-1,-1,0,0,-1,2.021E+11,3,390,0,NULL,2,2,0,1,129,0,3,NULL,-1,1,5,1,80
2.021E+11,10,5,2021,09:50:00,1,50,50032,1,2,1,5,Les Chasses,"491,149,780,000","-10,022,370,000",2.021E+11,128 928,B01,1,1,0,2,1,1,6,NULL,2.021E+11,170 424,128 929,A01,1,1,4,1,2004,5,2,-1,-1,0,0,-1,2.021E+11,3,390,0,NULL,2,2,0,1,129,0,3,NULL,-1,1,5,1,80
2.021E+11,28,4,2021,15:45:00,1,44,44213,2,2,1,2,Place Jeanne d'Arc,"473,848,500,000","-10,291,530,000",2.021E+11,126 378,B01,1,1,0,2,1,1,5,NULL,2.021E+11,167 089,126 378,B01,1,1,3,1,1941,5,0,-1,-1,0,0,-1,2.021E+11,3,752,-1,D,2,2,0,1,0,0,1,NULL,-1,1,0,1,50
2.021E+11,28,4,2021,15:45:00,1,44,44213,2,2,1,2,Place Jeanne d'Arc,"473,848,500,000","-10,291,530,000",2.021E+11,126 378,B01,1,1,0,2,1,1,5,NULL,2.021E+11,167 090,126 379,A01,1,1,1,1,2003,0,2,6,9,0,0,-1,2.021E+11,3,752,-1,D,2,2,0,1,0,0,1,NULL,-1,1,0,1,50
2.021E+11,27,4,2021,09:10:00,1,35,35055,2,6,1,3,LANDES (RUE DES),"480,930,500,000","-16,179,800,000",2.021E+11,125 986,B01,1,1,0,2,1,15,5,NULL,2.021E+11,166 606,125 986,B01,1,1,4,1,1993,1,2,4,-1,-1,-1,-1,2.021E+11,4,LANDES (RUE DES),0,NULL,1,2,1,1,-1,-1,2,NULL,-1,1,5,1,50
2.021E+11,27,4,2021,09:10:00,1,35,35055,2,6,1,3,LANDES (RUE DES),"480,930,500,000","-16,179,800,000",2.021E+11,125 986,B01,1,1,0,2,1,15,5,NULL,2.021E+11,166 607,125 987,A01,1,1,1,1,1981,1,1,-1,-1,-1,-1,-1,2.021E+11,4,LANDES (RUE DES),0,NULL,1,2,1,1,-1,-1,2,NULL,-1,1,5,1,50