Num_Acc,jour,mois,an,hrmn,lum,dep,com,agg,int,atm,col,adr,lat,long,Num_Acc,id_vehicule,num_veh,senc,catv,obs,obsm,choc,manv,motor,occutc,Num_Acc,id_usager,id_vehicule,num_veh,place,catu,grav,sexe,an_nais,trajet,secu1,secu2,secu3,locp,actp,etatp,Num_Acc,catr,voie,v1,v2,circ,nbv,vosp,prof,pr,pr1,plan,lartpc,larrout,surf,infra,situ,vma
2.021E+11,31,5,2021,18:30:00,1,92,92024,2,1,1,3,MARTRE (RUE) DE (59 A 109)   (58 A 120),"489,024,664,446","23,067,158,461",2.021E+11,134 953,B01,2,1,0,2,0,1,0,NULL,2.021E+11,178 405,134 953,B01,1,1,4,2,1986,9,8,0,-1,-1,-1,-1,2.021E+11,3,19,0,NULL,1,3,1,1,0,0,1,NULL,-1,1,0,5,50
2.021E+11,31,5,2021,18:30:00,1,92,92024,2,1,1,3,MARTRE (RUE) DE (59 A 109)   (58 A 120),"489,024,664,446","23,067,158,461",2.021E+11,134 953,B01,2,1,0,2,0,1,0,NULL,2.021E+11,178 406,134 954,A01,1,1,1,2,1997,3,1,0,-1,-1,-1,-1,2.021E+11,3,19,0,NULL,1,3,1,1,0,0,1,NULL,-1,1,0,5,50
2.021E+11,15,5,2021,15:50:00,1,92,92012,2,1,4,2,ANATOLE FRANCE (BOULEVARD) 5/FIN,"488,501,400,000","22,385,400,000",2.021E+11,130 341,B01,1,1,1,0,6,1,5,NULL,2.021E+11,172 321,130 340,A01,1,1,1,1,1982,0,1,0,-1,-1,-1,-1,2.021E+11,4,ANATOLE FRANCE (BOULEVARD) 5/FIN,0,NULL,3,2,0,2,0,0,1,NULL,-1,2,0,1,30
2.021E+11,15,5,2021,15:50:00,1,92,92012,2,1,4,2,ANATOLE FRANCE (BOULEVARD) 5/FIN,"488,501,400,000","22,385,400,000",2.021E+11,130 341,B01,1,1,1,0,6,1,5,NULL,2.021E+11,172 322,130 341,B01,1,1,4,1,2008,0,2,0,-1,-1,-1,-1,2.021E+11,4,ANATOLE FRANCE (BOULEVARD) 5/FIN,0,NULL,3,2,0,2,0,0,1,NULL,-1,2,0,1,30
2.021E+11,14,5,2021,11:00:00,1,72,72181,2,6,1,2,ROSTOV SUR LE DON (RUE) N° PAIRS,"480,077,700,000","0,1985300000",2.021E+11,130 225,B01,1,1,0,2,4,1,5,NULL,2.021E+11,172 149,130 225,B01,1,1,4,2,1978,0,8,0,-1,-1,-1,-1,2.021E+11,4,ROSTOV SUR LE DON (RUE) N° PAIRS,0,NULL,2,2,0,1,0,0,2,NULL,-1,1,5,1,50
2.021E+11,14,5,2021,11:00:00,1,72,72181,2,6,1,2,ROSTOV SUR LE DON (RUE) N° PAIRS,"480,077,700,000","0,1985300000",2.021E+11,130 225,B01,1,1,0,2,4,1,5,NULL,2.021E+11,172 150,130 226,A01,1,1,1,2,1963,0,1,0,-1,-1,-1,-1,2.021E+11,4,ROSTOV SUR LE DON (RUE) N° PAIRS,0,NULL,2,2,0,1,0,0,2,NULL,-1,1,5,1,50
2.021E+11,11,5,2021,08:40:00,1,26,26198,2,6,2,3,178 Route de Chateauneuf,"445,279,000,000","47,345,000,000",2.021E+11,129 480,B01,1,1,0,2,1,1,5,NULL,2.021E+11,171 153,129 480,B01,1,1,4,1,1992,1,8,4,-1,0,0,-1,2.021E+11,3,BLACHES DU COUCHANT (Rond point),0,NULL,1,2,1,1,2,205,4,NULL,-1,2,0,1,50
2.021E+11,11,5,2021,08:40:00,1,26,26198,2,6,2,3,178 Route de Chateauneuf,"445,279,000,000","47,345,000,000",2.021E+11,129 480,B01,1,1,0,2,1,1,5,NULL,2.021E+11,171 154,129 481,A01,1,1,1,2,1985,9,1,8,-1,0,0,-1,2.021E+11,3,BLACHES DU COUCHANT (Rond point),0,NULL,1,2,1,1,2,205,4,NULL,-1,2,0,1,50
2.021E+11,9,5,2021,15:00:00,1,93,93031,2,1,1,3,Avenue Joffre,"489,607,340,000","22,973,650,000",2.021E+11,128 981,A01,2,1,0,2,8,1,5,NULL,2.021E+11,170 499,128 981,A01,1,1,4,1,1992,4,2,0,-1,0,-1,-1,2.021E+11,3,JOFFRE (AVENUE),0,NULL,3,5,0,1,0,1,1,NULL,-1,1,0,1,50
2.021E+11,9,5,2021,15:00:00,1,93,93031,2,1,1,3,Avenue Joffre,"489,607,340,000","22,973,650,000",2.021E+11,128 981,A01,2,1,0,2,8,1,5,NULL,2.021E+11,170 500,128 982,Z01,1,1,1,-1,NULL,-1,-1,-1,-1,-1,-1,-1,2.021E+11,3,JOFFRE (AVENUE),0,NULL,3,5,0,1,0,1,1,NULL,-1,1,0,1,50
2.021E+11,7,5,2021,18:00:00,1,94,94068,2,1,1,3,BEAUBOURG (R),"488,143,471,135","24,726,436,830",2.021E+11,128 406,B01,3,1,0,2,1,1,5,NULL,2.021E+11,169 739,128 405,A01,1,1,1,2,1972,2,1,8,-1,-1,-1,-1,2.021E+11,4,BEAUBOURG (R),0,NULL,-1,1,0,2,0,0,1,NULL,-1,1,0,1,30
2.021E+11,7,5,2021,18:00:00,1,94,94068,2,1,1,3,BEAUBOURG (R),"488,143,471,135","24,726,436,830",2.021E+11,128 406,B01,3,1,0,2,1,1,5,NULL,2.021E+11,169 740,128 406,B01,1,1,4,2,1977,1,2,4,-1,-1,-1,-1,2.021E+11,4,BEAUBOURG (R),0,NULL,-1,1,0,2,0,0,1,NULL,-1,1,0,1,30
2.021E+11,7,4,2021,11:55:00,1,60,60175,2,1,1,3,BRECHE (RUE DE LA),"492,657,300,000","24,821,600,000",2.021E+11,121 851,B01,3,1,0,2,7,19,5,NULL,2.021E+11,161 263,121 851,B01,1,1,3,1,2012,5,8,0,-1,-1,-1,-1,2.021E+11,4,BRECHE (RUE DE LA),0,NULL,2,1,0,1,-1,-1,1,NULL,-1,1,0,1,30
2.021E+11,7,4,2021,11:55:00,1,60,60175,2,1,1,3,BRECHE (RUE DE LA),"492,657,300,000","24,821,600,000",2.021E+11,121 851,B01,3,1,0,2,7,19,5,NULL,2.021E+11,161 264,121 852,A01,1,1,1,1,2001,5,1,0,-1,-1,-1,-1,2.021E+11,4,BRECHE (RUE DE LA),0,NULL,2,1,0,1,-1,-1,1,NULL,-1,1,0,1,30
2.021E+11,4,4,2021,11:55:00,1,74,74011,2,1,1,2,D5,"459,242,000,000","61,722,620,000",2.021E+11,120 784,B01,1,1,0,2,1,1,5,NULL,2.021E+11,159 851,120 783,A01,1,1,1,1,1963,5,1,-1,-1,0,0,-1,2.021E+11,3,5,-1,NULL,2,2,0,2,-1,-1,2,NULL,-1,1,0,1,50
2.021E+11,4,4,2021,11:55:00,1,74,74011,2,1,1,2,D5,"459,242,000,000","61,722,620,000",2.021E+11,120 784,B01,1,1,0,2,1,1,5,NULL,2.021E+11,159 852,120 784,B01,1,1,4,1,2003,5,0,-1,-1,0,0,-1,2.021E+11,3,5,-1,NULL,2,2,0,2,-1,-1,2,NULL,-1,1,0,1,50
2.021E+11,22,3,2021,16:55:00,1,54,54329,2,3,1,3,RUE GAILLARDOT,"485,880,800,000","64,952,400,000",2.021E+11,117 926,B01,1,1,0,2,1,5,5,NULL,2.021E+11,156 183,117 925,A01,1,1,1,2,1983,0,8,8,-1,0,0,-1,2.021E+11,3,RUE RIVOLET,0,NULL,2,2,2,1,-1,-1,1,NULL,-1,1,-1,1,30
2.021E+11,22,3,2021,16:55:00,1,54,54329,2,3,1,3,RUE GAILLARDOT,"485,880,800,000","64,952,400,000",2.021E+11,117 926,B01,1,1,0,2,1,5,5,NULL,2.021E+11,156 184,117 926,B01,1,1,4,1,2007,2,2,0,-1,0,0,-1,2.021E+11,3,RUE RIVOLET,0,NULL,2,2,2,1,-1,-1,1,NULL,-1,1,-1,1,30
2.021E+11,21,3,2021,16:30:00,1,75,75119,2,1,1,3,AVENUE SIMON BOLIVAR,"488,787,960,000","23,743,480,000",2.021E+11,117 510,A01,3,1,0,2,0,25,5,NULL,2.021E+11,155 652,117 509,Z01,1,1,1,-1,NULL,-1,-1,-1,-1,-1,-1,-1,2.021E+11,4,AVENUE SIMON BOLIVAR,0,NULL,2,3,0,1,-1,-1,1,NULL,-1,1,0,4,50
2.021E+11,21,3,2021,16:30:00,1,75,75119,2,1,1,3,AVENUE SIMON BOLIVAR,"488,787,960,000","23,743,480,000",2.021E+11,117 510,A01,3,1,0,2,0,25,5,NULL,2.021E+11,155 653,117 510,A01,1,1,4,1,2002,5,2,0,-1,0,0,-1,2.021E+11,4,AVENUE SIMON BOLIVAR,0,NULL,2,3,0,1,-1,-1,1,NULL,-1,1,0,4,50
2.021E+11,11,2,2021,09:30:00,1,76,76540,2,1,1,7,LYONS. ROUTE DE (BRETELLE C),"494,379,900,000","11,102,100,000",2.021E+11,109 793,A01,1,1,0,1,1,1,5,NULL,2.021E+11,145 732,109 793,A01,1,1,4,1,1985,0,2,0,-1,-1,-1,-1,2.021E+11,7,LYONS. ROUTE DE (BRETELLE C),0,NULL,2,2,0,1,0,180,1,NULL,-1,1,-1,1,50
2.021E+11,11,2,2021,09:30:00,1,76,76540,2,1,1,7,LYONS. ROUTE DE (BRETELLE C),"494,379,900,000","11,102,100,000",2.021E+11,109 793,A01,1,1,0,1,1,1,5,NULL,2.021E+11,145 733,109 793,A01,10,3,4,2,1998,1,0,-1,-1,3,3,1,2.021E+11,7,LYONS. ROUTE DE (BRETELLE C),0,NULL,2,2,0,1,0,180,1,NULL,-1,1,-1,1,50
2.021E+11,3,2,2021,16:50:00,1,69,69381,2,7,1,1,ROUVILLE                            (PL),"457,696,471,011","48,265,071,770",2.021E+11,107 844,B01,1,1,0,2,1,13,5,NULL,2.021E+11,143 163,107 844,B01,1,1,4,2,1984,0,8,-1,-1,-1,-1,-1,2.021E+11,4,ROUVILLE                            (PL),0,NULL,-1,1,2,2,-1,-1,2,NULL,-1,2,0,1,50
2.021E+11,3,2,2021,16:50:00,1,69,69381,2,7,1,1,ROUVILLE                            (PL),"457,696,471,011","48,265,071,770",2.021E+11,107 844,B01,1,1,0,2,1,13,5,NULL,2.021E+11,143 164,107 845,A01,1,1,1,2,1954,5,1,-1,-1,-1,-1,-1,2.021E+11,4,ROUVILLE                            (PL),0,NULL,-1,1,2,2,-1,-1,2,NULL,-1,2,0,1,50
2.021E+11,4,2,2021,09:15:00,1,94,94080,2,1,1,6,PREVOYANCE (R DE LA),"488,488,500,000","24,208,300,000",2.021E+11,107 738,A01,1,1,0,1,7,1,5,NULL,2.021E+11,143 013,107 738,A01,10,3,4,2,1973,0,0,-1,-1,2,3,1,2.021E+11,4,PREVOYANCE (R DE LA),0,NULL,1,1,1,1,0,0,1,NULL,-1,1,0,1,50
2.021E+11,4,2,2021,09:15:00,1,94,94080,2,1,1,6,PREVOYANCE (R DE LA),"488,488,500,000","24,208,300,000",2.021E+11,107 738,A01,1,1,0,1,7,1,5,NULL,2.021E+11,143 014,107 738,A01,1,1,1,2,1991,1,2,8,-1,-1,-1,-1,2.021E+11,4,PREVOYANCE (R DE LA),0,NULL,1,1,1,1,0,0,1,NULL,-1,1,0,1,50
2.021E+11,19,1,2021,20:15:00,5,56,56121,2,6,3,3,LEGION D'HONNEUR (PLACE DE LA) ,"477,517,900,000","-33,651,400,000",2.021E+11,104 655,B01,3,1,0,2,1,1,5,NULL,2.021E+11,138 899,104 654,A01,1,1,1,2,1983,1,1,8,-1,-1,-1,-1,2.021E+11,4,LEGION D'HONNEUR (PLACE DE LA) ,0,NULL,1,1,2,1,-1,-1,1,NULL,-1,2,5,5,30
2.021E+11,19,1,2021,20:15:00,5,56,56121,2,6,3,3,LEGION D'HONNEUR (PLACE DE LA) ,"477,517,900,000","-33,651,400,000",2.021E+11,104 655,B01,3,1,0,2,1,1,5,NULL,2.021E+11,138 900,104 655,B01,1,1,4,1,1983,1,2,8,-1,-1,-1,-1,2.021E+11,4,LEGION D'HONNEUR (PLACE DE LA) ,0,NULL,1,1,2,1,-1,-1,1,NULL,-1,2,5,5,30
2.021E+11,14,1,2021,10:45:00,1,13,13001,2,9,1,3,INFIRMERIES (AV DES),"435,127,760,000","54,637,360,000",2.021E+11,103 658,B01,2,1,0,2,3,1,5,NULL,2.021E+11,137 550,103 657,A01,1,1,1,1,1974,4,1,8,-1,-1,-1,-1,2.021E+11,4,INFIRMERIES (AV DES),0,NULL,2,3,0,1,-1,-1,1,NULL,-1,1,0,1,50
2.021E+11,14,1,2021,10:45:00,1,13,13001,2,9,1,3,INFIRMERIES (AV DES),"435,127,760,000","54,637,360,000",2.021E+11,103 658,B01,2,1,0,2,3,1,5,NULL,2.021E+11,137 551,103 658,B01,1,1,4,1,1957,0,0,0,-1,-1,-1,-1,2.021E+11,4,INFIRMERIES (AV DES),0,NULL,2,3,0,1,-1,-1,1,NULL,-1,1,0,1,50
2.021E+11,13,1,2021,15:25:00,1,44,44158,2,6,1,2,Rue de la Chézine,"472,700,500,000","-17,625,010,000",2.021E+11,103 306,B01,3,1,0,2,5,1,5,NULL,2.021E+11,137 076,103 305,A01,1,1,1,2,1990,0,1,-1,-1,0,0,-1,2.021E+11,4,NULL,0,NULL,2,1,0,1,-1,-1,1,NULL,-1,1,0,1,50
2.021E+11,13,1,2021,15:25:00,1,44,44158,2,6,1,2,Rue de la Chézine,"472,700,500,000","-17,625,010,000",2.021E+11,103 306,B01,3,1,0,2,5,1,5,NULL,2.021E+11,137 077,103 306,B01,1,1,3,1,1955,5,2,6,-1,0,0,-1,2.021E+11,4,NULL,0,NULL,2,1,0,1,-1,-1,1,NULL,-1,1,0,1,50
2.021E+11,13,1,2021,08:40:00,1,59,59378,2,3,1,3,FOCH AVENUE N°1-137,"506,768,490,000","30,913,120,000",2.021E+11,103 196,B01,2,1,0,2,1,1,0,NULL,2.021E+11,136 938,103 196,B01,1,1,4,1,1964,1,2,0,-1,-1,-1,-1,2.021E+11,7,51,0,NULL,1,1,0,1,-1,-1,1,NULL,-1,1,0,1,30
2.021E+11,13,1,2021,08:40:00,1,59,59378,2,3,1,3,FOCH AVENUE N°1-137,"506,768,490,000","30,913,120,000",2.021E+11,103 196,B01,2,1,0,2,1,1,0,NULL,2.021E+11,136 939,103 197,A01,1,1,1,1,1962,0,1,0,-1,-1,-1,-1,2.021E+11,7,51,0,NULL,1,1,0,1,-1,-1,1,NULL,-1,1,0,1,30
2.021E+11,13,1,2021,09:30:00,1,75,75112,2,2,2,3,AVENUE DAUMESNIL,"488,442,870,000","23,815,660,000",2.021E+11,103 126,B01,2,1,0,2,8,1,5,NULL,2.021E+11,136 850,103 125,A01,1,1,1,1,1990,1,1,0,-1,0,0,-1,2.021E+11,4,AVENUE DAUMESNIL,0,NULL,2,2,1,1,-1,-1,1,NULL,-1,2,-1,5,50
2.021E+11,13,1,2021,09:30:00,1,75,75112,2,2,2,3,AVENUE DAUMESNIL,"488,442,870,000","23,815,660,000",2.021E+11,103 126,B01,2,1,0,2,8,1,5,NULL,2.021E+11,136 851,103 126,B01,1,1,4,2,1982,1,8,0,-1,0,0,-1,2.021E+11,4,AVENUE DAUMESNIL,0,NULL,2,2,1,1,-1,-1,1,NULL,-1,2,-1,5,50
2.021E+11,27,10,2021,09:00:00,1,76,76540,2,2,1,3,GAMBETTA. BOULEVARD,"494,386,793,600","11,079,317,167",2.021E+11,182 607,B01,3,1,0,2,1,19,5,NULL,2.021E+11,241 804,182 606,A01,1,1,1,1,1976,9,1,-1,-1,-1,-1,-1,2.021E+11,7,GAMBETTA. BOULEVARD,0,NULL,2,2,0,1,0,1,1,NULL,-1,1,-1,1,50
2.021E+11,27,10,2021,09:00:00,1,76,76540,2,2,1,3,GAMBETTA. BOULEVARD,"494,386,793,600","11,079,317,167",2.021E+11,182 607,B01,3,1,0,2,1,19,5,NULL,2.021E+11,241 805,182 607,B01,1,1,4,2,1995,1,8,-1,-1,-1,-1,-1,2.021E+11,7,GAMBETTA. BOULEVARD,0,NULL,2,2,0,1,0,1,1,NULL,-1,1,-1,1,50
2.021E+11,22,10,2021,08:45:00,1,67,67482,2,8,1,3,JEAN JAURES (AVENUE),"485,672,770,000","77,718,450,000",2.021E+11,181 933,B01,2,1,0,4,1,1,5,NULL,2.021E+11,240 956,181 933,B01,1,1,4,1,1985,0,8,0,-1,-1,-1,-1,2.021E+11,4,NULL,0,NULL,3,6,3,1,0,0,1,NULL,-1,1,4,6,50
2.021E+11,22,10,2021,08:45:00,1,67,67482,2,8,1,3,JEAN JAURES (AVENUE),"485,672,770,000","77,718,450,000",2.021E+11,181 933,B01,2,1,0,4,1,1,5,NULL,2.021E+11,240 957,181 934,A01,1,1,1,2,1988,4,8,8,-1,-1,-1,-1,2.021E+11,4,NULL,0,NULL,3,6,3,1,0,0,1,NULL,-1,1,4,6,50
2.021E+11,17,10,2021,15:30:00,1,63,63204,1,4,1,3,RD 54,"458,267,920,000","31,990,170,000",2.021E+11,178 903,A01,3,1,0,2,8,9,5,NULL,2.021E+11,236 962,178 903,A01,1,1,2,1,1967,5,2,-1,-1,0,0,-1,2.021E+11,3,54,0,NULL,2,2,0,1,8,250,2,NULL,4,1,0,1,80
2.021E+11,17,10,2021,15:30:00,1,63,63204,1,4,1,3,RD 54,"458,267,920,000","31,990,170,000",2.021E+11,178 903,A01,3,1,0,2,8,9,5,NULL,2.021E+11,236 963,178 904,B01,1,1,1,1,1963,5,1,-1,-1,0,0,-1,2.021E+11,3,54,0,NULL,2,2,0,1,8,250,2,NULL,4,1,0,1,80
2.021E+11,16,10,2021,11:20:00,1,92,92072,2,1,1,3,GRANDE RUE,"488,240,539,700","22,100,789,692",2.021E+11,178 671,B01,1,1,1,0,0,1,5,NULL,2.021E+11,236 653,178 671,B01,1,1,4,2,1988,5,8,0,-1,-1,-1,-1,2.021E+11,3,910,0,NULL,2,2,0,1,0,0,1,NULL,-1,1,0,1,30
2.021E+11,16,10,2021,11:20:00,1,92,92072,2,1,1,3,GRANDE RUE,"488,240,539,700","22,100,789,692",2.021E+11,178 671,B01,1,1,1,0,0,1,5,NULL,2.021E+11,236 654,178 672,A01,1,1,1,1,1962,4,8,0,-1,-1,-1,-1,2.021E+11,3,910,0,NULL,2,2,0,1,0,0,1,NULL,-1,1,0,1,30
2.021E+11,6,10,2021,08:40:00,1,91,91477,2,1,1,3,PARMENTIER (RUE),"487,060,010,000","22,088,180,000",2.021E+11,175 314,B01,1,1,0,2,7,1,5,NULL,2.021E+11,232 347,175 314,B01,1,1,4,1,1959,1,2,4,-1,-1,-1,-1,2.021E+11,4,PARMENTIER (RUE),0,NULL,2,0,0,1,0,0,1,NULL,-1,1,0,1,30
2.021E+11,6,10,2021,08:40:00,1,91,91477,2,1,1,3,PARMENTIER (RUE),"487,060,010,000","22,088,180,000",2.021E+11,175 314,B01,1,1,0,2,7,1,5,NULL,2.021E+11,232 348,175 315,A01,1,1,1,1,1980,1,1,0,-1,-1,-1,-1,2.021E+11,4,PARMENTIER (RUE),0,NULL,2,0,0,1,0,0,1,NULL,-1,1,0,1,30
2.021E+11,26,9,2021,15:00:00,1,75,75115,2,3,3,6,RUE LINOIS,"488,485,290,000","22,828,870,000",2.021E+11,171 820,A01,1,1,0,1,2,1,5,NULL,2.021E+11,227 800,171 820,A01,10,3,4,2,1979,5,0,-1,-1,4,3,2,2.021E+11,4,RUE LINOIS,0,NULL,2,5,1,2,-1,-1,1,NULL,-1,2,0,5,30
2.021E+11,26,9,2021,15:00:00,1,75,75115,2,3,3,6,RUE LINOIS,"488,485,290,000","22,828,870,000",2.021E+11,171 820,A01,1,1,0,1,2,1,5,NULL,2.021E+11,227 801,171 820,A01,1,1,4,1,1993,5,2,0,-1,0,0,-1,2.021E+11,4,RUE LINOIS,0,NULL,2,5,1,2,-1,-1,1,NULL,-1,2,0,5,30
2.021E+11,18,9,2021,09:15:00,1,68,68349,2,6,1,3,D105,"475,996,090,000","75,769,940,000",2.021E+11,168 628,B01,1,1,0,0,3,2,5,NULL,2.021E+11,223 592,168 627,A01,1,1,1,1,1947,0,1,-1,-1,0,0,-1,2.021E+11,3,105,0,D,1,1,0,1,-1,-1,2,NULL,-1,1,0,1,50
2.021E+11,18,9,2021,09:15:00,1,68,68349,2,6,1,3,D105,"475,996,090,000","75,769,940,000",2.021E+11,168 628,B01,1,1,0,0,3,2,5,NULL,2.021E+11,223 593,168 628,B01,1,1,4,1,1964,0,0,-1,-1,0,0,-1,2.021E+11,3,105,0,D,1,1,0,1,-1,-1,2,NULL,-1,1,0,1,50
2.021E+11,16,9,2021,16:30:00,1,94,94054,2,2,1,3,VICTOIRE (AV DE LA),"487,447,800,000","23,931,600,000",2.021E+11,168 357,B01,3,1,14,2,1,1,5,NULL,2.021E+11,223 235,168 356,A01,1,1,1,2,1983,1,1,0,-1,-1,-1,-1,2.021E+11,3,VICTOIRE (AV DE LA),0,NULL,-1,2,0,2,0,1,1,NULL,-1,1,0,1,50
2.021E+11,16,9,2021,16:30:00,1,94,94054,2,2,1,3,VICTOIRE (AV DE LA),"487,447,800,000","23,931,600,000",2.021E+11,168 357,B01,3,1,14,2,1,1,5,NULL,2.021E+11,223 236,168 357,B01,1,1,4,1,1961,5,8,0,-1,-1,-1,-1,2.021E+11,3,VICTOIRE (AV DE LA),0,NULL,-1,2,0,2,0,1,1,NULL,-1,1,0,1,50
2.021E+11,11,9,2021,09:50:00,1,34,34217,2,6,1,3,D17,"437,006,420,000","38,625,180,000",2.021E+11,166 323,B01,1,1,0,0,8,2,6,NULL,2.021E+11,220 612,166 323,B01,1,1,3,1,1965,5,2,-1,-1,0,0,-1,2.021E+11,7,17,-1,NULL,2,2,0,1,10,912,1,NULL,-1,1,0,1,50
2.021E+11,11,9,2021,09:50:00,1,34,34217,2,6,1,3,D17,"437,006,420,000","38,625,180,000",2.021E+11,166 323,B01,1,1,0,0,8,2,6,NULL,2.021E+11,220 613,166 324,A01,1,1,1,1,1976,5,0,-1,-1,0,0,-1,2.021E+11,7,17,-1,NULL,2,2,0,1,10,912,1,NULL,-1,1,0,1,50
2.021E+11,8,9,2021,07:50:00,1,75,75114,2,2,1,3,BOULEVARD JOURDAN,"488,222,490,000","23,303,080,000",2.021E+11,165 687,A01,2,1,0,2,3,1,5,NULL,2.021E+11,219 804,165 687,A01,1,1,4,2,1997,1,8,0,-1,0,0,-1,2.021E+11,4,BOULEVARD JOURDAN,0,NULL,2,8,3,1,-1,-1,1,NULL,-1,1,0,5,30
2.021E+11,8,9,2021,07:50:00,1,75,75114,2,2,1,3,BOULEVARD JOURDAN,"488,222,490,000","23,303,080,000",2.021E+11,165 687,A01,2,1,0,2,3,1,5,NULL,2.021E+11,219 805,165 688,B01,1,1,1,1,1988,1,1,0,-1,0,0,-1,2.021E+11,4,BOULEVARD JOURDAN,0,NULL,2,8,3,1,-1,-1,1,NULL,-1,1,0,5,30
2.021E+11,26,8,2021,10:38:00,1,5,5079,1,1,1,5,D1091,"450,427,450,762","64,164,431,651",2.021E+11,161 328,B01,1,1,0,2,1,13,5,NULL,2.021E+11,214 002,161 325,D01,1,1,1,1,1950,5,1,-1,-1,0,0,-1,2.021E+11,3,1091,0,D,2,2,0,2,21,150,4,NULL,-1,1,0,1,90
2.021E+11,26,8,2021,10:38:00,1,5,5079,1,1,1,5,D1091,"450,427,450,762","64,164,431,651",2.021E+11,161 327,A01,1,1,0,2,1,13,5,NULL,2.021E+11,214 002,161 325,D01,1,1,1,1,1950,5,1,-1,-1,0,0,-1,2.021E+11,3,1091,0,D,2,2,0,2,21,150,4,NULL,-1,1,0,1,90
2.021E+11,26,8,2021,10:38:00,1,5,5079,1,1,1,5,D1091,"450,427,450,762","64,164,431,651",2.021E+11,161 326,C01,1,1,0,2,1,5,5,NULL,2.021E+11,214 002,161 325,D01,1,1,1,1,1950,5,1,-1,-1,0,0,-1,2.021E+11,3,1091,0,D,2,2,0,2,21,150,4,NULL,-1,1,0,1,90
2.021E+11,26,8,2021,10:38:00,1,5,5079,1,1,1,5,D1091,"450,427,450,762","64,164,431,651",2.021E+11,161 328,B01,1,1,0,2,1,13,5,NULL,2.021E+11,214 003,161 326,C01,1,1,3,1,1972,5,2,-1,-1,0,0,-1,2.021E+11,3,1091,0,D,2,2,0,2,21,150,4,NULL,-1,1,0,1,90
2.021E+11,26,8,2021,10:38:00,1,5,5079,1,1,1,5,D1091,"450,427,450,762","64,164,431,651",2.021E+11,161 327,A01,1,1,0,2,1,13,5,NULL,2.021E+11,214 003,161 326,C01,1,1,3,1,1972,5,2,-1,-1,0,0,-1,2.021E+11,3,1091,0,D,2,2,0,2,21,150,4,NULL,-1,1,0,1,90
2.021E+11,26,8,2021,10:38:00,1,5,5079,1,1,1,5,D1091,"450,427,450,762","64,164,431,651",2.021E+11,161 326,C01,1,1,0,2,1,5,5,NULL,2.021E+11,214 003,161 326,C01,1,1,3,1,1972,5,2,-1,-1,0,0,-1,2.021E+11,3,1091,0,D,2,2,0,2,21,150,4,NULL,-1,1,0,1,90
2.021E+11,26,8,2021,10:38:00,1,5,5079,1,1,1,5,D1091,"450,427,450,762","64,164,431,651",2.021E+11,161 328,B01,1,1,0,2,1,13,5,NULL,2.021E+11,214 004,161 327,A01,1,1,3,1,1985,5,2,-1,-1,0,0,-1,2.021E+11,3,1091,0,D,2,2,0,2,21,150,4,NULL,-1,1,0,1,90
2.021E+11,26,8,2021,10:38:00,1,5,5079,1,1,1,5,D1091,"450,427,450,762","64,164,431,651",2.021E+11,161 327,A01,1,1,0,2,1,13,5,NULL,2.021E+11,214 004,161 327,A01,1,1,3,1,1985,5,2,-1,-1,0,0,-1,2.021E+11,3,1091,0,D,2,2,0,2,21,150,4,NULL,-1,1,0,1,90
2.021E+11,26,8,2021,10:38:00,1,5,5079,1,1,1,5,D1091,"450,427,450,762","64,164,431,651",2.021E+11,161 326,C01,1,1,0,2,1,5,5,NULL,2.021E+11,214 004,161 327,A01,1,1,3,1,1985,5,2,-1,-1,0,0,-1,2.021E+11,3,1091,0,D,2,2,0,2,21,150,4,NULL,-1,1,0,1,90
2.021E+11,26,8,2021,10:38:00,1,5,5079,1,1,1,5,D1091,"450,427,450,762","64,164,431,651",2.021E+11,161 328,B01,1,1,0,2,1,13,5,NULL,2.021E+11,214 005,161 328,B01,1,1,3,1,1982,5,2,-1,-1,0,0,-1,2.021E+11,3,1091,0,D,2,2,0,2,21,150,4,NULL,-1,1,0,1,90
2.021E+11,26,8,2021,10:38:00,1,5,5079,1,1,1,5,D1091,"450,427,450,762","64,164,431,651",2.021E+11,161 327,A01,1,1,0,2,1,13,5,NULL,2.021E+11,214 005,161 328,B01,1,1,3,1,1982,5,2,-1,-1,0,0,-1,2.021E+11,3,1091,0,D,2,2,0,2,21,150,4,NULL,-1,1,0,1,90
2.021E+11,26,8,2021,10:38:00,1,5,5079,1,1,1,5,D1091,"450,427,450,762","64,164,431,651",2.021E+11,161 326,C01,1,1,0,2,1,5,5,NULL,2.021E+11,214 005,161 328,B01,1,1,3,1,1982,5,2,-1,-1,0,0,-1,2.021E+11,3,1091,0,D,2,2,0,2,21,150,4,NULL,-1,1,0,1,90
2.021E+11,19,8,2021,16:00:00,1,35,35238,2,2,1,1,PARIS (RUE DE),"481,124,500,000","-16,661,800,000",2.021E+11,159 745,A01,2,1,0,2,1,5,5,NULL,2.021E+11,211 833,159 744,B01,1,1,1,2,1998,5,1,-1,-1,-1,-1,-1,2.021E+11,4,PARIS (RUE DE),0,NULL,1,1,3,1,-1,-1,1,NULL,-1,1,5,8,30
2.021E+11,19,8,2021,16:00:00,1,35,35238,2,2,1,1,PARIS (RUE DE),"481,124,500,000","-16,661,800,000",2.021E+11,159 745,A01,2,1,0,2,1,5,5,NULL,2.021E+11,211 834,159 745,A01,1,1,4,1,2000,1,8,-1,-1,-1,-1,-1,2.021E+11,4,PARIS (RUE DE),0,NULL,1,1,3,1,-1,-1,1,NULL,-1,1,5,8,30