Num_Acc,jour,mois,an,hrmn,lum,dep,com,agg,int,atm,col,adr,lat,long,Num_Acc,id_vehicule,num_veh,senc,catv,obs,obsm,choc,manv,motor,occutc,Num_Acc,id_usager,id_vehicule,num_veh,place,catu,grav,sexe,an_nais,trajet,secu1,secu2,secu3,locp,actp,etatp,Num_Acc,catr,voie,v1,v2,circ,nbv,vosp,prof,pr,pr1,plan,lartpc,larrout,surf,infra,situ,vma
2.021E+11,3,9,2021,12:30:00,1,33,33009,2,1,1,1,LORENTZ-MONOD (ALL. DR),"446,541,800,000","-11,652,100,000",2.021E+11,164 023,A01,1,1,0,2,1,1,5,NULL,2.021E+11,217 583,164 022,B01,1,1,1,1,2005,2,2,-1,-1,-1,-1,-1,2.021E+11,4,LORENTZ-MONOD (ALL. DR),0,NULL,2,2,1,2,-1,-1,1,NULL,-1,1,0,5,30
2.021E+11,3,9,2021,12:30:00,1,33,33009,2,1,1,1,LORENTZ-MONOD (ALL. DR),"446,541,800,000","-11,652,100,000",2.021E+11,164 022,B01,2,1,0,2,1,1,5,NULL,2.021E+11,217 583,164 022,B01,1,1,1,1,2005,2,2,-1,-1,-1,-1,-1,2.021E+11,4,LORENTZ-MONOD (ALL. DR),0,NULL,2,2,1,2,-1,-1,1,NULL,-1,1,0,5,30
2.021E+11,3,9,2021,12:30:00,1,33,33009,2,1,1,1,LORENTZ-MONOD (ALL. DR),"446,541,800,000","-11,652,100,000",2.021E+11,164 023,A01,1,1,0,2,1,1,5,NULL,2.021E+11,217 584,164 023,A01,1,1,4,2,2006,5,0,-1,-1,-1,-1,-1,2.021E+11,4,LORENTZ-MONOD (ALL. DR),0,NULL,2,2,1,2,-1,-1,1,NULL,-1,1,0,5,30
2.021E+11,3,9,2021,12:30:00,1,33,33009,2,1,1,1,LORENTZ-MONOD (ALL. DR),"446,541,800,000","-11,652,100,000",2.021E+11,164 022,B01,2,1,0,2,1,1,5,NULL,2.021E+11,217 584,164 023,A01,1,1,4,2,2006,5,0,-1,-1,-1,-1,-1,2.021E+11,4,LORENTZ-MONOD (ALL. DR),0,NULL,2,2,1,2,-1,-1,1,NULL,-1,1,0,5,30
2.021E+11,25,8,2021,16:25:00,1,31,31555,2,1,1,1,PINEL (PL MARIUS) DU 1AU 24,"436,026,730,000","14,660,220,000",2.021E+11,161 508,A01,3,1,0,2,0,0,5,NULL,2.021E+11,214 241,161 507,Z01,1,1,1,-1,NULL,-1,-1,-1,-1,-1,-1,-1,2.021E+11,4,PINEL (PL MARIUS) DU 1AU 24,0,NULL,2,2,1,1,-1,-1,1,NULL,-1,1,0,1,50
2.021E+11,25,8,2021,16:25:00,1,31,31555,2,1,1,1,PINEL (PL MARIUS) DU 1AU 24,"436,026,730,000","14,660,220,000",2.021E+11,161 508,A01,3,1,0,2,0,0,5,NULL,2.021E+11,214 242,161 508,A01,1,1,4,2,1983,0,2,0,-1,-1,-1,-1,2.021E+11,4,PINEL (PL MARIUS) DU 1AU 24,0,NULL,2,2,1,1,-1,-1,1,NULL,-1,1,0,1,50
2.021E+11,7,4,2021,15:15:00,1,26,26362,2,1,1,3,105 Avenue de Romans,"449,339,050,000","49,043,470,000",2.021E+11,160 700,B01,3,1,0,2,8,1,5,NULL,2.021E+11,213 176,160 700,B01,1,1,4,1,1961,0,2,0,-1,-1,-1,-1,2.021E+11,4,ROMANS AVENUE DE (103),0,NULL,2,2,1,1,-1,-1,1,NULL,-1,1,0,5,50
2.021E+11,7,4,2021,15:15:00,1,26,26362,2,1,1,3,105 Avenue de Romans,"449,339,050,000","49,043,470,000",2.021E+11,160 700,B01,3,1,0,2,8,1,5,NULL,2.021E+11,213 177,160 701,A01,1,1,1,2,1999,4,1,0,-1,0,0,-1,2.021E+11,4,ROMANS AVENUE DE (103),0,NULL,2,2,1,1,-1,-1,1,NULL,-1,1,0,5,50
2.021E+11,20,7,2021,18:00:00,1,89,89255,1,2,1,1,D976,"483,132,340,000","32,205,180,000",2.021E+11,151 999,B01,1,1,0,2,9,1,0,NULL,2.021E+11,201 088,151 999,B01,1,1,4,1,1956,5,0,-1,-1,0,0,-1,2.021E+11,3,976,0,NULL,2,2,0,1,6,345,1,NULL,-1,1,5,1,80
2.021E+11,20,7,2021,18:00:00,1,89,89255,1,2,1,1,D976,"483,132,340,000","32,205,180,000",2.021E+11,151 999,B01,1,1,0,2,9,1,0,NULL,2.021E+11,201 089,152 000,A01,1,1,1,1,1935,5,1,-1,-1,0,0,-1,2.021E+11,3,976,0,NULL,2,2,0,1,6,345,1,NULL,-1,1,5,1,80
2.021E+11,10,7,2021,18:11:00,1,29,29199,2,1,1,6,Avenue du Maréchal Leclerc,"485,696,570,000","-37,050,800,000",2.021E+11,148 758,A01,2,1,0,1,1,1,5,NULL,2.021E+11,196 569,148 758,A01,10,3,3,1,1938,5,0,-1,-1,5,9,1,2.021E+11,4,712,0,D,2,2,0,1,11,50,1,NULL,-1,1,0,4,50
2.021E+11,10,7,2021,18:11:00,1,29,29199,2,1,1,6,Avenue du Maréchal Leclerc,"485,696,570,000","-37,050,800,000",2.021E+11,148 758,A01,2,1,0,1,1,1,5,NULL,2.021E+11,196 570,148 758,A01,1,1,1,1,1999,5,2,-1,-1,0,0,-1,2.021E+11,4,712,0,D,2,2,0,1,11,50,1,NULL,-1,1,0,4,50
2.021E+11,8,7,2021,15:40:00,1,75,75112,2,3,1,3,RUE DU FAUBOURG SAINT ANTOINE,"488,515,960,000","23,748,410,000",2.021E+11,148 137,B01,1,1,0,2,1,1,5,NULL,2.021E+11,195 722,148 136,A01,1,1,1,1,1947,5,1,0,-1,0,0,-1,2.021E+11,4,RUE DU FAUBOURG SAINT ANTOINE,0,NULL,2,2,1,1,-1,-1,1,NULL,-1,1,0,5,50
2.021E+11,8,7,2021,15:40:00,1,75,75112,2,3,1,3,RUE DU FAUBOURG SAINT ANTOINE,"488,515,960,000","23,748,410,000",2.021E+11,148 137,B01,1,1,0,2,1,1,5,NULL,2.021E+11,195 723,148 137,B01,1,1,4,2,1991,1,2,0,-1,0,0,-1,2.021E+11,4,RUE DU FAUBOURG SAINT ANTOINE,0,NULL,2,2,1,1,-1,-1,1,NULL,-1,1,0,5,50
2.021E+11,12,6,2021,21:00:00,1,75,75114,2,7,1,3,AVENUE DU GENERAL LECLERC,"488,279,100,000","23,268,670,000",2.021E+11,139 843,A01,2,1,0,2,2,1,5,NULL,2.021E+11,184 760,139 842,Z01,1,1,1,-1,NULL,-1,-1,-1,-1,-1,-1,-1,2.021E+11,4,AVENUE DU GENERAL LECLERC,0,NULL,2,4,3,1,-1,-1,1,NULL,-1,1,5,6,50
2.021E+11,12,6,2021,21:00:00,1,75,75114,2,7,1,3,AVENUE DU GENERAL LECLERC,"488,279,100,000","23,268,670,000",2.021E+11,139 843,A01,2,1,0,2,2,1,5,NULL,2.021E+11,184 761,139 843,A01,1,1,4,2,1993,9,2,0,-1,0,0,-1,2.021E+11,4,AVENUE DU GENERAL LECLERC,0,NULL,2,4,3,1,-1,-1,1,NULL,-1,1,5,6,50
2.021E+11,1,6,2021,17:20:00,1,34,34108,2,1,1,3,JAURES JEAN (AVENUE),"434,257,718,675","37,311,324,477",2.021E+11,138 245,A01,3,1,0,2,8,19,6,NULL,2.021E+11,182 636,138 245,A01,1,1,3,2,1996,5,2,8,-1,0,0,-1,2.021E+11,4,JAURES JEAN (AVENUE),0,NULL,3,3,1,1,-1,-1,1,NULL,-1,1,0,1,30
2.021E+11,1,6,2021,17:20:00,1,34,34108,2,1,1,3,JAURES JEAN (AVENUE),"434,257,718,675","37,311,324,477",2.021E+11,138 245,A01,3,1,0,2,8,19,6,NULL,2.021E+11,182 637,138 246,B01,1,1,1,1,1996,0,1,8,-1,0,0,-1,2.021E+11,4,JAURES JEAN (AVENUE),0,NULL,3,3,1,1,-1,-1,1,NULL,-1,1,0,1,30
2.021E+11,1,6,2021,17:20:00,1,34,34108,2,1,1,3,JAURES JEAN (AVENUE),"434,257,718,675","37,311,324,477",2.021E+11,138 245,A01,3,1,0,2,8,19,6,NULL,2.021E+11,182 638,138 246,B01,2,2,1,2,2001,5,1,8,-1,0,0,-1,2.021E+11,4,JAURES JEAN (AVENUE),0,NULL,3,3,1,1,-1,-1,1,NULL,-1,1,0,1,30
2.021E+11,9,6,2021,16:38:00,1,75,75104,2,1,7,6,RUE DE RIVOLI,"488,552,680,000","23,608,850,000",2.021E+11,138 162,A01,1,1,14,0,1,14,5,NULL,2.021E+11,182 534,138 162,A01,1,1,4,1,1959,5,2,0,-1,0,0,-1,2.021E+11,4,RUE DE RIVOLI,0,NULL,2,4,1,1,-1,-1,1,NULL,-1,1,0,5,50
2.021E+11,9,6,2021,08:00:00,1,42,42313,2,4,1,2,Route du Gros Pin,"457,266,305,789","40,198,681,486",2.021E+11,137 695,A01,3,1,0,0,4,9,5,NULL,2.021E+11,181 942,137 695,A01,1,1,4,1,1951,5,0,-1,-1,0,0,-1,2.021E+11,4,NULL,-1,NULL,2,1,0,1,-1,-1,2,NULL,4,1,0,1,50
2.021E+11,9,6,2021,08:00:00,1,42,42313,2,4,1,2,Route du Gros Pin,"457,266,305,789","40,198,681,486",2.021E+11,137 695,A01,3,1,0,0,4,9,5,NULL,2.021E+11,181 943,137 696,B01,1,1,1,1,1989,1,1,-1,-1,0,0,-1,2.021E+11,4,NULL,-1,NULL,2,1,0,1,-1,-1,2,NULL,4,1,0,1,50
2.021E+11,27,5,2021,10:20:00,1,14,14181,2,1,1,3,Rue du Sieur de Bras,"491,536,000,000"," -0,3283000000",2.021E+11,134 075,B01,1,1,0,2,1,1,5,NULL,2.021E+11,177 225,134 074,A01,1,1,1,1,1991,5,1,-1,-1,0,0,-1,2.021E+11,4,SIEUR DE BRAS (RUE DU),0,NULL,1,2,0,1,1,0,1,NULL,-1,1,0,1,50
2.021E+11,27,5,2021,10:20:00,1,14,14181,2,1,1,3,Rue du Sieur de Bras,"491,536,000,000"," -0,3283000000",2.021E+11,134 075,B01,1,1,0,2,1,1,5,NULL,2.021E+11,177 226,134 075,B01,1,1,4,2,1999,5,8,-1,-1,0,0,-1,2.021E+11,4,SIEUR DE BRAS (RUE DU),0,NULL,1,2,0,1,1,0,1,NULL,-1,1,0,1,50
2.021E+11,19,5,2021,19:10:00,1,67,67482,2,3,8,3,MARGUERITE YOURCENAR (RUE),"485,974,770,000","77,038,700,000",2.021E+11,131 768,A01,1,1,0,2,7,19,5,NULL,2.021E+11,174 170,131 767,Z01,1,1,1,-1,NULL,-1,-1,-1,-1,-1,-1,-1,2.021E+11,4,MARGUERITE YOURCENAR (RUE),0,NULL,2,2,1,1,0,0,1,NULL,-1,2,0,1,30
2.021E+11,19,5,2021,19:10:00,1,67,67482,2,3,8,3,MARGUERITE YOURCENAR (RUE),"485,974,770,000","77,038,700,000",2.021E+11,131 768,A01,1,1,0,2,7,19,5,NULL,2.021E+11,174 171,131 768,A01,1,1,4,2,1976,5,8,0,-1,-1,-1,-1,2.021E+11,4,MARGUERITE YOURCENAR (RUE),0,NULL,2,2,1,1,0,0,1,NULL,-1,2,0,1,30
2.021E+11,14,5,2021,10:00:00,1,27,27213,2,3,8,6,Impasse du Moulin,"491,833,650,000","16,638,390,000",2.021E+11,129 874,A01,0,1,8,0,1,0,5,NULL,2.021E+11,171 671,129 874,A01,1,1,2,1,1946,5,2,-1,-1,0,0,-1,2.021E+11,4,NULL,-1,NULL,2,-1,-1,1,-1,-1,1,NULL,-1,6,9,1,-1
2.021E+11,3,5,2021,20:14:00,1,34,34172,2,2,1,3,JUVENAL (PONT),"436,058,900,000","38,940,900,000",2.021E+11,127 810,B01,2,1,0,2,8,0,5,NULL,2.021E+11,168 957,127 809,A01,1,1,1,1,1970,1,8,0,-1,-1,-1,-1,2.021E+11,4,JUVENAL (PONT),0,NULL,2,2,0,1,-1,-1,1,NULL,-1,1,0,1,50
2.021E+11,3,5,2021,20:14:00,1,34,34172,2,2,1,3,JUVENAL (PONT),"436,058,900,000","38,940,900,000",2.021E+11,127 810,B01,2,1,0,2,8,0,5,NULL,2.021E+11,168 958,127 810,B01,1,1,3,1,1999,0,8,0,-1,-1,-1,-1,2.021E+11,4,JUVENAL (PONT),0,NULL,2,2,0,1,-1,-1,1,NULL,-1,1,0,1,50
2.021E+11,2,5,2021,10:45:00,1,95,95355,2,6,1,3,RD 983,"491,469,234,618","17,879,419,768",2.021E+11,127 017,B01,2,1,0,2,8,1,5,NULL,2.021E+11,167 924,127 016,A01,1,1,1,1,1949,5,1,-1,-1,0,0,-1,2.021E+11,3,983,-1,NULL,2,2,0,1,10,800,1,NULL,-1,1,0,1,50
2.021E+11,2,5,2021,10:45:00,1,95,95355,2,6,1,3,RD 983,"491,469,234,618","17,879,419,768",2.021E+11,127 017,B01,2,1,0,2,8,1,5,NULL,2.021E+11,167 925,127 017,B01,1,1,4,1,1980,5,0,-1,-1,0,0,-1,2.021E+11,3,983,-1,NULL,2,2,0,1,10,800,1,NULL,-1,1,0,1,50
2.021E+11,21,4,2021,12:20:00,1,45,45234,2,3,1,2,Rue du Faubourg Bannier,"479,105,600,000","19,005,400,000",2.021E+11,124 517,A01,1,1,0,2,1,2,0,NULL,2.021E+11,164 710,124 516,B01,1,1,1,1,1990,9,1,0,-1,-1,-1,-1,2.021E+11,4,NULL,0,NULL,2,2,0,1,-1,-1,1,NULL,-1,1,0,1,50
2.021E+11,21,4,2021,12:20:00,1,45,45234,2,3,1,2,Rue du Faubourg Bannier,"479,105,600,000","19,005,400,000",2.021E+11,124 517,A01,1,1,0,2,1,2,0,NULL,2.021E+11,164 711,124 517,A01,1,1,4,1,2004,5,8,0,-1,-1,-1,-1,2.021E+11,4,NULL,0,NULL,2,2,0,1,-1,-1,1,NULL,-1,1,0,1,50
2.021E+11,21,4,2021,10:20:00,1,4,4004,1,1,1,7,RD 15,"438,068,680,000","60,065,070,000",2.021E+11,124 333,A01,1,1,0,0,7,1,5,NULL,2.021E+11,164 481,124 333,A01,1,1,3,1,1961,5,0,-1,-1,0,0,-1,2.021E+11,3,15,0,NULL,2,2,0,2,15,740,1,NULL,-1,1,0,1,80
2.021E+11,19,4,2021,08:30:00,1,10,10387,2,2,1,3,SALOMON RACHI (RUE),"482,888,089,915","40,804,553,032",2.021E+11,124 192,B01,1,1,0,2,1,1,0,NULL,2.021E+11,164 304,124 192,B01,2,2,4,2,2016,0,3,0,-1,-1,-1,-1,2.021E+11,4,SALOMON RACHI (RUE),0,NULL,2,2,0,1,-1,-1,1,NULL,-1,1,0,5,50
2.021E+11,19,4,2021,08:30:00,1,10,10387,2,2,1,3,SALOMON RACHI (RUE),"482,888,089,915","40,804,553,032",2.021E+11,124 192,B01,1,1,0,2,1,1,0,NULL,2.021E+11,164 305,124 192,B01,1,1,4,2,1985,0,2,0,-1,-1,-1,-1,2.021E+11,4,SALOMON RACHI (RUE),0,NULL,2,2,0,1,-1,-1,1,NULL,-1,1,0,5,50
2.021E+11,19,4,2021,08:30:00,1,10,10387,2,2,1,3,SALOMON RACHI (RUE),"482,888,089,915","40,804,553,032",2.021E+11,124 192,B01,1,1,0,2,1,1,0,NULL,2.021E+11,164 306,124 193,A01,1,1,1,1,2001,1,1,0,-1,-1,-1,-1,2.021E+11,4,SALOMON RACHI (RUE),0,NULL,2,2,0,1,-1,-1,1,NULL,-1,1,0,5,50
2.021E+11,13,4,2021,18:20:00,1,78,78551,2,2,1,3,SAINT FIACRE (AVENUE),"488,956,620,000","20,725,260,000",2.021E+11,122 797,B01,3,1,0,2,0,1,0,NULL,2.021E+11,162 510,122 797,B01,1,1,4,1,1986,0,2,0,-1,-1,-1,-1,2.021E+11,4,PAIX (BD DE LA),0,NULL,2,2,0,1,-1,-1,1,NULL,-1,1,0,1,50
2.021E+11,13,4,2021,18:20:00,1,78,78551,2,2,1,3,SAINT FIACRE (AVENUE),"488,956,620,000","20,725,260,000",2.021E+11,122 797,B01,3,1,0,2,0,1,0,NULL,2.021E+11,162 511,122 798,A01,1,1,1,2,1972,0,1,0,-1,-1,-1,-1,2.021E+11,4,PAIX (BD DE LA),0,NULL,2,2,0,1,-1,-1,1,NULL,-1,1,0,1,50
2.021E+11,22,3,2021,18:08:00,1,75,75105,2,3,1,3,QUAI DE LA TOURNELLE,"488,507,010,000","23,525,930,000",2.021E+11,117 665,B01,1,1,0,2,2,15,5,NULL,2.021E+11,155 854,117 664,A01,1,1,4,1,1968,5,2,0,-1,0,0,-1,2.021E+11,4,QUAI DE LA TOURNELLE,0,NULL,2,1,1,1,-1,-1,1,NULL,-1,1,-1,5,50
2.021E+11,22,3,2021,18:08:00,1,75,75105,2,3,1,3,QUAI DE LA TOURNELLE,"488,507,010,000","23,525,930,000",2.021E+11,117 664,A01,2,1,0,2,1,1,5,NULL,2.021E+11,155 854,117 664,A01,1,1,4,1,1968,5,2,0,-1,0,0,-1,2.021E+11,4,QUAI DE LA TOURNELLE,0,NULL,2,1,1,1,-1,-1,1,NULL,-1,1,-1,5,50
2.021E+11,22,3,2021,18:08:00,1,75,75105,2,3,1,3,QUAI DE LA TOURNELLE,"488,507,010,000","23,525,930,000",2.021E+11,117 665,B01,1,1,0,2,2,15,5,NULL,2.021E+11,155 855,117 665,B01,1,1,4,1,2008,5,2,0,-1,0,0,-1,2.021E+11,4,QUAI DE LA TOURNELLE,0,NULL,2,1,1,1,-1,-1,1,NULL,-1,1,-1,5,50
2.021E+11,22,3,2021,18:08:00,1,75,75105,2,3,1,3,QUAI DE LA TOURNELLE,"488,507,010,000","23,525,930,000",2.021E+11,117 664,A01,2,1,0,2,1,1,5,NULL,2.021E+11,155 855,117 665,B01,1,1,4,1,2008,5,2,0,-1,0,0,-1,2.021E+11,4,QUAI DE LA TOURNELLE,0,NULL,2,1,1,1,-1,-1,1,NULL,-1,1,-1,5,50
2.021E+11,20,3,2021,11:15:00,1,92,92012,2,2,1,2,JEAN JAURES (BOULEVARD) 217/FIN - 210/FI,"488,278,804,176","22,467,604,280",2.021E+11,117 271,A01,1,1,0,2,1,2,5,NULL,2.021E+11,155 325,117 271,A01,1,1,4,2,1990,1,2,6,-1,-1,-1,-1,2.021E+11,4,NULL,0,NULL,2,2,0,1,0,0,1,NULL,-1,1,0,1,50
2.021E+11,20,3,2021,11:15:00,1,92,92012,2,2,1,2,JEAN JAURES (BOULEVARD) 217/FIN - 210/FI,"488,278,804,176","22,467,604,280",2.021E+11,117 271,A01,1,1,0,2,1,2,5,NULL,2.021E+11,155 326,117 272,B01,1,1,1,1,1989,1,1,0,-1,-1,-1,-1,2.021E+11,4,NULL,0,NULL,2,2,0,1,0,0,1,NULL,-1,1,0,1,50
2.021E+11,1,3,2021,17:50:00,1,69,69092,1,3,1,2,TARARE (DE) (RTE),"459,795,700,000","46,812,400,000",2.021E+11,113 498,B01,3,1,0,2,1,1,0,NULL,2.021E+11,150 469,113 498,B01,1,1,4,2,1962,0,2,-1,-1,-1,-1,-1,2.021E+11,3,TARARE (route de),0,NULL,2,2,0,1,2,700,1,NULL,-1,1,0,1,70
2.021E+11,1,3,2021,17:50:00,1,69,69092,1,3,1,2,TARARE (DE) (RTE),"459,795,700,000","46,812,400,000",2.021E+11,113 498,B01,3,1,0,2,1,1,0,NULL,2.021E+11,150 470,113 499,A01,1,1,4,2,1934,0,1,-1,-1,-1,-1,-1,2.021E+11,3,TARARE (route de),0,NULL,2,2,0,1,2,700,1,NULL,-1,1,0,1,70
2.021E+11,17,2,2021,10:57:00,1,75,75107,2,3,1,3,QUAI D ORSAY,"488,628,990,000","23,152,160,000",2.021E+11,110 169,A01,1,1,0,2,7,15,5,NULL,2.021E+11,146 234,110 169,A01,1,1,4,1,1983,1,2,0,-1,0,0,-1,2.021E+11,4,QUAI D ORSAY,0,NULL,2,3,1,1,-1,-1,1,NULL,-1,1,0,1,50
2.021E+11,17,2,2021,10:57:00,1,75,75107,2,3,1,3,QUAI D ORSAY,"488,628,990,000","23,152,160,000",2.021E+11,110 169,A01,1,1,0,2,7,15,5,NULL,2.021E+11,146 235,110 170,B01,1,1,1,1,1974,1,2,6,-1,0,0,-1,2.021E+11,4,QUAI D ORSAY,0,NULL,2,3,1,1,-1,-1,1,NULL,-1,1,0,1,50
2.021E+11,15,2,2021,11:40:00,1,75,75115,2,3,1,7,RUE DE VAUGIRARD,"488,412,880,000","23,071,890,000",2.021E+11,109 728,B01,2,1,0,2,0,21,5,NULL,2.021E+11,145 634,109 728,B01,1,1,4,2,1967,9,2,0,-1,0,0,-1,2.021E+11,4,RUE DE VAUGIRARD,0,NULL,1,2,2,1,-1,-1,1,NULL,-1,2,-1,5,30
2.021E+11,15,2,2021,11:40:00,1,75,75115,2,3,1,7,RUE DE VAUGIRARD,"488,412,880,000","23,071,890,000",2.021E+11,109 728,B01,2,1,0,2,0,21,5,NULL,2.021E+11,145 635,109 729,A01,1,1,1,1,1954,9,1,0,-1,0,0,-1,2.021E+11,4,RUE DE VAUGIRARD,0,NULL,1,2,2,1,-1,-1,1,NULL,-1,2,-1,5,30
2.021E+11,14,2,2021,21:23:00,5,75,75120,2,3,1,3,RUE DE MENILMONTANT,"488,675,420,000","23,850,940,000",2.021E+11,109 605,A01,1,1,0,2,1,15,5,NULL,2.021E+11,145 478,109 605,A01,1,1,4,1,1988,1,8,0,-1,0,0,-1,2.021E+11,4,RUE DE MENILMONTANT,0,NULL,2,2,0,2,-1,-1,1,NULL,-1,1,0,1,50
2.021E+11,14,2,2021,21:23:00,5,75,75120,2,3,1,3,RUE DE MENILMONTANT,"488,675,420,000","23,850,940,000",2.021E+11,109 605,A01,1,1,0,2,1,15,5,NULL,2.021E+11,145 479,109 606,Z01,1,1,1,-1,NULL,-1,-1,-1,-1,-1,-1,-1,2.021E+11,4,RUE DE MENILMONTANT,0,NULL,2,2,0,2,-1,-1,1,NULL,-1,1,0,1,50
2.021E+11,12,1,2021,08:35:00,1,35,35238,2,2,8,3,SEMBAT (MARCEL),"480,944,200,000","-16,744,100,000",2.021E+11,102 944,B01,2,1,0,2,1,1,0,NULL,2.021E+11,136 608,102 944,B01,1,1,4,2,2005,2,8,0,-1,-1,-1,-1,2.021E+11,4,SEMBAT (MARCEL),0,NULL,-1,1,1,1,-1,-1,1,NULL,-1,1,0,1,50
2.021E+11,12,1,2021,08:35:00,1,35,35238,2,2,8,3,SEMBAT (MARCEL),"480,944,200,000","-16,744,100,000",2.021E+11,102 944,B01,2,1,0,2,1,1,0,NULL,2.021E+11,136 609,102 945,A01,1,1,4,2,1995,1,8,0,-1,-1,-1,-1,2.021E+11,4,SEMBAT (MARCEL),0,NULL,-1,1,1,1,-1,-1,1,NULL,-1,1,0,1,50
2.021E+11,12,1,2021,18:33:00,3,29,29051,1,1,2,2,D15 - Avenue de Coray,"480,030,988,069","-40,401,881,754",2.021E+11,102 929,B01,2,1,0,2,3,1,5,NULL,2.021E+11,136 586,102 929,B01,1,1,4,1,1966,1,2,4,-1,-1,-1,-1,2.021E+11,3,CORAY ROUTE DE,0,NULL,2,2,0,1,2,950,1,NULL,-1,2,0,1,70
2.021E+11,12,1,2021,18:33:00,3,29,29051,1,1,2,2,D15 - Avenue de Coray,"480,030,988,069","-40,401,881,754",2.021E+11,102 929,B01,2,1,0,2,3,1,5,NULL,2.021E+11,136 587,102 930,A01,1,1,1,1,1977,1,1,-1,-1,0,-1,-1,2.021E+11,3,CORAY ROUTE DE,0,NULL,2,2,0,1,2,950,1,NULL,-1,2,0,1,70
2.021E+11,9,1,2021,10:30:00,1,95,95409,2,1,1,3,RD 11,"490,430,577,885","23,387,010,399",2.021E+11,102 004,B01,2,1,0,2,8,19,5,NULL,2.021E+11,135 342,102 003,A01,1,1,1,1,1984,3,1,-1,-1,0,0,-1,2.021E+11,3,11,-1,NULL,1,1,1,3,6,150,3,NULL,-1,1,0,1,30
2.021E+11,9,1,2021,10:30:00,1,95,95409,2,1,1,3,RD 11,"490,430,577,885","23,387,010,399",2.021E+11,102 004,B01,2,1,0,2,8,19,5,NULL,2.021E+11,135 343,102 004,B01,1,1,4,1,1957,5,2,-1,-1,0,0,-1,2.021E+11,3,11,-1,NULL,1,1,1,3,6,150,3,NULL,-1,1,0,1,30
2.021E+11,3,11,2021,22:35:00,5,79,79049,2,6,1,3,Boulevard de l’Europe,"468,349,120,000"," -0,4815050000",2.021E+11,184 373,B01,1,1,0,2,7,1,5,NULL,2.021E+11,244 268,184 373,B01,1,1,4,1,1985,5,4,-1,-1,0,0,-1,2.021E+11,3,938,3,D,-1,2,0,1,20,850,1,NULL,-1,1,5,1,50
2.021E+11,3,11,2021,22:35:00,5,79,79049,2,6,1,3,Boulevard de l’Europe,"468,349,120,000"," -0,4815050000",2.021E+11,184 373,B01,1,1,0,2,7,1,5,NULL,2.021E+11,244 269,184 374,A01,1,1,1,1,1997,5,1,-1,-1,0,0,-1,2.021E+11,3,938,3,D,-1,2,0,1,20,850,1,NULL,-1,1,5,1,50
2.021E+11,28,10,2021,12:25:00,1,95,95394,2,1,1,6,2 Avenue Marcel Perrin,"490,693,150,000","21,793,750,000",2.021E+11,182 734,A01,1,1,0,0,8,1,5,NULL,2.021E+11,241 962,182 734,A01,10,3,1,1,1998,1,0,-1,-1,6,3,1,2.021E+11,3,928,-1,D,2,2,1,1,17,100,1,NULL,-1,1,0,5,50
2.021E+11,28,10,2021,12:25:00,1,95,95394,2,1,1,6,2 Avenue Marcel Perrin,"490,693,150,000","21,793,750,000",2.021E+11,182 734,A01,1,1,0,0,8,1,5,NULL,2.021E+11,241 963,182 734,A01,1,1,4,1,1949,5,2,6,-1,0,0,-1,2.021E+11,3,928,-1,D,2,2,1,1,17,100,1,NULL,-1,1,0,5,50
2.021E+11,19,10,2021,07:50:00,2,37,37179,1,6,1,3,La Coudrière,"474,486,482,994","0,7275679921",2.021E+11,179 716,A01,1,1,0,2,2,1,5,NULL,2.021E+11,238 039,179 716,A01,1,1,3,1,1965,1,2,4,6,0,0,-1,2.021E+11,7,77,-1,NULL,2,2,0,1,3,680,2,NULL,-1,1,5,1,50
2.021E+11,19,10,2021,07:50:00,2,37,37179,1,6,1,3,La Coudrière,"474,486,482,994","0,7275679921",2.021E+11,179 716,A01,1,1,0,2,2,1,5,NULL,2.021E+11,238 040,179 717,B01,1,1,1,2,1980,1,1,-1,-1,0,0,-1,2.021E+11,7,77,-1,NULL,2,2,0,1,3,680,2,NULL,-1,1,5,1,50
2.021E+11,7,10,2021,08:50:00,1,69,69382,2,5,1,4,JULES COURMONT (Q),"457,603,500,000","48,379,100,000",2.021E+11,175 688,B01,3,1,0,2,1,19,5,NULL,2.021E+11,232 812,175 687,A01,1,1,1,1,1988,0,1,-1,-1,-1,-1,-1,2.021E+11,4,JULES COURMONT                      (QU),0,NULL,3,7,3,1,-1,-1,1,NULL,-1,1,2,1,50
2.021E+11,7,10,2021,08:50:00,1,69,69382,2,5,1,4,JULES COURMONT (Q),"457,603,500,000","48,379,100,000",2.021E+11,175 688,B01,3,1,0,2,1,19,5,NULL,2.021E+11,232 813,175 688,B01,1,1,4,1,1993,1,2,-1,-1,-1,-1,-1,2.021E+11,4,JULES COURMONT                      (QU),0,NULL,3,7,3,1,-1,-1,1,NULL,-1,1,2,1,50
2.021E+11,7,10,2021,08:50:00,1,69,69382,2,5,1,4,JULES COURMONT (Q),"457,603,500,000","48,379,100,000",2.021E+11,175 688,B01,3,1,0,2,1,19,5,NULL,2.021E+11,232 814,175 689,C01,1,1,1,1,1959,1,1,-1,-1,-1,-1,-1,2.021E+11,4,JULES COURMONT                      (QU),0,NULL,3,7,3,1,-1,-1,1,NULL,-1,1,2,1,50