Num_Acc,jour,mois,an,hrmn,lum,dep,com,agg,int,atm,col,adr,lat,long,Num_Acc,id_vehicule,num_veh,senc,catv,obs,obsm,choc,manv,motor,occutc,Num_Acc,id_usager,id_vehicule,num_veh,place,catu,grav,sexe,an_nais,trajet,secu1,secu2,secu3,locp,actp,etatp,Num_Acc,catr,voie,v1,v2,circ,nbv,vosp,prof,pr,pr1,plan,lartpc,larrout,surf,infra,situ,vma
2.021E+11,5,10,2021,09:15:00,1,75,75111,2,3,3,3,RUE DE MONTREUIL,"488,504,120,000","23,919,220,000",2.021E+11,174 692,B01,2,1,0,2,2,1,5,NULL,2.021E+11,231 526,174 691,A01,1,1,1,1,1976,9,8,0,-1,0,0,-1,2.021E+11,4,RUE DE MONTREUIL,0,NULL,1,0,0,2,-1,-1,1,NULL,-1,2,0,1,30
2.021E+11,5,10,2021,09:15:00,1,75,75111,2,3,3,3,RUE DE MONTREUIL,"488,504,120,000","23,919,220,000",2.021E+11,174 692,B01,2,1,0,2,2,1,5,NULL,2.021E+11,231 527,174 692,B01,1,1,4,2,1988,9,8,0,-1,0,0,-1,2.021E+11,4,RUE DE MONTREUIL,0,NULL,1,0,0,2,-1,-1,1,NULL,-1,2,0,1,30
2.021E+11,1,10,2021,15:45:00,1,66,66050,1,1,1,2,Route du Barcares,"427,771,650,000","29,296,800,000",2.021E+11,173 438,A01,3,1,0,2,4,2,5,NULL,2.021E+11,229 908,173 438,A01,1,1,2,1,1940,3,0,-1,-1,0,0,-1,2.021E+11,4,NULL,-1,NULL,2,2,0,1,-1,-1,1,NULL,5,1,0,1,90
2.021E+11,1,10,2021,15:45:00,1,66,66050,1,1,1,2,Route du Barcares,"427,771,650,000","29,296,800,000",2.021E+11,173 438,A01,3,1,0,2,4,2,5,NULL,2.021E+11,229 909,173 439,B01,1,1,1,1,1982,5,1,-1,-1,0,0,-1,2.021E+11,4,NULL,-1,NULL,2,2,0,1,-1,-1,1,NULL,5,1,0,1,90
2.021E+11,27,9,2021,08:50:00,1,33,33249,2,3,1,3,AVE DE PARIS,"448,690,600,000"," -0,5123300000",2.021E+11,172 705,B01,1,1,0,2,8,1,0,NULL,2.021E+11,228 995,172 704,A01,1,1,1,2,1993,4,1,-1,-1,-1,-1,-1,2.021E+11,4,AVE DE PARIS,0,NULL,3,2,1,2,-1,-1,1,NULL,-1,1,0,1,50
2.021E+11,27,9,2021,08:50:00,1,33,33249,2,3,1,3,AVE DE PARIS,"448,690,600,000"," -0,5123300000",2.021E+11,172 705,B01,1,1,0,2,8,1,0,NULL,2.021E+11,228 996,172 705,B01,1,1,4,2,1993,0,0,-1,-1,-1,-1,-1,2.021E+11,4,AVE DE PARIS,0,NULL,3,2,1,2,-1,-1,1,NULL,-1,1,0,1,50
2.021E+11,11,9,2021,09:25:00,1,75,75112,2,1,1,6,AVENUE DAUMESNIL,"488,377,150,000","24,256,380,000",2.021E+11,166 748,A01,3,1,0,1,1,1,5,NULL,2.021E+11,221 162,166 748,A01,1,1,4,1,1992,5,2,0,-1,0,0,-1,2.021E+11,4,AVENUE DAUMESNIL,0,NULL,2,2,0,1,-1,-1,1,NULL,-1,1,0,1,50
2.021E+11,11,9,2021,09:25:00,1,75,75112,2,1,1,6,AVENUE DAUMESNIL,"488,377,150,000","24,256,380,000",2.021E+11,166 748,A01,3,1,0,1,1,1,5,NULL,2.021E+11,221 163,166 748,A01,10,3,4,2,1966,9,0,-1,-1,3,3,1,2.021E+11,4,AVENUE DAUMESNIL,0,NULL,2,2,0,1,-1,-1,1,NULL,-1,1,0,1,50
2.021E+11,8,9,2021,10:05:00,1,75,75112,2,2,1,3,AVENUE LEDRU ROLLIN,"488,486,290,000","23,725,420,000",2.021E+11,165 682,A01,1,1,0,2,8,1,5,NULL,2.021E+11,219 798,165 681,Z01,1,1,1,-1,NULL,-1,-1,-1,-1,-1,-1,-1,2.021E+11,4,AVENUE LEDRU ROLLIN,0,NULL,1,2,1,1,-1,-1,1,NULL,-1,1,0,5,30
2.021E+11,8,9,2021,10:05:00,1,75,75112,2,2,1,3,AVENUE LEDRU ROLLIN,"488,486,290,000","23,725,420,000",2.021E+11,165 682,A01,1,1,0,2,8,1,5,NULL,2.021E+11,219 799,165 682,A01,1,1,4,2,1992,1,2,8,-1,0,0,-1,2.021E+11,4,AVENUE LEDRU ROLLIN,0,NULL,1,2,1,1,-1,-1,1,NULL,-1,1,0,5,30
2.021E+11,24,8,2021,17:45:00,1,69,69383,2,3,1,3,DAUPHINE (DU) (R),"457,499,100,000","48,605,600,000",2.021E+11,161 055,B01,1,1,0,2,8,0,5,NULL,2.021E+11,213 655,161 055,B01,1,1,4,2,1962,1,0,-1,-1,-1,-1,-1,2.021E+11,4,DAUPHINE (DU)                       (R ),0,NULL,2,2,2,1,-1,-1,1,NULL,-1,1,0,1,50
2.021E+11,24,8,2021,17:45:00,1,69,69383,2,3,1,3,DAUPHINE (DU) (R),"457,499,100,000","48,605,600,000",2.021E+11,161 055,B01,1,1,0,2,8,0,5,NULL,2.021E+11,213 656,161 056,A01,1,1,1,1,1994,1,8,-1,-1,-1,-1,-1,2.021E+11,4,DAUPHINE (DU)                       (R ),0,NULL,2,2,2,1,-1,-1,1,NULL,-1,1,0,1,50
2.021E+11,21,5,2021,07:40:00,1,82,82121,2,1,1,6,LACAPELLE (FAUBOURG),"440,136,100,000","13,604,900,000",2.021E+11,160 515,B01,2,1,0,2,0,1,5,NULL,2.021E+11,212 918,160 515,B01,1,1,4,2,1978,1,2,0,-1,-1,-1,-1,2.021E+11,3,LACAPELLE (FAUBOURG),0,NULL,1,2,0,1,0,525,1,NULL,-1,1,0,1,50
2.021E+11,21,5,2021,07:40:00,1,82,82121,2,1,1,6,LACAPELLE (FAUBOURG),"440,136,100,000","13,604,900,000",2.021E+11,160 515,B01,2,1,0,2,0,1,5,NULL,2.021E+11,212 919,160 516,A01,1,1,1,2,1970,1,8,8,-1,-1,-1,-1,2.021E+11,3,LACAPELLE (FAUBOURG),0,NULL,1,2,0,1,0,525,1,NULL,-1,1,0,1,50
2.021E+11,20,8,2021,17:20:00,1,35,35238,2,3,1,3,Rue d’Antrain,"481,206,200,000","-16,720,400,000",2.021E+11,160 000,B01,1,1,0,2,3,2,0,NULL,2.021E+11,212 197,159 999,A01,1,1,1,1,1992,1,1,-1,-1,-1,-1,-1,2.021E+11,4,ANTRAIN (D') DE 43 ET 80 A FIN,0,NULL,2,2,0,1,-1,-1,1,NULL,-1,1,5,1,50
2.021E+11,20,8,2021,17:20:00,1,35,35238,2,3,1,3,Rue d’Antrain,"481,206,200,000","-16,720,400,000",2.021E+11,160 000,B01,1,1,0,2,3,2,0,NULL,2.021E+11,212 198,160 000,B01,1,1,4,2,1989,1,8,-1,-1,-1,-1,-1,2.021E+11,4,ANTRAIN (D') DE 43 ET 80 A FIN,0,NULL,2,2,0,1,-1,-1,1,NULL,-1,1,5,1,50
2.021E+11,16,7,2021,11:47:00,1,69,69381,2,3,1,3,SAINT VINCENT (Q),"457,684,290,886","48,259,946,702",2.021E+11,151 878,B01,2,1,0,2,7,0,0,NULL,2.021E+11,200 926,151 877,A01,1,1,1,1,1994,0,1,-1,-1,-1,-1,-1,2.021E+11,4,ST VINCENT                          (QU),0,NULL,1,3,1,1,-1,-1,1,NULL,-1,1,0,5,50
2.021E+11,16,7,2021,11:47:00,1,69,69381,2,3,1,3,SAINT VINCENT (Q),"457,684,290,886","48,259,946,702",2.021E+11,151 878,B01,2,1,0,2,7,0,0,NULL,2.021E+11,200 927,151 877,A01,2,2,1,2,1978,0,1,-1,-1,-1,-1,-1,2.021E+11,4,ST VINCENT                          (QU),0,NULL,1,3,1,1,-1,-1,1,NULL,-1,1,0,5,50
2.021E+11,16,7,2021,11:47:00,1,69,69381,2,3,1,3,SAINT VINCENT (Q),"457,684,290,886","48,259,946,702",2.021E+11,151 878,B01,2,1,0,2,7,0,0,NULL,2.021E+11,200 928,151 878,B01,1,1,4,1,1983,0,8,-1,-1,-1,-1,-1,2.021E+11,4,ST VINCENT                          (QU),0,NULL,1,3,1,1,-1,-1,1,NULL,-1,1,0,5,50
2.021E+11,1,7,2021,10:15:00,1,65,65417,2,1,1,7,REPUBLIQUE (RUE DE LA),"432,284,000,000","0,1032300000",2.021E+11,146 284,A01,2,1,0,0,7,1,5,NULL,2.021E+11,193 231,146 284,A01,1,1,4,2,1952,3,8,-1,-1,-1,-1,-1,2.021E+11,4,REPUBLIQUE (RUE DE LA),0,NULL,-1,0,0,1,-1,-1,1,NULL,-1,1,0,4,50
2.021E+11,25,6,2021,21:50:00,1,33,33063,2,1,1,3,Avenue des Quarante Journaux,"448,786,500,000"," -0,5686200000",2.021E+11,144 055,B01,3,1,0,2,1,1,5,NULL,2.021E+11,190 216,144 054,A01,1,1,1,1,2001,0,1,-1,-1,-1,-1,-1,2.021E+11,4,JOURNAUX (AVE DES QUARANTE),0,NULL,2,3,0,1,-1,-1,1,NULL,-1,1,0,1,50
2.021E+11,25,6,2021,21:50:00,1,33,33063,2,1,1,3,Avenue des Quarante Journaux,"448,786,500,000"," -0,5686200000",2.021E+11,144 055,B01,3,1,0,2,1,1,5,NULL,2.021E+11,190 217,144 055,B01,1,1,4,1,1990,4,8,-1,-1,-1,-1,-1,2.021E+11,4,JOURNAUX (AVE DES QUARANTE),0,NULL,2,3,0,1,-1,-1,1,NULL,-1,1,0,1,50
2.021E+11,15,6,2021,14:05:00,1,61,61328,1,1,1,7,Lieu Dit la Hameliniere,"487,438,810,000","0,1204850000",2.021E+11,143 231,B01,1,1,0,0,0,2,5,NULL,2.021E+11,189 187,143 231,B01,1,1,3,2,1944,5,2,-1,-1,0,0,-1,2.021E+11,4,729,-1,NULL,2,2,0,1,-1,-1,1,NULL,-1,1,0,1,90
2.021E+11,20,6,2021,13:35:00,1,70,70037,2,4,1,3,43 rue des fontenis,"475,328,060,000","56,957,350,000",2.021E+11,142 334,B01,1,1,0,2,8,1,5,NULL,2.021E+11,188 008,142 333,A01,1,1,1,1,1963,5,1,-1,-1,0,0,-1,2.021E+11,3,2,-1,NULL,2,2,0,1,25,450,3,NULL,-1,1,9,1,50
2.021E+11,20,6,2021,13:35:00,1,70,70037,2,4,1,3,43 rue des fontenis,"475,328,060,000","56,957,350,000",2.021E+11,142 334,B01,1,1,0,2,8,1,5,NULL,2.021E+11,188 009,142 334,B01,1,1,3,1,1945,5,2,-1,-1,0,0,-1,2.021E+11,3,2,-1,NULL,2,2,0,1,25,450,3,NULL,-1,1,9,1,50
2.021E+11,15,6,2021,16:30:00,1,44,44213,1,9,1,3,pont de varades D 752 PR 002.000,"473,699,100,000","-10,158,760,000",2.021E+11,140 284,B01,1,1,0,2,8,2,6,NULL,2.021E+11,185 326,140 283,A01,1,1,1,1,1999,4,1,-1,-1,0,0,-1,2.021E+11,3,D 752,-1,NULL,2,2,2,1,2,0,1,NULL,-1,1,2,1,70
2.021E+11,15,6,2021,16:30:00,1,44,44213,1,9,1,3,pont de varades D 752 PR 002.000,"473,699,100,000","-10,158,760,000",2.021E+11,140 284,B01,1,1,0,2,8,2,6,NULL,2.021E+11,185 327,140 284,B01,1,1,3,1,1958,5,0,-1,-1,0,0,-1,2.021E+11,3,D 752,-1,NULL,2,2,2,1,2,0,1,NULL,-1,1,2,1,70
2.021E+11,9,6,2021,17:30:00,1,75,75107,2,1,1,7,QUAI D ORSAY,"488,628,520,000","23,128,410,000",2.021E+11,138 164,A01,0,1,0,0,0,1,5,NULL,2.021E+11,182 536,138 164,A01,1,1,4,2,1978,9,2,0,-1,0,0,-1,2.021E+11,4,QUAI D ORSAY,0,NULL,2,6,1,1,-1,-1,1,NULL,-1,1,0,5,50
2.021E+11,8,6,2021,17:40:00,1,75,75111,2,1,1,3,RUE DURANTI,"488,607,563,284","23,842,786,252",2.021E+11,137 788,B01,1,1,0,2,3,18,5,NULL,2.021E+11,182 053,137 788,B01,1,1,4,1,1988,1,2,0,-1,0,0,-1,2.021E+11,4,RUE DURANTI,0,NULL,1,1,1,1,-1,-1,1,NULL,-1,1,0,5,30
2.021E+11,8,6,2021,17:40:00,1,75,75111,2,1,1,3,RUE DURANTI,"488,607,563,284","23,842,786,252",2.021E+11,137 788,B01,1,1,0,2,3,18,5,NULL,2.021E+11,182 054,137 789,A01,1,1,1,1,1973,5,1,8,-1,0,0,-1,2.021E+11,4,RUE DURANTI,0,NULL,1,1,1,1,-1,-1,1,NULL,-1,1,0,5,30
2.021E+11,8,6,2021,17:40:00,1,75,75111,2,1,1,3,RUE DURANTI,"488,607,563,284","23,842,786,252",2.021E+11,137 788,B01,1,1,0,2,3,18,5,NULL,2.021E+11,182 055,137 789,A01,3,2,1,1,2006,5,8,0,-1,0,0,-1,2.021E+11,4,RUE DURANTI,0,NULL,1,1,1,1,-1,-1,1,NULL,-1,1,0,5,30
2.021E+11,23,5,2021,13:08:00,1,75,75119,2,3,1,3,BOULEVARD D INDOCHINE,"488,871,800,000","23,961,170,000",2.021E+11,132 555,B01,2,1,0,2,1,1,5,NULL,2.021E+11,175 240,132 554,A01,1,1,1,1,1976,9,2,6,-1,0,0,-1,2.021E+11,4,BOULEVARD D INDOCHINE,0,NULL,1,2,1,1,-1,-1,1,NULL,-1,1,0,5,30
2.021E+11,23,5,2021,13:08:00,1,75,75119,2,3,1,3,BOULEVARD D INDOCHINE,"488,871,800,000","23,961,170,000",2.021E+11,132 555,B01,2,1,0,2,1,1,5,NULL,2.021E+11,175 241,132 555,B01,1,1,4,1,1987,9,8,0,-1,0,0,-1,2.021E+11,4,BOULEVARD D INDOCHINE,0,NULL,1,2,1,1,-1,-1,1,NULL,-1,1,0,5,30
2.021E+11,21,5,2021,19:30:00,1,75,75104,2,1,1,7,QUAI HENRI IV,"488,473,670,000","23,647,630,000",2.021E+11,131 976,A01,3,1,0,0,1,26,5,NULL,2.021E+11,174 448,131 976,A01,1,1,4,1,1990,9,2,8,-1,0,0,-1,2.021E+11,4,QUAI HENRI IV,0,NULL,-1,1,0,1,-1,-1,1,NULL,-1,1,1,1,50
2.021E+11,8,5,2021,15:50:00,1,37,37052,2,1,1,3,102 route d'Amboise,"474,482,299,544","0,9000688027",2.021E+11,128 903,B01,1,1,0,2,8,1,5,NULL,2.021E+11,170 394,128 903,B01,1,1,4,1,1963,5,0,-1,-1,0,0,-1,2.021E+11,3,79,0,NULL,2,2,0,1,2,30,2,NULL,-1,1,0,1,50
2.021E+11,8,5,2021,15:50:00,1,37,37052,2,1,1,3,102 route d'Amboise,"474,482,299,544","0,9000688027",2.021E+11,128 903,B01,1,1,0,2,8,1,5,NULL,2.021E+11,170 395,128 904,A01,1,1,1,-1,NULL,-1,-1,-1,-1,-1,-1,-1,2.021E+11,3,79,0,NULL,2,2,0,1,2,30,2,NULL,-1,1,0,1,50
2.021E+11,25,4,2021,11:42:00,1,92,92077,2,1,1,7,PRIEURE (ROUTE DU),"488,198,632,234","21,596,503,258",2.021E+11,125 456,A01,3,1,0,0,0,1,5,NULL,2.021E+11,165 935,125 456,A01,1,1,3,1,2005,5,2,8,-1,-1,-1,-1,2.021E+11,9,PRIEURE (ROUTE DU),0,NULL,-1,0,0,2,0,0,1,NULL,-1,9,9,8,30
2.021E+11,21,4,2021,13:00:00,1,75,75109,2,1,1,3,RUE BALLU,"488,818,770,000","23,300,910,000",2.021E+11,124 436,B01,2,1,0,2,1,1,5,NULL,2.021E+11,164 613,124 435,A01,1,1,1,1,1968,1,1,0,-1,0,0,-1,2.021E+11,4,RUE BALLU,0,NULL,2,2,2,1,-1,-1,1,NULL,-1,1,-1,5,30
2.021E+11,21,4,2021,13:00:00,1,75,75109,2,1,1,3,RUE BALLU,"488,818,770,000","23,300,910,000",2.021E+11,124 436,B01,2,1,0,2,1,1,5,NULL,2.021E+11,164 614,124 436,B01,1,1,4,2,1990,9,2,0,-1,0,0,-1,2.021E+11,4,RUE BALLU,0,NULL,2,2,2,1,-1,-1,1,NULL,-1,1,-1,5,30
2.021E+11,17,4,2021,20:00:00,1,75,75117,2,4,1,3,RUE DE LA JONQUIERE,"488,949,980,000","23,176,610,000",2.021E+11,123 809,B01,1,1,0,2,1,1,5,NULL,2.021E+11,163 796,123 808,Z01,1,1,1,-1,NULL,-1,-1,-1,-1,-1,-1,-1,2.021E+11,4,RUE DE LA JONQUIERE,0,NULL,1,1,2,1,-1,-1,1,NULL,-1,1,-1,5,30
2.021E+11,17,4,2021,20:00:00,1,75,75117,2,4,1,3,RUE DE LA JONQUIERE,"488,949,980,000","23,176,610,000",2.021E+11,123 809,B01,1,1,0,2,1,1,5,NULL,2.021E+11,163 797,123 809,B01,1,1,4,1,2000,4,8,0,-1,0,0,-1,2.021E+11,4,RUE DE LA JONQUIERE,0,NULL,1,1,2,1,-1,-1,1,NULL,-1,1,-1,5,30
2.021E+11,25,3,2021,10:00:00,1,971,97117,1,2,1,3,Chemin de bellevue,"163,269,200,000","-613,662,440,000",2.021E+11,123 317,B01,2,1,0,2,1,19,0,NULL,2.021E+11,163 167,123 317,B01,1,1,3,1,1965,5,2,-1,-1,0,0,-1,2.021E+11,3,101,0,NULL,2,2,0,1,-1,-1,1,NULL,-1,1,0,1,80
2.021E+11,25,3,2021,10:00:00,1,971,97117,1,2,1,3,Chemin de bellevue,"163,269,200,000","-613,662,440,000",2.021E+11,123 317,B01,2,1,0,2,1,19,0,NULL,2.021E+11,163 168,123 318,A01,1,1,1,1,1979,0,1,-1,-1,0,0,-1,2.021E+11,3,101,0,NULL,2,2,0,1,-1,-1,1,NULL,-1,1,0,1,80
2.021E+11,14,4,2021,14:25:00,1,75,75110,2,5,1,1,BOULEVARD DE STRASBOURG,"488,747,997,902","23,572,348,779",2.021E+11,122 939,B01,1,1,0,2,1,1,5,NULL,2.021E+11,162 690,122 939,B01,1,1,4,1,1988,9,8,0,-1,0,0,-1,2.021E+11,4,BOULEVARD DE STRASBOURG,0,NULL,1,0,1,1,-1,-1,1,NULL,-1,1,-1,5,50
2.021E+11,14,4,2021,14:25:00,1,75,75110,2,5,1,1,BOULEVARD DE STRASBOURG,"488,747,997,902","23,572,348,779",2.021E+11,122 939,B01,1,1,0,2,1,1,5,NULL,2.021E+11,162 691,122 940,A01,1,1,4,1,1998,9,8,0,-1,0,0,-1,2.021E+11,4,BOULEVARD DE STRASBOURG,0,NULL,1,0,1,1,-1,-1,1,NULL,-1,1,-1,5,50
2.021E+11,6,4,2021,15:30:00,1,49,49007,2,1,1,3,MARIANNE BOULEVARD,"474,525,200,000"," -0,5243600000",2.021E+11,121 602,A01,3,1,0,2,1,19,5,NULL,2.021E+11,160 936,121 601,B01,1,1,1,2,1987,0,1,0,-1,-1,-1,-1,2.021E+11,4,MARIANNE BOULEVARD,0,NULL,2,2,0,1,1,0,1,NULL,-1,1,0,1,50
2.021E+11,6,4,2021,15:30:00,1,49,49007,2,1,1,3,MARIANNE BOULEVARD,"474,525,200,000"," -0,5243600000",2.021E+11,121 602,A01,3,1,0,2,1,19,5,NULL,2.021E+11,160 937,121 602,A01,1,1,4,1,1975,0,8,0,-1,-1,-1,-1,2.021E+11,4,MARIANNE BOULEVARD,0,NULL,2,2,0,1,1,0,1,NULL,-1,1,0,1,50
2.021E+11,30,3,2021,13:45:00,1,77,77285,2,9,1,3,BOIS GUYOT (RUE DU),"485,388,490,000","26,241,550,000",2.021E+11,119 669,B01,2,1,0,2,0,0,5,NULL,2.021E+11,158 393,119 669,B01,1,1,3,2,2009,2,8,8,-1,-1,-1,-1,2.021E+11,4,BOIS GUYOT (RUE DU),0,NULL,2,2,0,1,0,0,1,NULL,-1,1,0,1,30
2.021E+11,30,3,2021,13:45:00,1,77,77285,2,9,1,3,BOIS GUYOT (RUE DU),"485,388,490,000","26,241,550,000",2.021E+11,119 669,B01,2,1,0,2,0,0,5,NULL,2.021E+11,158 394,119 670,A01,1,1,4,1,1987,5,0,-1,-1,-1,-1,-1,2.021E+11,4,BOIS GUYOT (RUE DU),0,NULL,2,2,0,1,0,0,1,NULL,-1,1,0,1,30
2.021E+11,20,3,2021,17:15:00,1,75,75117,2,2,1,3,AVENUE DE LA PORTE DE CHAMPERRET,"488,863,060,000","22,864,820,000",2.021E+11,117 311,B01,1,1,0,2,8,19,5,NULL,2.021E+11,155 372,117 310,A01,1,1,4,1,1984,5,8,0,-1,0,0,-1,2.021E+11,4,AVENUE DE LA PORTE DE CHAMPERRET,0,NULL,2,5,3,1,-1,-1,1,NULL,-1,1,0,1,50
2.021E+11,20,3,2021,17:15:00,1,75,75117,2,2,1,3,AVENUE DE LA PORTE DE CHAMPERRET,"488,863,060,000","22,864,820,000",2.021E+11,117 311,B01,1,1,0,2,8,19,5,NULL,2.021E+11,155 373,117 311,B01,1,1,4,1,1997,4,8,0,-1,0,0,-1,2.021E+11,4,AVENUE DE LA PORTE DE CHAMPERRET,0,NULL,2,5,3,1,-1,-1,1,NULL,-1,1,0,1,50
2.021E+11,19,3,2021,09:15:00,1,26,26198,2,6,1,2,Rue du Docteur Pinel ,"445,579,630,000","47,337,880,000",2.021E+11,117 108,B01,3,1,0,2,4,16,5,NULL,2.021E+11,155 110,117 108,B01,1,1,4,1,1933,0,-1,0,-1,0,0,-1,2.021E+11,4,PINEL (Rue du docteur),0,NULL,2,2,0,1,-1,-1,2,NULL,-1,1,5,1,50
2.021E+11,19,3,2021,09:15:00,1,26,26198,2,6,1,2,Rue du Docteur Pinel ,"445,579,630,000","47,337,880,000",2.021E+11,117 108,B01,3,1,0,2,4,16,5,NULL,2.021E+11,155 111,117 109,A01,1,1,1,1,1974,0,1,8,-1,0,0,-1,2.021E+11,4,PINEL (Rue du docteur),0,NULL,2,2,0,1,-1,-1,2,NULL,-1,1,5,1,50
2.021E+11,19,3,2021,14:10:00,1,75,75104,2,3,1,7,BOULEVARD DU PALAIS,"488,552,829,614","23,458,742,304",2.021E+11,117 051,A01,2,1,0,0,0,21,5,NULL,2.021E+11,155 046,117 051,A01,1,1,3,1,1964,9,8,0,-1,0,0,-1,2.021E+11,4,BOULEVARD DU PALAIS,0,NULL,2,4,3,1,-1,-1,1,NULL,-1,1,-1,6,50
2.021E+11,30,1,2021,22:00:00,5,31,31555,2,1,2,2,Avenue Jean Rieux,"435,978,800,000","14,579,800,000",2.021E+11,107 172,B01,0,1,0,2,4,1,5,NULL,2.021E+11,142 298,107 172,B01,1,1,4,2,1991,0,2,0,-1,-1,-1,-1,2.021E+11,4,RUE JEAN ANDRIEU,0,NULL,2,2,0,1,-1,-1,1,NULL,-1,2,0,1,50
2.021E+11,30,1,2021,22:00:00,5,31,31555,2,1,2,2,Avenue Jean Rieux,"435,978,800,000","14,579,800,000",2.021E+11,107 172,B01,0,1,0,2,4,1,5,NULL,2.021E+11,142 299,107 173,Z01,1,1,1,1,1979,0,1,0,-1,-1,-1,-1,2.021E+11,4,RUE JEAN ANDRIEU,0,NULL,2,2,0,1,-1,-1,1,NULL,-1,2,0,1,50
2.021E+11,21,1,2021,17:40:00,5,37,37261,2,3,2,6,TONNELLE (BOULEVARD),"473,807,230,843","0,6680912226",2.021E+11,105 100,B01,3,1,0,2,8,19,5,NULL,2.021E+11,139 527,105 100,B01,1,1,4,2,1980,1,8,0,-1,-1,-1,-1,2.021E+11,4,TONNELLE (BOULEVARD),0,NULL,2,2,0,1,-1,-1,1,NULL,-1,2,0,1,50
2.021E+11,21,1,2021,17:40:00,5,37,37261,2,3,2,6,TONNELLE (BOULEVARD),"473,807,230,843","0,6680912226",2.021E+11,105 100,B01,3,1,0,2,8,19,5,NULL,2.021E+11,139 528,105 101,A01,1,1,1,2,1955,1,1,0,-1,-1,-1,-1,2.021E+11,4,TONNELLE (BOULEVARD),0,NULL,2,2,0,1,-1,-1,1,NULL,-1,2,0,1,50
2.021E+11,16,1,2021,11:45:00,1,94,94068,2,1,4,3,Avenue Miss Cavell,"488,019,900,000","24,880,400,000",2.021E+11,103 861,B01,1,1,1,0,0,1,5,NULL,2.021E+11,137 821,103 860,A01,1,1,1,2,1980,9,1,0,-1,-1,-1,-1,2.021E+11,4,MISS CAVELL (AV),0,NULL,2,1,0,1,1,0,1,NULL,-1,2,0,1,30
2.021E+11,16,1,2021,11:45:00,1,94,94068,2,1,4,3,Avenue Miss Cavell,"488,019,900,000","24,880,400,000",2.021E+11,103 861,B01,1,1,1,0,0,1,5,NULL,2.021E+11,137 822,103 861,B01,1,1,4,2,1961,3,8,0,-1,-1,-1,-1,2.021E+11,4,MISS CAVELL (AV),0,NULL,2,1,0,1,1,0,1,NULL,-1,2,0,1,30
2.021E+11,14,1,2021,16:40:00,1,56,56121,2,6,1,3,LAENNEC ( BD ),"477,581,500,000","-33,619,900,000",2.021E+11,103 692,B01,2,1,0,2,1,1,5,NULL,2.021E+11,137 596,103 692,B01,1,1,4,2,1998,1,0,-1,-1,-1,-1,-1,2.021E+11,4,LAENNEC ( BD ),0,NULL,1,1,0,1,-1,-1,2,NULL,-1,1,5,1,30
2.021E+11,14,1,2021,16:40:00,1,56,56121,2,6,1,3,LAENNEC ( BD ),"477,581,500,000","-33,619,900,000",2.021E+11,103 692,B01,2,1,0,2,1,1,5,NULL,2.021E+11,137 597,103 693,A01,1,1,1,2,1953,0,1,8,-1,-1,-1,-1,2.021E+11,4,LAENNEC ( BD ),0,NULL,1,1,0,1,-1,-1,2,NULL,-1,1,5,1,30
2.021E+11,4,1,2021,16:40:00,1,24,24520,2,1,1,3,RD 704,"448,750,500,000","12,246,860,000",2.021E+11,101 244,A01,2,1,0,2,3,25,5,NULL,2.021E+11,134 352,101 243,B01,1,1,1,1,1960,4,1,-1,-1,0,0,-1,2.021E+11,3,704,-1,D,2,2,0,1,-1,-1,1,NULL,-1,1,0,1,50
2.021E+11,4,1,2021,16:40:00,1,24,24520,2,1,1,3,RD 704,"448,750,500,000","12,246,860,000",2.021E+11,101 244,A01,2,1,0,2,3,25,5,NULL,2.021E+11,134 353,101 244,A01,1,1,3,2,2005,5,0,-1,-1,0,0,-1,2.021E+11,3,704,-1,D,2,2,0,1,-1,-1,1,NULL,-1,1,0,1,50
2.021E+11,24,9,2021,12:25:00,1,70,70550,2,1,1,3,BARBIER (QUAI YVES),"476,195,300,000","61,490,000,000",2.021E+11,183 329,A01,2,1,0,2,1,1,5,NULL,2.021E+11,242 759,183 329,A01,1,1,3,1,1942,5,4,-1,-1,-1,-1,-1,2.021E+11,4,BARBIER (QUAI YVES),0,NULL,2,2,1,1,-1,-1,3,NULL,-1,1,0,4,30
2.021E+11,24,9,2021,12:25:00,1,70,70550,2,1,1,3,BARBIER (QUAI YVES),"476,195,300,000","61,490,000,000",2.021E+11,183 329,A01,2,1,0,2,1,1,5,NULL,2.021E+11,242 760,183 330,B01,1,1,1,2,1991,1,1,-1,-1,-1,-1,-1,2.021E+11,4,BARBIER (QUAI YVES),0,NULL,2,2,1,1,-1,-1,3,NULL,-1,1,0,4,30
2.021E+11,14,10,2021,09:15:00,1,56,56121,2,3,1,2,CHAZELLES ( COURS LOUIS  DE ),"477,548,100,000","-33,635,000,000",2.021E+11,178 388,A01,1,1,0,2,1,2,5,NULL,2.021E+11,236 272,178 388,A01,1,1,4,2,1986,5,2,8,-1,-1,-1,-1,2.021E+11,4,CHAZELLES ( COURS LOUIS  DE ),0,NULL,2,4,3,1,-1,-1,1,NULL,-1,1,0,1,30
2.021E+11,14,10,2021,09:15:00,1,56,56121,2,3,1,2,CHAZELLES ( COURS LOUIS  DE ),"477,548,100,000","-33,635,000,000",2.021E+11,178 388,A01,1,1,0,2,1,2,5,NULL,2.021E+11,236 273,178 389,B01,1,1,1,1,1999,9,1,8,-1,-1,-1,-1,2.021E+11,4,CHAZELLES ( COURS LOUIS  DE ),0,NULL,2,4,3,1,-1,-1,1,NULL,-1,1,0,1,30