Num_Acc,jour,mois,an,hrmn,lum,dep,com,agg,int,atm,col,adr,lat,long,Num_Acc,id_vehicule,num_veh,senc,catv,obs,obsm,choc,manv,motor,occutc,Num_Acc,id_usager,id_vehicule,num_veh,place,catu,grav,sexe,an_nais,trajet,secu1,secu2,secu3,locp,actp,etatp,Num_Acc,catr,voie,v1,v2,circ,nbv,vosp,prof,pr,pr1,plan,lartpc,larrout,surf,infra,situ,vma
2.021E+11,7,10,2021,19:40:00,5,45,45004,2,3,1,3,Rue de la Libération,"479,785,300,000","27,694,300,000",2.021E+11,176 128,B01,2,1,0,2,7,1,5,NULL,2.021E+11,233 367,176 127,A01,1,1,1,2,1986,1,1,8,-1,-1,-1,-1,2.021E+11,4,LIBERATION (RUE DE LA),0,NULL,2,2,0,1,-1,-1,1,NULL,-1,1,0,1,50
2.021E+11,7,10,2021,19:40:00,5,45,45004,2,3,1,3,Rue de la Libération,"479,785,300,000","27,694,300,000",2.021E+11,176 128,B01,2,1,0,2,7,1,5,NULL,2.021E+11,233 368,176 128,B01,1,1,3,1,1971,1,8,0,-1,-1,-1,-1,2.021E+11,4,LIBERATION (RUE DE LA),0,NULL,2,2,0,1,-1,-1,1,NULL,-1,1,0,1,50
2.021E+11,7,10,2021,12:15:00,1,59,59599,2,2,7,3,TESTELIN (RUE ACHILLE),"507,346,200,000","31,853,700,000",2.021E+11,175 624,B01,2,1,0,2,1,1,5,NULL,2.021E+11,232 732,175 624,B01,1,1,4,1,1971,0,-1,0,-1,-1,-1,-1,2.021E+11,4,TESTELIN (RUE ACHILLE),0,NULL,2,1,0,1,-1,-1,1,NULL,-1,1,0,1,50
2.021E+11,7,10,2021,12:15:00,1,59,59599,2,2,7,3,TESTELIN (RUE ACHILLE),"507,346,200,000","31,853,700,000",2.021E+11,175 624,B01,2,1,0,2,1,1,5,NULL,2.021E+11,232 733,175 625,A01,1,1,1,1,1990,0,1,0,-1,-1,-1,-1,2.021E+11,4,TESTELIN (RUE ACHILLE),0,NULL,2,1,0,1,-1,-1,1,NULL,-1,1,0,1,50
2.021E+11,28,9,2021,07:45:00,1,94,94033,2,2,8,1,EMILE ZOLA (R),"488,573,100,000","24,708,100,000",2.021E+11,173 502,B01,2,1,0,2,1,15,5,NULL,2.021E+11,229 987,173 501,A01,1,1,1,1,1980,1,2,0,-1,-1,-1,-1,2.021E+11,3,EMILE ZOLA (R),0,NULL,2,2,0,2,0,0,2,NULL,-1,1,0,1,50
2.021E+11,28,9,2021,07:45:00,1,94,94033,2,2,8,1,EMILE ZOLA (R),"488,573,100,000","24,708,100,000",2.021E+11,173 502,B01,2,1,0,2,1,15,5,NULL,2.021E+11,229 988,173 502,B01,1,1,4,1,1976,1,2,0,-1,-1,-1,-1,2.021E+11,3,EMILE ZOLA (R),0,NULL,2,2,0,2,0,0,2,NULL,-1,1,0,1,50
2.021E+11,20,9,2021,11:20:00,1,33,33415,1,3,1,1,Rue de la Croix de l Avocat,"450,128,370,000"," -0,4517150000",2.021E+11,172 287,B01,2,1,0,2,4,9,5,NULL,2.021E+11,228 434,172 286,A01,1,1,1,1,1968,1,1,-1,-1,0,0,-1,2.021E+11,3,115,-1,D,2,2,0,1,0,290,1,NULL,4,1,0,1,80
2.021E+11,20,9,2021,11:20:00,1,33,33415,1,3,1,1,Rue de la Croix de l Avocat,"450,128,370,000"," -0,4517150000",2.021E+11,172 287,B01,2,1,0,2,4,9,5,NULL,2.021E+11,228 435,172 287,B01,1,1,3,1,2000,5,2,-1,-1,0,0,-1,2.021E+11,3,115,-1,D,2,2,0,1,0,290,1,NULL,4,1,0,1,80
2.021E+11,29,8,2021,13:40:00,1,69,69266,2,1,1,2,GENAS (DE) (RTE),"457,516,200,000","49,048,300,000",2.021E+11,162 442,B01,1,1,0,2,4,1,5,NULL,2.021E+11,215 530,162 441,A01,1,1,1,1,1989,0,1,-1,-1,-1,-1,-1,2.021E+11,4,GENAS    (Route de),0,NULL,2,4,0,1,-1,-1,1,NULL,-1,1,0,1,50
2.021E+11,29,8,2021,13:40:00,1,69,69266,2,1,1,2,GENAS (DE) (RTE),"457,516,200,000","49,048,300,000",2.021E+11,162 442,B01,1,1,0,2,4,1,5,NULL,2.021E+11,215 531,162 442,B01,1,1,4,1,1988,0,8,-1,-1,-1,-1,-1,2.021E+11,4,GENAS    (Route de),0,NULL,2,4,0,1,-1,-1,1,NULL,-1,1,0,1,50
2.021E+11,23,7,2021,17:10:00,1,22,22143,2,1,1,3,Route de Saint-Cast,"485,987,740,000","-22,867,010,000",2.021E+11,152 928,A01,3,1,0,2,1,1,5,NULL,2.021E+11,202 329,152 928,A01,1,1,4,1,1977,5,2,-1,-1,0,0,-1,2.021E+11,6,NULL,-1,NULL,-1,0,0,1,-1,-1,1,NULL,0,1,0,8,-1
2.021E+11,23,7,2021,17:10:00,1,22,22143,2,1,1,3,Route de Saint-Cast,"485,987,740,000","-22,867,010,000",2.021E+11,152 928,A01,3,1,0,2,1,1,5,NULL,2.021E+11,202 330,152 929,B01,1,1,1,1,1975,5,1,-1,-1,0,0,-1,2.021E+11,6,NULL,-1,NULL,-1,0,0,1,-1,-1,1,NULL,0,1,0,8,-1
2.021E+11,19,7,2021,18:11:00,1,49,49007,2,1,1,3,PRE PIGEON,"474,779,400,000"," -0,5434300000",2.021E+11,151 810,B01,1,1,0,2,3,19,5,NULL,2.021E+11,200 839,151 809,A01,1,1,1,2,1970,5,1,0,-1,-1,-1,-1,2.021E+11,4,PRE PIGEON,0,NULL,2,2,0,1,1,0,1,NULL,-1,1,0,1,30
2.021E+11,19,7,2021,18:11:00,1,49,49007,2,1,1,3,PRE PIGEON,"474,779,400,000"," -0,5434300000",2.021E+11,151 810,B01,1,1,0,2,3,19,5,NULL,2.021E+11,200 840,151 810,B01,1,1,4,2,2002,5,8,0,-1,0,0,-1,2.021E+11,4,PRE PIGEON,0,NULL,2,2,0,1,1,0,1,NULL,-1,1,0,1,30
2.021E+11,20,7,2021,10:18:00,1,26,26362,2,6,1,3,31 rue de la Cécile,"449,222,830,000","48,907,130,000",2.021E+11,151 777,B01,2,1,0,2,7,1,5,NULL,2.021E+11,200 803,151 776,A01,1,1,1,1,1988,3,1,0,-1,0,0,-1,2.021E+11,4,CECILE RUE DE LA (302),0,NULL,2,2,-1,1,-1,-1,1,NULL,-1,1,2,1,50
2.021E+11,20,7,2021,10:18:00,1,26,26362,2,6,1,3,31 rue de la Cécile,"449,222,830,000","48,907,130,000",2.021E+11,151 777,B01,2,1,0,2,7,1,5,NULL,2.021E+11,200 804,151 777,B01,1,1,2,1,1946,3,8,0,-1,0,0,-1,2.021E+11,4,CECILE RUE DE LA (302),0,NULL,2,2,-1,1,-1,-1,1,NULL,-1,1,2,1,50
2.021E+11,15,7,2021,10:55:00,1,56,56083,2,3,1,3,LIBERATION ( AV. DE LA ),"478,032,500,000","-32,667,700,000",2.021E+11,150 534,A01,1,1,0,2,1,1,5,NULL,2.021E+11,199 049,150 533,B01,1,1,1,2,1963,9,1,8,-1,-1,-1,-1,2.021E+11,3,LIBERATION ( AV. DE LA ),0,NULL,2,2,0,1,94,57,1,NULL,-1,1,0,1,30
2.021E+11,15,7,2021,10:55:00,1,56,56083,2,3,1,3,LIBERATION ( AV. DE LA ),"478,032,500,000","-32,667,700,000",2.021E+11,150 534,A01,1,1,0,2,1,1,5,NULL,2.021E+11,199 050,150 534,A01,1,1,4,1,1971,5,8,8,-1,-1,-1,-1,2.021E+11,3,LIBERATION ( AV. DE LA ),0,NULL,2,2,0,1,94,57,1,NULL,-1,1,0,1,30
2.021E+11,7,7,2021,22:15:00,5,75,75111,2,2,1,3,BOULEVARD RICHARD LENOIR,"488,661,910,000","23,696,750,000",2.021E+11,148 130,A01,1,1,0,2,8,19,5,NULL,2.021E+11,195 716,148 130,A01,1,1,4,2,1993,9,2,0,-1,0,0,-1,2.021E+11,4,BOULEVARD RICHARD LENOIR,0,NULL,3,2,0,1,-1,-1,1,NULL,-1,1,0,1,50
2.021E+11,7,7,2021,22:15:00,5,75,75111,2,2,1,3,BOULEVARD RICHARD LENOIR,"488,661,910,000","23,696,750,000",2.021E+11,148 130,A01,1,1,0,2,8,19,5,NULL,2.021E+11,195 717,148 131,B01,1,1,1,1,1998,9,1,0,-1,0,0,-1,2.021E+11,4,BOULEVARD RICHARD LENOIR,0,NULL,3,2,0,1,-1,-1,1,NULL,-1,1,0,1,50
2.021E+11,21,6,2021,10:25:00,1,70,70550,1,6,1,3,ROCADE OUEST - RD 457,"476,413,452,135","61,478,349,566",2.021E+11,146 310,B01,1,1,0,2,7,1,5,NULL,2.021E+11,193 270,146 310,B01,1,1,3,1,1967,5,8,-1,-1,-1,-1,-1,2.021E+11,2,R.N. 19,0,NULL,1,1,0,1,40,600,2,NULL,-1,1,5,1,50
2.021E+11,21,6,2021,10:25:00,1,70,70550,1,6,1,3,ROCADE OUEST - RD 457,"476,413,452,135","61,478,349,566",2.021E+11,146 310,B01,1,1,0,2,7,1,5,NULL,2.021E+11,193 271,146 311,A01,1,1,1,1,1994,3,1,0,-1,-1,-1,-1,2.021E+11,2,R.N. 19,0,NULL,1,1,0,1,40,600,2,NULL,-1,1,5,1,50
2.021E+11,2,7,2021,10:30:00,1,62,62878,2,3,1,3,2 Rue de la Bassure,"502,784,800,000","26,668,780,000",2.021E+11,145 516,B01,3,1,0,2,1,9,5,NULL,2.021E+11,192 196,145 515,A01,1,1,1,1,1994,5,1,-1,-1,0,0,-1,2.021E+11,3,919,0,D,2,2,0,1,-1,-1,1,NULL,-1,1,0,1,50
2.021E+11,2,7,2021,10:30:00,1,62,62878,2,3,1,3,2 Rue de la Bassure,"502,784,800,000","26,668,780,000",2.021E+11,145 516,B01,3,1,0,2,1,9,5,NULL,2.021E+11,192 197,145 516,B01,1,1,4,1,1969,5,2,-1,-1,0,0,-1,2.021E+11,3,919,0,D,2,2,0,1,-1,-1,1,NULL,-1,1,0,1,50
2.021E+11,14,6,2021,18:50:00,1,69,69149,2,1,1,3,FRANCISQUE JOMARD (R),"457,159,596,785","47,968,693,531",2.021E+11,141 385,A01,2,1,0,2,1,9,5,NULL,2.021E+11,186 741,141 385,A01,1,1,4,1,2003,5,8,-1,-1,-1,-1,-1,2.021E+11,4,FRANCISQUE JOMARD                   (R ),0,NULL,2,2,0,1,-1,-1,1,NULL,-1,1,0,1,30
2.021E+11,14,6,2021,18:50:00,1,69,69149,2,1,1,3,FRANCISQUE JOMARD (R),"457,159,596,785","47,968,693,531",2.021E+11,141 385,A01,2,1,0,2,1,9,5,NULL,2.021E+11,186 742,141 386,B01,1,1,1,2,1995,5,8,-1,-1,-1,-1,-1,2.021E+11,4,FRANCISQUE JOMARD                   (R ),0,NULL,2,2,0,1,-1,-1,1,NULL,-1,1,0,1,30
2.021E+11,24,5,2021,11:40:00,1,75,75110,2,1,1,3,RUE DES ECLUSES SAINT MARTIN,"488,766,540,000","23,672,050,000",2.021E+11,132 765,B01,2,1,0,2,7,1,5,NULL,2.021E+11,175 532,132 765,B01,1,1,4,1,1974,5,8,0,-1,0,0,-1,2.021E+11,4,RUE DES ECLUSES SAINT MARTIN,0,NULL,1,1,0,1,-1,-1,1,NULL,-1,1,0,1,50
2.021E+11,24,5,2021,11:40:00,1,75,75110,2,1,1,3,RUE DES ECLUSES SAINT MARTIN,"488,766,540,000","23,672,050,000",2.021E+11,132 765,B01,2,1,0,2,7,1,5,NULL,2.021E+11,175 533,132 766,A01,1,1,1,1,1976,9,1,0,-1,0,0,-1,2.021E+11,4,RUE DES ECLUSES SAINT MARTIN,0,NULL,1,1,0,1,-1,-1,1,NULL,-1,1,0,1,50
2.021E+11,22,5,2021,16:20:00,1,83,83034,2,6,1,3,CHEMIN DU CANNEBAS,"430,955,226,226","60,692,384,968",2.021E+11,132 609,B01,2,1,0,2,1,1,5,NULL,2.021E+11,175 315,132 609,B01,1,1,3,1,1987,5,8,0,-1,-1,-1,-1,2.021E+11,7,1ERE DFL (AVENUE),0,NULL,2,2,1,1,41,600,1,NULL,-1,1,0,1,50
2.021E+11,22,5,2021,16:20:00,1,83,83034,2,6,1,3,CHEMIN DU CANNEBAS,"430,955,226,226","60,692,384,968",2.021E+11,132 609,B01,2,1,0,2,1,1,5,NULL,2.021E+11,175 316,132 610,A01,2,2,1,1,2011,5,1,0,-1,-1,-1,-1,2.021E+11,7,1ERE DFL (AVENUE),0,NULL,2,2,1,1,41,600,1,NULL,-1,1,0,1,50
2.021E+11,22,5,2021,16:20:00,1,83,83034,2,6,1,3,CHEMIN DU CANNEBAS,"430,955,226,226","60,692,384,968",2.021E+11,132 609,B01,2,1,0,2,1,1,5,NULL,2.021E+11,175 317,132 610,A01,1,1,1,2,1978,5,1,8,-1,-1,-1,-1,2.021E+11,7,1ERE DFL (AVENUE),0,NULL,2,2,1,1,41,600,1,NULL,-1,1,0,1,50
2.021E+11,12,5,2021,16:10:00,1,45,45014,2,3,1,3,rue de la vallée,"481,959,810,000","23,830,570,000",2.021E+11,129 912,B01,2,1,0,2,1,1,5,NULL,2.021E+11,171 720,129 911,A01,1,1,1,2,1955,0,8,-1,-1,0,0,-1,2.021E+11,3,26,-1,NULL,2,2,0,1,10,230,1,NULL,4,1,0,1,50
2.021E+11,12,5,2021,16:10:00,1,45,45014,2,3,1,3,rue de la vallée,"481,959,810,000","23,830,570,000",2.021E+11,129 912,B01,2,1,0,2,1,1,5,NULL,2.021E+11,171 721,129 912,B01,1,1,3,2,2008,5,0,-1,-1,0,0,-1,2.021E+11,3,26,-1,NULL,2,2,0,1,10,230,1,NULL,4,1,0,1,50
2.021E+11,13,5,2021,10:30:00,1,29,29233,2,1,8,2,Rue de Kervail,"478,718,420,000","-35,767,040,000",2.021E+11,129 890,B01,3,1,0,2,4,1,5,NULL,2.021E+11,171 688,129 889,A01,1,1,1,1,2000,4,8,-1,-1,0,0,-1,2.021E+11,4,NULL,-1,NULL,2,2,0,1,-1,-1,1,NULL,-1,2,0,1,50
2.021E+11,13,5,2021,10:30:00,1,29,29233,2,1,8,2,Rue de Kervail,"478,718,420,000","-35,767,040,000",2.021E+11,129 890,B01,3,1,0,2,4,1,5,NULL,2.021E+11,171 689,129 890,B01,1,1,4,2,1978,5,2,6,-1,0,0,-1,2.021E+11,4,NULL,-1,NULL,2,2,0,1,-1,-1,1,NULL,-1,2,0,1,50
2.021E+11,7,5,2021,16:52:00,1,64,64445,2,3,1,2,ARSENE D'ARSONVAL,"433,085,200,000"," -0,3634000000",2.021E+11,128 530,A01,1,1,0,2,1,1,5,NULL,2.021E+11,169 886,128 529,B01,1,1,1,1,1986,0,1,0,-1,-1,-1,-1,2.021E+11,4,ARSENE D'ARSONVAL,0,NULL,2,2,0,1,0,0,1,NULL,-1,1,0,1,30
2.021E+11,7,5,2021,16:52:00,1,64,64445,2,3,1,2,ARSENE D'ARSONVAL,"433,085,200,000"," -0,3634000000",2.021E+11,128 530,A01,1,1,0,2,1,1,5,NULL,2.021E+11,169 887,128 530,A01,1,1,4,1,2004,5,8,0,-1,-1,-1,-1,2.021E+11,4,ARSENE D'ARSONVAL,0,NULL,2,2,0,1,0,0,1,NULL,-1,1,0,1,30
2.021E+11,7,5,2021,18:45:00,1,67,67529,2,3,1,3,rue de la gare,"487,178,110,000","77,977,960,000",2.021E+11,128 290,B01,0,1,0,2,5,19,5,NULL,2.021E+11,169 583,128 289,A01,1,1,1,1,2005,5,2,6,-1,0,0,-1,2.021E+11,3,NULL,-1,NULL,2,2,0,1,-1,-1,1,NULL,4,1,9,1,50
2.021E+11,7,5,2021,18:45:00,1,67,67529,2,3,1,3,rue de la gare,"487,178,110,000","77,977,960,000",2.021E+11,128 290,B01,0,1,0,2,5,19,5,NULL,2.021E+11,169 584,128 290,B01,1,1,4,1,2013,5,0,-1,-1,0,0,-1,2.021E+11,3,NULL,-1,NULL,2,2,0,1,-1,-1,1,NULL,4,1,9,1,50
2.021E+11,23,4,2021,11:20:00,1,33,33554,1,3,1,3,NULL,"448,864,350,000"," -0,4693440000",2.021E+11,124 833,B01,1,1,0,2,1,1,5,NULL,2.021E+11,165 114,124 833,B01,1,1,3,1,1975,5,2,-1,-1,0,0,-1,2.021E+11,3,1.15E+08,-1,NULL,2,2,0,4,4,818,3,NULL,-1,1,0,1,70
2.021E+11,23,4,2021,11:20:00,1,33,33554,1,3,1,3,NULL,"448,864,350,000"," -0,4693440000",2.021E+11,124 833,B01,1,1,0,2,1,1,5,NULL,2.021E+11,165 115,124 834,A01,1,1,1,2,1954,5,1,-1,-1,0,0,-1,2.021E+11,3,1.15E+08,-1,NULL,2,2,0,4,4,818,3,NULL,-1,1,0,1,70
2.021E+11,17,4,2021,14:50:00,1,21,21565,2,4,1,3,Rue de Gilly,"472,061,040,000","50,116,490,000",2.021E+11,123 562,A01,1,1,0,2,1,1,5,NULL,2.021E+11,163 491,123 562,A01,1,1,3,1,1962,5,2,-1,-1,0,0,-1,2.021E+11,3,25,0,H,2,2,0,3,4,400,2,NULL,-1,1,0,1,50
2.021E+11,17,4,2021,14:50:00,1,21,21565,2,4,1,3,Rue de Gilly,"472,061,040,000","50,116,490,000",2.021E+11,123 562,A01,1,1,0,2,1,1,5,NULL,2.021E+11,163 492,123 563,B01,1,1,1,2,1986,5,1,-1,-1,0,0,-1,2.021E+11,3,25,0,H,2,2,0,3,4,400,2,NULL,-1,1,0,1,50
2.021E+11,13,4,2021,12:40:00,1,78,78683,2,3,1,1,Impasse Charles de Meneau,"488,131,870,000","18,818,160,000",2.021E+11,122 649,A01,3,1,0,2,1,1,5,NULL,2.021E+11,162 323,122 648,B01,1,1,1,1,1989,4,1,-1,-1,0,0,-1,2.021E+11,4,NULL,0,NULL,2,2,0,2,-1,-1,1,NULL,-1,1,0,1,50
2.021E+11,13,4,2021,12:40:00,1,78,78683,2,3,1,1,Impasse Charles de Meneau,"488,131,870,000","18,818,160,000",2.021E+11,122 649,A01,3,1,0,2,1,1,5,NULL,2.021E+11,162 324,122 649,A01,1,1,4,1,1980,5,2,-1,-1,0,0,-1,2.021E+11,4,NULL,0,NULL,2,2,0,2,-1,-1,1,NULL,-1,1,0,1,50
2.021E+11,10,4,2021,17:20:00,1,12,12052,2,4,1,3,ZA de la Rotonde,"445,805,260,000","20,772,260,000",2.021E+11,122 151,B01,3,1,0,2,1,2,5,NULL,2.021E+11,161 669,122 150,A01,1,1,4,1,2006,5,0,-1,-1,0,0,-1,2.021E+11,4,7,0,NULL,2,2,0,1,-1,-1,1,NULL,-1,1,0,1,50
2.021E+11,10,4,2021,17:20:00,1,12,12052,2,4,1,3,ZA de la Rotonde,"445,805,260,000","20,772,260,000",2.021E+11,122 150,A01,3,1,0,2,7,2,5,NULL,2.021E+11,161 669,122 150,A01,1,1,4,1,2006,5,0,-1,-1,0,0,-1,2.021E+11,4,7,0,NULL,2,2,0,1,-1,-1,1,NULL,-1,1,0,1,50
2.021E+11,10,4,2021,17:20:00,1,12,12052,2,4,1,3,ZA de la Rotonde,"445,805,260,000","20,772,260,000",2.021E+11,122 151,B01,3,1,0,2,1,2,5,NULL,2.021E+11,161 670,122 151,B01,1,1,1,1,2006,5,0,-1,-1,0,0,-1,2.021E+11,4,7,0,NULL,2,2,0,1,-1,-1,1,NULL,-1,1,0,1,50
2.021E+11,10,4,2021,17:20:00,1,12,12052,2,4,1,3,ZA de la Rotonde,"445,805,260,000","20,772,260,000",2.021E+11,122 150,A01,3,1,0,2,7,2,5,NULL,2.021E+11,161 670,122 151,B01,1,1,1,1,2006,5,0,-1,-1,0,0,-1,2.021E+11,4,7,0,NULL,2,2,0,1,-1,-1,1,NULL,-1,1,0,1,50
2.021E+11,2,4,2021,14:24:00,1,5,5061,2,1,1,7,PINS ( RUE DES ),"445,623,200,000","60,774,200,000",2.021E+11,121 345,A01,2,1,12,0,0,15,5,NULL,2.021E+11,160 609,121 345,A01,1,1,4,2,1969,4,2,0,-1,0,0,-1,2.021E+11,4,PINS ( RUE DES ),0,NULL,1,2,0,1,0,1,1,NULL,-1,1,0,4,50
2.021E+11,1,4,2021,14:05:00,1,75,75108,2,2,1,2,RUE MARBEUF,"488,701,120,000","23,065,780,000",2.021E+11,120 160,B01,2,1,0,2,8,23,5,NULL,2.021E+11,159 025,120 160,B01,1,1,4,2,1979,3,8,0,-1,0,0,-1,2.021E+11,4,RUE MARBEUF,0,NULL,1,2,0,1,-1,-1,1,NULL,-1,1,0,1,50
2.021E+11,1,4,2021,14:05:00,1,75,75108,2,2,1,2,RUE MARBEUF,"488,701,120,000","23,065,780,000",2.021E+11,120 160,B01,2,1,0,2,8,23,5,NULL,2.021E+11,159 026,120 161,A01,1,1,1,2,2001,3,1,0,-1,0,0,-1,2.021E+11,4,RUE MARBEUF,0,NULL,1,2,0,1,-1,-1,1,NULL,-1,1,0,1,50
2.021E+11,23,3,2021,16:00:00,1,46,46063,1,1,1,3,D659 LA MALODIE,"442,782,690,000","13,546,550,000",2.021E+11,117 821,B01,1,1,0,2,8,1,5,NULL,2.021E+11,156 054,117 821,B01,1,1,2,1,1924,5,0,-1,-1,0,0,-1,2.021E+11,3,659,-1, -,2,2,0,1,18,200,1,NULL,-1,1,0,1,70
2.021E+11,23,3,2021,16:00:00,1,46,46063,1,1,1,3,D659 LA MALODIE,"442,782,690,000","13,546,550,000",2.021E+11,117 821,B01,1,1,0,2,8,1,5,NULL,2.021E+11,156 055,117 822,A01,1,1,1,2,1964,3,1,-1,-1,0,0,-1,2.021E+11,3,659,-1, -,2,2,0,1,18,200,1,NULL,-1,1,0,1,70
2.021E+11,8,3,2021,07:55:00,1,69,69290,2,6,1,3,EGALITE (DE L') (R),"456,858,900,000","49,471,100,000",2.021E+11,116 437,B01,2,1,0,2,4,2,5,NULL,2.021E+11,154 272,116 437,B01,1,1,4,2,1971,1,2,4,-1,-1,-1,-1,2.021E+11,7,HEYRIEUX (D')                       (RO),0,NULL,4,2,0,1,6,250,2,NULL,-1,1,0,1,50
2.021E+11,8,3,2021,07:55:00,1,69,69290,2,6,1,3,EGALITE (DE L') (R),"456,858,900,000","49,471,100,000",2.021E+11,116 437,B01,2,1,0,2,4,2,5,NULL,2.021E+11,154 273,116 438,A01,1,1,1,1,1974,1,1,-1,-1,-1,-1,-1,2.021E+11,7,HEYRIEUX (D')                       (RO),0,NULL,4,2,0,1,6,250,2,NULL,-1,1,0,1,50
2.021E+11,25,2,2021,16:15:00,1,7,7182,2,3,7,1,Champgontier,"446,345,550,000","42,960,190,000",2.021E+11,113 367,B01,0,1,0,2,1,1,5,NULL,2.021E+11,150 308,113 366,A01,1,1,1,2,1980,3,1,-1,-1,0,0,-1,2.021E+11,3,19,-1,D,2,2,0,4,3,150,1,NULL,-1,1,0,1,50
2.021E+11,25,2,2021,16:15:00,1,7,7182,2,3,7,1,Champgontier,"446,345,550,000","42,960,190,000",2.021E+11,113 367,B01,0,1,0,2,1,1,5,NULL,2.021E+11,150 309,113 367,B01,1,1,3,1,1977,1,2,-1,-1,0,0,-1,2.021E+11,3,19,-1,D,2,2,0,4,3,150,1,NULL,-1,1,0,1,50
2.021E+11,31,1,2021,13:18:00,1,31,31082,2,9,8,3,Cote des Rouilleres,"435,991,017,090","17,123,354,245",2.021E+11,112 749,A01,3,1,0,2,1,15,6,NULL,2.021E+11,149 549,112 748,B01,1,1,1,2,1982,5,1,-1,-1,0,0,-1,2.021E+11,3,66,-1,A,2,2,0,2,21,628,1,NULL,-1,2,0,1,50
2.021E+11,31,1,2021,13:18:00,1,31,31082,2,9,8,3,Cote des Rouilleres,"435,991,017,090","17,123,354,245",2.021E+11,112 749,A01,3,1,0,2,1,15,6,NULL,2.021E+11,149 550,112 749,A01,1,1,3,1,2006,5,0,-1,-1,0,0,-1,2.021E+11,3,66,-1,A,2,2,0,2,21,628,1,NULL,-1,2,0,1,50
2.021E+11,26,2,2021,10:55:00,1,64,64102,2,1,1,3,LOUISE DARRACQ (AVENUE),"434,941,700,000","-14,816,800,000",2.021E+11,112 351,B01,2,1,0,2,1,25,5,NULL,2.021E+11,149 002,112 350,A01,1,1,1,2,1934,5,1,0,-1,-1,-1,-1,2.021E+11,4,LOUISE DARRACQ (AVENUE),0,NULL,1,1,0,1,0,0,1,NULL,-1,1,0,4,50
2.021E+11,26,2,2021,10:55:00,1,64,64102,2,1,1,3,LOUISE DARRACQ (AVENUE),"434,941,700,000","-14,816,800,000",2.021E+11,112 351,B01,2,1,0,2,1,25,5,NULL,2.021E+11,149 003,112 351,B01,1,1,3,2,1972,9,2,0,-1,-1,-1,-1,2.021E+11,4,LOUISE DARRACQ (AVENUE),0,NULL,1,1,0,1,0,0,1,NULL,-1,1,0,4,50
2.021E+11,20,2,2021,17:46:00,1,76,76351,2,1,1,2,MALHERBE,"494,993,200,000","0,1395600000",2.021E+11,111 298,B01,2,1,0,2,4,2,5,NULL,2.021E+11,147 659,111 297,A01,1,1,1,1,1964,0,1,-1,-1,-1,-1,-1,2.021E+11,4,MALHERBE,0,NULL,1,1,0,1,-1,-1,1,NULL,-1,1,0,1,50
2.021E+11,20,2,2021,17:46:00,1,76,76351,2,1,1,2,MALHERBE,"494,993,200,000","0,1395600000",2.021E+11,111 298,B01,2,1,0,2,4,2,5,NULL,2.021E+11,147 660,111 298,B01,1,1,4,1,2006,5,8,0,-1,-1,-1,-1,2.021E+11,4,MALHERBE,0,NULL,1,1,0,1,-1,-1,1,NULL,-1,1,0,1,50
2.021E+11,29,1,2021,16:50:00,1,69,69029,2,1,1,3,GENAS (DE) (RTE),"457,505,605,458","49,099,726,557",2.021E+11,107 035,A01,3,1,0,2,1,1,6,NULL,2.021E+11,142 127,107 034,B01,1,1,1,1,1963,1,1,0,-1,-1,-1,-1,2.021E+11,7,GENAS (DE)                          (RO),0,NULL,2,4,0,1,0,100,1,NULL,-1,1,0,1,50
2.021E+11,29,1,2021,16:50:00,1,69,69029,2,1,1,3,GENAS (DE) (RTE),"457,505,605,458","49,099,726,557",2.021E+11,107 035,A01,3,1,0,2,1,1,6,NULL,2.021E+11,142 128,107 035,A01,1,1,3,1,1994,5,8,-1,-1,-1,-1,-1,2.021E+11,7,GENAS (DE)                          (RO),0,NULL,2,4,0,1,0,100,1,NULL,-1,1,0,1,50
2.021E+11,23,1,2021,15:20:00,1,42,42214,1,3,8,1,Chemin de l'Hormet,"456,741,970,000","42,736,010,000",2.021E+11,105 395,A01,3,1,0,2,1,1,6,NULL,2.021E+11,139 945,105 394,B01,1,1,1,1,1984,5,1,-1,-1,0,0,-1,2.021E+11,4,NULL,-1,NULL,2,2,0,1,-1,-1,1,NULL,-1,1,0,1,80
2.021E+11,23,1,2021,15:20:00,1,42,42214,1,3,8,1,Chemin de l'Hormet,"456,741,970,000","42,736,010,000",2.021E+11,105 395,A01,3,1,0,2,1,1,6,NULL,2.021E+11,139 946,105 395,A01,1,1,4,1,1942,5,0,-1,-1,0,0,-1,2.021E+11,4,NULL,-1,NULL,2,2,0,1,-1,-1,1,NULL,-1,1,0,1,80
2.021E+11,20,1,2021,16:17:00,1,971,97114,1,1,1,3,N1,"161,480,710,000","-615,835,730,000",2.021E+11,104 530,A01,2,1,0,2,0,13,0,NULL,2.021E+11,138 737,104 530,A01,1,1,2,1,1956,5,2,-1,-1,0,0,-1,2.021E+11,2,1,0,NULL,2,3,0,1,38,500,1,NULL,-1,1,0,1,80