Num_Acc,jour,mois,an,hrmn,lum,dep,com,agg,int,atm,col,adr,lat,long,Num_Acc,id_vehicule,num_veh,senc,catv,obs,obsm,choc,manv,motor,occutc,Num_Acc,id_usager,id_vehicule,num_veh,place,catu,grav,sexe,an_nais,trajet,secu1,secu2,secu3,locp,actp,etatp,Num_Acc,catr,voie,v1,v2,circ,nbv,vosp,prof,pr,pr1,plan,lartpc,larrout,surf,infra,situ,vma
2.021E+11,20,1,2021,16:17:00,1,971,97114,1,1,1,3,N1,"161,480,710,000","-615,835,730,000",2.021E+11,104 530,A01,2,1,0,2,0,13,0,NULL,2.021E+11,138 738,104 531,B01,1,1,1,2,1985,1,8,-1,-1,0,0,-1,2.021E+11,2,1,0,NULL,2,3,0,1,38,500,1,NULL,-1,1,0,1,80
2.021E+11,14,1,2021,08:58:00,1,49,49007,2,3,1,3,CARNOT,"474,754,300,000"," -0,5483700000",2.021E+11,103 438,B01,3,1,0,2,1,0,5,NULL,2.021E+11,137 257,103 438,B01,1,1,4,2,1985,1,8,4,-1,-1,-1,-1,2.021E+11,4,CARNOT,0,NULL,2,2,2,1,1,0,1,NULL,-1,2,0,1,50
2.021E+11,14,1,2021,08:58:00,1,49,49007,2,3,1,3,CARNOT,"474,754,300,000"," -0,5483700000",2.021E+11,103 438,B01,3,1,0,2,1,0,5,NULL,2.021E+11,137 258,103 439,A01,1,1,1,1,1984,5,1,4,-1,-1,-1,-1,2.021E+11,4,CARNOT,0,NULL,2,2,2,1,1,0,1,NULL,-1,2,0,1,50
2.021E+11,4,10,2021,19:00:00,1,75,75101,2,2,1,7,RUE DE L AMIRAL DE COLIGNY,"488,609,140,000","23,408,020,000",2.021E+11,174 478,A01,1,1,0,0,0,1,5,NULL,2.021E+11,231 271,174 478,A01,1,1,4,1,1993,5,8,0,-1,0,0,-1,2.021E+11,4,RUE DE L AMIRAL DE COLIGNY,0,NULL,2,2,0,1,-1,-1,1,NULL,-1,1,0,1,30
2.021E+11,1,10,2021,12:40:00,1,74,74280,2,9,1,5,Av d Annecy,"458,849,020,000","63,189,630,000",2.021E+11,173 602,B01,1,1,0,2,8,19,5,NULL,2.021E+11,230 122,173 601,C01,1,1,1,1,1989,0,1,-1,-1,0,0,-1,2.021E+11,3,909,-1,D,2,2,0,1,20,0,1,NULL,-1,1,9,8,-1
2.021E+11,1,10,2021,12:40:00,1,74,74280,2,9,1,5,Av d Annecy,"458,849,020,000","63,189,630,000",2.021E+11,173 602,B01,1,1,0,2,8,19,5,NULL,2.021E+11,230 123,173 602,B01,1,1,3,1,1969,1,0,-1,-1,0,0,-1,2.021E+11,3,909,-1,D,2,2,0,1,20,0,1,NULL,-1,1,9,8,-1
2.021E+11,1,10,2021,12:40:00,1,74,74280,2,9,1,5,Av d Annecy,"458,849,020,000","63,189,630,000",2.021E+11,173 602,B01,1,1,0,2,8,19,5,NULL,2.021E+11,230 124,173 603,A01,1,1,1,1,1977,1,2,6,9,0,0,-1,2.021E+11,3,909,-1,D,2,2,0,1,20,0,1,NULL,-1,1,9,8,-1
2.021E+11,27,9,2021,08:00:00,1,33,33069,2,1,1,5,AVE MAL DE LATTRE DE TASSIGNY,"448,643,700,000"," -0,6048200000",2.021E+11,172 132,C01,1,1,0,2,1,19,5,NULL,2.021E+11,228 240,172 130,B01,1,1,1,1,1981,0,1,-1,-1,-1,-1,-1,2.021E+11,4,AVE MAL DE LATTRE DE TASSIGNY,0,NULL,3,2,1,1,-1,-1,1,NULL,-1,1,0,1,50
2.021E+11,27,9,2021,08:00:00,1,33,33069,2,1,1,5,AVE MAL DE LATTRE DE TASSIGNY,"448,643,700,000"," -0,6048200000",2.021E+11,172 132,C01,1,1,0,2,1,19,5,NULL,2.021E+11,228 241,172 131,A01,1,1,1,1,2001,0,2,6,-1,-1,-1,-1,2.021E+11,4,AVE MAL DE LATTRE DE TASSIGNY,0,NULL,3,2,1,1,-1,-1,1,NULL,-1,1,0,1,50
2.021E+11,27,9,2021,08:00:00,1,33,33069,2,1,1,5,AVE MAL DE LATTRE DE TASSIGNY,"448,643,700,000"," -0,6048200000",2.021E+11,172 132,C01,1,1,0,2,1,19,5,NULL,2.021E+11,228 242,172 132,C01,1,1,4,1,2008,0,8,-1,-1,-1,-1,-1,2.021E+11,4,AVE MAL DE LATTRE DE TASSIGNY,0,NULL,3,2,1,1,-1,-1,1,NULL,-1,1,0,1,50
2.021E+11,22,9,2021,08:38:00,1,75,75107,2,1,1,3,AVENUE DE BRETEUIL,"488,523,510,000","23,126,230,000",2.021E+11,171 102,A01,2,1,0,2,0,1,5,NULL,2.021E+11,226 853,171 102,A01,1,1,4,1,1979,1,2,0,-1,0,0,-1,2.021E+11,4,AVENUE DE BRETEUIL,0,NULL,3,1,0,1,-1,-1,1,NULL,-1,1,0,1,30
2.021E+11,22,9,2021,08:38:00,1,75,75107,2,1,1,3,AVENUE DE BRETEUIL,"488,523,510,000","23,126,230,000",2.021E+11,171 102,A01,2,1,0,2,0,1,5,NULL,2.021E+11,226 854,171 103,Z01,1,1,1,-1,NULL,-1,-1,-1,-1,-1,-1,-1,2.021E+11,4,AVENUE DE BRETEUIL,0,NULL,3,1,0,1,-1,-1,1,NULL,-1,1,0,1,30
2.021E+11,16,9,2021,11:00:00,1,92,92064,2,1,1,7,PARC SAINT CLOUD,"488,392,400,000","21,962,000,000",2.021E+11,169 643,A01,0,1,0,0,0,26,5,NULL,2.021E+11,224 959,169 643,A01,1,1,4,2,2007,0,8,0,-1,-1,-1,-1,2.021E+11,9,NULL,0,NULL,-1,1,0,1,0,0,1,NULL,-1,1,0,1,30
2.021E+11,11,9,2021,19:20:00,1,69,69383,2,1,1,6,LAFAYETTE (CR),"457,636,971,548","48,669,192,195",2.021E+11,167 097,B01,1,1,0,2,1,26,0,NULL,2.021E+11,221 649,167 097,B01,1,1,4,1,1989,0,8,-1,-1,-1,-1,-1,2.021E+11,4,LAFAYETTE                           (CO),0,NULL,1,1,1,1,-1,-1,1,NULL,-1,1,0,1,30
2.021E+11,11,9,2021,19:20:00,1,69,69383,2,1,1,6,LAFAYETTE (CR),"457,636,971,548","48,669,192,195",2.021E+11,167 097,B01,1,1,0,2,1,26,0,NULL,2.021E+11,221 650,167 098,C01,1,1,1,-1,NULL,-1,8,-1,-1,-1,-1,-1,2.021E+11,4,LAFAYETTE                           (CO),0,NULL,1,1,1,1,-1,-1,1,NULL,-1,1,0,1,30
2.021E+11,3,9,2021,07:45:00,1,75,75118,2,2,1,2,BOULEVARD BARBES,"488,865,360,000","23,495,550,000",2.021E+11,163 967,A01,1,1,0,2,1,2,5,NULL,2.021E+11,217 521,163 966,B01,1,1,1,1,1985,4,1,0,-1,0,0,-1,2.021E+11,4,BOULEVARD BARBES,0,NULL,2,4,3,1,-1,-1,1,NULL,-1,1,0,6,30
2.021E+11,3,9,2021,07:45:00,1,75,75118,2,2,1,2,BOULEVARD BARBES,"488,865,360,000","23,495,550,000",2.021E+11,163 967,A01,1,1,0,2,1,2,5,NULL,2.021E+11,217 522,163 967,A01,1,1,4,1,2000,5,2,0,-1,0,0,-1,2.021E+11,4,BOULEVARD BARBES,0,NULL,2,4,3,1,-1,-1,1,NULL,-1,1,0,6,30
2.021E+11,12,8,2021,14:30:00,1,83,83123,2,1,1,2,BANDOL (ROUTE)N° PAIRS,"431,306,900,000","57,819,200,000",2.021E+11,158 743,B01,1,1,0,2,4,13,5,NULL,2.021E+11,210 460,158 742,A01,1,1,1,1,1943,5,1,8,-1,-1,-1,-1,2.021E+11,3,BANDOL (ROUTE)N° PAIRS,0,NULL,2,2,0,1,14,270,1,NULL,-1,1,0,1,50
2.021E+11,12,8,2021,14:30:00,1,83,83123,2,1,1,2,BANDOL (ROUTE)N° PAIRS,"431,306,900,000","57,819,200,000",2.021E+11,158 743,B01,1,1,0,2,4,13,5,NULL,2.021E+11,210 461,158 743,B01,1,1,4,1,1951,5,2,0,-1,-1,-1,-1,2.021E+11,3,BANDOL (ROUTE)N° PAIRS,0,NULL,2,2,0,1,14,270,1,NULL,-1,1,0,1,50
2.021E+11,27,7,2021,18:45:00,1,67,67137,2,1,1,2,18 rue Paul Gauguin,"484,870,240,000","76,971,140,000",2.021E+11,153 602,B01,3,1,0,2,0,0,5,NULL,2.021E+11,203 316,153 601,A01,1,1,1,1,1978,5,8,-1,-1,0,0,-1,2.021E+11,6,NULL,-1,NULL,-1,-1,0,1,-1,-1,1,NULL,4,1,9,8,5
2.021E+11,27,7,2021,18:45:00,1,67,67137,2,1,1,2,18 rue Paul Gauguin,"484,870,240,000","76,971,140,000",2.021E+11,153 602,B01,3,1,0,2,0,0,5,NULL,2.021E+11,203 317,153 602,B01,1,1,4,1,2017,5,0,-1,-1,0,0,-1,2.021E+11,6,NULL,-1,NULL,-1,-1,0,1,-1,-1,1,NULL,4,1,9,8,5
2.021E+11,23,7,2021,22:42:00,5,75,75118,2,2,1,3,RUE DES POISSONNIERS,"488,911,910,000","23,516,320,000",2.021E+11,152 770,B01,1,1,0,2,3,1,5,NULL,2.021E+11,202 114,152 770,B01,1,1,4,1,1955,1,2,6,-1,0,0,-1,2.021E+11,4,RUE DES POISSONNIERS,0,NULL,2,2,0,1,-1,-1,1,NULL,-1,1,0,1,50
2.021E+11,23,7,2021,22:42:00,5,75,75118,2,2,1,3,RUE DES POISSONNIERS,"488,911,910,000","23,516,320,000",2.021E+11,152 770,B01,1,1,0,2,3,1,5,NULL,2.021E+11,202 115,152 771,A01,1,1,1,1,1997,5,1,0,-1,0,0,-1,2.021E+11,4,RUE DES POISSONNIERS,0,NULL,2,2,0,1,-1,-1,1,NULL,-1,1,0,1,50
2.021E+11,25,6,2021,20:00:00,1,6,6079,1,1,1,3,Avenue de Lérins,"435,179,450,000","69,382,900,000",2.021E+11,145 172,B01,1,1,0,2,1,17,5,NULL,2.021E+11,191 764,145 171,A01,1,1,1,2,1974,5,1,-1,-1,0,0,-1,2.021E+11,3,D6098,0,NULL,2,2,0,2,8,645,1,NULL,-1,1,0,1,50
2.021E+11,25,6,2021,20:00:00,1,6,6079,1,1,1,3,Avenue de Lérins,"435,179,450,000","69,382,900,000",2.021E+11,145 172,B01,1,1,0,2,1,17,5,NULL,2.021E+11,191 765,145 172,B01,1,1,3,1,1963,5,2,6,-1,0,0,-1,2.021E+11,3,D6098,0,NULL,2,2,0,2,8,645,1,NULL,-1,1,0,1,50
2.021E+11,28,6,2021,18:00:00,1,42,42022,2,2,1,1,Avenue de Sury,"455,250,640,000","42,110,390,000",2.021E+11,145 123,B01,3,1,0,2,1,19,5,NULL,2.021E+11,191 696,145 123,B01,1,1,4,1,2010,5,0,-1,-1,0,0,-1,2.021E+11,3,9008,-1,NULL,2,2,1,1,-1,-1,1,NULL,4,1,0,1,50
2.021E+11,28,6,2021,18:00:00,1,42,42022,2,2,1,1,Avenue de Sury,"455,250,640,000","42,110,390,000",2.021E+11,145 123,B01,3,1,0,2,1,19,5,NULL,2.021E+11,191 697,145 124,A01,1,1,1,2,1958,1,8,-1,-1,0,0,-1,2.021E+11,3,9008,-1,NULL,2,2,1,1,-1,-1,1,NULL,4,1,0,1,50
2.021E+11,23,6,2021,18:05:00,1,91,91223,1,1,1,6,RUE DU LT COLONEL ARNAUD BELTRAME,"484,470,000,000","21,379,500,000",2.021E+11,143 759,A01,0,1,0,1,1,2,5,NULL,2.021E+11,189 829,143 759,A01,1,1,3,1,1943,5,2,0,-1,-1,-1,-1,2.021E+11,4,RUE DU LT COLONEL ARNAUD BELTRAME,0,NULL,2,2,1,2,0,0,2,NULL,-1,1,0,3,70
2.021E+11,23,6,2021,18:05:00,1,91,91223,1,1,1,6,RUE DU LT COLONEL ARNAUD BELTRAME,"484,470,000,000","21,379,500,000",2.021E+11,143 759,A01,0,1,0,1,1,2,5,NULL,2.021E+11,189 830,143 759,A01,10,3,1,1,1991,0,0,-1,-1,8,1,1,2.021E+11,4,RUE DU LT COLONEL ARNAUD BELTRAME,0,NULL,2,2,1,2,0,0,2,NULL,-1,1,0,3,70
2.021E+11,19,6,2021,20:30:00,1,84,84007,2,1,1,6,MOTTET (Rue Agathe),"439,314,090,000","48,282,420,000",2.021E+11,142 717,A01,3,1,0,1,1,1,5,NULL,2.021E+11,188 527,142 717,A01,10,3,4,1,2017,5,8,8,-1,5,1,2,2.021E+11,9,MOTTET (Rue Agathe),0,NULL,4,1,3,1,0,9,1,NULL,-1,1,6,6,10
2.021E+11,19,6,2021,20:30:00,1,84,84007,2,1,1,6,MOTTET (Rue Agathe),"439,314,090,000","48,282,420,000",2.021E+11,142 717,A01,3,1,0,1,1,1,5,NULL,2.021E+11,188 528,142 717,A01,1,1,1,-1,NULL,-1,-1,-1,-1,-1,-1,-1,2.021E+11,9,MOTTET (Rue Agathe),0,NULL,4,1,3,1,0,9,1,NULL,-1,1,6,6,10
2.021E+11,19,6,2021,12:10:00,1,25,25434,2,3,1,3,2 Route de Montgesoye,"471,049,120,000","61,584,220,000",2.021E+11,141 950,B01,2,1,0,2,7,1,5,NULL,2.021E+11,187 480,141 949,A01,1,1,1,2,1945,0,1,-1,-1,0,0,-1,2.021E+11,3,NULL,0,NULL,2,2,0,1,46,830,2,NULL,-1,1,0,1,50
2.021E+11,19,6,2021,12:10:00,1,25,25434,2,3,1,3,2 Route de Montgesoye,"471,049,120,000","61,584,220,000",2.021E+11,141 950,B01,2,1,0,2,7,1,5,NULL,2.021E+11,187 481,141 950,B01,1,1,3,2,1956,5,2,-1,-1,0,0,-1,2.021E+11,3,NULL,0,NULL,2,2,0,1,46,830,2,NULL,-1,1,0,1,50
2.021E+11,8,6,2021,07:08:00,1,29,29019,2,1,1,3,Rue Alain Colas,"483,908,700,000","-44,446,600,000",2.021E+11,138 649,B01,0,1,0,2,1,1,5,NULL,2.021E+11,183 145,138 648,A01,1,1,1,1,1997,0,1,-1,-1,0,0,-1,2.021E+11,4,COLAS ALAIN (PARTIE ZI),0,NULL,2,2,0,1,-1,-1,1,NULL,-1,1,0,5,50
2.021E+11,8,6,2021,07:08:00,1,29,29019,2,1,1,3,Rue Alain Colas,"483,908,700,000","-44,446,600,000",2.021E+11,138 649,B01,0,1,0,2,1,1,5,NULL,2.021E+11,183 146,138 649,B01,1,1,4,1,1963,0,8,-1,-1,0,0,-1,2.021E+11,4,COLAS ALAIN (PARTIE ZI),0,NULL,2,2,0,1,-1,-1,1,NULL,-1,1,0,5,50
2.021E+11,9,6,2021,17:00:00,1,71,71490,1,1,2,7,Route de Gueugnon,"465,436,020,000","41,113,970,000",2.021E+11,138 499,A01,1,1,0,0,0,2,5,NULL,2.021E+11,182 953,138 499,A01,1,1,3,1,1949,5,2,-1,-1,0,0,-1,2.021E+11,3,25,-1,NULL,2,2,0,1,33,300,1,NULL,-1,2,0,3,80
2.021E+11,23,5,2021,10:30:00,1,69,69163,1,2,1,2,GRAND VEISSIEUX (DU) (RTE),"459,209,610,000","47,557,180,000",2.021E+11,132 440,B01,0,1,0,0,4,2,0,NULL,2.021E+11,175 071,132 439,A01,1,1,1,1,1997,0,8,-1,-1,0,0,-1,2.021E+11,7,51,0,NULL,2,2,0,1,22,100,1,NULL,-1,1,0,1,80
2.021E+11,23,5,2021,10:30:00,1,69,69163,1,2,1,2,GRAND VEISSIEUX (DU) (RTE),"459,209,610,000","47,557,180,000",2.021E+11,132 440,B01,0,1,0,0,4,2,0,NULL,2.021E+11,175 072,132 440,B01,1,1,4,1,1969,5,2,-1,-1,0,0,-1,2.021E+11,7,51,0,NULL,2,2,0,1,22,100,1,NULL,-1,1,0,1,80
2.021E+11,13,5,2021,09:00:00,1,988,98818,1,6,1,3,VOIE DE DEGAGEMENT EST/RUE DE PRONY,"-222,709,100,000","1,664,698,200,000",2.021E+11,129 855,B01,2,1,0,2,6,1,5,NULL,2.021E+11,171 643,129 854,A01,1,1,3,1,1948,5,8,8,-1,0,0,-1,2.021E+11,4,RUE MAURICE MEUNIER,0,NULL,2,2,1,1,0,0,1,NULL,-1,1,5,5,50
2.021E+11,13,5,2021,09:00:00,1,988,98818,1,6,1,3,VOIE DE DEGAGEMENT EST/RUE DE PRONY,"-222,709,100,000","1,664,698,200,000",2.021E+11,129 854,A01,2,1,0,2,2,1,5,NULL,2.021E+11,171 643,129 854,A01,1,1,3,1,1948,5,8,8,-1,0,0,-1,2.021E+11,4,RUE MAURICE MEUNIER,0,NULL,2,2,1,1,0,0,1,NULL,-1,1,5,5,50
2.021E+11,13,5,2021,09:00:00,1,988,98818,1,6,1,3,VOIE DE DEGAGEMENT EST/RUE DE PRONY,"-222,709,100,000","1,664,698,200,000",2.021E+11,129 855,B01,2,1,0,2,6,1,5,NULL,2.021E+11,171 644,129 855,B01,1,1,1,1,1953,5,2,8,-1,-1,-1,-1,2.021E+11,4,RUE MAURICE MEUNIER,0,NULL,2,2,1,1,0,0,1,NULL,-1,1,5,5,50
2.021E+11,13,5,2021,09:00:00,1,988,98818,1,6,1,3,VOIE DE DEGAGEMENT EST/RUE DE PRONY,"-222,709,100,000","1,664,698,200,000",2.021E+11,129 854,A01,2,1,0,2,2,1,5,NULL,2.021E+11,171 644,129 855,B01,1,1,1,1,1953,5,2,8,-1,-1,-1,-1,2.021E+11,4,RUE MAURICE MEUNIER,0,NULL,2,2,1,1,0,0,1,NULL,-1,1,5,5,50
2.021E+11,27,4,2021,17:20:00,1,75,75119,2,1,1,2,AVENUE SIMON BOLIVAR,"488,807,040,000","23,739,630,000",2.021E+11,125 933,B01,2,1,0,2,4,17,5,NULL,2.021E+11,166 536,125 933,B01,1,1,4,1,1983,9,8,0,-1,0,0,-1,2.021E+11,4,AVENUE SIMON BOLIVAR,0,NULL,2,2,0,2,-1,-1,3,NULL,-1,1,0,1,50
2.021E+11,27,4,2021,17:20:00,1,75,75119,2,1,1,2,AVENUE SIMON BOLIVAR,"488,807,040,000","23,739,630,000",2.021E+11,125 933,B01,2,1,0,2,4,17,5,NULL,2.021E+11,166 537,125 934,A01,1,1,1,1,1987,9,1,0,-1,0,0,-1,2.021E+11,4,AVENUE SIMON BOLIVAR,0,NULL,2,2,0,2,-1,-1,3,NULL,-1,1,0,1,50
2.021E+11,24,4,2021,10:20:00,1,67,67482,2,1,1,2,ALTENHEIM (ROUTE D ),"485,365,880,000","77,707,990,000",2.021E+11,125 734,B01,1,1,0,2,2,1,5,NULL,2.021E+11,166 281,125 734,B01,1,1,4,1,1994,0,8,0,-1,-1,-1,-1,2.021E+11,4,ALTENHEIM (ROUTE D ),0,NULL,2,2,0,1,-1,-1,1,NULL,-1,1,0,1,30
2.021E+11,24,4,2021,10:20:00,1,67,67482,2,1,1,2,ALTENHEIM (ROUTE D ),"485,365,880,000","77,707,990,000",2.021E+11,125 734,B01,1,1,0,2,2,1,5,NULL,2.021E+11,166 282,125 735,A01,1,1,1,2,1986,9,1,8,-1,-1,-1,-1,2.021E+11,4,ALTENHEIM (ROUTE D ),0,NULL,2,2,0,1,-1,-1,1,NULL,-1,1,0,1,30
2.021E+11,14,4,2021,10:00:00,1,75,75103,2,2,1,3,BOULEVARD DE SEBASTOPOL,"488,662,420,000","23,525,330,000",2.021E+11,122 933,B01,1,1,0,2,8,7,5,NULL,2.021E+11,162 683,122 933,B01,1,1,4,1,1990,1,8,0,-1,0,0,-1,2.021E+11,4,BOULEVARD DE SEBASTOPOL,0,NULL,1,4,3,1,-1,-1,1,NULL,-1,1,-1,6,50
2.021E+11,14,4,2021,10:00:00,1,75,75103,2,2,1,3,BOULEVARD DE SEBASTOPOL,"488,662,420,000","23,525,330,000",2.021E+11,122 933,B01,1,1,0,2,8,7,5,NULL,2.021E+11,162 684,122 934,A01,1,1,1,1,1977,1,1,0,-1,0,0,-1,2.021E+11,4,BOULEVARD DE SEBASTOPOL,0,NULL,1,4,3,1,-1,-1,1,NULL,-1,1,-1,6,50
2.021E+11,2,4,2021,15:00:00,1,75,75111,2,2,1,6,AVENUE PARMENTIER,"488,584,220,000","23,800,150,000",2.021E+11,120 529,A01,2,1,0,1,4,25,5,NULL,2.021E+11,159 509,120 529,A01,10,3,4,2,1934,5,0,-1,-1,5,1,1,2.021E+11,4,AVENUE PARMENTIER,0,NULL,2,2,0,1,-1,-1,1,NULL,-1,1,0,4,30
2.021E+11,2,4,2021,15:00:00,1,75,75111,2,2,1,6,AVENUE PARMENTIER,"488,584,220,000","23,800,150,000",2.021E+11,120 529,A01,2,1,0,1,4,25,5,NULL,2.021E+11,159 510,120 529,A01,1,1,1,1,1992,5,2,0,-1,0,0,-1,2.021E+11,4,AVENUE PARMENTIER,0,NULL,2,2,0,1,-1,-1,1,NULL,-1,1,0,4,30
2.021E+11,10,3,2021,07:50:00,2,85,85092,2,6,8,3,Rond point de l'Europe,"464,674,160,000"," -0,8250800000",2.021E+11,118 031,B01,1,1,0,2,3,21,5,NULL,2.021E+11,156 313,118 030,A01,1,1,1,2,1955,5,1,-1,-1,0,0,-1,2.021E+11,3,NULL,-1,NULL,2,2,0,1,22,212,2,NULL,-1,1,0,1,50
2.021E+11,10,3,2021,07:50:00,2,85,85092,2,6,8,3,Rond point de l'Europe,"464,674,160,000"," -0,8250800000",2.021E+11,118 031,B01,1,1,0,2,3,21,5,NULL,2.021E+11,156 314,118 031,B01,1,1,3,1,1963,1,2,4,6,0,0,-1,2.021E+11,3,NULL,-1,NULL,2,2,0,1,22,212,2,NULL,-1,1,0,1,50
2.021E+11,15,3,2021,09:30:00,1,14,14098,1,2,1,3,Rue de la Guinguette,"491,770,490,000"," -0,5132960000",2.021E+11,115 959,B01,1,1,0,2,8,19,5,NULL,2.021E+11,153 650,115 958,A01,1,1,1,1,1967,4,1,-1,-1,0,0,-1,2.021E+11,3,9,-1,NULL,2,2,0,1,-1,-1,1,NULL,-1,1,0,1,70
2.021E+11,15,3,2021,09:30:00,1,14,14098,1,2,1,3,Rue de la Guinguette,"491,770,490,000"," -0,5132960000",2.021E+11,115 959,B01,1,1,0,2,8,19,5,NULL,2.021E+11,153 651,115 959,B01,1,1,3,1,1940,5,2,-1,-1,0,0,-1,2.021E+11,3,9,-1,NULL,2,2,0,1,-1,-1,1,NULL,-1,1,0,1,70
2.021E+11,28,10,2021,18:22:00,2,92,92020,2,1,1,2,PARIS AVENUE DE N°84 A FIN,"488,068,740,000","22,933,980,000",2.021E+11,183 492,B01,0,1,0,2,4,9,0,NULL,2.021E+11,243 004,183 491,Z01,1,1,1,-1,NULL,-1,-1,-1,-1,-1,-1,-1,2.021E+11,3,906,0,NULL,1,2,2,2,0,0,1,NULL,-1,1,0,1,30
2.021E+11,28,10,2021,18:22:00,2,92,92020,2,1,1,2,PARIS AVENUE DE N°84 A FIN,"488,068,740,000","22,933,980,000",2.021E+11,183 492,B01,0,1,0,2,4,9,0,NULL,2.021E+11,243 005,183 492,B01,1,1,4,1,1992,1,2,8,-1,-1,-1,-1,2.021E+11,3,906,0,NULL,1,2,2,2,0,0,1,NULL,-1,1,0,1,30
2.021E+11,27,10,2021,18:03:00,1,49,49007,2,1,1,3,Boulevard Auguste Allonneau,"474,806,350,000"," -0,5275060000",2.021E+11,182 912,B01,1,1,0,2,2,26,5,NULL,2.021E+11,242 188,182 912,B01,1,1,4,1,1957,9,8,0,-1,-1,-1,-1,2.021E+11,4,FLANDRE,0,NULL,2,2,0,1,1,0,1,NULL,-1,1,0,1,50
2.021E+11,27,10,2021,18:03:00,1,49,49007,2,1,1,3,Boulevard Auguste Allonneau,"474,806,350,000"," -0,5275060000",2.021E+11,182 912,B01,1,1,0,2,2,26,5,NULL,2.021E+11,242 189,182 913,A01,1,1,1,-1,NULL,-1,-1,-1,-1,-1,-1,-1,2.021E+11,4,FLANDRE,0,NULL,2,2,0,1,1,0,1,NULL,-1,1,0,1,50
2.021E+11,5,10,2021,14:00:00,1,56,56140,1,1,1,2,Le Guernevin,"479,617,450,000","-28,269,620,000",2.021E+11,178 641,B01,2,1,0,2,6,1,5,NULL,2.021E+11,236 611,178 641,B01,1,1,4,1,1969,5,2,4,6,0,0,-1,2.021E+11,3,17,0,NULL,2,2,0,3,23,600,2,NULL,-1,1,0,1,80
2.021E+11,5,10,2021,14:00:00,1,56,56140,1,1,1,2,Le Guernevin,"479,617,450,000","-28,269,620,000",2.021E+11,178 641,B01,2,1,0,2,6,1,5,NULL,2.021E+11,236 612,178 642,A01,1,1,1,2,1967,9,8,-1,-1,0,0,-1,2.021E+11,3,17,0,NULL,2,2,0,3,23,600,2,NULL,-1,1,0,1,80
2.021E+11,15,10,2021,10:45:00,1,75,75119,2,3,1,6,RUE DE BELLEVILLE,"488,732,870,000","23,819,150,000",2.021E+11,178 315,A01,2,1,0,1,1,1,5,NULL,2.021E+11,236 180,178 315,A01,1,1,4,1,2003,2,8,0,-1,0,0,-1,2.021E+11,4,RUE DE BELLEVILLE,0,NULL,2,2,0,2,-1,-1,1,NULL,-1,1,0,1,30
2.021E+11,15,10,2021,10:45:00,1,75,75119,2,3,1,6,RUE DE BELLEVILLE,"488,732,870,000","23,819,150,000",2.021E+11,178 315,A01,2,1,0,1,1,1,5,NULL,2.021E+11,236 181,178 315,A01,10,3,4,2,1990,9,0,-1,-1,4,3,1,2.021E+11,4,RUE DE BELLEVILLE,0,NULL,2,2,0,2,-1,-1,1,NULL,-1,1,0,1,30
2.021E+11,29,9,2021,19:48:00,2,56,56121,2,1,1,6,ORADOUR SUR GLANE ( BD D'),"477,534,000,000","-33,710,100,000",2.021E+11,173 251,A01,1,1,12,0,1,1,5,NULL,2.021E+11,229 664,173 251,A01,1,1,4,1,1996,4,2,0,-1,-1,-1,-1,2.021E+11,4,ORADOUR SUR GLANE ( BD D'),0,NULL,4,5,1,1,-1,-1,1,NULL,-1,1,5,3,30
2.021E+11,21,9,2021,11:50:00,1,84,84067,1,1,1,6,Via Venaissia (Piste cyclable),"440,881,010,000","50,072,010,000",2.021E+11,169 546,A01,0,1,0,0,0,0,5,NULL,2.021E+11,224 824,169 546,A01,1,1,3,1,1959,5,2,-1,-1,0,0,-1,2.021E+11,9,NULL,-1,NULL,2,1,1,1,-1,-1,1,NULL,3,1,0,1,20
2.021E+11,8,9,2021,08:30:00,1,13,13097,2,6,1,3,D 27,"436,459,820,000","48,048,660,000",2.021E+11,165 566,B01,3,1,0,2,7,2,5,NULL,2.021E+11,219 646,165 565,A01,1,1,1,2,1993,1,1,-1,-1,0,0,-1,2.021E+11,3,27,0,D,1,1,0,1,0,0,3,NULL,-1,1,0,1,50
2.021E+11,8,9,2021,08:30:00,1,13,13097,2,6,1,3,D 27,"436,459,820,000","48,048,660,000",2.021E+11,165 566,B01,3,1,0,2,7,2,5,NULL,2.021E+11,219 647,165 566,B01,1,1,3,1,1977,5,2,-1,-1,0,0,-1,2.021E+11,3,27,0,D,1,1,0,1,0,0,3,NULL,-1,1,0,1,50
2.021E+11,7,9,2021,07:30:00,1,45,45285,2,1,1,1,CHAINGY (CHEMIN DE),"479,018,900,000","18,675,900,000",2.021E+11,165 377,B01,3,1,0,2,8,1,5,NULL,2.021E+11,219 398,165 376,A01,1,1,1,1,1995,1,1,0,-1,-1,-1,-1,2.021E+11,4,CHAINGY (CHEMIN DE),0,NULL,1,2,0,1,0,0,1,NULL,-1,1,0,4,50
2.021E+11,7,9,2021,07:30:00,1,45,45285,2,1,1,1,CHAINGY (CHEMIN DE),"479,018,900,000","18,675,900,000",2.021E+11,165 377,B01,3,1,0,2,8,1,5,NULL,2.021E+11,219 399,165 377,B01,1,1,4,1,1971,1,8,0,-1,-1,-1,-1,2.021E+11,4,CHAINGY (CHEMIN DE),0,NULL,1,2,0,1,0,0,1,NULL,-1,1,0,4,50
2.021E+11,30,8,2021,16:35:00,1,62,62688,2,8,8,6,BERCK (ROUTE DE),"504,179,030,000","16,477,260,000",2.021E+11,162 711,B01,1,1,0,2,1,1,5,NULL,2.021E+11,215 904,162 709,A01,1,1,1,1,1961,3,1,0,-1,-1,-1,-1,2.021E+11,3,BERCK (ROUTE DE),0,NULL,2,6,0,2,9,245,1,NULL,-1,1,4,1,50