Num_Acc,jour,mois,an,hrmn,lum,dep,com,agg,int,atm,col,adr,lat,long,Num_Acc,id_vehicule,num_veh,senc,catv,obs,obsm,choc,manv,motor,occutc,Num_Acc,id_usager,id_vehicule,num_veh,place,catu,grav,sexe,an_nais,trajet,secu1,secu2,secu3,locp,actp,etatp,Num_Acc,catr,voie,v1,v2,circ,nbv,vosp,prof,pr,pr1,plan,lartpc,larrout,surf,infra,situ,vma
2.021E+11,20,8,2021,15:45:00,1,29,29037,2,1,1,5,13bis Rue de l Odet,"478,760,186,832","-41,318,826,377",2.021E+11,159 878,C01,1,1,0,2,1,1,5,NULL,2.021E+11,212 029,159 876,B01,1,1,3,1,2006,5,2,6,-1,0,0,-1,2.021E+11,4,18,0,NULL,2,2,1,1,-1,-1,1,NULL,-1,1,0,1,30
2.021E+11,20,8,2021,15:45:00,1,29,29037,2,1,1,5,13bis Rue de l Odet,"478,760,186,832","-41,318,826,377",2.021E+11,159 878,C01,1,1,0,2,1,1,5,NULL,2.021E+11,212 030,159 877,A01,1,1,1,2,1944,5,1,-1,-1,0,0,-1,2.021E+11,4,18,0,NULL,2,2,1,1,-1,-1,1,NULL,-1,1,0,1,30
2.021E+11,20,8,2021,15:45:00,1,29,29037,2,1,1,5,13bis Rue de l Odet,"478,760,186,832","-41,318,826,377",2.021E+11,159 878,C01,1,1,0,2,1,1,5,NULL,2.021E+11,212 031,159 878,C01,1,1,3,1,1939,5,2,-1,-1,0,0,-1,2.021E+11,4,18,0,NULL,2,2,1,1,-1,-1,1,NULL,-1,1,0,1,30
2.021E+11,17,8,2021,18:35:00,1,75,75112,2,1,8,3,ALLEE VIVALDI,"488,415,540,000","23,912,780,000",2.021E+11,159 415,B01,1,1,0,2,7,1,5,NULL,2.021E+11,211 395,159 415,B01,1,1,4,2,1989,5,2,0,-1,0,0,-1,2.021E+11,4,ALLEE VIVALDI,0,NULL,1,1,0,1,-1,-1,1,NULL,-1,1,0,1,50
2.021E+11,17,8,2021,18:35:00,1,75,75112,2,1,8,3,ALLEE VIVALDI,"488,415,540,000","23,912,780,000",2.021E+11,159 415,B01,1,1,0,2,7,1,5,NULL,2.021E+11,211 396,159 416,A01,1,1,1,1,1995,9,1,0,-1,0,0,-1,2.021E+11,4,ALLEE VIVALDI,0,NULL,1,1,0,1,-1,-1,1,NULL,-1,1,0,1,50
2.021E+11,8,7,2021,09:10:00,1,4,4006,2,1,1,3,RD 126,"442,911,220,000","65,693,870,000",2.021E+11,147 994,B01,2,1,0,0,8,1,5,NULL,2.021E+11,195 556,147 994,B01,1,1,3,1,1957,5,2,-1,-1,0,0,-1,2.021E+11,3,126,0,NULL,2,2,0,1,0,300,2,NULL,-1,1,0,1,50
2.021E+11,8,7,2021,09:10:00,1,4,4006,2,1,1,3,RD 126,"442,911,220,000","65,693,870,000",2.021E+11,147 994,B01,2,1,0,0,8,1,5,NULL,2.021E+11,195 557,147 995,A01,1,1,1,1,1958,1,1,-1,-1,0,0,-1,2.021E+11,3,126,0,NULL,2,2,0,1,0,300,2,NULL,-1,1,0,1,50
2.021E+11,24,6,2021,19:30:00,1,91,91471,2,1,1,3,GUY MOQUET (RUE),"487,004,200,000","21,917,100,000",2.021E+11,143 762,B01,1,1,0,2,8,1,5,NULL,2.021E+11,189 835,143 762,B01,2,1,4,1,2002,5,8,0,-1,-1,-1,-1,2.021E+11,2,118,0,NULL,2,2,1,1,0,0,3,NULL,-1,1,3,1,50
2.021E+11,24,6,2021,19:30:00,1,91,91471,2,1,1,3,GUY MOQUET (RUE),"487,004,200,000","21,917,100,000",2.021E+11,143 762,B01,1,1,0,2,8,1,5,NULL,2.021E+11,189 836,143 763,A01,1,1,1,1,1974,0,1,0,-1,-1,-1,-1,2.021E+11,2,118,0,NULL,2,2,1,1,0,0,3,NULL,-1,1,3,1,50
2.021E+11,15,6,2021,09:20:00,1,61,61397,2,1,1,2,GENERAL LECLERC (RUE DU),"484,230,300,000","0,0641100000",2.021E+11,140 516,B01,2,1,0,2,1,2,6,NULL,2.021E+11,185 617,140 515,A01,1,1,1,1,1982,0,1,-1,-1,-1,-1,-1,2.021E+11,3,GENERAL LECLERC (RUE DU),0,NULL,2,2,0,1,0,170,1,NULL,-1,1,0,1,30
2.021E+11,15,6,2021,09:20:00,1,61,61397,2,1,1,2,GENERAL LECLERC (RUE DU),"484,230,300,000","0,0641100000",2.021E+11,140 516,B01,2,1,0,2,1,2,6,NULL,2.021E+11,185 618,140 516,B01,1,1,4,1,2004,0,0,0,-1,-1,-1,-1,2.021E+11,3,GENERAL LECLERC (RUE DU),0,NULL,2,2,0,1,0,170,1,NULL,-1,1,0,1,30
2.021E+11,14,6,2021,20:10:00,1,92,92023,2,1,1,1,CHAMPAGNE (RUE),"487,860,096,890","22,484,676,540",2.021E+11,140 363,B01,2,1,0,2,1,1,5,NULL,2.021E+11,185 415,140 362,A01,1,1,4,2,1998,9,2,0,-1,-1,-1,-1,2.021E+11,4,CHAMPAGNE (RUE),0,NULL,2,2,1,1,0,0,1,NULL,-1,1,0,5,30
2.021E+11,14,6,2021,20:10:00,1,92,92023,2,1,1,1,CHAMPAGNE (RUE),"487,860,096,890","22,484,676,540",2.021E+11,140 363,B01,2,1,0,2,1,1,5,NULL,2.021E+11,185 416,140 363,B01,1,1,4,1,1959,0,1,0,-1,-1,-1,-1,2.021E+11,4,CHAMPAGNE (RUE),0,NULL,2,2,1,1,0,0,1,NULL,-1,1,0,5,30
2.021E+11,14,6,2021,10:30:00,1,31,31085,1,1,1,1,d44,"429,176,210,000","0,7575850000",2.021E+11,139 756,B01,2,1,0,2,1,1,5,NULL,2.021E+11,184 637,139 755,A01,1,1,1,1,1990,9,1,-1,-1,0,0,-1,2.021E+11,3,44,-1,NULL,2,2,0,2,18,881,3,NULL,-1,1,0,1,80
2.021E+11,14,6,2021,10:30:00,1,31,31085,1,1,1,1,d44,"429,176,210,000","0,7575850000",2.021E+11,139 756,B01,2,1,0,2,1,1,5,NULL,2.021E+11,184 638,139 756,B01,1,1,3,1,1964,5,2,-1,-1,0,0,-1,2.021E+11,3,44,-1,NULL,2,2,0,2,18,881,3,NULL,-1,1,0,1,80
2.021E+11,5,6,2021,21:49:00,5,75,75113,2,2,1,3,AVENUE D ITALIE,"488,261,730,000","23,572,750,000",2.021E+11,137 157,A01,1,1,1,2,8,19,5,NULL,2.021E+11,181 247,137 156,B01,1,1,1,1,1997,1,1,0,-1,0,0,-1,2.021E+11,4,AVENUE D ITALIE,0,NULL,2,5,0,1,-1,-1,1,NULL,-1,1,0,1,50
2.021E+11,5,6,2021,21:49:00,5,75,75113,2,2,1,3,AVENUE D ITALIE,"488,261,730,000","23,572,750,000",2.021E+11,137 157,A01,1,1,1,2,8,19,5,NULL,2.021E+11,181 248,137 157,A01,1,1,4,1,1993,4,2,0,-1,0,0,-1,2.021E+11,4,AVENUE D ITALIE,0,NULL,2,5,0,1,-1,-1,1,NULL,-1,1,0,1,50
2.021E+11,5,6,2021,08:05:00,1,69,69034,2,3,2,3,FORTS (DES) (MO),"457,941,825,391","48,327,130,079",2.021E+11,136 941,B01,2,1,0,2,1,1,5,NULL,2.021E+11,180 967,136 941,B01,1,1,4,1,1977,0,8,-1,-1,-1,-1,-1,2.021E+11,4,FORTS (DES)                         (MO),0,NULL,2,2,1,2,-1,-1,4,NULL,-1,2,9,1,50
2.021E+11,5,6,2021,08:05:00,1,69,69034,2,3,2,3,FORTS (DES) (MO),"457,941,825,391","48,327,130,079",2.021E+11,136 941,B01,2,1,0,2,1,1,5,NULL,2.021E+11,180 968,136 942,A01,1,1,1,1,1976,4,1,-1,-1,-1,-1,-1,2.021E+11,4,FORTS (DES)                         (MO),0,NULL,2,2,1,2,-1,-1,4,NULL,-1,2,9,1,50
2.021E+11,25,5,2021,14:45:00,1,40,40296,1,1,1,1,Route de Vieux Boucau,"437,085,550,000","-14,174,510,000",2.021E+11,132 956,B01,1,1,0,2,1,1,5,NULL,2.021E+11,175 784,132 955,C01,1,1,4,1,1959,5,0,-1,-1,0,0,-1,2.021E+11,3,79,0,D,2,2,1,1,4,620,4,NULL,-1,1,9,5,70
2.021E+11,25,5,2021,14:45:00,1,40,40296,1,1,1,1,Route de Vieux Boucau,"437,085,550,000","-14,174,510,000",2.021E+11,132 955,C01,1,1,0,2,1,1,5,NULL,2.021E+11,175 784,132 955,C01,1,1,4,1,1959,5,0,-1,-1,0,0,-1,2.021E+11,3,79,0,D,2,2,1,1,4,620,4,NULL,-1,1,9,5,70
2.021E+11,25,5,2021,14:45:00,1,40,40296,1,1,1,1,Route de Vieux Boucau,"437,085,550,000","-14,174,510,000",2.021E+11,132 956,B01,1,1,0,2,1,1,5,NULL,2.021E+11,175 785,132 956,B01,1,1,3,2,1958,5,0,-1,-1,0,0,-1,2.021E+11,3,79,0,D,2,2,1,1,4,620,4,NULL,-1,1,9,5,70
2.021E+11,25,5,2021,14:45:00,1,40,40296,1,1,1,1,Route de Vieux Boucau,"437,085,550,000","-14,174,510,000",2.021E+11,132 955,C01,1,1,0,2,1,1,5,NULL,2.021E+11,175 785,132 956,B01,1,1,3,2,1958,5,0,-1,-1,0,0,-1,2.021E+11,3,79,0,D,2,2,1,1,4,620,4,NULL,-1,1,9,5,70
2.021E+11,25,5,2021,14:45:00,1,40,40296,1,1,1,1,Route de Vieux Boucau,"437,085,550,000","-14,174,510,000",2.021E+11,132 956,B01,1,1,0,2,1,1,5,NULL,2.021E+11,175 786,132 957,A01,1,1,3,1,1955,5,1,-1,-1,0,0,-1,2.021E+11,3,79,0,D,2,2,1,1,4,620,4,NULL,-1,1,9,5,70
2.021E+11,25,5,2021,14:45:00,1,40,40296,1,1,1,1,Route de Vieux Boucau,"437,085,550,000","-14,174,510,000",2.021E+11,132 955,C01,1,1,0,2,1,1,5,NULL,2.021E+11,175 786,132 957,A01,1,1,3,1,1955,5,1,-1,-1,0,0,-1,2.021E+11,3,79,0,D,2,2,1,1,4,620,4,NULL,-1,1,9,5,70
2.021E+11,20,5,2021,12:00:00,1,67,67482,2,8,8,3,COLMAR (AVENUE DE),"485,527,700,000","77,441,500,000",2.021E+11,132 089,A01,1,1,0,2,1,1,5,NULL,2.021E+11,174 592,132 089,A01,1,1,4,1,1957,0,8,0,-1,-1,-1,-1,2.021E+11,4,COLMAR (AVENUE DE),0,NULL,3,6,1,1,0,0,1,NULL,-1,1,4,5,50
2.021E+11,20,5,2021,12:00:00,1,67,67482,2,8,8,3,COLMAR (AVENUE DE),"485,527,700,000","77,441,500,000",2.021E+11,132 089,A01,1,1,0,2,1,1,5,NULL,2.021E+11,174 593,132 090,B01,1,1,1,1,1967,0,1,8,-1,-1,-1,-1,2.021E+11,4,COLMAR (AVENUE DE),0,NULL,3,6,1,1,0,0,1,NULL,-1,1,4,5,50
2.021E+11,28,4,2021,17:15:00,1,93,93063,2,2,1,3,REPUBLIQUE RUE DE LA,"488,819,300,000","24,394,800,000",2.021E+11,126 424,B01,3,1,0,2,1,23,5,NULL,2.021E+11,167 151,126 423,A01,1,1,1,-1,NULL,-1,-1,-1,-1,-1,-1,-1,2.021E+11,4,REPUBLIQUE RUE DE LA,0,NULL,2,2,0,1,1,0,1,NULL,-1,1,0,1,30
2.021E+11,28,4,2021,17:15:00,1,93,93063,2,2,1,3,REPUBLIQUE RUE DE LA,"488,819,300,000","24,394,800,000",2.021E+11,126 424,B01,3,1,0,2,1,23,5,NULL,2.021E+11,167 152,126 424,B01,1,1,4,2,1980,0,8,0,-1,-1,-1,-1,2.021E+11,4,REPUBLIQUE RUE DE LA,0,NULL,2,2,0,1,1,0,1,NULL,-1,1,0,1,30
2.021E+11,12,4,2021,17:45:00,1,83,83069,2,9,1,1,GODILLOT  ( AVENUE ALEXIS ),"431,137,000,000","61,236,000,000",2.021E+11,122 578,B01,1,1,0,2,7,26,5,NULL,2.021E+11,162 237,122 577,A01,1,1,1,1,1959,0,1,8,-1,-1,-1,-1,2.021E+11,7,GODILLOT  ( AVENUE ALEXIS ),0,NULL,2,1,0,2,105,230,1,NULL,-1,1,0,1,50
2.021E+11,12,4,2021,17:45:00,1,83,83069,2,9,1,1,GODILLOT  ( AVENUE ALEXIS ),"431,137,000,000","61,236,000,000",2.021E+11,122 578,B01,1,1,0,2,7,26,5,NULL,2.021E+11,162 238,122 578,B01,1,1,4,1,2008,5,8,0,-1,-1,-1,-1,2.021E+11,7,GODILLOT  ( AVENUE ALEXIS ),0,NULL,2,1,0,2,105,230,1,NULL,-1,1,0,1,50
2.021E+11,26,3,2021,22:30:00,5,75,75119,2,1,2,6,AVENUE JEAN JAURES,"488,832,179,531","23,716,319,802",2.021E+11,118 882,A01,1,1,0,2,8,1,5,NULL,2.021E+11,157 364,118 881,Z01,1,1,1,-1,NULL,-1,-1,-1,-1,-1,-1,-1,2.021E+11,4,AVENUE JEAN JAURES,0,NULL,1,2,1,1,-1,-1,1,NULL,-1,2,0,1,20
2.021E+11,26,3,2021,22:30:00,5,75,75119,2,1,2,6,AVENUE JEAN JAURES,"488,832,179,531","23,716,319,802",2.021E+11,118 882,A01,1,1,0,2,8,1,5,NULL,2.021E+11,157 365,118 882,A01,1,1,4,1,1983,1,2,0,-1,0,0,-1,2.021E+11,4,AVENUE JEAN JAURES,0,NULL,1,2,1,1,-1,-1,1,NULL,-1,2,0,1,20
2.021E+11,10,3,2021,14:25:00,1,1,1262,2,1,1,7,Rue des Ecorchats,"458,533,260,000","50,530,850,000",2.021E+11,114 623,A01,3,1,0,0,0,0,5,NULL,2.021E+11,151 911,114 623,A01,1,1,3,1,2005,5,0,-1,-1,0,0,-1,2.021E+11,4,NULL,0,NULL,2,1,0,2,-1,-1,1,NULL,-1,1,0,6,30
2.021E+11,7,3,2021,16:30:00,1,61,61422,1,2,1,2,D673,"486,802,790,000","0,6196330000",2.021E+11,114 171,B01,1,1,0,2,4,11,5,NULL,2.021E+11,151 361,114 170,A01,1,1,1,1,1980,5,1,-1,-1,0,0,-1,2.021E+11,3,NULL,-1,NULL,2,-1,-1,1,8,868,1,NULL,-1,1,0,1,80
2.021E+11,7,3,2021,16:30:00,1,61,61422,1,2,1,2,D673,"486,802,790,000","0,6196330000",2.021E+11,114 171,B01,1,1,0,2,4,11,5,NULL,2.021E+11,151 362,114 171,B01,1,1,4,2,1964,5,0,-1,-1,0,0,-1,2.021E+11,3,NULL,-1,NULL,2,-1,-1,1,8,868,1,NULL,-1,1,0,1,80
2.021E+11,25,2,2021,15:05:00,1,55,55359,2,9,1,6,1 Rue de la Liberation,"485,763,990,000","52,469,020,000",2.021E+11,111 890,A01,0,1,6,0,8,16,5,NULL,2.021E+11,148 394,111 890,A01,1,1,3,1,2008,5,0,-1,-1,0,0,-1,2.021E+11,4,1,0,NULL,2,2,0,2,-1,-1,3,NULL,-1,1,0,4,50
2.021E+11,1,2,2021,16:25:00,1,21,21663,2,7,1,3,Avenue de la Gare,"475,429,170,000","44,602,940,000",2.021E+11,107 671,B01,1,1,0,2,1,1,5,NULL,2.021E+11,142 934,107 670,A01,1,1,1,2,1948,5,8,-1,-1,0,0,-1,2.021E+11,3,954,-1,NULL,2,2,0,1,30,650,1,NULL,-1,1,0,1,30
2.021E+11,1,2,2021,16:25:00,1,21,21663,2,7,1,3,Avenue de la Gare,"475,429,170,000","44,602,940,000",2.021E+11,107 671,B01,1,1,0,2,1,1,5,NULL,2.021E+11,142 935,107 671,B01,1,1,4,1,1987,4,0,-1,-1,0,0,-1,2.021E+11,3,954,-1,NULL,2,2,0,1,30,650,1,NULL,-1,1,0,1,30
2.021E+11,30,1,2021,10:30:00,1,987,98758,2,1,1,3,"PK 5 , côte Ouest","-167,274,390,000","-1,514,755,600,000",2.021E+11,106 779,B01,1,1,0,2,8,1,1,NULL,2.021E+11,141 775,106 778,A01,1,1,4,1,1987,5,2,-1,-1,0,0,-1,2.021E+11,3,131,0,T,2,2,0,1,5,0,1,NULL,-1,1,0,1,60
2.021E+11,30,1,2021,10:30:00,1,987,98758,2,1,1,3,"PK 5 , côte Ouest","-167,274,390,000","-1,514,755,600,000",2.021E+11,106 779,B01,1,1,0,2,8,1,1,NULL,2.021E+11,141 776,106 779,B01,1,1,4,1,1958,5,0,-1,-1,0,0,-1,2.021E+11,3,131,0,T,2,2,0,1,5,0,1,NULL,-1,1,0,1,60
2.021E+11,19,1,2021,21:40:00,4,75,75112,2,2,1,3,PLACE DU CARDINAL LAVIGERIE,"488,333,540,000","24,022,690,000",2.021E+11,104 400,B01,1,1,0,2,2,1,5,NULL,2.021E+11,138 561,104 399,A01,1,1,1,1,1986,5,8,0,-1,0,0,-1,2.021E+11,4,PLACE DU CARDINAL LAVIGERIE,0,NULL,2,2,0,1,-1,-1,1,NULL,-1,1,-1,5,50
2.021E+11,19,1,2021,21:40:00,4,75,75112,2,2,1,3,PLACE DU CARDINAL LAVIGERIE,"488,333,540,000","24,022,690,000",2.021E+11,104 400,B01,1,1,0,2,2,1,5,NULL,2.021E+11,138 562,104 400,B01,1,1,3,1,1982,5,8,0,-1,0,0,-1,2.021E+11,4,PLACE DU CARDINAL LAVIGERIE,0,NULL,2,2,0,1,-1,-1,1,NULL,-1,1,-1,5,50
2.021E+11,15,1,2021,13:15:00,1,94,94054,2,1,1,2,FER A CHEVAL (R DU),"487,438,400,000","24,080,500,000",2.021E+11,103 624,B01,3,1,0,2,8,19,0,NULL,2.021E+11,137 509,103 623,A01,1,1,1,2,1998,4,1,8,-1,-1,-1,-1,2.021E+11,4,R DU FER A CHEVAL,0,NULL,2,2,0,1,0,1,1,NULL,-1,1,0,1,50
2.021E+11,15,1,2021,13:15:00,1,94,94054,2,1,1,2,FER A CHEVAL (R DU),"487,438,400,000","24,080,500,000",2.021E+11,103 624,B01,3,1,0,2,8,19,0,NULL,2.021E+11,137 510,103 623,A01,2,2,1,2,2000,0,1,0,-1,-1,-1,-1,2.021E+11,4,R DU FER A CHEVAL,0,NULL,2,2,0,1,0,1,1,NULL,-1,1,0,1,50
2.021E+11,15,1,2021,13:15:00,1,94,94054,2,1,1,2,FER A CHEVAL (R DU),"487,438,400,000","24,080,500,000",2.021E+11,103 624,B01,3,1,0,2,8,19,0,NULL,2.021E+11,137 511,103 624,B01,1,1,4,2,1972,5,8,8,-1,-1,-1,-1,2.021E+11,4,R DU FER A CHEVAL,0,NULL,2,2,0,1,0,1,1,NULL,-1,1,0,1,50
2.021E+11,11,1,2021,08:10:00,5,78,78650,2,2,1,3,ALSACE (AVENUE D'),"488,878,800,000","21,274,500,000",2.021E+11,102 712,B01,1,1,0,2,0,1,5,NULL,2.021E+11,136 310,102 712,B01,1,1,2,1,2004,2,2,-1,-1,-1,-1,-1,2.021E+11,3,ALSACE (AVENUE D'),0,NULL,2,2,0,1,1,610,1,NULL,-1,2,5,1,50
2.021E+11,11,1,2021,08:10:00,5,78,78650,2,2,1,3,ALSACE (AVENUE D'),"488,878,800,000","21,274,500,000",2.021E+11,102 712,B01,1,1,0,2,0,1,5,NULL,2.021E+11,136 311,102 713,A01,1,1,1,1,1967,4,8,0,-1,-1,-1,-1,2.021E+11,3,ALSACE (AVENUE D'),0,NULL,2,2,0,1,1,610,1,NULL,-1,2,5,1,50
2.021E+11,26,10,2021,09:10:00,1,93,93059,2,3,1,3,MERCHER (PASSAGE),"489,493,300,000","23,577,500,000",2.021E+11,182 157,B01,-1,1,0,2,7,25,5,NULL,2.021E+11,241 240,182 157,B01,1,1,4,1,1983,3,8,0,-1,-1,-1,-1,2.021E+11,3,ELYSEE RECLUS (AVENUE) N° 23 AU 217,0,NULL,1,2,1,1,0,1,1,NULL,-1,1,0,5,30
2.021E+11,26,10,2021,09:10:00,1,93,93059,2,3,1,3,MERCHER (PASSAGE),"489,493,300,000","23,577,500,000",2.021E+11,182 157,B01,-1,1,0,2,7,25,5,NULL,2.021E+11,241 241,182 158,A01,1,1,1,2,1983,1,1,0,-1,-1,-1,-1,2.021E+11,3,ELYSEE RECLUS (AVENUE) N° 23 AU 217,0,NULL,1,2,1,1,0,1,1,NULL,-1,1,0,5,30
2.021E+11,26,9,2021,16:15:00,1,14,14200,2,1,1,3,Rue des druides,"492,830,830,000"," -0,5379470000",2.021E+11,174 185,B01,0,1,0,2,3,1,5,NULL,2.021E+11,230 882,174 184,A01,1,1,4,1,2007,5,2,6,-1,0,0,-1,2.021E+11,4,NULL,-1,NULL,2,2,0,1,-1,-1,3,NULL,4,1,0,1,30
2.021E+11,26,9,2021,16:15:00,1,14,14200,2,1,1,3,Rue des druides,"492,830,830,000"," -0,5379470000",2.021E+11,174 185,B01,0,1,0,2,3,1,5,NULL,2.021E+11,230 883,174 185,B01,1,1,3,2,1962,5,0,-1,-1,0,0,-1,2.021E+11,4,NULL,-1,NULL,2,2,0,1,-1,-1,3,NULL,4,1,0,1,30
2.021E+11,4,10,2021,12:05:00,1,60,60450,2,3,1,1,Route de Crouy,"492,239,250,000","22,908,850,000",2.021E+11,174 124,B01,2,1,0,2,7,1,5,NULL,2.021E+11,230 793,174 124,B01,1,1,4,1,1965,1,0,-1,-1,0,0,-1,2.021E+11,3,NULL,0,NULL,2,2,0,1,0,300,1,NULL,5,1,0,1,50
2.021E+11,4,10,2021,12:05:00,1,60,60450,2,3,1,1,Route de Crouy,"492,239,250,000","22,908,850,000",2.021E+11,174 124,B01,2,1,0,2,7,1,5,NULL,2.021E+11,230 794,174 125,A01,1,1,1,2,1999,1,1,-1,-1,0,0,-1,2.021E+11,3,NULL,0,NULL,2,2,0,1,0,300,1,NULL,5,1,0,1,50
2.021E+11,30,9,2021,18:10:00,1,56,56121,2,1,8,2,SVOB ( BOULEVARD EMMANUEL),"477,508,400,000","-33,680,400,000",2.021E+11,173 882,B01,2,1,1,0,1,1,5,NULL,2.021E+11,230 486,173 881,A01,1,1,1,1,1978,5,1,8,-1,-1,-1,-1,2.021E+11,4,SVOB ( BOULEVARD EMMANUEL),0,NULL,2,2,0,1,-1,-1,1,NULL,-1,1,0,1,30
2.021E+11,30,9,2021,18:10:00,1,56,56121,2,1,8,2,SVOB ( BOULEVARD EMMANUEL),"477,508,400,000","-33,680,400,000",2.021E+11,173 882,B01,2,1,1,0,1,1,5,NULL,2.021E+11,230 487,173 882,B01,1,1,4,1,2002,5,8,8,-1,-1,-1,-1,2.021E+11,4,SVOB ( BOULEVARD EMMANUEL),0,NULL,2,2,0,1,-1,-1,1,NULL,-1,1,0,1,30
2.021E+11,21,9,2021,08:10:00,1,94,94068,2,1,1,3,Avenue de Liège,"487,909,100,000","24,989,900,000",2.021E+11,170 161,B01,2,1,0,2,0,2,5,NULL,2.021E+11,225 625,170 161,B01,1,1,4,2,1960,5,2,0,-1,0,0,-1,2.021E+11,4,LIEGE (AV DE),0,NULL,2,2,1,1,1,0,1,NULL,-1,1,0,1,50
2.021E+11,21,9,2021,08:10:00,1,94,94068,2,1,1,3,Avenue de Liège,"487,909,100,000","24,989,900,000",2.021E+11,170 161,B01,2,1,0,2,0,2,5,NULL,2.021E+11,225 626,170 162,A01,1,1,1,1,2000,4,1,0,-1,0,0,-1,2.021E+11,4,LIEGE (AV DE),0,NULL,2,2,1,1,1,0,1,NULL,-1,1,0,1,50
2.021E+11,14,9,2021,17:25:00,1,37,37208,2,1,2,6,PIERRES PLATES (RUE DES),"473,568,008,070","0,7348491758",2.021E+11,168 096,A01,2,1,0,1,1,14,5,NULL,2.021E+11,222 916,168 096,A01,10,3,4,2,1937,5,0,-1,-1,5,3,1,2.021E+11,4,PIERRES PLATES (RUE DES),0,NULL,2,2,1,1,-1,-1,1,NULL,-1,2,0,5,50
2.021E+11,14,9,2021,17:25:00,1,37,37208,2,1,2,6,PIERRES PLATES (RUE DES),"473,568,008,070","0,7348491758",2.021E+11,168 096,A01,2,1,0,1,1,14,5,NULL,2.021E+11,222 917,168 096,A01,1,1,1,1,1997,5,8,0,-1,-1,-1,-1,2.021E+11,4,PIERRES PLATES (RUE DES),0,NULL,2,2,1,1,-1,-1,1,NULL,-1,2,0,5,50
2.021E+11,7,9,2021,18:20:00,1,13,13211,2,2,1,1,LOUIS REGIS (RUE),"432,885,600,000","54,990,800,000",2.021E+11,165 336,B01,3,1,0,2,1,2,5,NULL,2.021E+11,219 347,165 336,B01,1,1,4,1,1977,1,8,0,-1,-1,-1,-1,2.021E+11,7,LOUIS REGIS (RUE),0,NULL,2,4,0,1,0,0,1,NULL,-1,1,0,1,50
2.021E+11,7,9,2021,18:20:00,1,13,13211,2,2,1,1,LOUIS REGIS (RUE),"432,885,600,000","54,990,800,000",2.021E+11,165 336,B01,3,1,0,2,1,2,5,NULL,2.021E+11,219 348,165 337,A01,1,1,1,2,1953,0,8,0,-1,-1,-1,-1,2.021E+11,7,LOUIS REGIS (RUE),0,NULL,2,4,0,1,0,0,1,NULL,-1,1,0,1,50
2.021E+11,20,8,2021,15:25:00,1,14,14118,2,1,1,6,Rue des Equipes d’Urgence,"491,806,900,000"," -0,3582200000",2.021E+11,160 075,A01,1,1,0,1,1,1,5,NULL,2.021E+11,212 284,160 075,A01,1,1,1,1,1968,5,0,-1,-1,0,0,-1,2.021E+11,4,EQUIPES D'URGENCES (RUE DES),0,NULL,1,1,0,1,1,0,1,NULL,-1,1,0,1,50
2.021E+11,20,8,2021,15:25:00,1,14,14118,2,1,1,6,Rue des Equipes d’Urgence,"491,806,900,000"," -0,3582200000",2.021E+11,160 075,A01,1,1,0,1,1,1,5,NULL,2.021E+11,212 285,160 075,A01,10,3,3,2,1968,5,0,-1,-1,2,3,1,2.021E+11,4,EQUIPES D'URGENCES (RUE DES),0,NULL,1,1,0,1,1,0,1,NULL,-1,1,0,1,50
2.021E+11,20,8,2021,13:27:00,1,91,91161,2,2,1,3,CAR DES CHAMPARTS,"487,154,900,000","22,984,500,000",2.021E+11,160 053,B01,1,1,0,2,8,19,5,NULL,2.021E+11,212 260,160 053,B01,1,1,3,1,1956,0,8,0,-1,-1,-1,-1,2.021E+11,2,20,0,NULL,3,2,1,1,0,0,1,NULL,-1,1,6,5,50
2.021E+11,20,8,2021,13:27:00,1,91,91161,2,2,1,3,CAR DES CHAMPARTS,"487,154,900,000","22,984,500,000",2.021E+11,160 053,B01,1,1,0,2,8,19,5,NULL,2.021E+11,212 261,160 054,A01,1,1,1,-1,NULL,-1,-1,-1,-1,-1,-1,-1,2.021E+11,2,20,0,NULL,3,2,1,1,0,0,1,NULL,-1,1,6,5,50
2.021E+11,3,8,2021,11:00:00,1,49,49007,2,1,1,7,DAVIERS BOULEVARD,"474,792,000,000"," -0,5590000000",2.021E+11,156 464,A01,1,1,0,0,1,26,5,NULL,2.021E+11,207 267,156 464,A01,1,1,4,2,1998,1,2,0,-1,-1,-1,-1,2.021E+11,4,DAVIERS BOULEVARD,0,NULL,2,2,0,1,1,0,1,NULL,-1,1,0,1,50
2.021E+11,9,7,2021,23:45:00,4,62,62160,2,2,1,3,BRANLY (Rue Edouard),"507,196,820,000","16,202,500,000",2.021E+11,148 896,B01,3,1,0,0,1,26,5,NULL,2.021E+11,196 780,148 896,B01,1,1,3,1,2003,5,8,0,-1,-1,-1,-1,2.021E+11,3,BRANLY (Rue Edouard),0,NULL,2,2,0,1,2,525,2,NULL,-1,1,0,1,50
2.021E+11,9,7,2021,23:45:00,4,62,62160,2,2,1,3,BRANLY (Rue Edouard),"507,196,820,000","16,202,500,000",2.021E+11,148 896,B01,3,1,0,0,1,26,5,NULL,2.021E+11,196 781,148 897,A01,1,1,1,1,1989,5,8,0,-1,-1,-1,-1,2.021E+11,3,BRANLY (Rue Edouard),0,NULL,2,2,0,1,2,525,2,NULL,-1,1,0,1,50