Num_Acc,jour,mois,an,hrmn,lum,dep,com,agg,int,atm,col,adr,lat,long,Num_Acc,id_vehicule,num_veh,senc,catv,obs,obsm,choc,manv,motor,occutc,Num_Acc,id_usager,id_vehicule,num_veh,place,catu,grav,sexe,an_nais,trajet,secu1,secu2,secu3,locp,actp,etatp,Num_Acc,catr,voie,v1,v2,circ,nbv,vosp,prof,pr,pr1,plan,lartpc,larrout,surf,infra,situ,vma
2.021E+11,9,7,2021,17:55:00,1,75,75107,2,2,1,6,AVENUE DE LOWENDAL,"488,527,020,000","23,095,650,000",2.021E+11,148 464,A01,2,1,0,1,1,1,5,NULL,2.021E+11,196 151,148 464,A01,10,3,1,1,1972,9,0,-1,-1,4,3,1,2.021E+11,4,AVENUE DE LOWENDAL,0,NULL,2,2,0,1,-1,-1,1,NULL,-1,1,0,1,50
2.021E+11,9,7,2021,17:55:00,1,75,75107,2,2,1,6,AVENUE DE LOWENDAL,"488,527,020,000","23,095,650,000",2.021E+11,148 464,A01,2,1,0,1,1,1,5,NULL,2.021E+11,196 152,148 464,A01,1,1,4,2,1996,9,2,0,-1,0,0,-1,2.021E+11,4,AVENUE DE LOWENDAL,0,NULL,2,2,0,1,-1,-1,1,NULL,-1,1,0,1,50
2.021E+11,4,7,2021,11:30:00,1,73,73034,1,1,2,7,Rte du Col du Pre,"456,854,128,764","65,766,920,301",2.021E+11,145 844,A01,3,1,0,0,9,1,5,NULL,2.021E+11,192 636,145 844,A01,1,1,3,1,1959,5,2,-1,-1,0,0,-1,2.021E+11,4,NULL,-1,NULL,2,2,0,2,-1,-1,1,NULL,4,1,0,1,80
2.021E+11,26,6,2021,16:30:00,1,26,26206,1,1,1,2,D538,"448,536,020,000","50,072,660,000",2.021E+11,144 179,B01,2,1,0,2,4,2,5,NULL,2.021E+11,190 389,144 178,A01,1,1,1,2,1956,9,1,-1,-1,0,0,-1,2.021E+11,3,538,0,NULL,2,2,0,1,56,340,1,NULL,-1,1,0,1,80
2.021E+11,26,6,2021,16:30:00,1,26,26206,1,1,1,2,D538,"448,536,020,000","50,072,660,000",2.021E+11,144 179,B01,2,1,0,2,4,2,5,NULL,2.021E+11,190 390,144 179,B01,1,1,3,2,1992,5,2,-1,-1,0,0,-1,2.021E+11,3,538,0,NULL,2,2,0,1,56,340,1,NULL,-1,1,0,1,80
2.021E+11,22,6,2021,11:27:00,1,75,75112,2,2,8,1,QUAI DE BERCY,"488,306,530,000","23,863,410,000",2.021E+11,142 945,Z01,2,1,0,2,3,13,0,NULL,2.021E+11,188 817,142 944,A01,1,1,4,2,1980,1,8,0,-1,0,0,-1,2.021E+11,4,QUAI DE BERCY,0,NULL,2,2,1,1,-1,-1,1,NULL,-1,1,0,5,50
2.021E+11,22,6,2021,11:27:00,1,75,75112,2,2,8,1,QUAI DE BERCY,"488,306,530,000","23,863,410,000",2.021E+11,142 945,Z01,2,1,0,2,3,13,0,NULL,2.021E+11,188 818,142 945,Z01,1,1,1,-1,NULL,-1,-1,-1,-1,-1,-1,-1,2.021E+11,4,QUAI DE BERCY,0,NULL,2,2,1,1,-1,-1,1,NULL,-1,1,0,5,50
2.021E+11,12,6,2021,15:20:00,1,12,12202,2,4,1,3,DECAZEVILLE (AVENUE DE) RD 840,"443,653,800,000","25,510,300,000",2.021E+11,141 231,B01,2,1,0,2,1,1,5,NULL,2.021E+11,186 544,141 230,A01,1,1,4,1,1947,5,2,-1,-1,0,0,-1,2.021E+11,3,DECAZEVILLE (AVENUE DE) RD 840,0,NULL,2,2,0,2,3,45,1,NULL,-1,1,0,1,70
2.021E+11,12,6,2021,15:20:00,1,12,12202,2,4,1,3,DECAZEVILLE (AVENUE DE) RD 840,"443,653,800,000","25,510,300,000",2.021E+11,141 231,B01,2,1,0,2,1,1,5,NULL,2.021E+11,186 545,141 231,B01,1,1,3,1,1955,5,0,-1,-1,0,0,-1,2.021E+11,3,DECAZEVILLE (AVENUE DE) RD 840,0,NULL,2,2,0,2,3,45,1,NULL,-1,1,0,1,70
2.021E+11,14,6,2021,20:15:00,1,69,69211,2,9,1,3,D337,"461,207,808,147","47,376,072,407",2.021E+11,140 019,B01,0,1,0,2,8,19,5,NULL,2.021E+11,184 997,140 018,A01,1,1,1,2,1978,1,1,-1,-1,0,0,-1,2.021E+11,3,337,-1,NULL,-1,2,1,1,2,900,1,NULL,-1,1,5,5,50
2.021E+11,14,6,2021,20:15:00,1,69,69211,2,9,1,3,D337,"461,207,808,147","47,376,072,407",2.021E+11,140 019,B01,0,1,0,2,8,19,5,NULL,2.021E+11,184 998,140 019,B01,1,1,3,1,1955,5,0,-1,-1,0,0,-1,2.021E+11,3,337,-1,NULL,-1,2,1,1,2,900,1,NULL,-1,1,5,5,50
2.021E+11,10,6,2021,19:41:00,1,49,49007,2,1,1,3,GAULLE BOULEVARD CHARLES DE,"474,696,500,000"," -0,5615200000",2.021E+11,139 128,B01,1,1,0,2,3,26,5,NULL,2.021E+11,183 785,139 128,B01,1,1,4,1,1987,9,8,0,-1,-1,-1,-1,2.021E+11,4,GAULLE BOULEVARD CHARLES DE,0,NULL,2,2,1,1,1,0,1,NULL,-1,1,0,1,50
2.021E+11,10,6,2021,19:41:00,1,49,49007,2,1,1,3,GAULLE BOULEVARD CHARLES DE,"474,696,500,000"," -0,5615200000",2.021E+11,139 128,B01,1,1,0,2,3,26,5,NULL,2.021E+11,183 786,139 129,A01,1,1,1,1,1962,9,1,0,-1,-1,-1,-1,2.021E+11,4,GAULLE BOULEVARD CHARLES DE,0,NULL,2,2,1,1,1,0,1,NULL,-1,1,0,1,50
2.021E+11,8,6,2021,18:00:00,1,69,69204,2,2,1,3,8 MAI 1945 (DU) (AV),"456,980,120,000","47,946,310,000",2.021E+11,137 641,B01,3,1,0,0,8,19,5,NULL,2.021E+11,181 871,137 641,B01,1,1,4,2,2008,5,2,-1,-1,0,0,-1,2.021E+11,7,NULL,-1,NULL,2,3,0,1,-1,-1,1,NULL,9,1,0,1,30
2.021E+11,8,6,2021,18:00:00,1,69,69204,2,2,1,3,8 MAI 1945 (DU) (AV),"456,980,120,000","47,946,310,000",2.021E+11,137 641,B01,3,1,0,0,8,19,5,NULL,2.021E+11,181 872,137 642,A01,1,1,1,1,1996,5,8,-1,-1,0,0,-1,2.021E+11,7,NULL,-1,NULL,2,3,0,1,-1,-1,1,NULL,9,1,0,1,30
2.021E+11,7,6,2021,16:30:00,1,35,35287,2,1,1,3,Rue de la Cote du Tertre,"486,312,990,000","-20,997,730,000",2.021E+11,137 278,A01,1,1,0,2,8,2,5,NULL,2.021E+11,181 410,137 277,B01,1,1,1,1,1939,5,8,-1,-1,0,0,-1,2.021E+11,3,786,-1,NULL,2,2,0,2,5,212,1,NULL,-1,1,0,1,50
2.021E+11,7,6,2021,16:30:00,1,35,35287,2,1,1,3,Rue de la Cote du Tertre,"486,312,990,000","-20,997,730,000",2.021E+11,137 278,A01,1,1,0,2,8,2,5,NULL,2.021E+11,181 411,137 278,A01,1,1,3,1,1939,5,2,-1,-1,0,0,-1,2.021E+11,3,786,-1,NULL,2,2,0,2,5,212,1,NULL,-1,1,0,1,50
2.021E+11,2,6,2021,08:45:00,1,37,37261,2,2,2,6,NATIONALE (RUE),"473,929,303,241","0,6876774878",2.021E+11,136 257,A01,1,1,0,0,8,1,2,NULL,2.021E+11,180 060,136 257,A01,1,1,3,2,1966,1,2,0,-1,-1,-1,-1,2.021E+11,4,NATIONALE (RUE),0,NULL,2,0,3,1,-1,-1,1,NULL,-1,2,0,1,20
2.021E+11,31,5,2021,17:05:00,1,33,33140,2,1,1,5,NULL,"447,719,425,679"," -0,3510586223",2.021E+11,134 929,A01,2,1,0,2,7,3,5,NULL,2.021E+11,178 366,134 927,C01,1,1,1,1,1978,4,1,-1,-1,0,0,-1,2.021E+11,3,14,-1,NULL,2,2,0,1,13,460,1,NULL,-1,1,0,1,50
2.021E+11,31,5,2021,17:05:00,1,33,33140,2,1,1,5,NULL,"447,719,425,679"," -0,3510586223",2.021E+11,134 929,A01,2,1,0,2,7,3,5,NULL,2.021E+11,178 367,134 928,B01,1,1,1,1,1969,4,1,-1,-1,0,0,-1,2.021E+11,3,14,-1,NULL,2,2,0,1,13,460,1,NULL,-1,1,0,1,50
2.021E+11,31,5,2021,17:05:00,1,33,33140,2,1,1,5,NULL,"447,719,425,679"," -0,3510586223",2.021E+11,134 929,A01,2,1,0,2,7,3,5,NULL,2.021E+11,178 368,134 929,A01,1,1,2,1,1959,5,0,-1,-1,0,0,-1,2.021E+11,3,14,-1,NULL,2,2,0,1,13,460,1,NULL,-1,1,0,1,50
2.021E+11,20,5,2021,14:30:00,1,75,75107,2,2,1,1,RUE DE LILLE,"488,600,450,000","23,245,750,000",2.021E+11,131 650,A01,1,1,0,2,0,13,5,NULL,2.021E+11,174 031,131 649,B01,1,1,1,1,1977,4,1,0,-1,0,0,-1,2.021E+11,4,RUE DE LILLE,0,NULL,1,1,0,1,-1,-1,1,NULL,-1,1,0,1,50
2.021E+11,20,5,2021,14:30:00,1,75,75107,2,2,1,1,RUE DE LILLE,"488,600,450,000","23,245,750,000",2.021E+11,131 650,A01,1,1,0,2,0,13,5,NULL,2.021E+11,174 032,131 650,A01,1,1,4,1,1989,4,8,0,-1,0,0,-1,2.021E+11,4,RUE DE LILLE,0,NULL,1,1,0,1,-1,-1,1,NULL,-1,1,0,1,50
2.021E+11,18,5,2021,06:40:00,1,75,75117,2,5,1,3,RUE DE COURCELLES,"488,875,250,000","22,947,350,000",2.021E+11,131 044,B01,1,1,0,2,3,1,5,NULL,2.021E+11,173 248,131 043,A01,1,1,1,1,1988,4,1,0,-1,0,0,-1,2.021E+11,4,RUE DE COURCELLES,0,NULL,2,6,1,1,-1,-1,1,NULL,-1,1,0,5,50
2.021E+11,18,5,2021,06:40:00,1,75,75117,2,5,1,3,RUE DE COURCELLES,"488,875,250,000","22,947,350,000",2.021E+11,131 044,B01,1,1,0,2,3,1,5,NULL,2.021E+11,173 249,131 044,B01,1,1,4,2,1959,5,2,0,-1,0,0,-1,2.021E+11,4,RUE DE COURCELLES,0,NULL,2,6,1,1,-1,-1,1,NULL,-1,1,0,5,50
2.021E+11,2,5,2021,18:25:00,1,94,94018,2,1,1,6,GRAVELLE (AV DE),"488,291,700,000","24,034,550,000",2.021E+11,127 080,A01,2,1,1,0,1,1,5,NULL,2.021E+11,168 011,127 080,A01,10,3,4,2,1954,5,0,-1,-1,4,3,2,2.021E+11,4,GRAVELLE (AV DE),0,NULL,2,2,0,1,0,1,1,NULL,-1,2,0,1,30
2.021E+11,2,5,2021,18:25:00,1,94,94018,2,1,1,6,GRAVELLE (AV DE),"488,291,700,000","24,034,550,000",2.021E+11,127 080,A01,2,1,1,0,1,1,5,NULL,2.021E+11,168 012,127 080,A01,1,1,1,1,1986,5,2,6,-1,-1,-1,-1,2.021E+11,4,GRAVELLE (AV DE),0,NULL,2,2,0,1,0,1,1,NULL,-1,2,0,1,30
2.021E+11,29,4,2021,13:15:00,1,75,75119,2,3,1,3,QUAI DE LA SEINE,"488,853,350,000","23,718,210,000",2.021E+11,126 459,B01,2,1,0,2,1,1,5,NULL,2.021E+11,167 190,126 458,A01,1,1,4,1,2007,5,8,0,-1,0,0,-1,2.021E+11,4,QUAI DE LA SEINE,0,NULL,1,2,1,1,-1,-1,1,NULL,-1,1,0,5,30
2.021E+11,29,4,2021,13:15:00,1,75,75119,2,3,1,3,QUAI DE LA SEINE,"488,853,350,000","23,718,210,000",2.021E+11,126 458,A01,2,1,0,2,1,19,5,NULL,2.021E+11,167 190,126 458,A01,1,1,4,1,2007,5,8,0,-1,0,0,-1,2.021E+11,4,QUAI DE LA SEINE,0,NULL,1,2,1,1,-1,-1,1,NULL,-1,1,0,5,30
2.021E+11,29,4,2021,13:15:00,1,75,75119,2,3,1,3,QUAI DE LA SEINE,"488,853,350,000","23,718,210,000",2.021E+11,126 459,B01,2,1,0,2,1,1,5,NULL,2.021E+11,167 191,126 459,B01,1,1,1,1,1983,5,8,0,-1,0,0,-1,2.021E+11,4,QUAI DE LA SEINE,0,NULL,1,2,1,1,-1,-1,1,NULL,-1,1,0,5,30
2.021E+11,29,4,2021,13:15:00,1,75,75119,2,3,1,3,QUAI DE LA SEINE,"488,853,350,000","23,718,210,000",2.021E+11,126 458,A01,2,1,0,2,1,19,5,NULL,2.021E+11,167 191,126 459,B01,1,1,1,1,1983,5,8,0,-1,0,0,-1,2.021E+11,4,QUAI DE LA SEINE,0,NULL,1,2,1,1,-1,-1,1,NULL,-1,1,0,5,30
2.021E+11,22,4,2021,15:50:00,1,54,54238,2,1,1,7,7 Rue de Nancy,"484,081,878,552","62,547,826,776",2.021E+11,124 349,A01,1,1,0,0,1,3,5,NULL,2.021E+11,164 505,124 349,A01,1,1,2,1,1938,5,2,-1,-1,0,0,-1,2.021E+11,3,570,-1,NULL,4,2,0,1,73,200,1,NULL,-1,1,0,1,50
2.021E+11,15,4,2021,16:10:00,1,27,27229,2,1,1,2,CONCHES (ROUTE DE),"490,231,500,000","11,244,600,000",2.021E+11,123 212,B01,0,1,0,2,4,15,5,NULL,2.021E+11,163 028,123 211,A01,1,1,3,1,2006,5,2,6,-1,0,0,-1,2.021E+11,3,CONCHES (ROUTE DE),0,NULL,2,2,0,1,-1,-1,1,NULL,-1,1,0,1,50
2.021E+11,15,4,2021,16:10:00,1,27,27229,2,1,1,2,CONCHES (ROUTE DE),"490,231,500,000","11,244,600,000",2.021E+11,123 212,B01,0,1,0,2,4,15,5,NULL,2.021E+11,163 029,123 212,B01,1,1,4,1,1977,5,2,0,-1,0,0,-1,2.021E+11,3,CONCHES (ROUTE DE),0,NULL,2,2,0,1,-1,-1,1,NULL,-1,1,0,1,50
2.021E+11,15,4,2021,16:10:00,1,27,27229,2,1,1,2,CONCHES (ROUTE DE),"490,231,500,000","11,244,600,000",2.021E+11,123 212,B01,0,1,0,2,4,15,5,NULL,2.021E+11,163 030,123 212,B01,5,2,4,1,2020,5,3,0,-1,0,0,-1,2.021E+11,3,CONCHES (ROUTE DE),0,NULL,2,2,0,1,-1,-1,1,NULL,-1,1,0,1,50
2.021E+11,19,2,2021,12:20:00,1,63,63113,2,1,1,6,LAFAYETTE (BD),"457,670,400,000","31,066,900,000",2.021E+11,122 551,B01,2,1,1,0,1,1,5,NULL,2.021E+11,162 208,122 551,B01,1,1,4,2,1969,4,8,0,-1,0,0,-1,2.021E+11,4,LAFAYETTE (BD),0,NULL,2,3,0,1,-1,-1,1,NULL,-1,1,0,1,50
2.021E+11,19,2,2021,12:20:00,1,63,63113,2,1,1,6,LAFAYETTE (BD),"457,670,400,000","31,066,900,000",2.021E+11,122 551,B01,2,1,1,0,1,1,5,NULL,2.021E+11,162 209,122 552,A01,1,1,1,1,1982,1,8,0,-1,0,0,-1,2.021E+11,4,LAFAYETTE (BD),0,NULL,2,3,0,1,-1,-1,1,NULL,-1,1,0,1,50
2.021E+11,8,4,2021,08:50:00,1,92,92062,2,1,1,6,KUPKA (RUE FRANCK) TOUR,"488,909,400,000","22,304,000,000",2.021E+11,121 974,A01,3,1,0,1,8,1,0,NULL,2.021E+11,161 424,121 974,A01,1,1,4,1,1975,1,2,8,-1,-1,-1,-1,2.021E+11,3,23,0,NULL,1,4,1,1,1,0,1,NULL,-1,1,0,5,20
2.021E+11,8,4,2021,08:50:00,1,92,92062,2,1,1,6,KUPKA (RUE FRANCK) TOUR,"488,909,400,000","22,304,000,000",2.021E+11,121 974,A01,3,1,0,1,8,1,0,NULL,2.021E+11,161 425,121 974,A01,10,3,4,2,1962,1,0,-1,-1,2,3,1,2.021E+11,3,23,0,NULL,1,4,1,1,1,0,1,NULL,-1,1,0,5,20
2.021E+11,2,4,2021,16:50:00,1,31,31424,1,6,1,7,Route de Colomiers,"435,920,870,000","12,852,980,000",2.021E+11,121 177,A01,2,1,0,0,0,0,5,NULL,2.021E+11,160 384,121 177,A01,1,1,2,1,1977,5,2,-1,-1,0,0,-1,2.021E+11,3,D82,-1,NULL,3,2,0,1,12,465,3,NULL,-1,1,0,1,70
2.021E+11,5,4,2021,08:30:00,1,978,97801,2,1,1,1,"RN7, Cripple Gate","180,802,840,000","-630,706,640,000",2.021E+11,120 972,B01,2,1,0,2,1,1,5,NULL,2.021E+11,160 118,120 972,B01,1,1,3,1,1956,5,2,-1,-1,0,0,-1,2.021E+11,2,7,-1,NULL,2,2,0,2,-1,-1,3,NULL,-1,1,0,1,50
2.021E+11,5,4,2021,08:30:00,1,978,97801,2,1,1,1,"RN7, Cripple Gate","180,802,840,000","-630,706,640,000",2.021E+11,120 972,B01,2,1,0,2,1,1,5,NULL,2.021E+11,160 119,120 973,A01,1,1,1,1,1961,5,0,-1,-1,0,0,-1,2.021E+11,2,7,-1,NULL,2,2,0,2,-1,-1,3,NULL,-1,1,0,1,50
2.021E+11,2,4,2021,20:00:00,5,75,75119,2,2,1,3,AVENUE DE LA PORTE DU PRE SAINT GERVAIS,"488,788,830,000","24,018,750,000",2.021E+11,120 861,B01,2,1,0,2,1,9,5,NULL,2.021E+11,159 954,120 860,A01,2,2,1,1,1997,9,1,0,-1,0,0,-1,2.021E+11,4,AVENUE DE LA PORTE DU PRE SAINT GERVAIS,0,NULL,3,3,0,2,-1,-1,1,NULL,-1,1,0,1,50
2.021E+11,2,4,2021,20:00:00,5,75,75119,2,2,1,3,AVENUE DE LA PORTE DU PRE SAINT GERVAIS,"488,788,830,000","24,018,750,000",2.021E+11,120 861,B01,2,1,0,2,1,9,5,NULL,2.021E+11,159 955,120 860,A01,1,1,1,1,1999,9,1,0,-1,0,0,-1,2.021E+11,4,AVENUE DE LA PORTE DU PRE SAINT GERVAIS,0,NULL,3,3,0,2,-1,-1,1,NULL,-1,1,0,1,50
2.021E+11,2,4,2021,20:00:00,5,75,75119,2,2,1,3,AVENUE DE LA PORTE DU PRE SAINT GERVAIS,"488,788,830,000","24,018,750,000",2.021E+11,120 861,B01,2,1,0,2,1,9,5,NULL,2.021E+11,159 956,120 861,B01,1,1,4,1,2003,5,8,0,-1,0,0,-1,2.021E+11,4,AVENUE DE LA PORTE DU PRE SAINT GERVAIS,0,NULL,3,3,0,2,-1,-1,1,NULL,-1,1,0,1,50
2.021E+11,17,3,2021,11:00:00,1,14,14562,2,1,1,3,Rue du Marechal Foch,"493,296,860,000"," -0,3927100000",2.021E+11,116 512,A01,1,1,0,2,0,1,5,NULL,2.021E+11,154 356,116 511,B01,1,1,1,1,2007,5,0,-1,-1,0,0,-1,2.021E+11,3,7B,-1,NULL,1,1,0,1,0,0,1,NULL,-1,1,0,1,50
2.021E+11,17,3,2021,11:00:00,1,14,14562,2,1,1,3,Rue du Marechal Foch,"493,296,860,000"," -0,3927100000",2.021E+11,116 511,B01,1,1,0,2,0,26,5,NULL,2.021E+11,154 356,116 511,B01,1,1,1,1,2007,5,0,-1,-1,0,0,-1,2.021E+11,3,7B,-1,NULL,1,1,0,1,0,0,1,NULL,-1,1,0,1,50
2.021E+11,17,3,2021,11:00:00,1,14,14562,2,1,1,3,Rue du Marechal Foch,"493,296,860,000"," -0,3927100000",2.021E+11,116 512,A01,1,1,0,2,0,1,5,NULL,2.021E+11,154 357,116 512,A01,1,1,4,1,1952,5,2,-1,-1,0,0,-1,2.021E+11,3,7B,-1,NULL,1,1,0,1,0,0,1,NULL,-1,1,0,1,50
2.021E+11,17,3,2021,11:00:00,1,14,14562,2,1,1,3,Rue du Marechal Foch,"493,296,860,000"," -0,3927100000",2.021E+11,116 511,B01,1,1,0,2,0,26,5,NULL,2.021E+11,154 357,116 512,A01,1,1,4,1,1952,5,2,-1,-1,0,0,-1,2.021E+11,3,7B,-1,NULL,1,1,0,1,0,0,1,NULL,-1,1,0,1,50
2.021E+11,5,3,2021,17:10:00,1,75,75112,2,3,1,7,QUAI DE LA RAPEE,"488,408,630,358","23,738,380,618",2.021E+11,115 428,A01,1,1,0,0,0,1,5,NULL,2.021E+11,152 941,115 428,A01,1,1,4,2,2002,9,8,0,-1,0,0,-1,2.021E+11,4,QUAI DE LA RAPEE,0,NULL,1,1,0,1,-1,-1,1,NULL,-1,1,0,1,50
2.021E+11,13,1,2021,16:40:00,1,22,22220,1,1,2,7,4 Lieu Dit Lan Brugou,"482,092,420,000","-32,644,040,000",2.021E+11,103 309,A01,1,1,0,0,0,0,5,NULL,2.021E+11,137 080,103 309,A01,1,1,2,1,1948,5,2,6,-1,0,0,-1,2.021E+11,3,31,0,NULL,2,2,0,1,4,-1,1,NULL,-1,2,0,8,80
2.021E+11,4,1,2021,17:15:00,5,6,6019,2,6,8,2,Route Departementale 2204,"437,812,660,000","73,378,620,000",2.021E+11,101 791,B01,0,1,0,0,4,16,5,NULL,2.021E+11,135 064,101 791,B01,1,1,3,1,1981,1,2,9,-1,0,0,-1,2.021E+11,3,2204,0,D,1,1,0,1,11,270,1,NULL,-1,2,0,1,-1
2.021E+11,4,1,2021,17:15:00,5,6,6019,2,6,8,2,Route Departementale 2204,"437,812,660,000","73,378,620,000",2.021E+11,101 791,B01,0,1,0,0,4,16,5,NULL,2.021E+11,135 065,101 792,A01,1,1,1,1,1984,0,1,-1,-1,0,0,-1,2.021E+11,3,2204,0,D,1,1,0,1,11,270,1,NULL,-1,2,0,1,-1
2.021E+11,6,1,2021,14:50:00,1,35,35238,2,6,1,3,GAYEULLES (ROND POINT),"481,277,900,000","-16,521,100,000",2.021E+11,101 699,B01,3,1,0,2,1,1,5,NULL,2.021E+11,134 954,101 698,A01,1,1,1,1,1970,0,8,-1,-1,-1,-1,-1,2.021E+11,4,GAYEULLES (ROND POINT),0,NULL,1,4,1,1,-1,-1,3,NULL,-1,1,5,5,50
2.021E+11,6,1,2021,14:50:00,1,35,35238,2,6,1,3,GAYEULLES (ROND POINT),"481,277,900,000","-16,521,100,000",2.021E+11,101 699,B01,3,1,0,2,1,1,5,NULL,2.021E+11,134 955,101 699,B01,1,1,4,1,1997,9,8,-1,-1,-1,-1,-1,2.021E+11,4,GAYEULLES (ROND POINT),0,NULL,1,4,1,1,-1,-1,3,NULL,-1,1,5,5,50
2.021E+11,25,10,2021,17:35:00,2,974,97409,1,3,1,1,BRAS DES CHEVRETTES (chemin),"-209,670,000,000","556,246,500,000",2.021E+11,182 344,B01,2,1,0,2,8,1,5,NULL,2.021E+11,241 467,182 343,A01,1,1,1,1,1990,9,1,0,-1,-1,-1,-1,2.021E+11,3,BRAS DES CHEVRETTES (chemin),0,NULL,2,2,0,2,-1,-1,3,NULL,-1,1,0,1,50
2.021E+11,25,10,2021,17:35:00,2,974,97409,1,3,1,1,BRAS DES CHEVRETTES (chemin),"-209,670,000,000","556,246,500,000",2.021E+11,182 344,B01,2,1,0,2,8,1,5,NULL,2.021E+11,241 468,182 344,B01,1,1,4,1,1982,0,1,0,-1,-1,-1,-1,2.021E+11,3,BRAS DES CHEVRETTES (chemin),0,NULL,2,2,0,2,-1,-1,3,NULL,-1,1,0,1,50
2.021E+11,18,10,2021,17:35:00,1,72,72181,2,2,2,3,PIAF EDITH (RUE),"480,209,029,467","0,1556539533",2.021E+11,179 933,B01,3,1,0,2,7,19,5,NULL,2.021E+11,238 314,179 932,A01,1,1,1,1,1975,1,1,0,-1,-1,-1,-1,2.021E+11,4,PIAF EDITH (RUE),0,NULL,2,2,1,1,0,0,1,NULL,-1,2,0,1,30
2.021E+11,18,10,2021,17:35:00,1,72,72181,2,2,2,3,PIAF EDITH (RUE),"480,209,029,467","0,1556539533",2.021E+11,179 933,B01,3,1,0,2,7,19,5,NULL,2.021E+11,238 315,179 933,B01,1,1,4,1,1959,1,8,0,-1,-1,-1,-1,2.021E+11,4,PIAF EDITH (RUE),0,NULL,2,2,1,1,0,0,1,NULL,-1,2,0,1,30
2.021E+11,20,10,2021,07:40:00,2,33,33442,1,1,1,2,NULL,"450,386,115,357"," -0,2091508951",2.021E+11,179 687,B01,2,1,0,0,4,0,5,NULL,2.021E+11,238 000,179 686,A01,1,1,1,1,1999,1,1,-1,-1,0,0,-1,2.021E+11,3,cd10,0,NULL,2,2,0,2,21,205,1,NULL,-1,1,0,1,80
2.021E+11,20,10,2021,07:40:00,2,33,33442,1,1,1,2,NULL,"450,386,115,357"," -0,2091508951",2.021E+11,179 687,B01,2,1,0,0,4,0,5,NULL,2.021E+11,238 001,179 687,B01,1,1,2,1,1962,1,0,-1,-1,0,0,-1,2.021E+11,3,cd10,0,NULL,2,2,0,2,21,205,1,NULL,-1,1,0,1,80
2.021E+11,8,10,2021,09:00:00,1,26,26198,2,1,1,1,15 Av John Fitzgerald Kennedy,"445,537,500,000","47,444,300,000",2.021E+11,175 995,A01,1,1,0,2,1,19,5,NULL,2.021E+11,233 200,175 995,A01,1,1,4,1,1981,9,2,8,-1,0,0,-1,2.021E+11,3,KENNEDY(Avenue John F.),0,NULL,-1,2,0,1,1,90,1,NULL,-1,1,0,8,50
2.021E+11,8,10,2021,09:00:00,1,26,26198,2,1,1,1,15 Av John Fitzgerald Kennedy,"445,537,500,000","47,444,300,000",2.021E+11,175 995,A01,1,1,0,2,1,19,5,NULL,2.021E+11,233 201,175 996,B01,1,1,1,2,1996,4,1,8,-1,0,0,-1,2.021E+11,3,KENNEDY(Avenue John F.),0,NULL,-1,2,0,1,1,90,1,NULL,-1,1,0,8,50
2.021E+11,29,9,2021,11:40:00,1,974,97407,2,1,1,3,DE GAULLE(RUE),"-209,435,300,000","552,975,200,000",2.021E+11,174 045,B01,3,1,0,2,7,19,5,NULL,2.021E+11,230 697,174 045,B01,1,1,4,1,2004,0,8,0,-1,-1,-1,-1,2.021E+11,4,DE GAULLE(RUE),0,NULL,2,2,0,2,0,0,1,NULL,-1,1,6,1,30
2.021E+11,29,9,2021,11:40:00,1,974,97407,2,1,1,3,DE GAULLE(RUE),"-209,435,300,000","552,975,200,000",2.021E+11,174 045,B01,3,1,0,2,7,19,5,NULL,2.021E+11,230 698,174 046,A01,1,1,1,1,1989,0,2,8,-1,-1,-1,-1,2.021E+11,4,DE GAULLE(RUE),0,NULL,2,2,0,2,0,0,1,NULL,-1,1,6,1,30
2.021E+11,8,9,2021,13:40:00,1,29,29269,2,1,1,2,12bis Rue de Scaer,"479,604,560,000","-36,271,050,000",2.021E+11,165 194,B01,1,1,0,2,1,1,5,NULL,2.021E+11,219 166,165 194,B01,1,1,3,1,1944,5,2,6,-1,0,0,-1,2.021E+11,3,6,-1,D,2,2,0,1,-1,-1,1,NULL,-1,1,0,1,30
2.021E+11,8,9,2021,13:40:00,1,29,29269,2,1,1,2,12bis Rue de Scaer,"479,604,560,000","-36,271,050,000",2.021E+11,165 194,B01,1,1,0,2,1,1,5,NULL,2.021E+11,219 167,165 195,A01,1,1,1,2,1996,5,8,-1,-1,0,0,-1,2.021E+11,3,6,-1,D,2,2,0,1,-1,-1,1,NULL,-1,1,0,1,30
2.021E+11,6,9,2021,15:30:00,1,75,75113,2,1,1,7,RUE DE TOLBIAC,"488,258,690,000","23,515,480,000",2.021E+11,164 869,B01,2,1,0,0,1,21,5,NULL,2.021E+11,218 741,164 869,B01,1,1,4,1,1953,1,8,0,-1,0,0,-1,2.021E+11,4,RUE DE TOLBIAC,0,NULL,3,4,0,1,-1,-1,1,NULL,-1,1,0,1,30
2.021E+11,6,9,2021,15:30:00,1,75,75113,2,1,1,7,RUE DE TOLBIAC,"488,258,690,000","23,515,480,000",2.021E+11,164 869,B01,2,1,0,0,1,21,5,NULL,2.021E+11,218 742,164 870,A01,1,1,1,2,1960,5,1,0,-1,0,0,-1,2.021E+11,4,RUE DE TOLBIAC,0,NULL,3,4,0,1,-1,-1,1,NULL,-1,1,0,1,30