Num_Acc,jour,mois,an,hrmn,lum,dep,com,agg,int,atm,col,adr,lat,long,Num_Acc,id_vehicule,num_veh,senc,catv,obs,obsm,choc,manv,motor,occutc,Num_Acc,id_usager,id_vehicule,num_veh,place,catu,grav,sexe,an_nais,trajet,secu1,secu2,secu3,locp,actp,etatp,Num_Acc,catr,voie,v1,v2,circ,nbv,vosp,prof,pr,pr1,plan,lartpc,larrout,surf,infra,situ,vma
2.021E+11,4,1,2021,18:25:00,5,75,75119,2,3,2,3,RUE MANIN,"488,816,830,000","23,810,550,000",2.021E+11,101 303,B01,2,1,0,2,3,1,5,NULL,2.021E+11,134 432,101 303,B01,1,1,4,2,1970,9,2,6,-1,0,0,-1,2.021E+11,4,RUE MANIN,0,NULL,2,2,0,1,-1,-1,1,NULL,-1,2,0,1,50
2.021E+11,4,1,2021,18:25:00,5,75,75119,2,3,2,3,RUE MANIN,"488,816,830,000","23,810,550,000",2.021E+11,101 303,B01,2,1,0,2,3,1,5,NULL,2.021E+11,134 433,101 304,A01,1,1,1,1,1945,5,1,0,-1,0,0,-1,2.021E+11,4,RUE MANIN,0,NULL,2,2,0,1,-1,-1,1,NULL,-1,2,0,1,50
2.021E+11,27,10,2021,16:10:00,1,93,93066,2,3,1,3,MITERRAND FRANCOIS (AVENUE),"489,181,622,246","23,571,313,876",2.021E+11,183 168,B01,2,1,0,2,1,1,5,NULL,2.021E+11,242 548,183 168,B01,1,1,3,1,1970,1,0,-1,-1,0,0,-1,2.021E+11,3,WILSON (AVENUE DU PRESIDENT),0,NULL,1,2,3,1,0,1,1,NULL,-1,1,0,1,50
2.021E+11,27,10,2021,16:10:00,1,93,93066,2,3,1,3,MITERRAND FRANCOIS (AVENUE),"489,181,622,246","23,571,313,876",2.021E+11,183 168,B01,2,1,0,2,1,1,5,NULL,2.021E+11,242 549,183 169,A01,1,1,1,2,1989,4,1,0,-1,-1,-1,-1,2.021E+11,3,WILSON (AVENUE DU PRESIDENT),0,NULL,1,2,3,1,0,1,1,NULL,-1,1,0,1,50
2.021E+11,9,10,2021,10:55:00,1,69,69046,2,1,1,3,SAINT-ABDON (DE) (RTE),"456,644,714,561","47,933,861,947",2.021E+11,175 851,B01,1,1,0,2,0,2,5,NULL,2.021E+11,233 022,175 851,B01,1,1,4,2,1970,5,0,-1,-1,0,0,-1,2.021E+11,7,117,0,D,2,2,0,1,3,800,1,NULL,-1,1,0,4,50
2.021E+11,9,10,2021,10:55:00,1,69,69046,2,1,1,3,SAINT-ABDON (DE) (RTE),"456,644,714,561","47,933,861,947",2.021E+11,175 851,B01,1,1,0,2,0,2,5,NULL,2.021E+11,233 023,175 852,A01,1,1,1,1,1985,5,1,-1,-1,0,0,-1,2.021E+11,7,117,0,D,2,2,0,1,3,800,1,NULL,-1,1,0,4,50
2.021E+11,24,9,2021,17:30:00,1,75,75115,2,3,1,3,RUE LECOURBE,"488,412,870,000","22,982,140,000",2.021E+11,171 135,B01,2,1,0,2,1,5,5,NULL,2.021E+11,226 895,171 134,A01,1,1,1,2,1967,9,1,0,-1,0,0,-1,2.021E+11,4,RUE LECOURBE,0,NULL,2,3,0,1,-1,-1,1,NULL,-1,1,0,1,30
2.021E+11,24,9,2021,17:30:00,1,75,75115,2,3,1,3,RUE LECOURBE,"488,412,870,000","22,982,140,000",2.021E+11,171 135,B01,2,1,0,2,1,5,5,NULL,2.021E+11,226 896,171 135,B01,1,1,4,1,1985,9,2,0,-1,0,0,-1,2.021E+11,4,RUE LECOURBE,0,NULL,2,3,0,1,-1,-1,1,NULL,-1,1,0,1,30
2.021E+11,15,9,2021,16:00:00,1,93,93006,2,1,2,3,STALINGRAD AV.,"488,700,000,000","24,200,000,000",2.021E+11,168 351,B01,3,1,0,2,8,13,5,NULL,2.021E+11,223 229,168 350,A01,1,1,1,1,1954,0,1,0,-1,-1,-1,-1,2.021E+11,4,STALINGRAD AV.,0,NULL,3,2,0,1,0,0,1,NULL,-1,2,0,1,50
2.021E+11,15,9,2021,16:00:00,1,93,93006,2,1,2,3,STALINGRAD AV.,"488,700,000,000","24,200,000,000",2.021E+11,168 351,B01,3,1,0,2,8,13,5,NULL,2.021E+11,223 230,168 351,B01,1,1,4,1,1967,0,8,0,-1,-1,-1,-1,2.021E+11,4,STALINGRAD AV.,0,NULL,3,2,0,1,0,0,1,NULL,-1,2,0,1,50
2.021E+11,7,9,2021,11:30:00,1,92,92025,2,1,7,3,CHARLES DE GAULLE (BD),"489,117,551,610","22,327,940,656",2.021E+11,165 243,A01,3,1,0,2,0,0,0,NULL,2.021E+11,219 228,165 243,A01,1,1,1,1,1973,0,2,8,-1,-1,-1,-1,2.021E+11,3,992,0,NULL,1,6,0,1,0,0,1,NULL,-1,1,0,1,50
2.021E+11,7,9,2021,11:30:00,1,92,92025,2,1,7,3,CHARLES DE GAULLE (BD),"489,117,551,610","22,327,940,656",2.021E+11,165 243,A01,3,1,0,2,0,0,0,NULL,2.021E+11,219 229,165 244,B01,1,1,4,1,1974,0,2,6,-1,-1,-1,-1,2.021E+11,3,992,0,NULL,1,6,0,1,0,0,1,NULL,-1,1,0,1,50
2.021E+11,1,9,2021,12:05:00,1,10,10387,2,6,1,1,BROCARD (RUE),"483,086,000,000","40,691,000,000",2.021E+11,163 622,A01,2,1,0,2,8,19,5,NULL,2.021E+11,217 070,163 622,A01,1,1,4,1,1970,1,8,0,-1,-1,-1,-1,2.021E+11,4,BROCARD (RUE),0,NULL,2,2,0,1,-1,-1,1,NULL,-1,1,0,5,50
2.021E+11,1,9,2021,12:05:00,1,10,10387,2,6,1,1,BROCARD (RUE),"483,086,000,000","40,691,000,000",2.021E+11,163 622,A01,2,1,0,2,8,19,5,NULL,2.021E+11,217 071,163 623,B01,1,1,1,2,1979,1,1,0,-1,-1,-1,-1,2.021E+11,4,BROCARD (RUE),0,NULL,2,2,0,1,-1,-1,1,NULL,-1,1,0,5,50
2.021E+11,20,8,2021,12:20:00,1,75,75111,2,2,1,3,BOULEVARD VOLTAIRE,"488,637,640,000","23,701,160,000",2.021E+11,159 935,B01,2,1,0,2,3,15,5,NULL,2.021E+11,212 116,159 935,B01,1,1,4,1,1997,5,2,0,-1,0,0,-1,2.021E+11,4,BOULEVARD VOLTAIRE,0,NULL,2,4,0,1,-1,-1,1,NULL,-1,1,0,1,50
2.021E+11,20,8,2021,12:20:00,1,75,75111,2,2,1,3,BOULEVARD VOLTAIRE,"488,637,640,000","23,701,160,000",2.021E+11,159 935,B01,2,1,0,2,3,15,5,NULL,2.021E+11,212 117,159 936,A01,2,2,4,1,1992,9,2,0,-1,0,0,-1,2.021E+11,4,BOULEVARD VOLTAIRE,0,NULL,2,4,0,1,-1,-1,1,NULL,-1,1,0,1,50
2.021E+11,20,8,2021,12:20:00,1,75,75111,2,2,1,3,BOULEVARD VOLTAIRE,"488,637,640,000","23,701,160,000",2.021E+11,159 935,B01,2,1,0,2,3,15,5,NULL,2.021E+11,212 118,159 936,A01,1,1,4,1,2000,9,2,0,-1,0,0,-1,2.021E+11,4,BOULEVARD VOLTAIRE,0,NULL,2,4,0,1,-1,-1,1,NULL,-1,1,0,1,50
2.021E+11,24,7,2021,12:10:00,1,29,29003,2,1,8,1,Rue Rene Laënnec (Audierne),"480,239,170,000","-45,590,900,000",2.021E+11,152 686,B01,1,1,0,2,1,1,5,NULL,2.021E+11,201 991,152 686,B01,1,1,4,1,2006,5,2,-1,-1,0,0,-1,2.021E+11,4,NULL,-1,NULL,2,2,0,1,-1,-1,1,NULL,4,2,0,1,50
2.021E+11,24,7,2021,12:10:00,1,29,29003,2,1,8,1,Rue Rene Laënnec (Audierne),"480,239,170,000","-45,590,900,000",2.021E+11,152 686,B01,1,1,0,2,1,1,5,NULL,2.021E+11,201 992,152 687,A01,1,1,1,1,1990,5,1,-1,-1,0,0,-1,2.021E+11,4,NULL,-1,NULL,2,2,0,1,-1,-1,1,NULL,4,2,0,1,50
2.021E+11,21,7,2021,18:50:00,1,95,95197,2,3,1,1,Rue de la Gare,"489,753,660,000","23,327,750,000",2.021E+11,152 565,B01,2,1,0,2,1,21,5,NULL,2.021E+11,201 813,152 565,B01,1,1,4,1,1986,3,8,-1,-1,-1,0,-1,2.021E+11,3,GARE (RUE DE LA),0,NULL,2,2,0,1,10,950,2,NULL,-1,1,0,1,50
2.021E+11,21,7,2021,18:50:00,1,95,95197,2,3,1,1,Rue de la Gare,"489,753,660,000","23,327,750,000",2.021E+11,152 565,B01,2,1,0,2,1,21,5,NULL,2.021E+11,201 814,152 566,A01,1,1,1,2,1961,3,1,-1,-1,-1,0,-1,2.021E+11,3,GARE (RUE DE LA),0,NULL,2,2,0,1,10,950,2,NULL,-1,1,0,1,50
2.021E+11,20,7,2021,07:30:00,2,34,34215,2,1,1,1,Rue des Rouvieres,"436,142,400,000","35,169,500,000",2.021E+11,151 633,B01,0,1,0,2,1,1,5,NULL,2.021E+11,200 617,151 632,A01,1,1,1,1,1999,1,1,9,-1,0,0,-1,2.021E+11,4,NULL,-1,NULL,2,1,0,2,-1,-1,2,NULL,3,1,0,1,50
2.021E+11,20,7,2021,07:30:00,2,34,34215,2,1,1,1,Rue des Rouvieres,"436,142,400,000","35,169,500,000",2.021E+11,151 633,B01,0,1,0,2,1,1,5,NULL,2.021E+11,200 618,151 633,B01,1,1,3,1,1949,5,2,-1,-1,0,0,-1,2.021E+11,4,NULL,-1,NULL,2,1,0,2,-1,-1,2,NULL,3,1,0,1,50
2.021E+11,19,7,2021,08:40:00,1,69,69388,2,1,1,6,PINEL (BD),"457,366,096,267","48,902,678,490",2.021E+11,151 489,B01,1,1,1,0,1,1,5,NULL,2.021E+11,200 427,151 489,B01,1,1,4,1,1990,0,2,0,-1,-1,-1,-1,2.021E+11,4,PINEL                               (BD),0,NULL,3,2,2,2,-1,-1,1,NULL,-1,1,0,1,50
2.021E+11,7,7,2021,13:40:00,1,75,75118,2,3,1,3,RUE ORDENER,"488,908,850,000","23,532,540,000",2.021E+11,148 152,B01,2,1,0,2,2,1,5,NULL,2.021E+11,195 738,148 152,B01,1,1,4,1,1995,1,2,0,-1,0,0,-1,2.021E+11,4,RUE ORDENER,0,NULL,2,2,0,1,-1,-1,1,NULL,-1,1,0,1,50
2.021E+11,7,7,2021,13:40:00,1,75,75118,2,3,1,3,RUE ORDENER,"488,908,850,000","23,532,540,000",2.021E+11,148 152,B01,2,1,0,2,2,1,5,NULL,2.021E+11,195 739,148 153,A01,1,1,1,1,1978,9,1,0,-1,0,0,-1,2.021E+11,4,RUE ORDENER,0,NULL,2,2,0,1,-1,-1,1,NULL,-1,1,0,1,50
2.021E+11,28,6,2021,12:30:00,1,2,2712,1,1,1,2,Ferme de Camp,"492,017,614,438","35,834,821,902",2.021E+11,146 514,B01,2,1,0,0,4,0,5,NULL,2.021E+11,193 550,146 513,A01,1,1,1,1,1947,3,1,-1,-1,0,0,-1,2.021E+11,3,2,-1,NULL,2,2,0,1,54,900,1,NULL,-1,1,0,1,80
2.021E+11,28,6,2021,12:30:00,1,2,2712,1,1,1,2,Ferme de Camp,"492,017,614,438","35,834,821,902",2.021E+11,146 514,B01,2,1,0,0,4,0,5,NULL,2.021E+11,193 551,146 514,B01,1,1,2,1,2007,5,0,-1,-1,0,0,-1,2.021E+11,3,2,-1,NULL,2,2,0,1,54,900,1,NULL,-1,1,0,1,80
2.021E+11,3,7,2021,21:20:00,1,49,49007,2,1,1,1,VOLNEY,"474,600,000,000"," -0,5373000000",2.021E+11,146 191,B01,1,1,0,2,0,2,5,NULL,2.021E+11,193 112,146 190,A01,1,1,1,1,1999,5,1,0,-1,-1,-1,-1,2.021E+11,4,Dainville,0,NULL,2,1,0,1,1,0,1,NULL,-1,1,0,1,30
2.021E+11,3,7,2021,21:20:00,1,49,49007,2,1,1,1,VOLNEY,"474,600,000,000"," -0,5373000000",2.021E+11,146 191,B01,1,1,0,2,0,2,5,NULL,2.021E+11,193 113,146 191,B01,1,1,3,1,1959,5,8,0,-1,-1,-1,-1,2.021E+11,4,Dainville,0,NULL,2,1,0,1,1,0,1,NULL,-1,1,0,1,30
2.021E+11,1,7,2021,18:45:00,1,75,75117,2,1,1,2,AVENUE DE LA PORTE DE CLICHY,"488,956,390,000","23,113,900,000",2.021E+11,145 580,B01,1,1,0,2,1,7,5,NULL,2.021E+11,192 277,145 579,A01,1,1,1,1,1986,1,1,0,-1,0,0,-1,2.021E+11,4,AVENUE DE LA PORTE DE CLICHY,0,NULL,2,2,3,1,-1,-1,1,NULL,-1,1,0,6,50
2.021E+11,1,7,2021,18:45:00,1,75,75117,2,1,1,2,AVENUE DE LA PORTE DE CLICHY,"488,956,390,000","23,113,900,000",2.021E+11,145 580,B01,1,1,0,2,1,7,5,NULL,2.021E+11,192 278,145 580,B01,1,1,4,1,1990,1,2,0,-1,0,0,-1,2.021E+11,4,AVENUE DE LA PORTE DE CLICHY,0,NULL,2,2,3,1,-1,-1,1,NULL,-1,1,0,6,50
2.021E+11,13,6,2021,15:24:00,1,87,87114,1,1,1,7,PUY MOULINIER - LIEU DIT,"458,576,900,000","13,251,000,000",2.021E+11,140 569,A01,0,1,13,0,0,1,5,NULL,2.021E+11,185 686,140 569,A01,1,1,4,1,1968,5,8,0,-1,-1,-1,-1,2.021E+11,3,PUY MOULINIER - LIEU DIT,0,NULL,2,2,0,2,0,0,2,NULL,-1,1,0,1,80
2.021E+11,28,5,2021,12:05:00,1,56,56121,2,1,1,3,MULLER ( DU COLONEL JEAN ),"477,633,400,000","-33,943,900,000",2.021E+11,135 135,B01,1,1,0,2,8,1,5,NULL,2.021E+11,178 639,135 134,A01,1,1,1,2,1946,5,1,8,-1,-1,-1,-1,2.021E+11,4,MULLER ( DU COLONEL JEAN ),0,NULL,2,2,2,1,-1,-1,1,NULL,-1,1,0,5,30
2.021E+11,28,5,2021,12:05:00,1,56,56121,2,1,1,3,MULLER ( DU COLONEL JEAN ),"477,633,400,000","-33,943,900,000",2.021E+11,135 135,B01,1,1,0,2,8,1,5,NULL,2.021E+11,178 640,135 135,B01,1,1,4,1,1967,5,2,8,-1,-1,-1,-1,2.021E+11,4,MULLER ( DU COLONEL JEAN ),0,NULL,2,2,2,1,-1,-1,1,NULL,-1,1,0,5,30
2.021E+11,31,5,2021,07:50:00,1,93,93001,2,1,1,3,VALMY (RUE DE),"489,223,340,000","23,808,230,000",2.021E+11,134 973,A01,1,1,0,2,1,17,5,NULL,2.021E+11,178 424,134 972,B01,1,1,1,1,1960,4,1,0,-1,-1,-1,-1,2.021E+11,4,VALMY (RUE DE),0,NULL,2,2,0,1,0,0,1,NULL,-1,1,0,1,50
2.021E+11,31,5,2021,07:50:00,1,93,93001,2,1,1,3,VALMY (RUE DE),"489,223,340,000","23,808,230,000",2.021E+11,134 973,A01,1,1,0,2,1,17,5,NULL,2.021E+11,178 425,134 973,A01,1,1,4,1,1957,1,8,0,-1,-1,-1,-1,2.021E+11,4,VALMY (RUE DE),0,NULL,2,2,0,1,0,0,1,NULL,-1,1,0,1,50
2.021E+11,28,5,2021,08:50:00,1,75,75118,2,3,1,3,BOULEVARD NEY,"488,978,120,000","23,334,890,000",2.021E+11,134 035,A01,1,1,0,2,3,10,5,NULL,2.021E+11,177 177,134 034,B01,1,1,1,1,2005,2,8,0,-1,0,0,-1,2.021E+11,4,BOULEVARD NEY,0,NULL,1,2,1,1,-1,-1,1,NULL,-1,1,0,5,50
2.021E+11,28,5,2021,08:50:00,1,75,75118,2,3,1,3,BOULEVARD NEY,"488,978,120,000","23,334,890,000",2.021E+11,134 034,B01,1,1,0,2,1,2,5,NULL,2.021E+11,177 177,134 034,B01,1,1,1,1,2005,2,8,0,-1,0,0,-1,2.021E+11,4,BOULEVARD NEY,0,NULL,1,2,1,1,-1,-1,1,NULL,-1,1,0,5,50
2.021E+11,28,5,2021,08:50:00,1,75,75118,2,3,1,3,BOULEVARD NEY,"488,978,120,000","23,334,890,000",2.021E+11,134 035,A01,1,1,0,2,3,10,5,NULL,2.021E+11,177 178,134 035,A01,1,1,4,1,1967,1,8,0,-1,0,0,-1,2.021E+11,4,BOULEVARD NEY,0,NULL,1,2,1,1,-1,-1,1,NULL,-1,1,0,5,50
2.021E+11,28,5,2021,08:50:00,1,75,75118,2,3,1,3,BOULEVARD NEY,"488,978,120,000","23,334,890,000",2.021E+11,134 034,B01,1,1,0,2,1,2,5,NULL,2.021E+11,177 178,134 035,A01,1,1,4,1,1967,1,8,0,-1,0,0,-1,2.021E+11,4,BOULEVARD NEY,0,NULL,1,2,1,1,-1,-1,1,NULL,-1,1,0,5,50
2.021E+11,20,5,2021,20:00:00,2,75,75116,2,2,1,3,AVENUE THEOPHILE GAUTIER,"488,499,380,000","22,722,440,000",2.021E+11,131 660,A01,1,1,0,2,5,15,5,NULL,2.021E+11,174 045,131 660,A01,1,1,1,1,1996,4,2,6,-1,0,0,-1,2.021E+11,4,AVENUE THEOPHILE GAUTIER,0,NULL,2,2,0,1,-1,-1,1,NULL,-1,1,5,1,50
2.021E+11,20,5,2021,20:00:00,2,75,75116,2,2,1,3,AVENUE THEOPHILE GAUTIER,"488,499,380,000","22,722,440,000",2.021E+11,131 660,A01,1,1,0,2,5,15,5,NULL,2.021E+11,174 046,131 661,B01,1,1,4,1,1998,5,2,6,-1,0,0,-1,2.021E+11,4,AVENUE THEOPHILE GAUTIER,0,NULL,2,2,0,1,-1,-1,1,NULL,-1,1,5,1,50
2.021E+11,16,5,2021,14:30:00,1,62,62580,2,1,1,1,Rue de Saint Pol,"503,989,800,000","24,325,330,000",2.021E+11,131 598,A01,1,1,0,2,8,19,5,NULL,2.021E+11,173 963,131 597,B01,1,1,1,1,1992,5,1,-1,-1,0,0,-1,2.021E+11,3,86,-1,NULL,2,2,0,1,6,375,1,NULL,-1,1,0,1,50
2.021E+11,16,5,2021,14:30:00,1,62,62580,2,1,1,1,Rue de Saint Pol,"503,989,800,000","24,325,330,000",2.021E+11,131 598,A01,1,1,0,2,8,19,5,NULL,2.021E+11,173 964,131 598,A01,1,1,3,1,2009,5,0,-1,-1,0,0,-1,2.021E+11,3,86,-1,NULL,2,2,0,1,6,375,1,NULL,-1,1,0,1,50
2.021E+11,8,5,2021,05:00:00,5,38,38185,2,1,1,3,Rue Aimé Pupin,"451,610,700,000","57,239,500,000",2.021E+11,128 775,A01,3,1,0,2,1,26,5,NULL,2.021E+11,170 210,128 774,Z01,1,1,1,-1,NULL,-1,-1,-1,-1,-1,-1,-1,2.021E+11,6,PUPIN (RUE A.),0,NULL,-1,-1,0,1,-1,-1,1,NULL,-1,1,0,8,30
2.021E+11,8,5,2021,05:00:00,5,38,38185,2,1,1,3,Rue Aimé Pupin,"451,610,700,000","57,239,500,000",2.021E+11,128 775,A01,3,1,0,2,1,26,5,NULL,2.021E+11,170 211,128 775,A01,1,1,3,1,1980,0,8,0,-1,-1,-1,-1,2.021E+11,6,PUPIN (RUE A.),0,NULL,-1,-1,0,1,-1,-1,1,NULL,-1,1,0,8,30
2.021E+11,26,4,2021,12:15:00,1,69,69133,1,1,8,1,TOUR (DE LA) (COT),"456,336,652,610","47,907,040,791",2.021E+11,125 426,B01,0,1,0,2,1,15,-1,NULL,2.021E+11,165 890,125 425,A01,1,1,1,1,1966,0,1,-1,-1,0,0,-1,2.021E+11,4,0,0,NULL,2,2,0,2,-1,-1,3,NULL,-1,1,0,1,50
2.021E+11,26,4,2021,12:15:00,1,69,69133,1,1,8,1,TOUR (DE LA) (COT),"456,336,652,610","47,907,040,791",2.021E+11,125 426,B01,0,1,0,2,1,15,-1,NULL,2.021E+11,165 891,125 426,B01,1,1,4,2,1971,5,2,-1,-1,0,0,-1,2.021E+11,4,0,0,NULL,2,2,0,2,-1,-1,3,NULL,-1,1,0,1,50
2.021E+11,12,4,2021,08:50:00,1,75,75119,2,3,1,3,RUE DE CRIMEE,"488,885,520,000","23,792,240,000",2.021E+11,122 488,B01,1,1,0,2,8,19,5,NULL,2.021E+11,162 137,122 488,B01,1,1,4,1,1988,9,8,8,-1,0,0,-1,2.021E+11,4,RUE DE CRIMEE,0,NULL,1,1,0,1,-1,-1,1,NULL,-1,1,0,1,50
2.021E+11,12,4,2021,08:50:00,1,75,75119,2,3,1,3,RUE DE CRIMEE,"488,885,520,000","23,792,240,000",2.021E+11,122 488,B01,1,1,0,2,8,19,5,NULL,2.021E+11,162 138,122 489,A01,1,1,1,1,1988,9,1,0,-1,0,0,-1,2.021E+11,4,RUE DE CRIMEE,0,NULL,1,1,0,1,-1,-1,1,NULL,-1,1,0,1,50
2.021E+11,7,4,2021,15:30:00,1,42,42187,2,3,1,2,Rue Nicolas Cugnot,"460,450,600,000","40,602,800,000",2.021E+11,121 597,B01,2,1,0,2,8,15,5,NULL,2.021E+11,160 932,121 597,B01,1,1,3,1,1953,5,2,0,-1,-1,-1,-1,2.021E+11,4,CUGNOT (RUE NICOLAS),0,NULL,2,5,0,1,-1,-1,1,NULL,-1,1,5,1,50
2.021E+11,7,4,2021,15:30:00,1,42,42187,2,3,1,2,Rue Nicolas Cugnot,"460,450,600,000","40,602,800,000",2.021E+11,121 597,B01,2,1,0,2,8,15,5,NULL,2.021E+11,160 933,121 598,A01,1,1,1,2,1987,9,1,0,-1,-1,-1,-1,2.021E+11,4,CUGNOT (RUE NICOLAS),0,NULL,2,5,0,1,-1,-1,1,NULL,-1,1,5,1,50
2.021E+11,23,3,2021,19:00:00,1,56,56260,2,2,1,3,SAINTE-ANNE (ROUTE),"476,622,900,000","-27,785,300,000",2.021E+11,119 374,C01,2,1,0,2,1,1,5,NULL,2.021E+11,158 018,119 373,A01,1,1,1,1,1991,1,1,0,-1,-1,-1,-1,2.021E+11,4,Rue Sainte-Anne,0,NULL,2,2,0,1,-1,-1,1,NULL,-1,1,0,1,50
2.021E+11,23,3,2021,19:00:00,1,56,56260,2,2,1,3,SAINTE-ANNE (ROUTE),"476,622,900,000","-27,785,300,000",2.021E+11,119 374,C01,2,1,0,2,1,1,5,NULL,2.021E+11,158 019,119 374,C01,1,1,4,1,2002,9,2,0,-1,-1,-1,-1,2.021E+11,4,Rue Sainte-Anne,0,NULL,2,2,0,1,-1,-1,1,NULL,-1,1,0,1,50
2.021E+11,25,3,2021,16:55:00,1,94,94052,2,9,1,3,Avenue de Joinville,"488,310,800,000","24,687,600,000",2.021E+11,118 852,Y01,2,1,0,2,1,2,5,NULL,2.021E+11,157 331,118 851,B01,1,1,1,2,2003,5,1,0,-1,-1,-1,-1,2.021E+11,3,AV DE JOINVILLE,0,NULL,1,1,1,1,1,0,1,NULL,-1,1,0,5,50
2.021E+11,25,3,2021,16:55:00,1,94,94052,2,9,1,3,Avenue de Joinville,"488,310,800,000","24,687,600,000",2.021E+11,118 852,Y01,2,1,0,2,1,2,5,NULL,2.021E+11,157 332,118 852,Y01,1,1,4,1,1966,1,0,-1,-1,-1,-1,-1,2.021E+11,3,AV DE JOINVILLE,0,NULL,1,1,1,1,1,0,1,NULL,-1,1,0,5,50
2.021E+11,10,3,2021,12:25:00,1,67,67267,2,3,1,3,FREPPEL (RUE),"485,570,400,000","76,894,800,000",2.021E+11,115 020,B01,2,1,0,2,0,0,5,NULL,2.021E+11,152 421,115 019,A01,1,1,1,1,1982,1,1,8,-1,-1,-1,-1,2.021E+11,4,FREPPEL (RUE),0,NULL,2,2,0,1,0,0,3,NULL,-1,1,0,1,30
2.021E+11,10,3,2021,12:25:00,1,67,67267,2,3,1,3,FREPPEL (RUE),"485,570,400,000","76,894,800,000",2.021E+11,115 020,B01,2,1,0,2,0,0,5,NULL,2.021E+11,152 422,115 020,B01,1,1,3,2,1974,0,8,0,-1,-1,-1,-1,2.021E+11,4,FREPPEL (RUE),0,NULL,2,2,0,1,0,0,3,NULL,-1,1,0,1,30
2.021E+11,27,1,2021,19:15:00,5,77,77307,1,3,2,3,RTE DE PROVINS,"488,543,600,000","27,586,800,000",2.021E+11,106 401,B01,3,1,0,2,1,26,0,NULL,2.021E+11,141 295,106 401,B01,1,1,2,1,1942,9,8,0,-1,-1,-1,-1,2.021E+11,3,231,0,NULL,1,2,0,1,50,356,1,NULL,-1,2,0,1,70
2.021E+11,27,1,2021,19:15:00,5,77,77307,1,3,2,3,RTE DE PROVINS,"488,543,600,000","27,586,800,000",2.021E+11,106 401,B01,3,1,0,2,1,26,0,NULL,2.021E+11,141 296,106 402,A01,1,1,1,1,1982,1,1,0,-1,-1,-1,-1,2.021E+11,3,231,0,NULL,1,2,0,1,50,356,1,NULL,-1,2,0,1,70
2.021E+11,9,10,2021,12:57:00,1,63,63113,2,1,1,6,SUGNY (PLACE),"457,774,200,000","30,845,100,000",2.021E+11,177 354,A01,3,1,1,0,1,1,5,NULL,2.021E+11,234 973,177 354,A01,1,1,4,1,1995,0,2,0,-1,0,0,-1,2.021E+11,4,SUGNY (PLACE),0,NULL,2,2,0,2,-1,-1,1,NULL,-1,1,0,1,50
2.021E+11,6,10,2021,12:10:00,1,51,51454,2,2,1,3,Rue du Petit Delbourg,"492,524,566,617","40,514,523,492",2.021E+11,175 262,A01,1,1,0,2,1,19,5,NULL,2.021E+11,232 280,175 261,B01,1,1,1,2,1952,0,1,-1,-1,-1,-1,-1,2.021E+11,4,PETIT DELBOURG (RUE DU),0,NULL,2,2,0,1,-1,-1,1,NULL,-1,1,0,1,50
2.021E+11,6,10,2021,12:10:00,1,51,51454,2,2,1,3,Rue du Petit Delbourg,"492,524,566,617","40,514,523,492",2.021E+11,175 262,A01,1,1,0,2,1,19,5,NULL,2.021E+11,232 281,175 262,A01,1,1,4,1,2002,0,2,-1,-1,-1,-1,-1,2.021E+11,4,PETIT DELBOURG (RUE DU),0,NULL,2,2,0,1,-1,-1,1,NULL,-1,1,0,1,50
2.021E+11,28,9,2021,13:40:00,1,69,69259,2,2,1,6,FRANCIS DE PRESSENSE (AV),"457,265,900,000","48,625,800,000",2.021E+11,172 922,B01,0,1,0,1,0,0,-1,NULL,2.021E+11,229 260,172 922,B01,1,1,4,2,1941,5,0,-1,-1,-1,-1,-1,2.021E+11,4,FRANCIS DE PRESSENSE                (AV),0,NULL,2,3,2,1,-1,-1,1,NULL,-1,1,0,5,50
2.021E+11,28,9,2021,13:40:00,1,69,69259,2,2,1,6,FRANCIS DE PRESSENSE (AV),"457,265,900,000","48,625,800,000",2.021E+11,172 922,B01,0,1,0,1,0,0,-1,NULL,2.021E+11,229 261,172 922,B01,10,3,1,1,1956,5,8,-1,-1,4,3,1,2.021E+11,4,FRANCIS DE PRESSENSE                (AV),0,NULL,2,3,2,1,-1,-1,1,NULL,-1,1,0,5,50
2.021E+11,28,9,2021,10:00:00,1,31,31555,2,1,1,7,RUE DU COLONEL TOUSSAINT,"436,195,600,000","14,574,100,000",2.021E+11,172 692,A01,0,1,0,0,0,26,5,NULL,2.021E+11,228 982,172 692,A01,1,1,3,1,1968,1,8,0,-1,-1,-1,-1,2.021E+11,4,RUE DU COLONEL TOUSSAINT,0,NULL,1,1,0,2,-1,-1,1,NULL,-1,1,0,1,30
2.021E+11,25,9,2021,10:20:00,1,93,93078,2,2,1,3,FAUVETTES (AVENE DES),"489,554,200,000","25,528,500,000",2.021E+11,171 044,B01,2,1,0,2,8,0,5,NULL,2.021E+11,226 781,171 043,A01,1,1,1,1,1978,5,1,0,-1,-1,-1,-1,2.021E+11,4,FAUVETTES (AVENE DES),0,NULL,2,2,0,1,0,0,1,NULL,-1,1,5,1,50
2.021E+11,25,9,2021,10:20:00,1,93,93078,2,2,1,3,FAUVETTES (AVENE DES),"489,554,200,000","25,528,500,000",2.021E+11,171 044,B01,2,1,0,2,8,0,5,NULL,2.021E+11,226 782,171 044,B01,1,1,4,1,1946,5,2,0,-1,-1,-1,-1,2.021E+11,4,FAUVETTES (AVENE DES),0,NULL,2,2,0,1,0,0,1,NULL,-1,1,5,1,50