Num_Acc,jour,mois,an,hrmn,lum,dep,com,agg,int,atm,col,adr,lat,long,Num_Acc,id_vehicule,num_veh,senc,catv,obs,obsm,choc,manv,motor,occutc,Num_Acc,id_usager,id_vehicule,num_veh,place,catu,grav,sexe,an_nais,trajet,secu1,secu2,secu3,locp,actp,etatp,Num_Acc,catr,voie,v1,v2,circ,nbv,vosp,prof,pr,pr1,plan,lartpc,larrout,surf,infra,situ,vma
2.021E+11,13,3,2021,09:50:00,1,6,6027,2,9,1,3,BOUALAM ROND POINT BACHAGA,"436,602,400,000","71,441,500,000",2.021E+11,115 688,B01,3,1,0,2,1,1,5,NULL,2.021E+11,153 289,115 688,B01,1,1,4,1,1973,5,2,0,-1,0,0,-1,2.021E+11,4,BOUALAM ROND POINT BACHAGA,0,NULL,1,2,0,1,0,0,2,NULL,-1,1,9,1,50
2.021E+11,5,3,2021,12:00:00,1,51,51454,2,3,1,3,Avenue de Champagne,"492,350,880,000","40,419,330,000",2.021E+11,114 015,A01,2,1,0,2,7,1,5,NULL,2.021E+11,151 132,114 015,A01,1,1,4,1,1999,0,0,-1,-1,0,0,-1,2.021E+11,1,CHAMPAGNE   (  AVENUE DE),0,NULL,2,4,0,1,7,560,1,NULL,-1,1,0,1,50
2.021E+11,5,3,2021,12:00:00,1,51,51454,2,3,1,3,Avenue de Champagne,"492,350,880,000","40,419,330,000",2.021E+11,114 015,A01,2,1,0,2,7,1,5,NULL,2.021E+11,151 133,114 016,B01,1,1,1,1,2001,0,1,0,-1,-1,-1,-1,2.021E+11,1,CHAMPAGNE   (  AVENUE DE),0,NULL,2,4,0,1,7,560,1,NULL,-1,1,0,1,50
2.021E+11,1,3,2021,12:45:00,1,54,54304,2,4,1,3,Av Sainte Anne & Rue Aristide Briand,"486,847,842,280","61,558,547,616",2.021E+11,113 284,B01,1,1,0,2,1,1,5,NULL,2.021E+11,150 207,113 283,A01,1,1,1,1,1957,5,1,0,-1,0,0,-1,2.021E+11,7,BRIAND (RUE ARISTIDE),0,NULL,1,1,0,1,-1,-1,1,NULL,-1,1,0,1,50
2.021E+11,1,3,2021,12:45:00,1,54,54304,2,4,1,3,Av Sainte Anne & Rue Aristide Briand,"486,847,842,280","61,558,547,616",2.021E+11,113 284,B01,1,1,0,2,1,1,5,NULL,2.021E+11,150 208,113 284,B01,1,1,4,2,1965,1,2,0,-1,0,0,-1,2.021E+11,7,BRIAND (RUE ARISTIDE),0,NULL,1,1,0,1,-1,-1,1,NULL,-1,1,0,1,50
2.021E+11,28,2,2021,11:45:00,1,60,60666,1,9,1,3,D84,"491,034,730,000","26,889,900,000",2.021E+11,112 865,B01,2,1,0,2,1,1,5,NULL,2.021E+11,149 697,112 865,B01,1,1,3,1,1980,5,2,9,-1,0,0,-1,2.021E+11,3,84,-1,NULL,2,2,0,2,1,995,2,NULL,-1,1,5,1,80
2.021E+11,28,2,2021,11:45:00,1,60,60666,1,9,1,3,D84,"491,034,730,000","26,889,900,000",2.021E+11,112 865,B01,2,1,0,2,1,1,5,NULL,2.021E+11,149 698,112 866,A01,1,1,1,1,1960,0,1,-1,-1,0,0,-1,2.021E+11,3,84,-1,NULL,2,2,0,2,1,995,2,NULL,-1,1,5,1,80
2.021E+11,18,2,2021,14:30:00,1,56,56098,2,1,1,6,CROIZAT ( AVE AMBROISE ),"477,727,200,000","-33,477,800,000",2.021E+11,110 724,B01,1,1,0,2,8,13,5,NULL,2.021E+11,146 928,110 723,A01,1,1,1,2,1956,5,1,8,-1,-1,-1,-1,2.021E+11,3,724,0,NULL,2,2,0,1,101,740,1,NULL,-1,1,0,1,30
2.021E+11,18,2,2021,14:30:00,1,56,56098,2,1,1,6,CROIZAT ( AVE AMBROISE ),"477,727,200,000","-33,477,800,000",2.021E+11,110 724,B01,1,1,0,2,8,13,5,NULL,2.021E+11,146 929,110 724,B01,1,1,4,1,2009,5,2,0,-1,-1,-1,-1,2.021E+11,3,724,0,NULL,2,2,0,1,101,740,1,NULL,-1,1,0,1,30
2.021E+11,13,2,2021,12:20:00,1,75,75103,2,3,1,3,RUE SAINT MARTIN,"488,684,260,000","23,552,810,000",2.021E+11,109 463,A01,3,1,0,2,2,1,5,NULL,2.021E+11,145 284,109 463,A01,1,1,4,1,1982,4,8,0,-1,0,0,-1,2.021E+11,4,RUE SAINT MARTIN,0,NULL,1,3,0,1,-1,-1,1,NULL,-1,1,0,1,50
2.021E+11,13,2,2021,12:20:00,1,75,75103,2,3,1,3,RUE SAINT MARTIN,"488,684,260,000","23,552,810,000",2.021E+11,109 463,A01,3,1,0,2,2,1,5,NULL,2.021E+11,145 285,109 464,B01,1,1,1,1,1982,4,1,8,-1,0,0,-1,2.021E+11,4,RUE SAINT MARTIN,0,NULL,1,3,0,1,-1,-1,1,NULL,-1,1,0,1,50
2.021E+11,8,2,2021,17:00:00,1,69,69383,2,2,1,3,VICTOR AUGAGNEUR (Q),"457,562,400,000","48,403,900,000",2.021E+11,108 576,A01,1,1,0,2,6,1,5,NULL,2.021E+11,144 113,108 576,A01,1,1,3,1,2001,0,0,-1,-1,-1,-1,-1,2.021E+11,4,VICTOR AUGAGNEUR                    (QU),0,NULL,1,3,0,1,-1,-1,1,NULL,-1,1,0,1,50
2.021E+11,8,2,2021,17:00:00,1,69,69383,2,2,1,3,VICTOR AUGAGNEUR (Q),"457,562,400,000","48,403,900,000",2.021E+11,108 576,A01,1,1,0,2,6,1,5,NULL,2.021E+11,144 114,108 577,B01,1,1,1,1,1983,0,1,0,-1,-1,-1,-1,2.021E+11,4,VICTOR AUGAGNEUR                    (QU),0,NULL,1,3,0,1,-1,-1,1,NULL,-1,1,0,1,50
2.021E+11,9,1,2021,14:25:00,1,75,75103,2,4,1,3,RUE DE TURBIGO,"488,668,010,000","23,620,030,000",2.021E+11,102 322,B01,3,1,0,2,1,1,5,NULL,2.021E+11,135 771,102 322,B01,1,1,4,2,1966,1,2,8,-1,0,0,-1,2.021E+11,4,RUE DE TURBIGO,0,NULL,2,6,1,1,-1,-1,2,NULL,-1,1,-1,5,30
2.021E+11,9,1,2021,14:25:00,1,75,75103,2,4,1,3,RUE DE TURBIGO,"488,668,010,000","23,620,030,000",2.021E+11,102 322,B01,3,1,0,2,1,1,5,NULL,2.021E+11,135 772,102 323,A01,1,1,1,1,1986,5,1,8,-1,0,0,-1,2.021E+11,4,RUE DE TURBIGO,0,NULL,2,6,1,1,-1,-1,2,NULL,-1,1,-1,5,30
2.021E+11,25,10,2021,15:00:00,1,7,7281,2,1,1,7,CRUSSOL (RUE DE),"449,444,740,000","48,427,600,000",2.021E+11,181 877,A01,3,1,0,0,0,0,5,NULL,2.021E+11,240 877,181 877,A01,1,1,4,1,1994,3,8,0,-1,-1,-1,-1,2.021E+11,4,CRUSSOL (RUE DE),0,NULL,1,1,0,1,0,0,1,NULL,-1,1,0,1,30
2.021E+11,19,10,2021,18:27:00,1,49,49007,2,1,1,7,ROE,"474,739,300,000"," -0,5544200000",2.021E+11,180 614,A01,1,1,0,0,1,26,5,NULL,2.021E+11,239 189,180 614,A01,1,1,4,1,2003,1,8,0,-1,-1,-1,-1,2.021E+11,4,ROE,0,NULL,1,1,0,2,1,0,1,NULL,-1,1,0,1,30
2.021E+11,19,10,2021,17:25:00,1,75,75105,2,1,1,6,QUAI SAINT MICHEL,"488,535,070,000","23,452,260,000",2.021E+11,179 839,A01,1,1,0,1,6,1,5,NULL,2.021E+11,238 193,179 839,A01,1,1,1,1,1998,1,2,0,-1,0,0,-1,2.021E+11,4,QUAI SAINT MICHEL,0,NULL,2,5,1,1,-1,-1,1,NULL,-1,1,0,5,30
2.021E+11,19,10,2021,17:25:00,1,75,75105,2,1,1,6,QUAI SAINT MICHEL,"488,535,070,000","23,452,260,000",2.021E+11,179 839,A01,1,1,0,1,6,1,5,NULL,2.021E+11,238 194,179 839,A01,10,3,4,2,1991,5,0,-1,-1,2,3,1,2.021E+11,4,QUAI SAINT MICHEL,0,NULL,2,5,1,1,-1,-1,1,NULL,-1,1,0,5,30
2.021E+11,7,10,2021,08:30:00,1,75,75105,2,1,1,6,RUE SAINT JACQUES,"488,519,150,000","23,461,450,000",2.021E+11,175 960,A01,1,1,14,0,8,17,5,NULL,2.021E+11,233 158,175 960,A01,1,1,4,1,1992,9,2,0,-1,0,0,-1,2.021E+11,4,RUE SAINT JACQUES,0,NULL,1,3,1,1,-1,-1,1,NULL,-1,1,0,5,30
2.021E+11,28,9,2021,17:20:00,1,63,63092,1,1,1,3,D16,"459,015,970,000","29,939,150,000",2.021E+11,172 292,B01,1,1,0,2,0,11,6,NULL,2.021E+11,228 439,172 291,A01,1,1,1,1,2000,4,1,-1,-1,0,0,-1,2.021E+11,3,16,0,D,2,2,0,1,5,300,1,NULL,-1,1,0,1,80
2.021E+11,28,9,2021,17:20:00,1,63,63092,1,1,1,3,D16,"459,015,970,000","29,939,150,000",2.021E+11,172 292,B01,1,1,0,2,0,11,6,NULL,2.021E+11,228 440,172 292,B01,1,1,3,1,1969,5,2,6,-1,0,0,-1,2.021E+11,3,16,0,D,2,2,0,1,5,300,1,NULL,-1,1,0,1,80
2.021E+11,22,9,2021,01:05:00,5,75,75120,2,3,1,1,RUE DES ORTEAUX,"488,570,399,390","23,981,469,870",2.021E+11,170 338,B01,2,1,0,2,4,1,5,NULL,2.021E+11,225 848,170 338,B01,1,1,4,1,1971,9,2,0,-1,0,0,-1,2.021E+11,4,RUE DES ORTEAUX,0,NULL,2,2,1,1,-1,-1,1,NULL,-1,1,0,5,30
2.021E+11,22,9,2021,01:05:00,5,75,75120,2,3,1,1,RUE DES ORTEAUX,"488,570,399,390","23,981,469,870",2.021E+11,170 338,B01,2,1,0,2,4,1,5,NULL,2.021E+11,225 849,170 339,A01,1,1,1,1,1978,4,2,6,-1,0,0,-1,2.021E+11,4,RUE DES ORTEAUX,0,NULL,2,2,1,1,-1,-1,1,NULL,-1,1,0,5,30
2.021E+11,15,9,2021,13:10:00,1,33,33529,1,9,1,3,RD 1250 (Camicas - Sortie Dune),"446,466,200,000","-11,583,300,000",2.021E+11,168 080,B01,1,1,0,2,2,26,0,NULL,2.021E+11,222 897,168 079,A01,1,1,1,1,1951,0,1,-1,-1,-1,-1,-1,2.021E+11,3,RD 1250 (Camicas - Sortie Dune),0,NULL,2,1,0,1,47,140,1,NULL,-1,1,0,1,50
2.021E+11,15,9,2021,13:10:00,1,33,33529,1,9,1,3,RD 1250 (Camicas - Sortie Dune),"446,466,200,000","-11,583,300,000",2.021E+11,168 080,B01,1,1,0,2,2,26,0,NULL,2.021E+11,222 898,168 080,B01,1,1,4,2,2005,0,2,-1,-1,-1,-1,-1,2.021E+11,3,RD 1250 (Camicas - Sortie Dune),0,NULL,2,1,0,1,47,140,1,NULL,-1,1,0,1,50
2.021E+11,13,9,2021,09:30:00,1,75,75116,2,1,1,3,ALLEE DE LA REINE MARGUERITE,"488,491,030,000","22,420,440,000",2.021E+11,167 302,B01,3,1,0,2,1,19,5,NULL,2.021E+11,221 923,167 301,A01,1,1,1,1,2003,9,2,6,-1,0,0,-1,2.021E+11,4,ALLEE DE LA REINE MARGUERITE,0,NULL,2,2,1,1,-1,-1,1,NULL,-1,1,0,5,50
2.021E+11,13,9,2021,09:30:00,1,75,75116,2,1,1,3,ALLEE DE LA REINE MARGUERITE,"488,491,030,000","22,420,440,000",2.021E+11,167 302,B01,3,1,0,2,1,19,5,NULL,2.021E+11,221 924,167 302,B01,1,1,4,2,1986,1,2,0,-1,0,0,-1,2.021E+11,4,ALLEE DE LA REINE MARGUERITE,0,NULL,2,2,1,1,-1,-1,1,NULL,-1,1,0,5,50
2.021E+11,10,9,2021,21:25:00,5,59,59350,2,1,1,3,LIBERTE BVD N°2 - 90-51 - 145,"506,330,266,762","30,594,080,687",2.021E+11,166 500,B01,3,1,0,0,1,1,5,NULL,2.021E+11,220 843,166 499,A01,1,1,1,1,2002,5,1,0,-1,-1,-1,-1,2.021E+11,4,LIBERTE BVD N°2 - 90-51 - 145,0,NULL,1,4,3,1,-1,-1,1,NULL,-1,1,0,6,50
2.021E+11,10,9,2021,21:25:00,5,59,59350,2,1,1,3,LIBERTE BVD N°2 - 90-51 - 145,"506,330,266,762","30,594,080,687",2.021E+11,166 500,B01,3,1,0,0,1,1,5,NULL,2.021E+11,220 844,166 500,B01,1,1,4,1,2004,5,8,8,-1,-1,-1,-1,2.021E+11,4,LIBERTE BVD N°2 - 90-51 - 145,0,NULL,1,4,3,1,-1,-1,1,NULL,-1,1,0,6,50
2.021E+11,7,9,2021,09:30:00,1,67,67205,2,1,1,2,72 Rue de la Wantzenau,"486,948,880,000","77,863,790,000",2.021E+11,165 561,B01,1,1,0,2,8,25,0,NULL,2.021E+11,219 641,165 560,A01,1,1,1,1,1973,0,1,-1,-1,0,0,-1,2.021E+11,3,223,0,D,3,2,0,1,4,850,3,NULL,-1,1,0,4,50
2.021E+11,7,9,2021,09:30:00,1,67,67205,2,1,1,2,72 Rue de la Wantzenau,"486,948,880,000","77,863,790,000",2.021E+11,165 561,B01,1,1,0,2,8,25,0,NULL,2.021E+11,219 642,165 561,B01,1,1,3,2,1935,5,0,-1,-1,0,0,-1,2.021E+11,3,223,0,D,3,2,0,1,4,850,3,NULL,-1,1,0,4,50
2.021E+11,6,9,2021,20:20:00,5,31,31557,2,6,1,3,TARBES (ROUTE DE),"435,778,660,000","13,271,370,000",2.021E+11,164 927,B01,3,1,0,2,1,9,0,NULL,2.021E+11,218 813,164 926,A01,1,1,1,1,1998,5,1,0,-1,-1,-1,-1,2.021E+11,7,TARBES (ROUTE DE),0,NULL,3,2,0,1,8,165,1,NULL,-1,1,9,1,50
2.021E+11,6,9,2021,20:20:00,5,31,31557,2,6,1,3,TARBES (ROUTE DE),"435,778,660,000","13,271,370,000",2.021E+11,164 927,B01,3,1,0,2,1,9,0,NULL,2.021E+11,218 814,164 927,B01,1,1,3,2,1975,5,8,0,-1,-1,-1,-1,2.021E+11,7,TARBES (ROUTE DE),0,NULL,3,2,0,1,8,165,1,NULL,-1,1,9,1,50
2.021E+11,31,8,2021,17:00:00,1,86,86177,1,3,1,3,lieu dit virolet,"467,038,420,000","0,2636080000",2.021E+11,163 498,A01,3,1,0,2,1,1,5,NULL,2.021E+11,216 914,163 497,B01,1,1,1,1,1992,5,1,-1,-1,0,0,-1,2.021E+11,4,NULL,-1,NULL,2,2,0,1,-1,-1,1,NULL,4,1,0,1,80
2.021E+11,31,8,2021,17:00:00,1,86,86177,1,3,1,3,lieu dit virolet,"467,038,420,000","0,2636080000",2.021E+11,163 498,A01,3,1,0,2,1,1,5,NULL,2.021E+11,216 915,163 498,A01,1,1,3,1,2008,5,0,-1,-1,0,0,-1,2.021E+11,4,NULL,-1,NULL,2,2,0,1,-1,-1,1,NULL,4,1,0,1,80
2.021E+11,31,8,2021,11:25:00,1,67,67482,2,1,1,6,KEPLER (RUE),"486,052,160,000","77,208,060,000",2.021E+11,163 331,Z01,1,1,0,1,1,25,5,NULL,2.021E+11,216 694,163 331,Z01,1,1,1,-1,NULL,-1,-1,-1,-1,-1,-1,-1,2.021E+11,4,KEPLER (RUE),0,NULL,2,2,0,1,0,0,3,NULL,-1,1,9,4,50
2.021E+11,31,8,2021,11:25:00,1,67,67482,2,1,1,6,KEPLER (RUE),"486,052,160,000","77,208,060,000",2.021E+11,163 331,Z01,1,1,0,1,1,25,5,NULL,2.021E+11,216 695,163 331,Z01,10,3,4,2,1970,0,8,8,-1,5,9,3,2.021E+11,4,KEPLER (RUE),0,NULL,2,2,0,1,0,0,3,NULL,-1,1,9,4,50
2.021E+11,26,8,2021,19:00:00,1,67,67482,2,4,7,3,BOECKLIN (RUE),"486,010,800,000","77,818,000,000",2.021E+11,161 904,B01,2,1,0,2,0,1,5,NULL,2.021E+11,214 765,161 903,A01,1,1,1,1,1980,0,1,8,-1,-1,-1,-1,2.021E+11,4,NULL,0,NULL,1,1,1,1,-1,-1,1,NULL,-1,1,5,1,50
2.021E+11,26,8,2021,19:00:00,1,67,67482,2,4,7,3,BOECKLIN (RUE),"486,010,800,000","77,818,000,000",2.021E+11,161 904,B01,2,1,0,2,0,1,5,NULL,2.021E+11,214 766,161 904,B01,1,1,4,2,1955,0,8,0,-1,-1,-1,-1,2.021E+11,4,NULL,0,NULL,1,1,1,1,-1,-1,1,NULL,-1,1,5,1,50
2.021E+11,26,8,2021,18:00:00,1,93,93048,2,2,1,2,Rue Robespierre / Rue Cuvier,"488,509,100,000","24,246,100,000",2.021E+11,161 449,B01,1,1,1,0,0,0,0,NULL,2.021E+11,214 165,161 448,A01,1,1,1,1,1993,0,1,0,-1,-1,-1,-1,2.021E+11,3,ROBESPIERRE (RUE),0,NULL,2,2,0,2,1,0,1,NULL,-1,1,0,1,50
2.021E+11,26,8,2021,18:00:00,1,93,93048,2,2,1,2,Rue Robespierre / Rue Cuvier,"488,509,100,000","24,246,100,000",2.021E+11,161 449,B01,1,1,1,0,0,0,0,NULL,2.021E+11,214 166,161 449,B01,1,1,4,1,1988,0,8,0,-1,-1,-1,-1,2.021E+11,3,ROBESPIERRE (RUE),0,NULL,2,2,0,2,1,0,1,NULL,-1,1,0,1,50
2.021E+11,30,7,2021,05:25:00,2,59,59178,2,6,1,3,HERILLIER (PLACE L'),"503,629,100,000","30,784,500,000",2.021E+11,160 415,B01,1,1,0,2,4,0,5,NULL,2.021E+11,212 782,160 414,A01,1,1,4,1,2000,0,1,0,-1,-1,-1,-1,2.021E+11,3,HERILLIER (PLACE L'),0,NULL,2,2,0,1,-1,-1,1,NULL,-1,1,0,1,50
2.021E+11,30,7,2021,05:25:00,2,59,59178,2,6,1,3,HERILLIER (PLACE L'),"503,629,100,000","30,784,500,000",2.021E+11,160 415,B01,1,1,0,2,4,0,5,NULL,2.021E+11,212 783,160 415,B01,1,1,4,1,2000,0,2,0,-1,-1,-1,-1,2.021E+11,3,HERILLIER (PLACE L'),0,NULL,2,2,0,1,-1,-1,1,NULL,-1,1,0,1,50
2.021E+11,22,8,2021,08:30:00,1,56,56178,2,1,8,7,Rue du General Quinivet,"480,690,970,000","-29,685,560,000",2.021E+11,160 222,A01,1,1,14,0,0,1,5,NULL,2.021E+11,212 518,160 222,A01,1,1,3,1,1973,5,2,-1,-1,0,0,-1,2.021E+11,4,764,-1,E,2,2,0,2,-1,-1,2,NULL,-1,1,0,1,50
2.021E+11,18,8,2021,14:20:00,1,45,45234,2,1,8,3,Quai du Roi,"478,988,800,000","19,204,900,000",2.021E+11,159 478,A01,3,1,0,2,1,19,5,NULL,2.021E+11,211 478,159 477,B01,1,1,1,2,1954,3,1,0,-1,-1,-1,-1,2.021E+11,4,ROI (QUAI DU),0,NULL,2,2,0,1,-1,-1,1,NULL,-1,2,0,1,50
2.021E+11,18,8,2021,14:20:00,1,45,45234,2,1,8,3,Quai du Roi,"478,988,800,000","19,204,900,000",2.021E+11,159 478,A01,3,1,0,2,1,19,5,NULL,2.021E+11,211 479,159 478,A01,1,1,4,1,1977,1,8,0,-1,-1,-1,-1,2.021E+11,4,ROI (QUAI DU),0,NULL,2,2,0,1,-1,-1,1,NULL,-1,2,0,1,50
2.021E+11,17,8,2021,18:30:00,1,1,1036,2,1,1,1,CHAMPDOSSIN - BELMONT LUTHEZIEU,"458,757,060,000","56,648,040,000",2.021E+11,158 823,A01,1,1,6,2,1,0,5,NULL,2.021E+11,210 584,158 822,C01,1,1,1,1,1959,1,1,-1,-1,0,0,-1,2.021E+11,3,8,0,NULL,2,2,0,2,28,610,1,NULL,-1,1,0,1,30
2.021E+11,17,8,2021,18:30:00,1,1,1036,2,1,1,1,CHAMPDOSSIN - BELMONT LUTHEZIEU,"458,757,060,000","56,648,040,000",2.021E+11,158 823,A01,1,1,6,2,1,0,5,NULL,2.021E+11,210 585,158 823,A01,1,1,2,2,1984,5,2,-1,-1,0,0,-1,2.021E+11,3,8,0,NULL,2,2,0,2,28,610,1,NULL,-1,1,0,1,30
2.021E+11,15,8,2021,22:00:00,5,75,75118,2,3,1,3,RUE LAGILLE,"488,946,160,000","23,291,040,000",2.021E+11,158 702,B01,1,1,0,2,1,5,5,NULL,2.021E+11,210 405,158 701,A01,1,1,1,1,1980,5,1,0,-1,0,0,-1,2.021E+11,4,RUE LAGILLE,0,NULL,1,1,0,1,-1,-1,1,NULL,-1,1,0,1,30
2.021E+11,15,8,2021,22:00:00,5,75,75118,2,3,1,3,RUE LAGILLE,"488,946,160,000","23,291,040,000",2.021E+11,158 702,B01,1,1,0,2,1,5,5,NULL,2.021E+11,210 406,158 702,B01,1,1,4,1,1980,5,2,0,-1,0,0,-1,2.021E+11,4,RUE LAGILLE,0,NULL,1,1,0,1,-1,-1,1,NULL,-1,1,0,1,30
2.021E+11,8,8,2021,15:25:00,1,81,81271,2,1,1,2,Route de Saint Lieux,"437,697,240,000","17,046,210,000",2.021E+11,156 582,A01,2,1,12,2,4,1,5,NULL,2.021E+11,207 436,156 582,A01,1,1,3,2,1956,5,2,-1,-1,0,0,-1,2.021E+11,4,38,0,D,2,2,0,1,-1,-1,1,NULL,-1,1,0,1,50
2.021E+11,8,8,2021,15:25:00,1,81,81271,2,1,1,2,Route de Saint Lieux,"437,697,240,000","17,046,210,000",2.021E+11,156 582,A01,2,1,12,2,4,1,5,NULL,2.021E+11,207 437,156 583,B01,1,1,1,1,1971,5,8,-1,-1,0,0,-1,2.021E+11,4,38,0,D,2,2,0,1,-1,-1,1,NULL,-1,1,0,1,50
2.021E+11,28,7,2021,13:25:00,1,94,94073,2,9,1,3,Esplanade Auguste Perret,"487,627,900,000","23,692,900,000",2.021E+11,154 003,B01,3,1,0,2,1,1,5,NULL,2.021E+11,203 851,154 002,A01,1,1,1,1,1978,5,1,0,-1,-1,-1,-1,2.021E+11,4,FONTAINEBLEAU (AV DE),0,NULL,1,0,0,1,1,0,1,NULL,-1,1,0,1,50
2.021E+11,28,7,2021,13:25:00,1,94,94073,2,9,1,3,Esplanade Auguste Perret,"487,627,900,000","23,692,900,000",2.021E+11,154 003,B01,3,1,0,2,1,1,5,NULL,2.021E+11,203 852,154 003,B01,1,1,4,1,1982,1,2,0,-1,-1,-1,-1,2.021E+11,4,FONTAINEBLEAU (AV DE),0,NULL,1,0,0,1,1,0,1,NULL,-1,1,0,1,50
2.021E+11,18,7,2021,10:20:00,1,13,13032,1,6,1,2,Route de Berre,"435,419,540,000","53,683,560,000",2.021E+11,151 217,B01,1,1,0,2,4,1,5,NULL,2.021E+11,200 036,151 216,A01,1,1,1,1,1959,5,1,-1,-1,0,0,-1,2.021E+11,7,10,-1,NULL,2,2,0,1,40,676,2,NULL,7,1,0,1,80
2.021E+11,18,7,2021,10:20:00,1,13,13032,1,6,1,2,Route de Berre,"435,419,540,000","53,683,560,000",2.021E+11,151 217,B01,1,1,0,2,4,1,5,NULL,2.021E+11,200 037,151 217,B01,1,1,4,1,1979,5,2,-1,-1,0,0,-1,2.021E+11,7,10,-1,NULL,2,2,0,1,40,676,2,NULL,7,1,0,1,80
2.021E+11,16,7,2021,23:30:00,5,75,75116,2,2,1,3,AVENUE EDOUARD VAILLANT,"488,365,380,000","22,559,820,000",2.021E+11,150 777,A01,3,1,0,2,1,15,5,NULL,2.021E+11,199 411,150 777,A01,1,1,4,1,1986,9,8,0,-1,0,0,-1,2.021E+11,4,AVENUE EDOUARD VAILLANT,0,NULL,1,3,0,1,-1,-1,1,NULL,-1,1,0,1,50
2.021E+11,16,7,2021,23:30:00,5,75,75116,2,2,1,3,AVENUE EDOUARD VAILLANT,"488,365,380,000","22,559,820,000",2.021E+11,150 777,A01,3,1,0,2,1,15,5,NULL,2.021E+11,199 412,150 778,B01,1,1,1,1,1975,5,1,0,-1,0,0,-1,2.021E+11,4,AVENUE EDOUARD VAILLANT,0,NULL,1,3,0,1,-1,-1,1,NULL,-1,1,0,1,50
2.021E+11,30,6,2021,14:00:00,1,40,40088,2,3,1,3,DOUMER (AVENUE PAUL),"437,023,600,000","-10,565,200,000",2.021E+11,148 544,B01,1,1,0,2,7,5,5,NULL,2.021E+11,196 257,148 544,B01,1,1,3,2,1953,5,8,0,-1,-1,-1,-1,2.021E+11,4,DOUMER (AVENUE PAUL),0,NULL,1,1,1,1,-1,-1,1,NULL,-1,1,0,1,30
2.021E+11,30,6,2021,14:00:00,1,40,40088,2,3,1,3,DOUMER (AVENUE PAUL),"437,023,600,000","-10,565,200,000",2.021E+11,148 544,B01,1,1,0,2,7,5,5,NULL,2.021E+11,196 258,148 545,A01,2,2,1,1,1993,4,1,0,-1,-1,-1,-1,2.021E+11,4,DOUMER (AVENUE PAUL),0,NULL,1,1,1,1,-1,-1,1,NULL,-1,1,0,1,30
2.021E+11,30,6,2021,14:00:00,1,40,40088,2,3,1,3,DOUMER (AVENUE PAUL),"437,023,600,000","-10,565,200,000",2.021E+11,148 544,B01,1,1,0,2,7,5,5,NULL,2.021E+11,196 259,148 545,A01,1,1,1,1,1992,4,1,0,-1,-1,-1,-1,2.021E+11,4,DOUMER (AVENUE PAUL),0,NULL,1,1,1,1,-1,-1,1,NULL,-1,1,0,1,30
2.021E+11,7,7,2021,11:25:00,1,13,13039,2,1,1,3,PINS (Allée des),"434,505,000,000","49,390,900,000",2.021E+11,147 783,B01,3,1,0,2,7,1,5,NULL,2.021E+11,195 279,147 782,A01,1,1,1,1,1945,5,1,0,-1,-1,-1,-1,2.021E+11,4,PINS (Allée des),0,NULL,2,2,0,1,0,0,2,NULL,-1,1,0,1,50
2.021E+11,7,7,2021,11:25:00,1,13,13039,2,1,1,3,PINS (Allée des),"434,505,000,000","49,390,900,000",2.021E+11,147 783,B01,3,1,0,2,7,1,5,NULL,2.021E+11,195 280,147 783,B01,1,1,4,1,1982,5,8,0,-1,-1,-1,-1,2.021E+11,4,PINS (Allée des),0,NULL,2,2,0,1,0,0,2,NULL,-1,1,0,1,50
2.021E+11,29,6,2021,15:20:00,1,974,97407,2,9,1,3,SACRE COEUR (RD POINT) -RIV. DES GALETS ,"-209,552,800,000","553,116,900,000",2.021E+11,146 837,B01,3,1,0,2,7,19,5,NULL,2.021E+11,194 004,146 837,B01,1,1,4,1,2001,0,8,0,-1,-1,-1,-1,2.021E+11,4,SACRE COEUR (RD POINT) -RIV. DES GALETS ,0,NULL,1,2,1,1,0,0,1,NULL,-1,1,0,1,20
2.021E+11,29,6,2021,15:20:00,1,974,97407,2,9,1,3,SACRE COEUR (RD POINT) -RIV. DES GALETS ,"-209,552,800,000","553,116,900,000",2.021E+11,146 837,B01,3,1,0,2,7,19,5,NULL,2.021E+11,194 005,146 838,A01,1,1,1,1,1992,0,1,0,-1,-1,-1,-1,2.021E+11,4,SACRE COEUR (RD POINT) -RIV. DES GALETS ,0,NULL,1,2,1,1,0,0,1,NULL,-1,1,0,1,20
2.021E+11,25,6,2021,17:40:00,1,75,75113,2,2,1,6,RUE DE TOLBIAC,"488,257,090,000","23,484,060,000",2.021E+11,143 983,A01,2,1,0,1,1,1,5,NULL,2.021E+11,190 133,143 983,A01,10,3,4,2,1968,3,0,-1,-1,4,3,1,2.021E+11,4,RUE DE TOLBIAC,0,NULL,2,3,0,1,-1,-1,1,NULL,-1,1,0,1,50
2.021E+11,25,6,2021,17:40:00,1,75,75113,2,2,1,6,RUE DE TOLBIAC,"488,257,090,000","23,484,060,000",2.021E+11,143 983,A01,2,1,0,1,1,1,5,NULL,2.021E+11,190 134,143 983,A01,1,1,1,1,1987,5,2,0,-1,0,0,-1,2.021E+11,4,RUE DE TOLBIAC,0,NULL,2,3,0,1,-1,-1,1,NULL,-1,1,0,1,50