Num_Acc,jour,mois,an,hrmn,lum,dep,com,agg,int,atm,col,adr,lat,long,Num_Acc,id_vehicule,num_veh,senc,catv,obs,obsm,choc,manv,motor,occutc,Num_Acc,id_usager,id_vehicule,num_veh,place,catu,grav,sexe,an_nais,trajet,secu1,secu2,secu3,locp,actp,etatp,Num_Acc,catr,voie,v1,v2,circ,nbv,vosp,prof,pr,pr1,plan,lartpc,larrout,surf,infra,situ,vma
2.021E+11,23,6,2021,16:35:00,1,64,64430,2,6,1,3,rond point du portugal,"434,774,460,000"," -0,7619220000",2.021E+11,143 163,B01,1,1,0,2,8,2,5,NULL,2.021E+11,189 102,143 162,A01,1,1,1,1,1951,0,1,-1,-1,0,0,-1,2.021E+11,3,9,-1,NULL,2,2,0,1,45,230,2,NULL,-1,1,5,1,50
2.021E+11,23,6,2021,16:35:00,1,64,64430,2,6,1,3,rond point du portugal,"434,774,460,000"," -0,7619220000",2.021E+11,143 163,B01,1,1,0,2,8,2,5,NULL,2.021E+11,189 103,143 163,B01,1,1,3,2,1945,3,0,-1,-1,0,0,-1,2.021E+11,3,9,-1,NULL,2,2,0,1,45,230,2,NULL,-1,1,5,1,50
2.021E+11,14,6,2021,14:05:00,1,69,69383,2,2,1,3,MAZENOD (R),"457,586,730,000","48,448,230,000",2.021E+11,142 239,B01,1,1,0,2,1,1,5,NULL,2.021E+11,187 878,142 239,B01,1,1,4,2,1987,1,2,4,-1,-1,-1,-1,2.021E+11,4,MAZENOD                             (R ),0,NULL,1,1,2,1,-1,-1,1,NULL,-1,1,0,5,30
2.021E+11,14,6,2021,14:05:00,1,69,69383,2,2,1,3,MAZENOD (R),"457,586,730,000","48,448,230,000",2.021E+11,142 239,B01,1,1,0,2,1,1,5,NULL,2.021E+11,187 879,142 240,A01,1,1,1,2,1994,1,1,-1,-1,-1,-1,-1,2.021E+11,4,MAZENOD                             (R ),0,NULL,1,1,2,1,-1,-1,1,NULL,-1,1,0,5,30
2.021E+11,16,6,2021,00:40:00,3,44,44184,2,6,1,3,VILLES-MOLLÉ (ROUTE DE),"472,590,700,000","-22,823,700,000",2.021E+11,141 726,B01,2,1,0,2,8,1,5,NULL,2.021E+11,187 169,141 726,B01,1,1,4,1,2002,5,8,0,-1,-1,-1,-1,2.021E+11,4,VILLES-MOLLÉ (ROUTE DE),0,NULL,2,2,0,1,-1,-1,1,NULL,-1,1,5,1,50
2.021E+11,16,6,2021,00:40:00,3,44,44184,2,6,1,3,VILLES-MOLLÉ (ROUTE DE),"472,590,700,000","-22,823,700,000",2.021E+11,141 726,B01,2,1,0,2,8,1,5,NULL,2.021E+11,187 170,141 727,A01,1,1,1,1,2001,1,1,0,-1,-1,-1,-1,2.021E+11,4,VILLES-MOLLÉ (ROUTE DE),0,NULL,2,2,0,1,-1,-1,1,NULL,-1,1,5,1,50
2.021E+11,9,6,2021,20:40:00,2,31,31555,2,1,1,3,AV DE RANGUEIL,"435,743,472,127","14,576,638,038",2.021E+11,139 103,B01,1,1,0,2,9,26,5,NULL,2.021E+11,183 755,139 102,A01,1,1,1,1,1980,4,1,8,-1,-1,-1,-1,2.021E+11,4,AV DE RANGUEIL,0,NULL,-1,2,0,1,-1,-1,2,NULL,-1,1,0,1,50
2.021E+11,9,6,2021,20:40:00,2,31,31555,2,1,1,3,AV DE RANGUEIL,"435,743,472,127","14,576,638,038",2.021E+11,139 103,B01,1,1,0,2,9,26,5,NULL,2.021E+11,183 756,139 103,B01,1,1,4,1,1993,0,8,0,-1,-1,-1,-1,2.021E+11,4,AV DE RANGUEIL,0,NULL,-1,2,0,1,-1,-1,2,NULL,-1,1,0,1,50
2.021E+11,30,5,2021,19:45:00,1,92,92025,2,2,1,3,CHARLES DE GAULLE (BD),"489,180,395,151","22,243,076,563",2.021E+11,134 958,B01,3,1,0,2,0,1,5,NULL,2.021E+11,178 409,134 957,A01,1,1,1,1,1981,1,1,0,-1,-1,-1,-1,2.021E+11,3,992,0,NULL,2,6,0,1,0,0,1,NULL,-1,1,0,1,50
2.021E+11,30,5,2021,19:45:00,1,92,92025,2,2,1,3,CHARLES DE GAULLE (BD),"489,180,395,151","22,243,076,563",2.021E+11,134 958,B01,3,1,0,2,0,1,5,NULL,2.021E+11,178 410,134 958,B01,1,1,4,2,1965,5,2,4,-1,-1,-1,-1,2.021E+11,3,992,0,NULL,2,6,0,1,0,0,1,NULL,-1,1,0,1,50
2.021E+11,21,5,2021,15:36:00,1,972,97213,1,1,1,3,ROUTE DEPARTEMENTALE 3,"145,980,600,000","-609,972,400,000",2.021E+11,132 129,Y01,2,1,0,2,7,1,5,NULL,2.021E+11,174 640,132 129,Y01,1,1,4,1,1996,0,2,8,-1,0,0,-1,2.021E+11,4,ROUTE DEPARTEMENTALE 3,0,NULL,1,2,0,1,0,0,1,NULL,-1,1,0,1,50
2.021E+11,21,5,2021,15:36:00,1,972,97213,1,1,1,3,ROUTE DEPARTEMENTALE 3,"145,980,600,000","-609,972,400,000",2.021E+11,132 129,Y01,2,1,0,2,7,1,5,NULL,2.021E+11,174 641,132 130,A01,1,1,1,2,1970,1,1,5,-1,-1,-1,-1,2.021E+11,4,ROUTE DEPARTEMENTALE 3,0,NULL,1,2,0,1,0,0,1,NULL,-1,1,0,1,50
2.021E+11,16,5,2021,11:15:00,1,35,35238,1,1,2,3,TAUPINAIS (CHEMIN DE LA),"480,978,000,000","-17,190,000,000",2.021E+11,130 835,B01,0,1,0,2,1,1,5,NULL,2.021E+11,172 987,130 834,A01,1,1,1,1,1948,5,1,-1,-1,-1,-1,-1,2.021E+11,4,TAUPINAIS (CHEMIN DE LA),0,NULL,2,1,0,1,-1,-1,2,NULL,-1,2,0,1,50
2.021E+11,16,5,2021,11:15:00,1,35,35238,1,1,2,3,TAUPINAIS (CHEMIN DE LA),"480,978,000,000","-17,190,000,000",2.021E+11,130 835,B01,0,1,0,2,1,1,5,NULL,2.021E+11,172 988,130 835,B01,1,1,4,1,1957,5,8,0,-1,-1,-1,-1,2.021E+11,4,TAUPINAIS (CHEMIN DE LA),0,NULL,2,1,0,1,-1,-1,2,NULL,-1,2,0,1,50
2.021E+11,17,5,2021,17:40:00,1,78,78263,2,1,2,3,Rue de l''Eglise,"487,742,260,000","16,711,290,000",2.021E+11,130 504,B01,2,1,0,2,3,13,5,NULL,2.021E+11,172 548,130 504,B01,1,1,3,1,2007,0,0,-1,-1,0,0,-1,2.021E+11,3,983,0,NULL,2,2,0,1,48,688,1,NULL,-1,2,0,1,50
2.021E+11,17,5,2021,17:40:00,1,78,78263,2,1,2,3,Rue de l''Eglise,"487,742,260,000","16,711,290,000",2.021E+11,130 504,B01,2,1,0,2,3,13,5,NULL,2.021E+11,172 549,130 505,A01,1,1,1,1,1961,4,1,-1,-1,0,0,-1,2.021E+11,3,983,0,NULL,2,2,0,1,48,688,1,NULL,-1,2,0,1,50
2.021E+11,27,4,2021,07:12:00,2,974,97411,2,9,3,1,Boulevard Jean Jaurès,"-208,974,500,000","554,757,400,000",2.021E+11,126 281,A01,1,1,0,2,1,25,0,NULL,2.021E+11,166 975,126 280,B01,1,1,4,2,1990,1,0,-1,-1,0,0,-1,2.021E+11,2,JAURES (BOULEVARD JEAN),0,NULL,2,2,1,1,-1,-1,3,NULL,-1,2,9,5,30
2.021E+11,27,4,2021,07:12:00,2,974,97411,2,9,3,1,Boulevard Jean Jaurès,"-208,974,500,000","554,757,400,000",2.021E+11,126 281,A01,1,1,0,2,1,25,0,NULL,2.021E+11,166 976,126 281,A01,1,1,1,2,2002,2,8,8,-1,0,0,-1,2.021E+11,2,JAURES (BOULEVARD JEAN),0,NULL,2,2,1,1,-1,-1,3,NULL,-1,2,9,5,30
2.021E+11,15,4,2021,13:30:00,1,75,75110,2,1,1,3,BOULEVARD DE BONNE NOUVELLE,"488,702,740,000","23,498,950,000",2.021E+11,123 174,B01,1,1,0,2,1,1,5,NULL,2.021E+11,162 981,123 173,A01,1,1,1,1,1984,1,1,0,-1,0,0,-1,2.021E+11,4,BOULEVARD DE BONNE NOUVELLE,0,NULL,2,3,1,1,-1,-1,1,NULL,-1,1,-1,5,50
2.021E+11,15,4,2021,13:30:00,1,75,75110,2,1,1,3,BOULEVARD DE BONNE NOUVELLE,"488,702,740,000","23,498,950,000",2.021E+11,123 174,B01,1,1,0,2,1,1,5,NULL,2.021E+11,162 982,123 174,B01,1,1,4,1,1994,4,2,0,-1,0,0,-1,2.021E+11,4,BOULEVARD DE BONNE NOUVELLE,0,NULL,2,3,1,1,-1,-1,1,NULL,-1,1,-1,5,50
2.021E+11,3,4,2021,20:20:00,2,92,92026,2,1,1,3,RÉPUBLIQUE ( DE 01 A 31 ET DE 02 A 52 ),"488,999,680,000","22,466,220,000",2.021E+11,120 813,B01,3,1,0,2,8,10,5,NULL,2.021E+11,159 893,120 812,A01,1,1,1,1,2002,4,2,0,-1,-1,-1,-1,2.021E+11,3,12,0,NULL,2,2,0,1,0,0,1,NULL,-1,1,0,1,50
2.021E+11,3,4,2021,20:20:00,2,92,92026,2,1,1,3,RÉPUBLIQUE ( DE 01 A 31 ET DE 02 A 52 ),"488,999,680,000","22,466,220,000",2.021E+11,120 813,B01,3,1,0,2,8,10,5,NULL,2.021E+11,159 894,120 813,B01,1,1,4,1,1991,4,8,0,-1,-1,-1,-1,2.021E+11,3,12,0,NULL,2,2,0,1,0,0,1,NULL,-1,1,0,1,50
2.021E+11,2,4,2021,09:40:00,1,92,92051,2,1,1,3,JACQUES DULUD (RUE),"488,808,100,000","22,668,300,000",2.021E+11,120 483,A01,1,1,0,2,1,25,5,NULL,2.021E+11,159 453,120 483,A01,1,1,4,2,1985,1,8,0,-1,-1,-1,-1,2.021E+11,4,NULL,0,NULL,1,1,0,1,0,0,1,NULL,-1,1,0,1,50
2.021E+11,2,4,2021,09:40:00,1,92,92051,2,1,1,3,JACQUES DULUD (RUE),"488,808,100,000","22,668,300,000",2.021E+11,120 483,A01,1,1,0,2,1,25,5,NULL,2.021E+11,159 454,120 484,B01,1,1,1,1,1947,5,1,0,-1,-1,-1,-1,2.021E+11,4,NULL,0,NULL,1,1,0,1,0,0,1,NULL,-1,1,0,1,50
2.021E+11,5,2,2021,16:25:00,1,69,69387,2,1,8,3,JEAN JAURES (AV),"457,515,068,732","48,456,400,037",2.021E+11,108 090,B01,1,1,0,2,1,7,0,NULL,2.021E+11,143 465,108 089,A01,1,1,1,1,1947,9,1,8,-1,-1,-1,-1,2.021E+11,4,NULL,0,NULL,2,4,1,1,-1,-1,1,NULL,-1,1,0,1,50
2.021E+11,5,2,2021,16:25:00,1,69,69387,2,1,8,3,JEAN JAURES (AV),"457,515,068,732","48,456,400,037",2.021E+11,108 090,B01,1,1,0,2,1,7,0,NULL,2.021E+11,143 466,108 090,B01,1,1,4,1,2001,0,2,0,-1,-1,-1,-1,2.021E+11,4,NULL,0,NULL,2,4,1,1,-1,-1,1,NULL,-1,1,0,1,50
2.021E+11,15,1,2021,17:13:00,1,75,75104,2,4,1,7,BOULEVARD HENRI IV,"488,522,220,000","23,660,280,000",2.021E+11,103 630,A01,2,1,0,0,1,7,5,NULL,2.021E+11,137 518,103 630,A01,1,1,4,1,1985,5,2,0,-1,0,0,-1,2.021E+11,4,BOULEVARD HENRI IV,0,NULL,2,4,3,1,-1,-1,1,NULL,-1,1,-1,6,50
2.021E+11,2,11,2021,18:15:00,5,93,93064,2,8,1,3,KENNEDY (AVENUE DU PRESIDENT),"488,788,531,865","24,902,591,204",2.021E+11,184 152,B01,1,1,0,2,8,0,0,NULL,2.021E+11,243 972,184 152,B01,2,1,4,1,1961,0,2,0,-1,-1,-1,-1,2.021E+11,3,KENNEDY (AVENUE DU PRESIDENT),0,NULL,2,2,1,1,1,0,1,NULL,-1,1,0,1,50
2.021E+11,2,11,2021,18:15:00,5,93,93064,2,8,1,3,KENNEDY (AVENUE DU PRESIDENT),"488,788,531,865","24,902,591,204",2.021E+11,184 152,B01,1,1,0,2,8,0,0,NULL,2.021E+11,243 973,184 153,A01,1,1,1,1,1982,0,1,0,-1,-1,-1,-1,2.021E+11,3,KENNEDY (AVENUE DU PRESIDENT),0,NULL,2,2,1,1,1,0,1,NULL,-1,1,0,1,50
2.021E+11,20,10,2021,10:05:00,1,33,33009,2,1,1,6,NULL,"446,569,250,000","-11,480,440,000",2.021E+11,181 981,A01,2,1,0,1,1,1,5,NULL,2.021E+11,241 028,181 981,A01,10,3,1,1,1958,4,0,-1,-1,1,2,1,2.021E+11,3,PLAGE (BD DE LA) DU 01 AU 53,0,NULL,2,2,0,1,19,320,1,NULL,-1,1,0,1,50
2.021E+11,20,10,2021,10:05:00,1,33,33009,2,1,1,6,NULL,"446,569,250,000","-11,480,440,000",2.021E+11,181 981,A01,2,1,0,1,1,1,5,NULL,2.021E+11,241 029,181 981,A01,1,1,4,1,1958,4,8,-1,-1,-1,-1,-1,2.021E+11,3,PLAGE (BD DE LA) DU 01 AU 53,0,NULL,2,2,0,1,19,320,1,NULL,-1,1,0,1,50
2.021E+11,22,10,2021,17:13:00,1,17,17300,2,1,1,7,DAUPHINE  AVENUE DE LA PORTE,"461,672,800,000","-11,503,900,000",2.021E+11,180 962,A01,3,1,12,0,1,0,5,NULL,2.021E+11,239 644,180 962,A01,1,1,4,1,1992,5,8,0,-1,-1,-1,-1,2.021E+11,4,DAUPHINE  AVENUE DE LA PORTE,0,NULL,2,4,1,1,-1,-1,1,NULL,-1,1,0,5,30
2.021E+11,9,10,2021,15:10:00,1,61,61422,1,1,1,3,Lieu Dit Percher,"486,969,940,000","0,6361560000",2.021E+11,175 835,B01,1,1,0,2,6,26,6,NULL,2.021E+11,233 003,175 835,B01,1,1,4,2,1965,5,2,-1,-1,0,0,-1,2.021E+11,3,28,0,F,2,2,0,1,13,798,1,NULL,-1,1,0,3,90
2.021E+11,9,10,2021,15:10:00,1,61,61422,1,1,1,3,Lieu Dit Percher,"486,969,940,000","0,6361560000",2.021E+11,175 835,B01,1,1,0,2,6,26,6,NULL,2.021E+11,233 004,175 836,A01,1,1,1,1,1988,4,1,-1,-1,0,0,-1,2.021E+11,3,28,0,F,2,2,0,1,13,798,1,NULL,-1,1,0,3,90
2.021E+11,3,10,2021,14:30:00,1,33,33540,2,1,8,6,Rue des Anciens Combattants,"453,552,820,000","-10,607,060,000",2.021E+11,174 429,A01,2,1,1,0,1,2,5,NULL,2.021E+11,231 199,174 429,A01,1,1,2,1,1948,5,2,-1,-1,0,0,-1,2.021E+11,4,NULL,-1,NULL,1,1,0,1,-1,-1,1,NULL,4,1,0,1,50
2.021E+11,28,9,2021,12:17:00,1,5,5061,2,6,7,3,FAUVINS ( ROUTE  DES ),"445,641,000,000","60,934,900,000",2.021E+11,172 632,B01,3,1,0,2,5,1,5,NULL,2.021E+11,228 907,172 631,A01,1,1,1,2,1970,0,1,-1,-1,0,0,-1,2.021E+11,4,FAUVINS ( ROUTE  DES ),0,NULL,1,1,0,1,0,1,2,NULL,-1,1,0,1,50
2.021E+11,28,9,2021,12:17:00,1,5,5061,2,6,7,3,FAUVINS ( ROUTE  DES ),"445,641,000,000","60,934,900,000",2.021E+11,172 632,B01,3,1,0,2,5,1,5,NULL,2.021E+11,228 908,172 632,B01,1,1,4,1,1972,9,2,-1,-1,0,0,-1,2.021E+11,4,FAUVINS ( ROUTE  DES ),0,NULL,1,1,0,1,0,1,2,NULL,-1,1,0,1,50
2.021E+11,24,9,2021,17:30:00,1,973,97302,2,3,1,3,MONTABO (ROUTE DE) 2,"49,338,800,000","-522,909,000,000",2.021E+11,171 621,B01,2,1,0,9,1,5,5,NULL,2.021E+11,227 522,171 621,B01,1,1,4,2,1997,9,2,0,-1,-1,-1,-1,2.021E+11,3,MONTABO (ROUTE DE) 2,0,NULL,2,1,0,1,3,950,1,NULL,-1,1,0,1,50
2.021E+11,24,9,2021,17:30:00,1,973,97302,2,3,1,3,MONTABO (ROUTE DE) 2,"49,338,800,000","-522,909,000,000",2.021E+11,171 621,B01,2,1,0,9,1,5,5,NULL,2.021E+11,227 523,171 622,A01,1,1,1,2,1969,9,1,8,-1,-1,-1,-1,2.021E+11,3,MONTABO (ROUTE DE) 2,0,NULL,2,1,0,1,3,950,1,NULL,-1,1,0,1,50
2.021E+11,22,9,2021,18:20:00,1,37,37261,2,1,1,6,TRANCHEE (AVENUE DE LA),"474,080,880,479","0,6814726091",2.021E+11,171 360,Z01,2,1,0,1,1,7,5,NULL,2.021E+11,227 172,171 360,Z01,10,3,4,1,1992,1,8,8,-1,4,3,1,2.021E+11,4,TRANCHEE (AVENUE DE LA),0,NULL,2,4,3,2,-1,-1,1,NULL,-1,1,9,6,50
2.021E+11,22,9,2021,18:20:00,1,37,37261,2,1,1,6,TRANCHEE (AVENUE DE LA),"474,080,880,479","0,6814726091",2.021E+11,171 360,Z01,2,1,0,1,1,7,5,NULL,2.021E+11,227 173,171 360,Z01,1,1,1,-1,NULL,-1,-1,-1,-1,-1,-1,-1,2.021E+11,4,TRANCHEE (AVENUE DE LA),0,NULL,2,4,3,2,-1,-1,1,NULL,-1,1,9,6,50
2.021E+11,16,9,2021,21:15:00,5,14,14118,2,1,1,3,SAINT JEAN (RUE (DE 33 ET + ET 38 ET +),"491,822,500,000"," -0,3596600000",2.021E+11,168 774,A01,1,1,1,0,1,26,5,NULL,2.021E+11,223 782,168 773,B01,1,1,1,1,1994,5,1,0,-1,0,0,-1,2.021E+11,4,SAINT JEAN (RUE (DE 33 ET + ET 38 ET +),0,NULL,2,2,0,1,0,0,1,NULL,-1,1,0,1,50
2.021E+11,16,9,2021,21:15:00,5,14,14118,2,1,1,3,SAINT JEAN (RUE (DE 33 ET + ET 38 ET +),"491,822,500,000"," -0,3596600000",2.021E+11,168 774,A01,1,1,1,0,1,26,5,NULL,2.021E+11,223 783,168 774,A01,1,1,4,1,1987,0,8,0,-1,0,0,-1,2.021E+11,4,SAINT JEAN (RUE (DE 33 ET + ET 38 ET +),0,NULL,2,2,0,1,0,0,1,NULL,-1,1,0,1,50
2.021E+11,18,8,2021,07:20:00,2,35,35238,2,9,1,3,Rue PAPU,"481,111,200,000","-16,969,500,000",2.021E+11,159 471,B01,2,1,0,2,1,1,0,NULL,2.021E+11,211 469,159 470,A01,1,1,1,1,1998,1,1,-1,-1,-1,-1,-1,2.021E+11,4,PAPU,0,NULL,1,1,0,2,-1,-1,1,NULL,-1,1,0,1,30
2.021E+11,18,8,2021,07:20:00,2,35,35238,2,9,1,3,Rue PAPU,"481,111,200,000","-16,969,500,000",2.021E+11,159 471,B01,2,1,0,2,1,1,0,NULL,2.021E+11,211 470,159 471,B01,1,1,4,1,1955,0,2,8,-1,-1,-1,-1,2.021E+11,4,PAPU,0,NULL,1,1,0,2,-1,-1,1,NULL,-1,1,0,1,30
2.021E+11,11,8,2021,14:45:00,1,55,55435,1,1,1,7,departementale 16,"487,437,170,000","50,223,080,000",2.021E+11,157 295,A01,2,1,0,0,1,1,5,NULL,2.021E+11,208 449,157 295,A01,1,1,3,1,1945,5,2,-1,-1,0,0,-1,2.021E+11,3,16,-1,E,2,2,0,2,1,0,1,NULL,-1,9,0,1,80
2.021E+11,6,8,2021,19:51:00,1,75,75101,2,2,1,6,RUE DE RIVOLI,"488,609,180,000","23,408,050,000",2.021E+11,156 363,A01,2,1,0,1,1,21,5,NULL,2.021E+11,207 120,156 363,A01,1,1,4,2,1995,9,8,0,-1,0,0,-1,2.021E+11,4,RUE DE RIVOLI,0,NULL,2,3,1,1,-1,-1,1,NULL,-1,1,0,1,50
2.021E+11,6,8,2021,19:51:00,1,75,75101,2,2,1,6,RUE DE RIVOLI,"488,609,180,000","23,408,050,000",2.021E+11,156 363,A01,2,1,0,1,1,21,5,NULL,2.021E+11,207 121,156 363,A01,10,3,4,1,1962,9,0,-1,-1,4,3,1,2.021E+11,4,RUE DE RIVOLI,0,NULL,2,3,1,1,-1,-1,1,NULL,-1,1,0,1,50
2.021E+11,4,8,2021,19:00:00,1,56,56166,1,3,2,2,Kerprat Vihan,"479,100,430,000","-32,900,620,000",2.021E+11,155 814,A01,1,1,0,2,0,1,5,NULL,2.021E+11,206 394,155 814,A01,1,1,3,1,2001,5,0,-1,-1,0,0,-1,2.021E+11,3,102,0,A,2,2,0,2,3,638,1,NULL,-1,2,0,1,80
2.021E+11,4,8,2021,19:00:00,1,56,56166,1,3,2,2,Kerprat Vihan,"479,100,430,000","-32,900,620,000",2.021E+11,155 814,A01,1,1,0,2,0,1,5,NULL,2.021E+11,206 395,155 815,B01,1,1,1,2,1970,1,1,-1,-1,0,0,-1,2.021E+11,3,102,0,A,2,2,0,2,3,638,1,NULL,-1,2,0,1,80
2.021E+11,31,7,2021,08:45:00,1,35,35238,2,1,8,3,BERNARD (CLAUDE),"480,992,945,942","-16,943,326,592",2.021E+11,154 972,B01,1,1,0,2,2,2,0,NULL,2.021E+11,205 180,154 971,A01,1,1,1,2,1995,1,1,0,-1,-1,-1,-1,2.021E+11,4,BERNARD (CLAUDE),0,NULL,2,2,2,2,-1,-1,1,NULL,-1,1,0,1,50
2.021E+11,31,7,2021,08:45:00,1,35,35238,2,1,8,3,BERNARD (CLAUDE),"480,992,945,942","-16,943,326,592",2.021E+11,154 972,B01,1,1,0,2,2,2,0,NULL,2.021E+11,205 181,154 972,B01,1,1,4,2,1999,1,8,0,-1,-1,-1,-1,2.021E+11,4,BERNARD (CLAUDE),0,NULL,2,2,2,2,-1,-1,1,NULL,-1,1,0,1,50
2.021E+11,30,7,2021,09:30:00,1,33,33162,2,1,1,3,Avenue du Médoc,"448,929,700,000"," -0,6669000000",2.021E+11,154 663,B01,1,1,0,2,1,1,5,NULL,2.021E+11,204 741,154 662,A01,1,1,1,1,1970,1,1,-1,-1,-1,-1,-1,2.021E+11,4,D2215,0,NULL,2,-1,2,1,-1,-1,1,NULL,-1,1,0,5,50
2.021E+11,30,7,2021,09:30:00,1,33,33162,2,1,1,3,Avenue du Médoc,"448,929,700,000"," -0,6669000000",2.021E+11,154 663,B01,1,1,0,2,1,1,5,NULL,2.021E+11,204 742,154 663,B01,1,1,4,2,1954,5,8,-1,-1,-1,-1,-1,2.021E+11,4,D2215,0,NULL,2,-1,2,1,-1,-1,1,NULL,-1,1,0,5,50
2.021E+11,26,7,2021,08:10:00,1,51,51454,2,2,2,3,Boulevard Dieu Lumière,"492,401,040,602","40,414,907,502",2.021E+11,154 075,A01,1,1,0,2,2,26,5,NULL,2.021E+11,203 948,154 074,B01,1,1,1,-1,NULL,-1,-1,-1,-1,-1,-1,-1,2.021E+11,4,DIEU LUMIERE (BOULEVARD) COTE PAIR,0,NULL,2,4,0,2,-1,-1,1,NULL,-1,2,0,1,50
2.021E+11,26,7,2021,08:10:00,1,51,51454,2,2,2,3,Boulevard Dieu Lumière,"492,401,040,602","40,414,907,502",2.021E+11,154 075,A01,1,1,0,2,2,26,5,NULL,2.021E+11,203 949,154 075,A01,1,1,4,1,1997,0,8,-1,-1,-1,-1,-1,2.021E+11,4,DIEU LUMIERE (BOULEVARD) COTE PAIR,0,NULL,2,4,0,2,-1,-1,1,NULL,-1,2,0,1,50
2.021E+11,25,6,2021,14:05:00,1,71,71118,1,1,1,3,NULL,"467,982,525,382","48,007,827,081",2.021E+11,146 312,B01,0,1,0,2,0,19,5,NULL,2.021E+11,193 272,146 312,B01,1,1,3,1,2005,0,8,0,-1,-1,-1,-1,2.021E+11,3,D68,0,NULL,2,2,1,1,68,495,1,NULL,-1,1,-1,1,50
2.021E+11,25,6,2021,14:05:00,1,71,71118,1,1,1,3,NULL,"467,982,525,382","48,007,827,081",2.021E+11,146 312,B01,0,1,0,2,0,19,5,NULL,2.021E+11,193 273,146 313,A01,1,1,4,1,1982,0,2,0,-1,-1,-1,-1,2.021E+11,3,D68,0,NULL,2,2,1,1,68,495,1,NULL,-1,1,-1,1,50
2.021E+11,17,6,2021,16:29:00,1,57,57221,1,1,1,2,METZ (ROUTE DE),"493,200,700,000","61,554,600,000",2.021E+11,142 113,B01,2,1,0,2,4,1,5,NULL,2.021E+11,187 714,142 113,B01,1,1,2,1,1983,1,8,0,-1,-1,-1,-1,2.021E+11,3,METZ (ROUTE DE),0,NULL,2,3,0,1,27,760,1,NULL,-1,1,0,1,80
2.021E+11,17,6,2021,16:29:00,1,57,57221,1,1,1,2,METZ (ROUTE DE),"493,200,700,000","61,554,600,000",2.021E+11,142 113,B01,2,1,0,2,4,1,5,NULL,2.021E+11,187 715,142 114,A01,1,1,1,1,2000,1,1,0,-1,-1,-1,-1,2.021E+11,3,METZ (ROUTE DE),0,NULL,2,3,0,1,27,760,1,NULL,-1,1,0,1,80
2.021E+11,16,6,2021,19:35:00,1,75,75113,2,3,1,6,RUE DE TOLBIAC,"488,271,430,000","23,671,620,000",2.021E+11,140 981,A01,2,1,0,1,8,1,5,NULL,2.021E+11,186 230,140 981,A01,10,3,4,2,1950,5,8,8,-1,2,3,1,2.021E+11,4,RUE DE TOLBIAC,0,NULL,2,3,0,2,-1,-1,1,NULL,-1,1,0,1,50
2.021E+11,16,6,2021,19:35:00,1,75,75113,2,3,1,6,RUE DE TOLBIAC,"488,271,430,000","23,671,620,000",2.021E+11,140 981,A01,2,1,0,1,8,1,5,NULL,2.021E+11,186 231,140 981,A01,1,1,4,1,1970,5,2,0,-1,0,0,-1,2.021E+11,4,RUE DE TOLBIAC,0,NULL,2,3,0,2,-1,-1,1,NULL,-1,1,0,1,50
2.021E+11,13,6,2021,13:15:00,1,92,92040,2,2,1,3,PONCEAU (DU),"488,206,293,711","22,469,602,525",2.021E+11,140 758,A01,2,1,0,2,1,1,5,NULL,2.021E+11,185 925,140 758,A01,1,1,4,1,1995,0,2,8,-1,-1,-1,-1,2.021E+11,3,7,0,NULL,1,1,0,1,0,0,1,NULL,-1,1,0,1,50
2.021E+11,13,6,2021,13:15:00,1,92,92040,2,2,1,3,PONCEAU (DU),"488,206,293,711","22,469,602,525",2.021E+11,140 758,A01,2,1,0,2,1,1,5,NULL,2.021E+11,185 926,140 759,B01,1,2,1,1,1955,0,1,0,-1,-1,-1,-1,2.021E+11,3,7,0,NULL,1,1,0,1,0,0,1,NULL,-1,1,0,1,50
2.021E+11,13,6,2021,13:15:00,1,92,92040,2,2,1,3,PONCEAU (DU),"488,206,293,711","22,469,602,525",2.021E+11,140 758,A01,2,1,0,2,1,1,5,NULL,2.021E+11,185 927,140 759,B01,1,1,1,2,1990,0,1,0,-1,-1,-1,-1,2.021E+11,3,7,0,NULL,1,1,0,1,0,0,1,NULL,-1,1,0,1,50
2.021E+11,13,6,2021,09:05:00,1,79,79226,1,1,1,7,Chemin la Pierre de la Justice,"465,602,190,000"," -0,4432510000",2.021E+11,139 777,B01,3,1,0,2,0,1,6,NULL,2.021E+11,184 666,139 776,A01,1,1,1,1,1961,0,1,-1,-1,0,0,-1,2.021E+11,4,NULL,-1,NULL,2,2,0,1,-1,-1,1,NULL,0,1,0,1,50
2.021E+11,13,6,2021,09:05:00,1,79,79226,1,1,1,7,Chemin la Pierre de la Justice,"465,602,190,000"," -0,4432510000",2.021E+11,139 777,B01,3,1,0,2,0,1,6,NULL,2.021E+11,184 667,139 777,B01,1,1,3,1,1980,5,9,-1,-1,0,0,-1,2.021E+11,4,NULL,-1,NULL,2,2,0,1,-1,-1,1,NULL,0,1,0,1,50
2.021E+11,10,6,2021,11:00:00,1,13,13208,2,6,1,3,PIERRE GUERRE (ROND-POINT),"432,505,040,214","53,891,343,981",2.021E+11,138 625,B01,0,1,0,2,5,0,6,NULL,2.021E+11,183 115,138 624,A01,1,1,1,2,1982,0,1,0,-1,-1,-1,-1,2.021E+11,4,PIERRE GUERRE (ROND-POINT),0,NULL,2,-1,0,1,1,0,2,NULL,-1,2,0,1,50