Num_Acc,jour,mois,an,hrmn,lum,dep,com,agg,int,atm,col,adr,lat,long,Num_Acc,id_vehicule,num_veh,senc,catv,obs,obsm,choc,manv,motor,occutc,Num_Acc,id_usager,id_vehicule,num_veh,place,catu,grav,sexe,an_nais,trajet,secu1,secu2,secu3,locp,actp,etatp,Num_Acc,catr,voie,v1,v2,circ,nbv,vosp,prof,pr,pr1,plan,lartpc,larrout,surf,infra,situ,vma
2.021E+11,10,6,2021,11:00:00,1,13,13208,2,6,1,3,PIERRE GUERRE (ROND-POINT),"432,505,040,214","53,891,343,981",2.021E+11,138 625,B01,0,1,0,2,5,0,6,NULL,2.021E+11,183 116,138 625,B01,1,1,4,1,1943,0,2,0,-1,-1,-1,-1,2.021E+11,4,PIERRE GUERRE (ROND-POINT),0,NULL,2,-1,0,1,1,0,2,NULL,-1,2,0,1,50
2.021E+11,7,6,2021,07:15:00,1,59,59599,2,6,1,1,BETHUNE (RUE DE),"507,248,360,000","31,323,410,000",2.021E+11,137 516,B01,2,1,0,2,8,19,5,NULL,2.021E+11,181 710,137 516,B01,1,1,4,1,1988,1,8,0,-1,-1,-1,-1,2.021E+11,7,BETHUNE (RUE DE),0,NULL,1,4,0,1,-1,-1,1,NULL,-1,1,9,5,50
2.021E+11,7,6,2021,07:15:00,1,59,59599,2,6,1,1,BETHUNE (RUE DE),"507,248,360,000","31,323,410,000",2.021E+11,137 516,B01,2,1,0,2,8,19,5,NULL,2.021E+11,181 711,137 517,A01,1,1,1,1,1985,1,1,0,-1,-1,-1,-1,2.021E+11,7,BETHUNE (RUE DE),0,NULL,1,4,0,1,-1,-1,1,NULL,-1,1,9,5,50
2.021E+11,9,5,2021,10:25:00,1,73,73010,1,1,1,6,D49 Rte de Saint Girod (Mognard),"457,520,030,000","59,420,180,000",2.021E+11,128 923,A01,1,1,0,2,1,1,5,NULL,2.021E+11,170 415,128 922,B01,1,1,3,1,1997,5,2,-1,-1,0,0,-1,2.021E+11,3,49,-1,NULL,2,2,0,2,14,280,1,NULL,-1,1,0,1,80
2.021E+11,9,5,2021,10:25:00,1,73,73010,1,1,1,6,D49 Rte de Saint Girod (Mognard),"457,520,030,000","59,420,180,000",2.021E+11,128 922,B01,2,1,0,2,9,1,5,NULL,2.021E+11,170 415,128 922,B01,1,1,3,1,1997,5,2,-1,-1,0,0,-1,2.021E+11,3,49,-1,NULL,2,2,0,2,14,280,1,NULL,-1,1,0,1,80
2.021E+11,9,5,2021,10:25:00,1,73,73010,1,1,1,6,D49 Rte de Saint Girod (Mognard),"457,520,030,000","59,420,180,000",2.021E+11,128 923,A01,1,1,0,2,1,1,5,NULL,2.021E+11,170 416,128 923,A01,1,1,3,2,1951,5,2,-1,-1,0,0,-1,2.021E+11,3,49,-1,NULL,2,2,0,2,14,280,1,NULL,-1,1,0,1,80
2.021E+11,9,5,2021,10:25:00,1,73,73010,1,1,1,6,D49 Rte de Saint Girod (Mognard),"457,520,030,000","59,420,180,000",2.021E+11,128 922,B01,2,1,0,2,9,1,5,NULL,2.021E+11,170 416,128 923,A01,1,1,3,2,1951,5,2,-1,-1,0,0,-1,2.021E+11,3,49,-1,NULL,2,2,0,2,14,280,1,NULL,-1,1,0,1,80
2.021E+11,15,4,2021,09:30:00,1,75,75114,2,3,1,3,AVENUE DU GENERAL LECLERC,"488,332,530,000","23,315,360,000",2.021E+11,123 187,B01,2,1,0,2,4,21,5,NULL,2.021E+11,162 996,123 186,A01,1,1,1,1,1954,1,2,6,-1,0,0,-1,2.021E+11,4,AVENUE DU GENERAL LECLERC,0,NULL,2,4,0,1,-1,-1,1,NULL,-1,1,0,1,50
2.021E+11,15,4,2021,09:30:00,1,75,75114,2,3,1,3,AVENUE DU GENERAL LECLERC,"488,332,530,000","23,315,360,000",2.021E+11,123 187,B01,2,1,0,2,4,21,5,NULL,2.021E+11,162 997,123 186,A01,2,2,1,2,2001,1,2,6,-1,0,0,-1,2.021E+11,4,AVENUE DU GENERAL LECLERC,0,NULL,2,4,0,1,-1,-1,1,NULL,-1,1,0,1,50
2.021E+11,15,4,2021,09:30:00,1,75,75114,2,3,1,3,AVENUE DU GENERAL LECLERC,"488,332,530,000","23,315,360,000",2.021E+11,123 187,B01,2,1,0,2,4,21,5,NULL,2.021E+11,162 998,123 187,B01,1,1,4,1,1978,1,2,0,-1,0,0,-1,2.021E+11,4,AVENUE DU GENERAL LECLERC,0,NULL,2,4,0,1,-1,-1,1,NULL,-1,1,0,1,50
2.021E+11,14,4,2021,09:30:00,1,75,75114,2,1,1,2,RUE D ALESIA,"488,324,990,000","23,121,660,000",2.021E+11,123 184,B01,2,1,0,2,4,17,5,NULL,2.021E+11,162 994,123 184,B01,1,1,4,2,1963,5,2,0,-1,0,0,-1,2.021E+11,4,RUE D ALESIA,0,NULL,2,2,0,1,-1,-1,1,NULL,-1,1,0,1,50
2.021E+11,14,4,2021,09:30:00,1,75,75114,2,1,1,2,RUE D ALESIA,"488,324,990,000","23,121,660,000",2.021E+11,123 184,B01,2,1,0,2,4,17,5,NULL,2.021E+11,162 995,123 185,A01,1,1,1,1,1936,5,1,0,-1,0,0,-1,2.021E+11,4,RUE D ALESIA,0,NULL,2,2,0,1,-1,-1,1,NULL,-1,1,0,1,50
2.021E+11,8,4,2021,18:55:00,1,19,19031,2,2,1,3,FRANCE (BOULEVARD ANATOLE),"451,609,038,744","15,329,682,827",2.021E+11,122 213,A01,2,1,0,2,1,25,5,NULL,2.021E+11,161 757,122 213,A01,1,1,3,1,2002,0,8,0,-1,-1,-1,-1,2.021E+11,3,PARIS (AVENUE DE),0,NULL,1,2,0,1,0,0,1,NULL,-1,1,5,1,50
2.021E+11,8,4,2021,18:55:00,1,19,19031,2,2,1,3,FRANCE (BOULEVARD ANATOLE),"451,609,038,744","15,329,682,827",2.021E+11,122 213,A01,2,1,0,2,1,25,5,NULL,2.021E+11,161 758,122 214,B01,1,1,1,1,1963,4,1,0,-1,-1,-1,-1,2.021E+11,3,PARIS (AVENUE DE),0,NULL,1,2,0,1,0,0,1,NULL,-1,1,5,1,50
2.021E+11,8,4,2021,13:45:00,1,62,62473,1,1,1,3,D187,"506,279,320,000","24,362,610,000",2.021E+11,121 757,A01,1,1,0,2,8,1,5,NULL,2.021E+11,161 137,121 757,A01,1,1,4,2,1954,5,0,-1,-1,0,0,-1,2.021E+11,3,187,-1,NULL,2,1,0,4,11,835,1,NULL,-1,1,0,5,80
2.021E+11,8,4,2021,13:45:00,1,62,62473,1,1,1,3,D187,"506,279,320,000","24,362,610,000",2.021E+11,121 757,A01,1,1,0,2,8,1,5,NULL,2.021E+11,161 138,121 758,B01,1,1,1,-1,NULL,-1,-1,-1,-1,-1,-1,-1,2.021E+11,3,187,-1,NULL,2,1,0,4,11,835,1,NULL,-1,1,0,5,80
2.021E+11,1,4,2021,10:15:00,1,72,72181,2,6,1,3,BOLLEE (AV) N° IMP 1 A 63,"480,039,600,000","0,2026400000",2.021E+11,120 290,B01,1,1,0,2,7,1,5,NULL,2.021E+11,159 188,120 289,A01,1,1,1,1,1952,0,1,0,-1,-1,-1,-1,2.021E+11,4,BOLLEE (AV) N° IMP 1 A 63,0,NULL,1,2,2,1,0,0,1,NULL,-1,1,0,1,50
2.021E+11,1,4,2021,10:15:00,1,72,72181,2,6,1,3,BOLLEE (AV) N° IMP 1 A 63,"480,039,600,000","0,2026400000",2.021E+11,120 290,B01,1,1,0,2,7,1,5,NULL,2.021E+11,159 189,120 290,B01,1,1,4,2,1984,0,8,0,-1,-1,-1,-1,2.021E+11,4,BOLLEE (AV) N° IMP 1 A 63,0,NULL,1,2,2,1,0,0,1,NULL,-1,1,0,1,50
2.021E+11,25,3,2021,16:56:00,1,52,52449,1,1,1,6,Chemin de l'Étang,"478,357,950,000","53,223,290,000",2.021E+11,118 304,A01,3,1,8,0,0,1,5,NULL,2.021E+11,156 651,118 304,A01,1,1,3,1,2000,5,2,-1,-1,0,0,-1,2.021E+11,4,NULL,-1,NULL,-1,1,0,4,-1,-1,1,NULL,-1,1,9,3,50
2.021E+11,23,3,2021,16:07:00,1,75,75105,2,2,1,6,BOULEVARD SAINT MARCEL,"488,384,730,000","23,570,280,000",2.021E+11,117 860,A01,1,1,0,1,3,1,5,NULL,2.021E+11,156 101,117 860,A01,10,3,4,1,1947,5,0,-1,-1,4,3,1,2.021E+11,4,BOULEVARD SAINT MARCEL,0,NULL,1,2,0,1,-1,-1,1,NULL,-1,1,0,1,50
2.021E+11,23,3,2021,16:07:00,1,75,75105,2,2,1,6,BOULEVARD SAINT MARCEL,"488,384,730,000","23,570,280,000",2.021E+11,117 860,A01,1,1,0,1,3,1,5,NULL,2.021E+11,156 102,117 860,A01,1,1,1,2,1987,9,2,0,-1,0,0,-1,2.021E+11,4,BOULEVARD SAINT MARCEL,0,NULL,1,2,0,1,-1,-1,1,NULL,-1,1,0,1,50
2.021E+11,15,3,2021,11:10:00,1,92,92012,2,1,1,6,PONT DE BILLANCOURT (PLACE DU),"488,247,750,571","22,485,645,825",2.021E+11,115 986,B01,1,1,0,2,1,1,0,NULL,2.021E+11,153 683,115 986,B01,2,1,4,1,2000,9,2,0,-1,-1,-1,-1,2.021E+11,3,101,0,NULL,3,6,0,1,0,0,1,NULL,-1,1,2,1,50
2.021E+11,9,3,2021,14:30:00,1,13,13208,2,2,1,3,LUCE (BOULEVARD),"432,573,637,921","53,942,857,122",2.021E+11,114 731,A01,2,1,0,2,1,1,5,NULL,2.021E+11,152 053,114 730,B01,1,1,1,1,1989,4,1,8,-1,-1,-1,-1,2.021E+11,4,LUCE (BOULEVARD),0,NULL,1,2,0,1,1,0,1,NULL,-1,1,0,1,50
2.021E+11,9,3,2021,14:30:00,1,13,13208,2,2,1,3,LUCE (BOULEVARD),"432,573,637,921","53,942,857,122",2.021E+11,114 731,A01,2,1,0,2,1,1,5,NULL,2.021E+11,152 054,114 731,A01,1,1,4,2,1995,2,2,0,-1,-1,-1,-1,2.021E+11,4,LUCE (BOULEVARD),0,NULL,1,2,0,1,1,0,1,NULL,-1,1,0,1,50
2.021E+11,4,3,2021,15:30:00,1,75,75116,2,1,2,2,AVENUE FOCH,"488,720,661,479","22,837,346,792",2.021E+11,113 676,B01,3,1,0,2,1,1,5,NULL,2.021E+11,150 694,113 675,A01,1,1,1,1,1972,9,8,0,-1,0,0,-1,2.021E+11,4,AVENUE FOCH,0,NULL,1,1,0,1,-1,-1,1,NULL,-1,2,0,1,50
2.021E+11,4,3,2021,15:30:00,1,75,75116,2,1,2,2,AVENUE FOCH,"488,720,661,479","22,837,346,792",2.021E+11,113 676,B01,3,1,0,2,1,1,5,NULL,2.021E+11,150 695,113 676,B01,1,1,4,2,1962,5,8,0,-1,0,0,-1,2.021E+11,4,AVENUE FOCH,0,NULL,1,1,0,1,-1,-1,1,NULL,-1,2,0,1,50
2.021E+11,3,3,2021,19:30:00,5,75,75104,2,7,1,1,PLACE SAINT GERVAIS,"488,558,280,000","23,541,460,000",2.021E+11,113 661,A01,1,1,0,2,1,5,5,NULL,2.021E+11,150 676,113 660,B01,1,1,1,1,2000,4,2,6,-1,0,0,-1,2.021E+11,4,PLACE SAINT GERVAIS,0,NULL,1,1,0,1,-1,-1,2,NULL,-1,1,0,1,50
2.021E+11,3,3,2021,19:30:00,5,75,75104,2,7,1,1,PLACE SAINT GERVAIS,"488,558,280,000","23,541,460,000",2.021E+11,113 661,A01,1,1,0,2,1,5,5,NULL,2.021E+11,150 677,113 661,A01,1,1,4,1,1990,9,8,0,-1,0,0,-1,2.021E+11,4,PLACE SAINT GERVAIS,0,NULL,1,1,0,1,-1,-1,2,NULL,-1,1,0,1,50
2.021E+11,23,2,2021,12:09:00,1,974,97411,2,1,1,3,LANCASTEL (BOULEVARD),"-208,859,500,000","554,813,500,000",2.021E+11,111 559,B01,1,1,0,2,1,19,5,NULL,2.021E+11,147 993,111 559,B01,1,1,4,1,1955,0,8,0,-1,-1,-1,-1,2.021E+11,2,LANCASTEL (BOULEVARD),0,NULL,1,3,0,1,-1,-1,1,NULL,-1,1,0,1,70
2.021E+11,23,2,2021,12:09:00,1,974,97411,2,1,1,3,LANCASTEL (BOULEVARD),"-208,859,500,000","554,813,500,000",2.021E+11,111 559,B01,1,1,0,2,1,19,5,NULL,2.021E+11,147 994,111 560,A01,1,1,1,1,1967,0,1,8,-1,-1,-1,-1,2.021E+11,2,LANCASTEL (BOULEVARD),0,NULL,1,3,0,1,-1,-1,1,NULL,-1,1,0,1,70
2.021E+11,3,2,2021,17:45:00,2,38,38421,2,2,1,6,Avenue Gabriel Péri,"451,844,300,000","57,682,500,000",2.021E+11,107 575,A01,3,1,0,2,1,1,5,NULL,2.021E+11,142 813,107 574,Z01,1,1,1,-1,NULL,-1,-1,-1,-1,-1,-1,-1,2.021E+11,7,AVENUE GABRIEL PÉRI,0,NULL,3,5,0,1,0,750,1,NULL,-1,1,5,1,50
2.021E+11,3,2,2021,17:45:00,2,38,38421,2,2,1,6,Avenue Gabriel Péri,"451,844,300,000","57,682,500,000",2.021E+11,107 575,A01,3,1,0,2,1,1,5,NULL,2.021E+11,142 814,107 575,A01,1,1,4,2,1990,5,8,0,-1,-1,-1,-1,2.021E+11,7,AVENUE GABRIEL PÉRI,0,NULL,3,5,0,1,0,750,1,NULL,-1,1,5,1,50
2.021E+11,21,10,2021,15:50:00,1,88,88075,1,3,1,3,38 Route de Gerardmer,"480,141,750,000","68,854,240,000",2.021E+11,181 198,B01,2,1,0,2,1,1,5,NULL,2.021E+11,239 956,181 197,A01,1,1,1,2,1952,5,1,-1,-1,0,0,-1,2.021E+11,3,486,0,NULL,2,2,0,2,24,960,1,NULL,-1,1,0,1,80
2.021E+11,21,10,2021,15:50:00,1,88,88075,1,3,1,3,38 Route de Gerardmer,"480,141,750,000","68,854,240,000",2.021E+11,181 198,B01,2,1,0,2,1,1,5,NULL,2.021E+11,239 957,181 198,B01,1,1,3,1,1998,5,2,-1,-1,0,0,-1,2.021E+11,3,486,0,NULL,2,2,0,2,24,960,1,NULL,-1,1,0,1,80
2.021E+11,20,10,2021,14:00:00,1,75,75120,2,7,1,3,RUE BELGRAND,"488,644,820,000","24,083,970,000",2.021E+11,180 182,B01,1,1,0,2,3,1,5,NULL,2.021E+11,238 652,180 181,A01,1,1,1,1,1986,4,1,0,-1,0,0,-1,2.021E+11,4,RUE BELGRAND,0,NULL,1,1,1,1,-1,-1,1,NULL,-1,1,-1,5,30
2.021E+11,20,10,2021,14:00:00,1,75,75120,2,7,1,3,RUE BELGRAND,"488,644,820,000","24,083,970,000",2.021E+11,180 182,B01,1,1,0,2,3,1,5,NULL,2.021E+11,238 653,180 182,B01,1,1,4,2,1990,4,2,0,-1,0,0,-1,2.021E+11,4,RUE BELGRAND,0,NULL,1,1,1,1,-1,-1,1,NULL,-1,1,-1,5,30
2.021E+11,18,10,2021,17:10:00,1,67,67482,2,1,1,1,LIEPVRE (RUE DE),"485,694,610,000","77,691,030,000",2.021E+11,179 928,B01,2,1,0,2,1,1,5,NULL,2.021E+11,238 308,179 927,A01,1,1,1,1,1979,1,1,8,-1,-1,-1,-1,2.021E+11,4,LIEPVRE (RUE DE),0,NULL,1,2,1,1,0,0,1,NULL,-1,1,0,1,30
2.021E+11,18,10,2021,17:10:00,1,67,67482,2,1,1,1,LIEPVRE (RUE DE),"485,694,610,000","77,691,030,000",2.021E+11,179 928,B01,2,1,0,2,1,1,5,NULL,2.021E+11,238 309,179 928,B01,1,1,4,1,1993,5,8,0,-1,-1,-1,-1,2.021E+11,4,LIEPVRE (RUE DE),0,NULL,1,2,1,1,0,0,1,NULL,-1,1,0,1,30
2.021E+11,15,10,2021,11:30:00,1,94,94018,2,1,1,3,Rue de Paris,"488,288,270,000","24,031,640,000",2.021E+11,178 291,B01,1,1,0,2,1,1,5,NULL,2.021E+11,236 144,178 290,A01,1,1,1,2,1964,5,1,8,-1,-1,-1,-1,2.021E+11,3,PARIS (R DE),0,NULL,2,2,2,1,1,0,1,NULL,-1,1,0,5,30
2.021E+11,15,10,2021,11:30:00,1,94,94018,2,1,1,3,Rue de Paris,"488,288,270,000","24,031,640,000",2.021E+11,178 291,B01,1,1,0,2,1,1,5,NULL,2.021E+11,236 145,178 291,B01,1,1,4,2,1991,5,8,0,-1,-1,-1,-1,2.021E+11,3,PARIS (R DE),0,NULL,2,2,2,1,1,0,1,NULL,-1,1,0,5,30
2.021E+11,9,10,2021,18:25:00,2,974,97416,2,3,1,1,PAVE(RUE),"-213,423,700,000","554,845,700,000",2.021E+11,176 446,B01,2,1,0,2,1,0,5,NULL,2.021E+11,233 791,176 445,A01,1,1,1,1,1949,5,1,0,-1,-1,-1,-1,2.021E+11,4,PAVE(RUE),0,NULL,2,2,0,2,0,0,1,NULL,-1,1,0,1,30
2.021E+11,9,10,2021,18:25:00,2,974,97416,2,3,1,1,PAVE(RUE),"-213,423,700,000","554,845,700,000",2.021E+11,176 446,B01,2,1,0,2,1,0,5,NULL,2.021E+11,233 792,176 446,B01,1,1,4,1,2003,5,8,0,-1,-1,-1,-1,2.021E+11,4,PAVE(RUE),0,NULL,2,2,0,2,0,0,1,NULL,-1,1,0,1,30
2.021E+11,18,9,2021,16:55:00,1,92,92026,2,6,1,3,BEZONS (DE 23 A FIN),"488,934,401,631","22,521,248,460",2.021E+11,169 081,A01,3,1,0,2,1,9,5,NULL,2.021E+11,224 196,169 081,A01,1,1,3,1,1966,5,8,8,-1,0,0,-1,2.021E+11,4,NULL,0,NULL,2,2,0,1,0,0,1,NULL,-1,1,5,1,50
2.021E+11,18,9,2021,16:55:00,1,92,92026,2,6,1,3,BEZONS (DE 23 A FIN),"488,934,401,631","22,521,248,460",2.021E+11,169 081,A01,3,1,0,2,1,9,5,NULL,2.021E+11,224 197,169 082,B01,1,1,1,1,1985,0,1,0,-1,-1,-1,-1,2.021E+11,4,NULL,0,NULL,2,2,0,1,0,0,1,NULL,-1,1,5,1,50
2.021E+11,16,9,2021,11:45:00,1,17,17291,2,1,1,6,MONNET  AVENUE JEAN,"461,803,000,000","-11,242,400,000",2.021E+11,168 406,A01,0,1,0,1,4,26,5,NULL,2.021E+11,223 300,168 406,A01,10,3,4,2,1956,0,0,-1,-1,0,9,1,2.021E+11,4,MONNET  AVENUE JEAN,0,NULL,2,2,1,1,-1,-1,1,NULL,-1,1,-1,5,20
2.021E+11,16,9,2021,11:45:00,1,17,17291,2,1,1,6,MONNET  AVENUE JEAN,"461,803,000,000","-11,242,400,000",2.021E+11,168 406,A01,0,1,0,1,4,26,5,NULL,2.021E+11,223 301,168 406,A01,1,1,1,2,1954,3,8,0,-1,-1,-1,-1,2.021E+11,4,MONNET  AVENUE JEAN,0,NULL,2,2,1,1,-1,-1,1,NULL,-1,1,-1,5,20
2.021E+11,27,7,2021,09:40:00,1,74,74136,1,1,1,7,Rte de la Culaz,"459,664,540,000","64,238,150,000",2.021E+11,153 412,A01,1,1,0,0,0,1,5,NULL,2.021E+11,203 055,153 412,A01,1,1,2,1,1952,5,2,-1,-1,0,0,-1,2.021E+11,4,23,-1,NULL,2,2,0,2,2,100,1,NULL,-1,1,0,1,80
2.021E+11,18,7,2021,08:45:00,1,13,13001,2,6,1,3,CHATEAU DOUBLE (BD),"435,318,600,000","54,237,300,000",2.021E+11,151 092,B01,2,1,0,2,1,26,0,NULL,2.021E+11,199 870,151 091,A01,1,1,1,1,1983,5,1,0,-1,-1,-1,-1,2.021E+11,7,CHATEAU DOUBLE (BD),0,NULL,4,1,0,1,1,0,2,NULL,-1,1,0,1,50
2.021E+11,18,7,2021,08:45:00,1,13,13001,2,6,1,3,CHATEAU DOUBLE (BD),"435,318,600,000","54,237,300,000",2.021E+11,151 092,B01,2,1,0,2,1,26,0,NULL,2.021E+11,199 871,151 092,B01,1,1,4,1,1933,0,0,0,-1,-1,-1,-1,2.021E+11,7,CHATEAU DOUBLE (BD),0,NULL,4,1,0,1,1,0,2,NULL,-1,1,0,1,50
2.021E+11,14,7,2021,23:00:00,3,58,58086,2,1,1,2,d 955 A,"474,324,420,000","29,333,280,000",2.021E+11,149 879,A01,2,1,0,2,4,0,5,NULL,2.021E+11,198 162,149 878,B01,1,1,1,-1,NULL,-1,-1,-1,-1,-1,-1,-1,2.021E+11,3,955,0,A,2,2,0,1,1,0,1,NULL,-1,1,0,1,80
2.021E+11,14,7,2021,23:00:00,3,58,58086,2,1,1,2,d 955 A,"474,324,420,000","29,333,280,000",2.021E+11,149 879,A01,2,1,0,2,4,0,5,NULL,2.021E+11,198 163,149 879,A01,1,1,4,1,1969,5,0,-1,-1,0,0,-1,2.021E+11,3,955,0,A,2,2,0,1,1,0,1,NULL,-1,1,0,1,80
2.021E+11,11,7,2021,11:00:00,1,68,68178,1,1,1,5,D430,"479,375,360,000","70,981,440,000",2.021E+11,148 796,B01,2,1,0,0,8,1,5,NULL,2.021E+11,196 632,148 795,C01,1,1,4,1,1994,5,2,-1,-1,0,0,-1,2.021E+11,3,430,-1,NULL,2,2,0,2,23,600,3,NULL,-1,2,0,1,80
2.021E+11,11,7,2021,11:00:00,1,68,68178,1,1,1,5,D430,"479,375,360,000","70,981,440,000",2.021E+11,148 795,C01,2,1,0,0,8,1,5,NULL,2.021E+11,196 632,148 795,C01,1,1,4,1,1994,5,2,-1,-1,0,0,-1,2.021E+11,3,430,-1,NULL,2,2,0,2,23,600,3,NULL,-1,2,0,1,80
2.021E+11,11,7,2021,11:00:00,1,68,68178,1,1,1,5,D430,"479,375,360,000","70,981,440,000",2.021E+11,148 796,B01,2,1,0,0,8,1,5,NULL,2.021E+11,196 633,148 796,B01,1,1,4,1,1993,5,2,-1,-1,0,0,-1,2.021E+11,3,430,-1,NULL,2,2,0,2,23,600,3,NULL,-1,2,0,1,80
2.021E+11,11,7,2021,11:00:00,1,68,68178,1,1,1,5,D430,"479,375,360,000","70,981,440,000",2.021E+11,148 795,C01,2,1,0,0,8,1,5,NULL,2.021E+11,196 633,148 796,B01,1,1,4,1,1993,5,2,-1,-1,0,0,-1,2.021E+11,3,430,-1,NULL,2,2,0,2,23,600,3,NULL,-1,2,0,1,80
2.021E+11,11,7,2021,11:00:00,1,68,68178,1,1,1,5,D430,"479,375,360,000","70,981,440,000",2.021E+11,148 796,B01,2,1,0,0,8,1,5,NULL,2.021E+11,196 634,148 797,A01,1,1,4,1,1986,5,2,6,-1,0,0,-1,2.021E+11,3,430,-1,NULL,2,2,0,2,23,600,3,NULL,-1,2,0,1,80
2.021E+11,11,7,2021,11:00:00,1,68,68178,1,1,1,5,D430,"479,375,360,000","70,981,440,000",2.021E+11,148 795,C01,2,1,0,0,8,1,5,NULL,2.021E+11,196 634,148 797,A01,1,1,4,1,1986,5,2,6,-1,0,0,-1,2.021E+11,3,430,-1,NULL,2,2,0,2,23,600,3,NULL,-1,2,0,1,80
2.021E+11,7,7,2021,19:15:00,1,75,75109,2,2,1,2,RUE DE LA TOUR D AUVERGNE,"488,787,610,000","23,453,200,000",2.021E+11,147 719,B01,2,1,0,2,4,23,5,NULL,2.021E+11,195 197,147 718,A01,1,1,1,1,1999,5,1,0,-1,0,0,-1,2.021E+11,4,RUE DE LA TOUR D AUVERGNE,0,NULL,2,2,0,1,-1,-1,1,NULL,-1,1,0,1,30
2.021E+11,7,7,2021,19:15:00,1,75,75109,2,2,1,2,RUE DE LA TOUR D AUVERGNE,"488,787,610,000","23,453,200,000",2.021E+11,147 719,B01,2,1,0,2,4,23,5,NULL,2.021E+11,195 198,147 719,B01,1,1,4,2,1988,9,2,0,-1,0,0,-1,2.021E+11,4,RUE DE LA TOUR D AUVERGNE,0,NULL,2,2,0,1,-1,-1,1,NULL,-1,1,0,1,30
2.021E+11,3,7,2021,08:20:00,1,93,93001,2,1,1,3,SAINT GOBAIN (RUE DE),"489,127,580,000","23,675,750,000",2.021E+11,145 945,B01,2,1,0,2,3,0,0,NULL,2.021E+11,192 780,145 945,B01,1,1,4,2,1971,1,0,-1,-1,0,0,-1,2.021E+11,4,SAINT GOBAIN (RUE DE),0,NULL,3,2,0,1,0,0,1,NULL,-1,1,0,1,10
2.021E+11,3,7,2021,08:20:00,1,93,93001,2,1,1,3,SAINT GOBAIN (RUE DE),"489,127,580,000","23,675,750,000",2.021E+11,145 945,B01,2,1,0,2,3,0,0,NULL,2.021E+11,192 781,145 946,A01,1,1,1,1,1956,1,8,0,-1,-1,-1,-1,2.021E+11,4,SAINT GOBAIN (RUE DE),0,NULL,3,2,0,1,0,0,1,NULL,-1,1,0,1,10
2.021E+11,30,6,2021,18:50:00,1,77,77242,2,3,1,3,rue d'en bas,"484,986,030,000","32,342,080,000",2.021E+11,144 967,B01,3,1,0,2,3,1,5,NULL,2.021E+11,191 484,144 966,A01,1,1,1,1,1970,5,1,-1,-1,0,0,-1,2.021E+11,4,NULL,-1,NULL,2,2,0,1,-1,-1,1,NULL,4,1,0,1,50
2.021E+11,30,6,2021,18:50:00,1,77,77242,2,3,1,3,rue d'en bas,"484,986,030,000","32,342,080,000",2.021E+11,144 967,B01,3,1,0,2,3,1,5,NULL,2.021E+11,191 485,144 967,B01,1,1,4,1,2011,5,0,-1,-1,0,0,-1,2.021E+11,4,NULL,-1,NULL,2,2,0,1,-1,-1,1,NULL,4,1,0,1,50
2.021E+11,23,6,2021,08:00:00,1,974,97407,2,9,1,3,MONDON (AVENUE),"-209,345,000,000","553,008,000,000",2.021E+11,143 787,A01,3,1,0,2,1,1,5,NULL,2.021E+11,189 870,143 787,A01,2,2,4,2,1983,0,1,0,-1,-1,-1,-1,2.021E+11,4,MONDON (AVENUE),0,NULL,-1,2,3,1,0,0,1,NULL,-1,1,9,5,50
2.021E+11,23,6,2021,08:00:00,1,974,97407,2,9,1,3,MONDON (AVENUE),"-209,345,000,000","553,008,000,000",2.021E+11,143 787,A01,3,1,0,2,1,1,5,NULL,2.021E+11,189 871,143 787,A01,1,1,4,1,2008,2,8,0,-1,-1,-1,-1,2.021E+11,4,MONDON (AVENUE),0,NULL,-1,2,3,1,0,0,1,NULL,-1,1,9,5,50
2.021E+11,23,6,2021,08:00:00,1,974,97407,2,9,1,3,MONDON (AVENUE),"-209,345,000,000","553,008,000,000",2.021E+11,143 787,A01,3,1,0,2,1,1,5,NULL,2.021E+11,189 872,143 788,B01,1,1,1,1,1983,4,1,0,-1,-1,-1,-1,2.021E+11,4,MONDON (AVENUE),0,NULL,-1,2,3,1,0,0,1,NULL,-1,1,9,5,50
2.021E+11,10,6,2021,12:50:00,1,75,75103,2,2,1,3,BOULEVARD DE SEBASTOPOL,"488,686,630,000","23,538,900,000",2.021E+11,139 522,A01,2,1,0,2,1,1,5,NULL,2.021E+11,184 312,139 522,A01,1,1,4,1,1991,4,2,0,-1,0,0,-1,2.021E+11,4,BOULEVARD DE SEBASTOPOL,0,NULL,2,5,0,1,-1,-1,1,NULL,-1,1,0,1,50
2.021E+11,10,6,2021,12:50:00,1,75,75103,2,2,1,3,BOULEVARD DE SEBASTOPOL,"488,686,630,000","23,538,900,000",2.021E+11,139 522,A01,2,1,0,2,1,1,5,NULL,2.021E+11,184 313,139 523,B01,1,1,1,1,1987,4,1,0,-1,0,0,-1,2.021E+11,4,BOULEVARD DE SEBASTOPOL,0,NULL,2,5,0,1,-1,-1,1,NULL,-1,1,0,1,50
2.021E+11,10,6,2021,09:14:00,1,75,75119,2,2,1,3,RUE DE MEAUX,"488,812,590,000","23,732,510,000",2.021E+11,138 600,A01,1,1,0,2,7,1,5,NULL,2.021E+11,183 083,138 599,Z01,1,1,1,-1,NULL,-1,-1,-1,-1,-1,-1,-1,2.021E+11,4,RUE DE MEAUX,0,NULL,1,2,0,1,-1,-1,1,NULL,-1,1,0,1,50