Num_Acc,jour,mois,an,hrmn,lum,dep,com,agg,int,atm,col,adr,lat,long,Num_Acc,id_vehicule,num_veh,senc,catv,obs,obsm,choc,manv,motor,occutc,Num_Acc,id_usager,id_vehicule,num_veh,place,catu,grav,sexe,an_nais,trajet,secu1,secu2,secu3,locp,actp,etatp,Num_Acc,catr,voie,v1,v2,circ,nbv,vosp,prof,pr,pr1,plan,lartpc,larrout,surf,infra,situ,vma
2.021E+11,6,7,2021,08:50:00,1,75,75113,2,4,1,7,BOULEVARD DE L HOPITAL,"488,387,580,000","23,609,230,000",2.021E+11,147 402,A01,2,1,0,2,0,1,5,NULL,2.021E+11,194 757,147 401,B01,1,1,1,1,1957,4,1,0,-1,0,0,-1,2.021E+11,4,BOULEVARD DE L HOPITAL,0,NULL,3,5,0,2,-1,-1,1,NULL,-1,1,0,1,50
2.021E+11,6,7,2021,08:50:00,1,75,75113,2,4,1,7,BOULEVARD DE L HOPITAL,"488,387,580,000","23,609,230,000",2.021E+11,147 402,A01,2,1,0,2,0,1,5,NULL,2.021E+11,194 758,147 402,A01,1,1,4,1,2000,9,8,0,-1,0,0,-1,2.021E+11,4,BOULEVARD DE L HOPITAL,0,NULL,3,5,0,2,-1,-1,1,NULL,-1,1,0,1,50
2.021E+11,2,7,2021,15:40:00,1,59,59153,2,6,1,3,RUE DU CHAMP DE MARS,"504,530,531,490","35,889,263,538",2.021E+11,147 145,B01,2,1,0,2,1,19,5,NULL,2.021E+11,194 421,147 145,B01,1,1,2,1,1951,3,8,0,-1,-1,-1,-1,2.021E+11,3,NULL,0,NULL,1,2,0,1,-1,-1,1,NULL,-1,1,9,1,50
2.021E+11,2,7,2021,15:40:00,1,59,59153,2,6,1,3,RUE DU CHAMP DE MARS,"504,530,531,490","35,889,263,538",2.021E+11,147 145,B01,2,1,0,2,1,19,5,NULL,2.021E+11,194 422,147 146,A01,1,1,1,1,1972,4,1,0,-1,-1,-1,-1,2.021E+11,3,NULL,0,NULL,1,2,0,1,-1,-1,1,NULL,-1,1,9,1,50
2.021E+11,28,6,2021,15:00:00,1,38,38185,2,1,1,3,RUE GÉNÉRAL MANGIN,"451,737,800,000","57,167,500,000",2.021E+11,145 346,B01,3,1,0,2,1,1,5,NULL,2.021E+11,191 986,145 345,A01,1,1,1,1,1985,0,1,0,-1,-1,-1,-1,2.021E+11,4,RUE GÉNÉRAL MANGIN,0,NULL,3,5,1,1,-1,-1,1,NULL,-1,1,0,1,50
2.021E+11,28,6,2021,15:00:00,1,38,38185,2,1,1,3,RUE GÉNÉRAL MANGIN,"451,737,800,000","57,167,500,000",2.021E+11,145 346,B01,3,1,0,2,1,1,5,NULL,2.021E+11,191 987,145 346,B01,1,1,4,1,2011,5,3,0,-1,-1,-1,-1,2.021E+11,4,RUE GÉNÉRAL MANGIN,0,NULL,3,5,1,1,-1,-1,1,NULL,-1,1,0,1,50
2.021E+11,29,6,2021,07:45:00,1,75,75107,2,2,2,3,PONT ALEXANDRE III,"488,628,600,000","23,134,470,000",2.021E+11,145 026,A01,1,1,0,2,7,19,5,NULL,2.021E+11,191 560,145 025,B01,1,1,1,1,1968,1,1,0,-1,0,0,-1,2.021E+11,4,PONT ALEXANDRE III,0,NULL,2,8,0,1,-1,-1,1,NULL,-1,2,2,1,50
2.021E+11,29,6,2021,07:45:00,1,75,75107,2,2,2,3,PONT ALEXANDRE III,"488,628,600,000","23,134,470,000",2.021E+11,145 026,A01,1,1,0,2,7,19,5,NULL,2.021E+11,191 561,145 026,A01,1,1,4,1,1998,1,2,0,-1,0,0,-1,2.021E+11,4,PONT ALEXANDRE III,0,NULL,2,8,0,1,-1,-1,1,NULL,-1,2,2,1,50
2.021E+11,12,6,2021,06:15:00,1,76,76351,2,1,1,6,JENNER (TUNNEL),"495,054,900,000","0,1341900000",2.021E+11,142 201,A01,0,1,4,0,0,13,5,NULL,2.021E+11,187 829,142 201,A01,1,1,3,1,1988,0,2,0,-1,-1,-1,-1,2.021E+11,4,JENNER (TUNNEL),0,NULL,1,-1,0,2,-1,-1,1,NULL,-1,1,1,1,50
2.021E+11,18,6,2021,10:15:00,1,75,75115,2,7,1,7,BOULEVARD GARIBALDI,"488,479,670,000","23,018,500,000",2.021E+11,141 644,A01,3,1,0,0,0,1,5,NULL,2.021E+11,187 063,141 644,A01,1,1,4,2,1957,5,2,0,-1,0,0,-1,2.021E+11,4,BOULEVARD GARIBALDI,0,NULL,3,3,1,1,-1,-1,1,NULL,-1,1,0,5,50
2.021E+11,13,6,2021,18:40:00,1,29,29175,1,1,1,7,Le Venec,"482,659,550,000","-38,102,070,000",2.021E+11,139 759,A01,2,1,0,0,1,1,5,NULL,2.021E+11,184 641,139 759,A01,1,1,4,1,1961,5,0,-1,-1,0,0,-1,2.021E+11,3,48,0,D,2,2,0,2,22,200,1,NULL,-1,1,0,1,80
2.021E+11,10,6,2021,08:18:00,1,67,67482,2,3,1,3,MEINAU (ROUTE DE LA),"485,531,860,000","77,469,960,000",2.021E+11,139 193,B01,2,1,0,2,3,15,5,NULL,2.021E+11,183 860,139 192,A01,1,1,1,1,1982,0,1,8,-1,-1,-1,-1,2.021E+11,4,MEINAU (ROUTE DE LA),0,NULL,2,2,0,1,0,0,1,NULL,-1,1,0,1,50
2.021E+11,10,6,2021,08:18:00,1,67,67482,2,3,1,3,MEINAU (ROUTE DE LA),"485,531,860,000","77,469,960,000",2.021E+11,139 193,B01,2,1,0,2,3,15,5,NULL,2.021E+11,183 861,139 193,B01,1,1,4,1,1998,0,8,0,-1,-1,-1,-1,2.021E+11,4,MEINAU (ROUTE DE LA),0,NULL,2,2,0,1,0,0,1,NULL,-1,1,0,1,50
2.021E+11,8,6,2021,17:55:00,1,75,75120,2,1,1,3,RUE DES PYRENEES,"488,718,310,000","23,920,470,000",2.021E+11,137 810,A01,1,1,0,2,8,1,5,NULL,2.021E+11,182 082,137 810,A01,1,1,4,1,1977,1,8,0,-1,0,0,-1,2.021E+11,4,RUE DES PYRENEES,0,NULL,2,2,0,2,-1,-1,1,NULL,-1,1,0,1,30
2.021E+11,8,6,2021,17:55:00,1,75,75120,2,1,1,3,RUE DES PYRENEES,"488,718,310,000","23,920,470,000",2.021E+11,137 810,A01,1,1,0,2,8,1,5,NULL,2.021E+11,182 083,137 811,Z01,1,1,1,-1,NULL,-1,-1,-1,-1,-1,-1,-1,2.021E+11,4,RUE DES PYRENEES,0,NULL,2,2,0,2,-1,-1,1,NULL,-1,1,0,1,30
2.021E+11,6,6,2021,11:45:00,1,59,59326,1,1,1,6,34 Chemin Departemental 947,"509,474,806,525","25,896,546,000",2.021E+11,137 107,A01,2,1,0,5,4,0,0,NULL,2.021E+11,181 182,137 107,A01,1,1,4,1,1991,5,2,-1,-1,0,0,-1,2.021E+11,3,947,0,D,2,2,0,1,41,315,1,NULL,-1,1,0,1,80
2.021E+11,2,6,2021,10:50:00,1,92,92046,2,1,1,6,Charles de gaulle,"488,216,368,732","22,976,419,330",2.021E+11,135 798,A01,3,1,0,1,1,26,5,NULL,2.021E+11,179 482,135 798,A01,1,1,4,2,1983,9,8,0,-1,0,0,-1,2.021E+11,3,83,0,NULL,2,0,1,2,0,0,1,NULL,-1,1,9,5,25
2.021E+11,2,6,2021,10:50:00,1,92,92046,2,1,1,6,Charles de gaulle,"488,216,368,732","22,976,419,330",2.021E+11,135 798,A01,3,1,0,1,1,26,5,NULL,2.021E+11,179 483,135 798,A01,10,3,4,2,1959,9,0,-1,-1,5,2,1,2.021E+11,3,83,0,NULL,2,0,1,2,0,0,1,NULL,-1,1,9,5,25
2.021E+11,23,5,2021,13:15:00,1,69,69259,2,1,1,6,TURFISTES (DES)                     (BD),"457,162,866,664","49,013,417,289",2.021E+11,133 808,A01,3,1,1,1,1,21,5,NULL,2.021E+11,176 898,133 808,A01,1,1,1,1,1994,5,8,0,-1,-1,-1,-1,2.021E+11,4,TURFISTES (DES)                     (BD),0,NULL,2,2,0,1,-1,-1,1,NULL,-1,1,0,8,30
2.021E+11,23,5,2021,13:15:00,1,69,69259,2,1,1,6,TURFISTES (DES)                     (BD),"457,162,866,664","49,013,417,289",2.021E+11,133 808,A01,3,1,1,1,1,21,5,NULL,2.021E+11,176 899,133 808,A01,10,3,4,1,2018,5,0,-1,-1,9,3,1,2.021E+11,4,TURFISTES (DES)                     (BD),0,NULL,2,2,0,1,-1,-1,1,NULL,-1,1,0,8,30
2.021E+11,27,5,2021,13:50:00,1,70,70085,1,1,1,2,RD33 PK 3,"473,766,740,000","60,096,930,000",2.021E+11,133 569,A01,1,1,0,2,1,1,5,NULL,2.021E+11,176 583,133 568,B01,1,1,4,1,1964,5,2,9,-1,0,0,-1,2.021E+11,3,33,-1,NULL,2,2,0,2,3,100,1,NULL,-1,1,0,1,80
2.021E+11,27,5,2021,13:50:00,1,70,70085,1,1,1,2,RD33 PK 3,"473,766,740,000","60,096,930,000",2.021E+11,133 568,B01,1,1,0,2,4,13,5,NULL,2.021E+11,176 583,133 568,B01,1,1,4,1,1964,5,2,9,-1,0,0,-1,2.021E+11,3,33,-1,NULL,2,2,0,2,3,100,1,NULL,-1,1,0,1,80
2.021E+11,27,5,2021,13:50:00,1,70,70085,1,1,1,2,RD33 PK 3,"473,766,740,000","60,096,930,000",2.021E+11,133 569,A01,1,1,0,2,1,1,5,NULL,2.021E+11,176 584,133 569,A01,1,1,4,1,1948,5,2,9,-1,0,0,-1,2.021E+11,3,33,-1,NULL,2,2,0,2,3,100,1,NULL,-1,1,0,1,80
2.021E+11,27,5,2021,13:50:00,1,70,70085,1,1,1,2,RD33 PK 3,"473,766,740,000","60,096,930,000",2.021E+11,133 568,B01,1,1,0,2,4,13,5,NULL,2.021E+11,176 584,133 569,A01,1,1,4,1,1948,5,2,9,-1,0,0,-1,2.021E+11,3,33,-1,NULL,2,2,0,2,3,100,1,NULL,-1,1,0,1,80
2.021E+11,19,5,2021,17:10:00,1,15,15014,2,1,1,3,Cours d’Angouleme,"449,301,000,000","24,499,100,000",2.021E+11,131 693,B01,3,1,0,2,3,1,6,NULL,2.021E+11,174 081,131 692,A01,1,1,1,1,1986,0,1,0,-1,0,-1,-1,2.021E+11,4,ANGOULEME (COUR D'),0,NULL,2,2,0,1,-1,-1,1,NULL,-1,1,0,1,50
2.021E+11,19,5,2021,17:10:00,1,15,15014,2,1,1,3,Cours d’Angouleme,"449,301,000,000","24,499,100,000",2.021E+11,131 693,B01,3,1,0,2,3,1,6,NULL,2.021E+11,174 082,131 693,B01,1,1,4,1,2003,0,2,0,-1,0,-1,-1,2.021E+11,4,ANGOULEME (COUR D'),0,NULL,2,2,0,1,-1,-1,1,NULL,-1,1,0,1,50
2.021E+11,7,5,2021,15:05:00,1,92,92025,2,1,1,1,CHARLES DE GAULLE (BD),"489,152,234,477","22,282,129,526",2.021E+11,128 369,B01,1,1,0,2,1,1,5,NULL,2.021E+11,169 692,128 368,A01,1,1,4,1,1987,9,8,0,-1,-1,-1,-1,2.021E+11,3,992,0,NULL,1,1,1,1,0,0,1,NULL,-1,1,9,1,30
2.021E+11,7,5,2021,15:05:00,1,92,92025,2,1,1,1,CHARLES DE GAULLE (BD),"489,152,234,477","22,282,129,526",2.021E+11,128 369,B01,1,1,0,2,1,1,5,NULL,2.021E+11,169 693,128 369,B01,1,1,4,1,1987,5,8,0,-1,-1,-1,-1,2.021E+11,3,992,0,NULL,1,1,1,1,0,0,1,NULL,-1,1,9,1,30
2.021E+11,26,4,2021,15:00:00,1,49,49301,1,1,1,6,Le Petit Quarteron (tillières),"471,564,910,000","-11,638,700,000",2.021E+11,125 558,B01,3,1,0,2,0,9,5,NULL,2.021E+11,166 064,125 557,A01,1,1,1,2,1965,0,8,-1,-1,0,0,-1,2.021E+11,3,224,0,D,2,2,0,2,1,400,1,NULL,-1,1,0,1,80
2.021E+11,26,4,2021,15:00:00,1,49,49301,1,1,1,6,Le Petit Quarteron (tillières),"471,564,910,000","-11,638,700,000",2.021E+11,125 558,B01,3,1,0,2,0,9,5,NULL,2.021E+11,166 065,125 558,B01,1,1,3,1,1952,0,0,-1,-1,0,0,-1,2.021E+11,3,224,0,D,2,2,0,2,1,400,1,NULL,-1,1,0,1,80
2.021E+11,7,4,2021,16:47:00,1,87,87085,2,1,1,7,CLOS SAINTE MARIE (RUE DU),"458,264,700,000","12,705,000,000",2.021E+11,121 883,A01,1,1,0,0,0,1,5,NULL,2.021E+11,161 302,121 883,A01,1,1,4,2,1981,5,2,0,-1,-1,-1,-1,2.021E+11,3,CLOS SAINTE MARIE (RUE DU),0,NULL,2,1,0,2,0,0,1,NULL,-1,1,6,8,50
2.021E+11,19,3,2021,12:57:00,1,75,75115,2,2,1,6,RUE LINOIS,"488,476,950,000","22,841,320,000",2.021E+11,117 058,Z01,1,1,0,1,1,1,0,NULL,2.021E+11,155 053,117 058,Z01,1,1,1,-1,NULL,-1,-1,-1,-1,-1,-1,-1,2.021E+11,4,RUE LINOIS,0,NULL,2,2,1,1,-1,-1,1,NULL,-1,1,-1,5,50
2.021E+11,19,3,2021,12:57:00,1,75,75115,2,2,1,6,RUE LINOIS,"488,476,950,000","22,841,320,000",2.021E+11,117 058,Z01,1,1,0,1,1,1,0,NULL,2.021E+11,155 054,117 058,Z01,10,3,4,2,1968,1,0,-1,-1,2,3,1,2.021E+11,4,RUE LINOIS,0,NULL,2,2,1,1,-1,-1,1,NULL,-1,1,-1,5,50
2.021E+11,14,3,2021,12:00:00,1,94,94028,2,1,1,2,BOEUFS(CHEMIN DES),"487,690,000,000","24,333,400,000",2.021E+11,115 864,V01,0,1,0,1,1,1,5,NULL,2.021E+11,153 525,115 864,V01,10,3,4,2,1941,5,0,-1,-1,9,1,1,2.021E+11,9,BOEUFS(CHEMIN DES),0,NULL,-1,0,0,1,0,0,1,NULL,-1,1,0,8,30
2.021E+11,14,3,2021,12:00:00,1,94,94028,2,1,1,2,BOEUFS(CHEMIN DES),"487,690,000,000","24,333,400,000",2.021E+11,115 864,V01,0,1,0,1,1,1,5,NULL,2.021E+11,153 526,115 864,V01,1,1,1,2,1993,5,8,0,-1,-1,-1,-1,2.021E+11,9,BOEUFS(CHEMIN DES),0,NULL,-1,0,0,1,0,0,1,NULL,-1,1,0,8,30
2.021E+11,9,3,2021,21:13:00,3,971,97116,2,1,9,3,D108 - route de Brion,"163,238,670,000","-614,581,150,000",2.021E+11,114 628,A01,2,1,0,2,3,2,0,NULL,2.021E+11,151 917,114 628,A01,1,1,4,1,2000,5,0,-1,-1,0,0,-1,2.021E+11,3,108,-1,NULL,2,2,0,4,-1,-1,3,NULL,-1,9,0,1,50
2.021E+11,9,3,2021,21:13:00,3,971,97116,2,1,9,3,D108 - route de Brion,"163,238,670,000","-614,581,150,000",2.021E+11,114 628,A01,2,1,0,2,3,2,0,NULL,2.021E+11,151 918,114 629,B01,1,1,1,2,1977,9,1,-1,-1,0,0,-1,2.021E+11,3,108,-1,NULL,2,2,0,4,-1,-1,3,NULL,-1,9,0,1,50
2.021E+11,17,2,2021,18:45:00,2,35,35051,2,9,1,7,RIGOURDIERE (RUE DE LA),"481,146,000,000","-15,919,400,000",2.021E+11,110 215,B01,3,1,0,2,0,0,0,NULL,2.021E+11,146 287,110 214,A01,2,2,1,1,1976,5,1,0,-1,-1,-1,-1,2.021E+11,4,RIGOURDIERE (RUE DE LA),0,NULL,2,2,0,1,-1,-1,1,NULL,-1,1,5,1,50
2.021E+11,17,2,2021,18:45:00,2,35,35051,2,9,1,7,RIGOURDIERE (RUE DE LA),"481,146,000,000","-15,919,400,000",2.021E+11,110 215,B01,3,1,0,2,0,0,0,NULL,2.021E+11,146 288,110 214,A01,1,1,1,1,1961,5,1,0,-1,-1,-1,-1,2.021E+11,4,RIGOURDIERE (RUE DE LA),0,NULL,2,2,0,1,-1,-1,1,NULL,-1,1,5,1,50
2.021E+11,17,2,2021,18:45:00,2,35,35051,2,9,1,7,RIGOURDIERE (RUE DE LA),"481,146,000,000","-15,919,400,000",2.021E+11,110 215,B01,3,1,0,2,0,0,0,NULL,2.021E+11,146 289,110 215,B01,1,1,4,1,1992,0,2,8,-1,-1,-1,-1,2.021E+11,4,RIGOURDIERE (RUE DE LA),0,NULL,2,2,0,1,-1,-1,1,NULL,-1,1,5,1,50
2.021E+11,6,2,2021,14:35:00,1,69,69382,2,2,8,3,BAYARD (CR),"457,439,500,000","48,210,300,000",2.021E+11,108 240,B01,1,1,0,2,8,2,5,NULL,2.021E+11,143 677,108 239,A01,1,1,1,1,1935,5,8,-1,-1,-1,-1,-1,2.021E+11,4,BAYARD                              (CO),0,NULL,2,2,0,1,-1,-1,1,NULL,-1,1,0,1,30
2.021E+11,6,2,2021,14:35:00,1,69,69382,2,2,8,3,BAYARD (CR),"457,439,500,000","48,210,300,000",2.021E+11,108 240,B01,1,1,0,2,8,2,5,NULL,2.021E+11,143 678,108 240,B01,1,1,4,1,1998,5,8,-1,-1,-1,-1,-1,2.021E+11,4,BAYARD                              (CO),0,NULL,2,2,0,1,-1,-1,1,NULL,-1,1,0,1,30
2.021E+11,23,1,2021,08:25:00,2,92,92004,2,5,1,3,GALLIENI ( RUE ),"489,090,254,779","22,867,172,956",2.021E+11,105 261,B01,1,1,0,2,1,16,0,NULL,2.021E+11,139 759,105 260,A01,1,1,1,1,1982,4,1,0,-1,-1,-1,-1,2.021E+11,3,GALLIENI ( RUE ),0,NULL,2,2,0,1,0,0,1,NULL,-1,1,0,1,50
2.021E+11,23,1,2021,08:25:00,2,92,92004,2,5,1,3,GALLIENI ( RUE ),"489,090,254,779","22,867,172,956",2.021E+11,105 261,B01,1,1,0,2,1,16,0,NULL,2.021E+11,139 760,105 261,B01,1,1,4,1,2001,2,8,0,-1,-1,-1,-1,2.021E+11,3,GALLIENI ( RUE ),0,NULL,2,2,0,1,0,0,1,NULL,-1,1,0,1,50
2.021E+11,8,1,2021,13:25:00,1,68,68066,2,2,1,3,Rue Billing,"480,834,200,000","73,659,800,000",2.021E+11,103 714,B01,1,1,0,2,1,21,5,NULL,2.021E+11,137 621,103 714,B01,1,1,3,1,1947,5,8,0,-1,-1,-1,-1,2.021E+11,3,LADHOF (RUE DU),0,NULL,2,2,0,1,0,300,1,NULL,-1,1,0,5,50
2.021E+11,8,1,2021,13:25:00,1,68,68066,2,2,1,3,Rue Billing,"480,834,200,000","73,659,800,000",2.021E+11,103 714,B01,1,1,0,2,1,21,5,NULL,2.021E+11,137 622,103 715,A01,1,1,1,2,1942,5,1,0,-1,-1,-1,-1,2.021E+11,3,LADHOF (RUE DU),0,NULL,2,2,0,1,0,300,1,NULL,-1,1,0,5,50
2.021E+11,21,10,2021,17:50:00,1,59,59350,2,2,2,3,TACQ ANTOINE PLACE,"506,208,900,000","30,346,900,000",2.021E+11,181 033,A01,1,1,0,0,0,9,5,NULL,2.021E+11,239 730,181 033,A01,1,1,4,2,2004,0,0,0,-1,-1,-1,-1,2.021E+11,7,TACQ ANTOINE PLACE,0,NULL,1,1,1,1,-1,-1,1,NULL,-1,2,0,5,50
2.021E+11,21,10,2021,17:50:00,1,59,59350,2,2,2,3,TACQ ANTOINE PLACE,"506,208,900,000","30,346,900,000",2.021E+11,181 033,A01,1,1,0,0,0,9,5,NULL,2.021E+11,239 731,181 034,Z01,1,1,1,-1,NULL,-1,-1,-1,-1,-1,-1,-1,2.021E+11,7,TACQ ANTOINE PLACE,0,NULL,1,1,1,1,-1,-1,1,NULL,-1,2,0,5,50
2.021E+11,18,10,2021,19:15:00,2,69,69034,2,1,1,1,BOUCLE (DE LA) (MO),"457,810,999,747","48,397,806,287",2.021E+11,179 968,A01,2,1,0,2,1,1,0,NULL,2.021E+11,238 363,179 968,A01,1,1,4,1,1990,1,2,-1,-1,-1,-1,-1,2.021E+11,4,NULL,0,NULL,2,4,1,2,-1,-1,1,NULL,-1,1,0,5,50
2.021E+11,18,10,2021,19:15:00,2,69,69034,2,1,1,1,BOUCLE (DE LA) (MO),"457,810,999,747","48,397,806,287",2.021E+11,179 968,A01,2,1,0,2,1,1,0,NULL,2.021E+11,238 364,179 969,B01,1,1,1,1,2000,0,0,-1,-1,-1,-1,-1,2.021E+11,4,NULL,0,NULL,2,4,1,2,-1,-1,1,NULL,-1,1,0,5,50
2.021E+11,13,10,2021,18:20:00,1,92,92049,2,1,1,3,PASTEUR RUE,"488,202,517,150","23,157,120,067",2.021E+11,177 745,B01,1,1,0,2,1,1,5,NULL,2.021E+11,235 458,177 745,B01,2,1,4,2,1974,1,8,0,-1,-1,-1,-1,2.021E+11,4,PASTEUR RUE,0,NULL,1,1,0,1,0,0,1,NULL,-1,1,0,1,50
2.021E+11,13,10,2021,18:20:00,1,92,92049,2,1,1,3,PASTEUR RUE,"488,202,517,150","23,157,120,067",2.021E+11,177 745,B01,1,1,0,2,1,1,5,NULL,2.021E+11,235 459,177 746,A01,1,1,1,2,1999,5,8,0,-1,-1,-1,-1,2.021E+11,4,PASTEUR RUE,0,NULL,1,1,0,1,0,0,1,NULL,-1,1,0,1,50
2.021E+11,12,10,2021,19:08:00,5,31,31555,2,1,1,6,MINIMES (BD DES) DU 1AU 76,"436,156,530,000","14,464,300,000",2.021E+11,177 306,B01,0,1,0,2,4,25,0,NULL,2.021E+11,234 914,177 304,C01,1,1,4,2,2009,0,8,0,-1,-1,-1,-1,2.021E+11,4,MINIMES (BD DES) DU 1AU 76,0,NULL,1,3,3,1,-1,-1,1,NULL,-1,1,0,4,50
2.021E+11,12,10,2021,19:08:00,5,31,31555,2,1,1,6,MINIMES (BD DES) DU 1AU 76,"436,156,530,000","14,464,300,000",2.021E+11,177 304,C01,0,1,0,2,0,0,0,NULL,2.021E+11,234 914,177 304,C01,1,1,4,2,2009,0,8,0,-1,-1,-1,-1,2.021E+11,4,MINIMES (BD DES) DU 1AU 76,0,NULL,1,3,3,1,-1,-1,1,NULL,-1,1,0,4,50
2.021E+11,12,10,2021,19:08:00,5,31,31555,2,1,1,6,MINIMES (BD DES) DU 1AU 76,"436,156,530,000","14,464,300,000",2.021E+11,177 306,B01,0,1,0,2,4,25,0,NULL,2.021E+11,234 915,177 305,A01,1,1,1,1,1999,0,1,0,-1,-1,-1,-1,2.021E+11,4,MINIMES (BD DES) DU 1AU 76,0,NULL,1,3,3,1,-1,-1,1,NULL,-1,1,0,4,50
2.021E+11,12,10,2021,19:08:00,5,31,31555,2,1,1,6,MINIMES (BD DES) DU 1AU 76,"436,156,530,000","14,464,300,000",2.021E+11,177 304,C01,0,1,0,2,0,0,0,NULL,2.021E+11,234 915,177 305,A01,1,1,1,1,1999,0,1,0,-1,-1,-1,-1,2.021E+11,4,MINIMES (BD DES) DU 1AU 76,0,NULL,1,3,3,1,-1,-1,1,NULL,-1,1,0,4,50
2.021E+11,12,10,2021,19:08:00,5,31,31555,2,1,1,6,MINIMES (BD DES) DU 1AU 76,"436,156,530,000","14,464,300,000",2.021E+11,177 306,B01,0,1,0,2,4,25,0,NULL,2.021E+11,234 916,177 306,B01,1,1,4,2,1975,0,8,0,-1,-1,-1,-1,2.021E+11,4,MINIMES (BD DES) DU 1AU 76,0,NULL,1,3,3,1,-1,-1,1,NULL,-1,1,0,4,50
2.021E+11,12,10,2021,19:08:00,5,31,31555,2,1,1,6,MINIMES (BD DES) DU 1AU 76,"436,156,530,000","14,464,300,000",2.021E+11,177 304,C01,0,1,0,2,0,0,0,NULL,2.021E+11,234 916,177 306,B01,1,1,4,2,1975,0,8,0,-1,-1,-1,-1,2.021E+11,4,MINIMES (BD DES) DU 1AU 76,0,NULL,1,3,3,1,-1,-1,1,NULL,-1,1,0,4,50
2.021E+11,7,10,2021,08:22:00,1,92,92024,2,1,1,3,JEAN JAURES (BD) DE 47 A 109)   (56 A 14,"489,013,900,000","23,051,200,000",2.021E+11,175 505,B01,2,1,0,2,1,1,5,NULL,2.021E+11,232 585,175 504,A01,1,1,1,1,1966,0,2,6,-1,-1,-1,-1,2.021E+11,3,911,0,NULL,2,3,1,1,0,0,1,NULL,-1,1,0,5,50
2.021E+11,7,10,2021,08:22:00,1,92,92024,2,1,1,3,JEAN JAURES (BD) DE 47 A 109)   (56 A 14,"489,013,900,000","23,051,200,000",2.021E+11,175 505,B01,2,1,0,2,1,1,5,NULL,2.021E+11,232 586,175 505,B01,1,1,4,1,1980,0,8,0,-1,-1,-1,-1,2.021E+11,3,911,0,NULL,2,3,1,1,0,0,1,NULL,-1,1,0,5,50
2.021E+11,18,9,2021,16:25:00,1,75,75120,2,1,1,6,COURS DE VINCENNES,"488,482,520,000","24,008,000,000",2.021E+11,169 131,A01,2,1,1,1,1,1,5,NULL,2.021E+11,224 261,169 131,A01,1,1,1,1,1963,9,2,0,-1,0,0,-1,2.021E+11,4,COURS DE VINCENNES,0,NULL,1,1,0,1,-1,-1,1,NULL,-1,1,0,1,30
2.021E+11,18,9,2021,16:25:00,1,75,75120,2,1,1,6,COURS DE VINCENNES,"488,482,520,000","24,008,000,000",2.021E+11,169 131,A01,2,1,1,1,1,1,5,NULL,2.021E+11,224 262,169 131,A01,10,3,4,2,1940,5,0,-1,-1,3,3,1,2.021E+11,4,COURS DE VINCENNES,0,NULL,1,1,0,1,-1,-1,1,NULL,-1,1,0,1,30
2.021E+11,7,9,2021,09:48:00,1,46,46273,2,1,1,2,Avenue Charles de Gaulle,"448,690,020,000","18,751,240,000",2.021E+11,164 766,B01,2,1,0,0,4,13,5,NULL,2.021E+11,218 614,164 766,B01,1,1,3,1,1934,5,0,-1,-1,0,0,-1,2.021E+11,3,803,0,NULL,2,3,0,1,41,700,1,NULL,-1,1,5,1,50
2.021E+11,7,9,2021,09:48:00,1,46,46273,2,1,1,2,Avenue Charles de Gaulle,"448,690,020,000","18,751,240,000",2.021E+11,164 766,B01,2,1,0,0,4,13,5,NULL,2.021E+11,218 615,164 767,A01,1,1,1,1,1952,5,1,-1,-1,0,0,-1,2.021E+11,3,803,0,NULL,2,3,0,1,41,700,1,NULL,-1,1,5,1,50
2.021E+11,19,8,2021,09:47:00,1,88,88426,2,3,1,3,Rue du 1er Morvan,"478,582,130,000","68,286,250,000",2.021E+11,159 596,B01,3,1,0,2,2,19,5,NULL,2.021E+11,211 638,159 595,A01,1,1,1,1,1985,9,1,-1,-1,0,0,-1,2.021E+11,3,NULL,-1,NULL,2,2,0,1,-1,-1,1,NULL,4,1,0,1,50
2.021E+11,19,8,2021,09:47:00,1,88,88426,2,3,1,3,Rue du 1er Morvan,"478,582,130,000","68,286,250,000",2.021E+11,159 596,B01,3,1,0,2,2,19,5,NULL,2.021E+11,211 639,159 596,B01,1,1,3,1,1950,5,0,-1,-1,0,0,-1,2.021E+11,3,NULL,-1,NULL,2,2,0,1,-1,-1,1,NULL,4,1,0,1,50
2.021E+11,10,8,2021,09:30:00,1,38,38382,2,2,1,3,Route de Grenoble,"452,282,580,000","56,840,890,000",2.021E+11,157 288,B01,1,1,0,2,1,1,5,NULL,2.021E+11,208 442,157 288,B01,1,1,3,1,1954,5,0,-1,-1,0,0,-1,2.021E+11,7,4,3,NULL,2,2,2,1,-1,-1,1,NULL,-1,1,0,1,50
2.021E+11,10,8,2021,09:30:00,1,38,38382,2,2,1,3,Route de Grenoble,"452,282,580,000","56,840,890,000",2.021E+11,157 288,B01,1,1,0,2,1,1,5,NULL,2.021E+11,208 443,157 289,A01,1,1,1,2,1950,5,1,-1,-1,0,0,-1,2.021E+11,7,4,3,NULL,2,2,2,1,-1,-1,1,NULL,-1,1,0,1,50