Num_Acc,jour,mois,an,hrmn,lum,dep,com,agg,int,atm,col,adr,lat,long,Num_Acc,id_vehicule,num_veh,senc,catv,obs,obsm,choc,manv,motor,occutc,Num_Acc,id_usager,id_vehicule,num_veh,place,catu,grav,sexe,an_nais,trajet,secu1,secu2,secu3,locp,actp,etatp,Num_Acc,catr,voie,v1,v2,circ,nbv,vosp,prof,pr,pr1,plan,lartpc,larrout,surf,infra,situ,vma
2.021E+11,28,7,2021,14:35:00,1,17,17300,2,6,1,3,CENT-VINGT-TROISIEME REGIMENT D,"461,522,100,000","-11,482,400,000",2.021E+11,154 371,A01,3,1,0,2,2,1,5,NULL,2.021E+11,204 339,154 370,B01,1,1,1,1,1996,4,1,0,-1,-1,-1,-1,2.021E+11,4,CENT-VINGT-TROISIEME REGIMENT D,0,NULL,-1,1,1,3,-1,-1,3,NULL,-1,1,0,1,30
2.021E+11,28,7,2021,14:35:00,1,17,17300,2,6,1,3,CENT-VINGT-TROISIEME REGIMENT D,"461,522,100,000","-11,482,400,000",2.021E+11,154 371,A01,3,1,0,2,2,1,5,NULL,2.021E+11,204 340,154 371,A01,1,1,4,2,1995,0,8,0,-1,-1,-1,-1,2.021E+11,4,CENT-VINGT-TROISIEME REGIMENT D,0,NULL,-1,1,1,3,-1,-1,3,NULL,-1,1,0,1,30
2.021E+11,15,7,2021,01:30:00,5,75,75111,2,2,1,1,RUE OBERKAMPF,"488,651,310,000","23,752,650,000",2.021E+11,150 129,A01,2,1,0,2,1,5,5,NULL,2.021E+11,198 499,150 129,A01,1,1,4,1,2000,9,2,0,-1,0,0,-1,2.021E+11,4,RUE OBERKAMPF,0,NULL,1,1,0,1,-1,-1,1,NULL,-1,1,0,1,50
2.021E+11,15,7,2021,01:30:00,5,75,75111,2,2,1,1,RUE OBERKAMPF,"488,651,310,000","23,752,650,000",2.021E+11,150 129,A01,2,1,0,2,1,5,5,NULL,2.021E+11,198 500,150 130,Z01,1,1,1,-1,NULL,-1,-1,-1,-1,-1,-1,-1,2.021E+11,4,RUE OBERKAMPF,0,NULL,1,1,0,1,-1,-1,1,NULL,-1,1,0,1,50
2.021E+11,8,7,2021,15:30:00,1,35,35024,1,1,1,3,RD 97,"481,598,940,000","-16,250,860,000",2.021E+11,148 044,B01,3,1,0,2,8,1,5,NULL,2.021E+11,195 618,148 043,A01,1,1,1,1,1999,4,1,-1,-1,0,0,-1,2.021E+11,3,97,-1,NULL,2,2,0,1,-1,-1,1,NULL,-1,1,0,1,70
2.021E+11,8,7,2021,15:30:00,1,35,35024,1,1,1,3,RD 97,"481,598,940,000","-16,250,860,000",2.021E+11,148 044,B01,3,1,0,2,8,1,5,NULL,2.021E+11,195 619,148 044,B01,1,1,3,1,1955,5,2,-1,-1,0,0,-1,2.021E+11,3,97,-1,NULL,2,2,0,1,-1,-1,1,NULL,-1,1,0,1,70
2.021E+11,2,7,2021,14:45:00,1,73,73085,1,1,7,6,D991B Rte de la Chambotte,"457,907,411,158","58,627,933,997",2.021E+11,145 529,A01,2,1,0,0,9,1,5,NULL,2.021E+11,192 217,145 529,A01,1,1,2,1,1963,5,2,-1,-1,0,0,-1,2.021E+11,3,991,0,B,2,2,0,2,2,760,3,NULL,-1,1,9,1,80
2.021E+11,2,7,2021,14:45:00,1,73,73085,1,1,7,6,D991B Rte de la Chambotte,"457,907,411,158","58,627,933,997",2.021E+11,145 529,A01,2,1,0,0,9,1,5,NULL,2.021E+11,192 218,145 530,B01,1,1,1,1,1980,3,1,-1,-1,0,0,-1,2.021E+11,3,991,0,B,2,2,0,2,2,760,3,NULL,-1,1,9,1,80
2.021E+11,11,6,2021,12:35:00,1,56,56098,2,1,1,6,ETANG (RUE  DE L' ),"477,663,800,000","-33,203,100,000",2.021E+11,142 174,A01,1,1,2,0,1,14,5,NULL,2.021E+11,187 797,142 174,A01,1,1,4,1,2004,5,2,8,-1,-1,-1,-1,2.021E+11,4,ETANG (RUE  DE L' ),0,NULL,2,2,0,1,-1,-1,3,NULL,-1,1,0,4,30
2.021E+11,12,6,2021,14:20:00,1,10,10387,2,1,1,2,BLANQUI (RUE),"483,023,600,000","40,519,500,000",2.021E+11,142 129,B01,2,1,0,2,1,2,5,NULL,2.021E+11,187 736,142 129,B01,1,1,4,1,1963,5,2,8,-1,-1,-1,-1,2.021E+11,4,BLANQUI  boulevard,0,NULL,2,2,1,1,-1,-1,1,NULL,-1,1,0,5,50
2.021E+11,12,6,2021,14:20:00,1,10,10387,2,1,1,2,BLANQUI (RUE),"483,023,600,000","40,519,500,000",2.021E+11,142 129,B01,2,1,0,2,1,2,5,NULL,2.021E+11,187 737,142 130,A01,1,1,1,1,1972,0,8,0,-1,-1,-1,-1,2.021E+11,4,BLANQUI  boulevard,0,NULL,2,2,1,1,-1,-1,1,NULL,-1,1,0,5,50
2.021E+11,19,6,2021,14:23:00,1,92,92002,2,2,1,3,DIVISION LECLERC (1 A 29 -2 A 34),"487,513,800,000","23,045,000,000",2.021E+11,141 987,Y01,2,1,0,2,8,1,5,NULL,2.021E+11,187 538,141 987,Y01,1,1,4,1,1972,0,8,0,-1,-1,-1,-1,2.021E+11,3,920,0,NULL,3,2,2,1,0,0,1,NULL,-1,1,0,1,50
2.021E+11,19,6,2021,14:23:00,1,92,92002,2,2,1,3,DIVISION LECLERC (1 A 29 -2 A 34),"487,513,800,000","23,045,000,000",2.021E+11,141 987,Y01,2,1,0,2,8,1,5,NULL,2.021E+11,187 539,141 988,B01,1,1,1,1,1969,5,8,0,-1,-1,-1,-1,2.021E+11,3,920,0,NULL,3,2,2,1,0,0,1,NULL,-1,1,0,1,50
2.021E+11,15,6,2021,18:45:00,1,72,72181,2,1,1,3,GAMBETTA (RUE) N° IMP 63 A 147,"480,072,400,000","0,1892200000",2.021E+11,140 924,A01,1,1,0,2,8,2,5,NULL,2.021E+11,186 156,140 924,A01,1,1,4,1,1994,0,8,0,-1,-1,-1,-1,2.021E+11,4,GAMBETTA (RUE) N° IMP 63 A 147,0,NULL,1,0,0,1,0,0,3,NULL,-1,1,0,1,50
2.021E+11,15,6,2021,18:45:00,1,72,72181,2,1,1,3,GAMBETTA (RUE) N° IMP 63 A 147,"480,072,400,000","0,1892200000",2.021E+11,140 924,A01,1,1,0,2,8,2,5,NULL,2.021E+11,186 157,140 925,B01,1,1,1,2,1946,0,1,0,-1,-1,-1,-1,2.021E+11,4,GAMBETTA (RUE) N° IMP 63 A 147,0,NULL,1,0,0,1,0,0,3,NULL,-1,1,0,1,50
2.021E+11,11,6,2021,08:43:00,1,6,6069,1,6,1,2,PAOUTE (ROUTE ET TRAVERSE DE LA),"436,316,580,000","69,574,960,000",2.021E+11,139 053,B01,0,1,0,2,4,16,5,NULL,2.021E+11,183 694,139 053,B01,1,1,4,2,1971,0,8,8,-1,0,0,-1,2.021E+11,3,PAOUTE (ROUTE ET TRAVERSE DE LA),0,NULL,1,2,0,1,2,985,2,NULL,-1,1,5,1,50
2.021E+11,11,6,2021,08:43:00,1,6,6069,1,6,1,2,PAOUTE (ROUTE ET TRAVERSE DE LA),"436,316,580,000","69,574,960,000",2.021E+11,139 053,B01,0,1,0,2,4,16,5,NULL,2.021E+11,183 695,139 054,A01,1,1,1,1,1966,0,1,8,-1,0,0,-1,2.021E+11,3,PAOUTE (ROUTE ET TRAVERSE DE LA),0,NULL,1,2,0,1,2,985,2,NULL,-1,1,5,1,50
2.021E+11,10,6,2021,15:01:00,1,75,75115,2,2,1,3,BOULEVARD LEFEBVRE,"488,309,150,000","22,923,260,000",2.021E+11,139 039,B01,1,1,0,2,8,18,5,NULL,2.021E+11,183 678,139 039,B01,1,1,2,1,1995,9,2,0,-1,0,0,-1,2.021E+11,4,BOULEVARD LEFEBVRE,0,NULL,3,3,0,2,-1,-1,1,NULL,-1,1,5,1,30
2.021E+11,10,6,2021,15:01:00,1,75,75115,2,2,1,3,BOULEVARD LEFEBVRE,"488,309,150,000","22,923,260,000",2.021E+11,139 039,B01,1,1,0,2,8,18,5,NULL,2.021E+11,183 679,139 040,A01,1,1,1,1,1986,4,1,0,-1,0,0,-1,2.021E+11,4,BOULEVARD LEFEBVRE,0,NULL,3,3,0,2,-1,-1,1,NULL,-1,1,5,1,30
2.021E+11,5,6,2021,20:50:00,1,92,92020,2,1,1,1,PARIS AVENUE DE N° IMPAIRS,"488,074,100,000","22,943,400,000",2.021E+11,138 124,B01,2,1,0,2,1,15,0,NULL,2.021E+11,182 481,138 123,A01,1,1,1,1,1994,0,1,0,-1,-1,-1,-1,2.021E+11,3,906,0,NULL,2,1,0,1,0,0,1,NULL,-1,1,0,1,50
2.021E+11,5,6,2021,20:50:00,1,92,92020,2,1,1,1,PARIS AVENUE DE N° IMPAIRS,"488,074,100,000","22,943,400,000",2.021E+11,138 124,B01,2,1,0,2,1,15,0,NULL,2.021E+11,182 482,138 124,B01,1,1,4,1,1992,0,1,0,-1,-1,-1,-1,2.021E+11,3,906,0,NULL,2,1,0,1,0,0,1,NULL,-1,1,0,1,50
2.021E+11,3,6,2021,13:15:00,1,93,93048,2,1,1,3,Rue du Docteur Calmette,"488,673,930,000","24,401,410,000",2.021E+11,136 180,B01,1,1,0,2,1,5,5,NULL,2.021E+11,179 959,136 179,A01,1,1,1,1,1966,0,1,0,-1,-1,-1,-1,2.021E+11,4,DOCTEUR CALMETTE (RUE DU),0,NULL,1,1,0,1,1,0,1,NULL,-1,1,0,1,30
2.021E+11,3,6,2021,13:15:00,1,93,93048,2,1,1,3,Rue du Docteur Calmette,"488,673,930,000","24,401,410,000",2.021E+11,136 180,B01,1,1,0,2,1,5,5,NULL,2.021E+11,179 960,136 180,B01,1,1,4,1,2002,0,8,0,-1,-1,-1,-1,2.021E+11,4,DOCTEUR CALMETTE (RUE DU),0,NULL,1,1,0,1,1,0,1,NULL,-1,1,0,1,30
2.021E+11,1,6,2021,18:55:00,1,83,83126,2,9,2,6,ANCIENS COMBATANTS D'INDOCHINE (AV DES),"431,054,200,000","58,565,040,000",2.021E+11,135 981,B01,2,1,0,2,0,19,5,NULL,2.021E+11,179 714,135 981,B01,1,1,4,1,1970,1,8,0,-1,0,0,-1,2.021E+11,7,ANCIENS COMBATANTS D'INDOCHINE (AV DES),0,NULL,3,4,1,1,24,800,1,NULL,-1,2,0,5,50
2.021E+11,1,6,2021,18:55:00,1,83,83126,2,9,2,6,ANCIENS COMBATANTS D'INDOCHINE (AV DES),"431,054,200,000","58,565,040,000",2.021E+11,135 981,B01,2,1,0,2,0,19,5,NULL,2.021E+11,179 715,135 982,A01,1,1,1,2,1981,1,1,0,-1,-1,-1,-1,2.021E+11,7,ANCIENS COMBATANTS D'INDOCHINE (AV DES),0,NULL,3,4,1,1,24,800,1,NULL,-1,2,0,5,50
2.021E+11,2,6,2021,14:00:00,1,17,17300,2,2,1,3,CHAUDRIER   RUE,"461,607,300,000","-11,532,700,000",2.021E+11,135 905,B01,2,1,0,2,4,1,5,NULL,2.021E+11,179 615,135 905,B01,1,1,4,1,1989,1,8,0,-1,-1,-1,-1,2.021E+11,4,CHAUDRIER   RUE,0,NULL,1,1,1,1,-1,-1,1,NULL,-1,1,0,1,30
2.021E+11,2,6,2021,14:00:00,1,17,17300,2,2,1,3,CHAUDRIER   RUE,"461,607,300,000","-11,532,700,000",2.021E+11,135 905,B01,2,1,0,2,4,1,5,NULL,2.021E+11,179 616,135 906,A01,1,1,1,1,1991,5,1,8,-1,-1,-1,-1,2.021E+11,4,CHAUDRIER   RUE,0,NULL,1,1,1,1,-1,-1,1,NULL,-1,1,0,1,30
2.021E+11,1,6,2021,10:55:00,1,53,53128,2,6,1,3,2 Rue d'Anjou,"479,418,480,000","-10,844,600,000",2.021E+11,134 899,B01,2,1,0,2,1,9,5,NULL,2.021E+11,178 333,134 898,A01,1,1,1,2,1962,0,1,-1,-1,0,0,-1,2.021E+11,3,D11,-1,NULL,2,2,0,1,4,0,1,NULL,-1,1,5,1,50
2.021E+11,1,6,2021,10:55:00,1,53,53128,2,6,1,3,2 Rue d'Anjou,"479,418,480,000","-10,844,600,000",2.021E+11,134 899,B01,2,1,0,2,1,9,5,NULL,2.021E+11,178 334,134 899,B01,1,1,3,1,1961,5,2,-1,-1,0,0,-1,2.021E+11,3,D11,-1,NULL,2,2,0,1,4,0,1,NULL,-1,1,5,1,50
2.021E+11,30,5,2021,15:49:00,1,69,69386,2,2,1,1,ANATOLE FRANCE                      (BD),"457,707,500,000","48,569,300,000",2.021E+11,134 802,B01,1,1,0,2,2,1,5,NULL,2.021E+11,178 210,134 802,B01,1,1,4,1,1998,5,8,0,-1,-1,-1,-1,2.021E+11,4,ANATOLE FRANCE                      (BD),0,NULL,1,1,0,1,-1,-1,1,NULL,-1,1,0,1,30
2.021E+11,30,5,2021,15:49:00,1,69,69386,2,2,1,1,ANATOLE FRANCE                      (BD),"457,707,500,000","48,569,300,000",2.021E+11,134 802,B01,1,1,0,2,2,1,5,NULL,2.021E+11,178 211,134 803,A01,1,1,1,1,1987,4,1,4,-1,-1,-1,-1,2.021E+11,4,ANATOLE FRANCE                      (BD),0,NULL,1,1,0,1,-1,-1,1,NULL,-1,1,0,1,30
2.021E+11,25,5,2021,16:30:00,1,6,6148,1,1,1,7,Route de Grasse,"437,111,420,000","69,976,850,000",2.021E+11,132 923,A01,0,1,0,0,0,0,5,NULL,2.021E+11,175 744,132 923,A01,1,1,3,1,1964,5,2,-1,-1,0,0,-1,2.021E+11,3,2210,-1,NULL,2,1,0,3,28,225,4,NULL,-1,1,0,1,80
2.021E+11,10,5,2021,12:55:00,1,75,75119,2,1,1,3,RUE DE TANGER,"488,872,310,000","23,699,890,000",2.021E+11,129 201,B01,1,1,0,2,2,1,5,NULL,2.021E+11,170 798,129 200,A01,1,1,1,2,1987,9,1,0,-1,0,0,-1,2.021E+11,4,RUE DE TANGER,0,NULL,2,3,1,1,-1,-1,1,NULL,-1,1,0,5,30
2.021E+11,10,5,2021,12:55:00,1,75,75119,2,1,1,3,RUE DE TANGER,"488,872,310,000","23,699,890,000",2.021E+11,129 201,B01,1,1,0,2,2,1,5,NULL,2.021E+11,170 799,129 201,B01,1,1,4,1,1995,9,2,0,-1,0,0,-1,2.021E+11,4,RUE DE TANGER,0,NULL,2,3,1,1,-1,-1,1,NULL,-1,1,0,5,30
2.021E+11,7,5,2021,07:35:00,1,51,51454,2,6,1,3,Avenue François Mauriac,"492,337,300,000","39,994,100,000",2.021E+11,128 505,B01,1,1,0,2,7,1,5,NULL,2.021E+11,169 855,128 504,A01,1,1,1,2,1985,0,1,-1,-1,-1,-1,-1,2.021E+11,3,MAURIAC (AVENUE FRANCOIS),0,NULL,1,1,1,1,11,0,2,NULL,-1,1,0,8,50
2.021E+11,7,5,2021,07:35:00,1,51,51454,2,6,1,3,Avenue François Mauriac,"492,337,300,000","39,994,100,000",2.021E+11,128 505,B01,1,1,0,2,7,1,5,NULL,2.021E+11,169 856,128 505,B01,1,1,3,1,1973,0,8,-1,-1,-1,-1,-1,2.021E+11,3,MAURIAC (AVENUE FRANCOIS),0,NULL,1,1,1,1,11,0,2,NULL,-1,1,0,8,50
2.021E+11,20,4,2021,17:00:00,1,42,42044,2,1,1,1,Place Jean Jaurès,"453,966,800,000","43,244,900,000",2.021E+11,128 137,B01,1,1,0,2,1,21,5,NULL,2.021E+11,169 365,128 137,B01,1,1,4,1,1976,5,2,0,-1,0,0,-1,2.021E+11,4,Place Jean Jaurès,0,NULL,2,2,0,1,-1,-1,1,NULL,-1,1,0,1,50
2.021E+11,20,4,2021,17:00:00,1,42,42044,2,1,1,1,Place Jean Jaurès,"453,966,800,000","43,244,900,000",2.021E+11,128 137,B01,1,1,0,2,1,21,5,NULL,2.021E+11,169 366,128 138,A01,1,1,1,1,2002,5,1,0,-1,0,0,-1,2.021E+11,4,Place Jean Jaurès,0,NULL,2,2,0,1,-1,-1,1,NULL,-1,1,0,1,50
2.021E+11,22,4,2021,18:15:00,1,18,18013,1,1,1,7,route de la Tour,"467,607,010,000","25,562,200,000",2.021E+11,124 340,A01,1,1,16,0,1,13,5,NULL,2.021E+11,164 488,124 340,A01,1,1,2,1,1945,5,0,-1,-1,0,0,-1,2.021E+11,3,174,-1,NULL,2,2,0,1,4,100,1,NULL,-1,1,0,3,80
2.021E+11,17,4,2021,11:50:00,1,14,14106,2,1,1,2,Route de l'Arbre Martin,"492,400,240,000"," -0,2259170000",2.021E+11,123 739,B01,1,1,0,2,4,2,5,NULL,2.021E+11,163 706,123 738,A01,1,1,3,1,1955,5,2,-1,-1,0,0,-1,2.021E+11,3,37,-1,B,2,2,0,1,-1,-1,1,NULL,-1,1,0,1,50
2.021E+11,17,4,2021,11:50:00,1,14,14106,2,1,1,2,Route de l'Arbre Martin,"492,400,240,000"," -0,2259170000",2.021E+11,123 738,A01,1,1,0,2,1,1,5,NULL,2.021E+11,163 706,123 738,A01,1,1,3,1,1955,5,2,-1,-1,0,0,-1,2.021E+11,3,37,-1,B,2,2,0,1,-1,-1,1,NULL,-1,1,0,1,50
2.021E+11,17,4,2021,11:50:00,1,14,14106,2,1,1,2,Route de l'Arbre Martin,"492,400,240,000"," -0,2259170000",2.021E+11,123 739,B01,1,1,0,2,4,2,5,NULL,2.021E+11,163 707,123 739,B01,1,1,1,1,1949,5,2,-1,-1,0,0,-1,2.021E+11,3,37,-1,B,2,2,0,1,-1,-1,1,NULL,-1,1,0,1,50
2.021E+11,17,4,2021,11:50:00,1,14,14106,2,1,1,2,Route de l'Arbre Martin,"492,400,240,000"," -0,2259170000",2.021E+11,123 738,A01,1,1,0,2,1,1,5,NULL,2.021E+11,163 707,123 739,B01,1,1,1,1,1949,5,2,-1,-1,0,0,-1,2.021E+11,3,37,-1,B,2,2,0,1,-1,-1,1,NULL,-1,1,0,1,50
2.021E+11,26,3,2021,11:00:00,1,67,67067,2,1,1,3,2 A rue de Geudertheim,"487,286,600,000","77,168,820,000",2.021E+11,119 206,A01,1,1,0,0,7,1,5,NULL,2.021E+11,157 809,119 205,B01,1,1,1,2,1991,5,1,-1,-1,0,0,-1,2.021E+11,3,747,-1,NULL,2,2,2,1,0,500,1,NULL,-1,1,0,4,50
2.021E+11,26,3,2021,11:00:00,1,67,67067,2,1,1,3,2 A rue de Geudertheim,"487,286,600,000","77,168,820,000",2.021E+11,119 206,A01,1,1,0,0,7,1,5,NULL,2.021E+11,157 810,119 206,A01,1,1,3,1,1944,5,0,-1,-1,0,0,-1,2.021E+11,3,747,-1,NULL,2,2,2,1,0,500,1,NULL,-1,1,0,4,50
2.021E+11,19,3,2021,06:35:00,5,49,49007,2,1,1,2,BEDIER BOULEVARD,"474,506,514,590"," -0,5526323554",2.021E+11,117 136,B01,3,1,0,2,4,2,5,NULL,2.021E+11,155 142,117 135,A01,1,1,1,1,1985,0,1,0,-1,-1,-1,-1,2.021E+11,4,BEDIER BOULEVARD,0,NULL,2,4,2,1,1,0,1,NULL,-1,2,0,1,50
2.021E+11,19,3,2021,06:35:00,5,49,49007,2,1,1,2,BEDIER BOULEVARD,"474,506,514,590"," -0,5526323554",2.021E+11,117 136,B01,3,1,0,2,4,2,5,NULL,2.021E+11,155 143,117 136,B01,1,1,3,1,1968,1,2,4,-1,-1,-1,-1,2.021E+11,4,BEDIER BOULEVARD,0,NULL,2,4,2,1,1,0,1,NULL,-1,2,0,1,50
2.021E+11,8,3,2021,16:55:00,1,92,92073,2,1,1,3,SELLIER (BOULEVARD HENRI),"488,666,344,599","22,209,334,373",2.021E+11,114 545,B01,0,1,0,2,8,26,0,NULL,2.021E+11,151 820,114 545,B01,1,1,4,2,1982,5,2,8,-1,-1,-1,-1,2.021E+11,3,SELLIER (BOULEVARD HENRI),0,NULL,1,8,3,1,1,0,1,NULL,-1,1,0,5,50
2.021E+11,8,3,2021,16:55:00,1,92,92073,2,1,1,3,SELLIER (BOULEVARD HENRI),"488,666,344,599","22,209,334,373",2.021E+11,114 545,B01,0,1,0,2,8,26,0,NULL,2.021E+11,151 821,114 546,A01,1,1,1,1,1958,5,8,8,-1,-1,-1,-1,2.021E+11,3,SELLIER (BOULEVARD HENRI),0,NULL,1,8,3,1,1,0,1,NULL,-1,1,0,5,50
2.021E+11,21,2,2021,11:05:00,1,21,21505,1,1,1,3,"RD 980, PK 30+850","473,967,480,000","43,049,990,000",2.021E+11,111 185,B01,2,1,0,2,8,1,5,NULL,2.021E+11,147 514,111 185,B01,1,1,4,1,1956,5,8,-1,-1,0,0,-1,2.021E+11,3,980,0,NULL,2,2,0,1,30,850,1,NULL,-1,1,0,1,90
2.021E+11,21,2,2021,11:05:00,1,21,21505,1,1,1,3,"RD 980, PK 30+850","473,967,480,000","43,049,990,000",2.021E+11,111 185,B01,2,1,0,2,8,1,5,NULL,2.021E+11,147 515,111 186,A01,1,1,1,-1,NULL,-1,-1,-1,-1,-1,-1,-1,2.021E+11,3,980,0,NULL,2,2,0,1,30,850,1,NULL,-1,1,0,1,90
2.021E+11,19,2,2021,17:25:00,1,75,75104,2,3,1,7,RUE DE RIVOLI,"488,580,520,000","23,496,460,000",2.021E+11,110 625,A01,1,1,0,2,1,1,5,NULL,2.021E+11,146 810,110 625,A01,1,1,4,1,1991,9,8,0,-1,0,0,-1,2.021E+11,4,RUE DE RIVOLI,0,NULL,2,5,1,1,-1,-1,1,NULL,-1,1,-1,5,50
2.021E+11,29,1,2021,10:15:00,1,92,92002,2,3,8,3,GEORGES SUANT (RUE),"487,438,797,859","22,841,907,755",2.021E+11,106 506,A01,1,1,0,2,4,15,5,NULL,2.021E+11,141 421,106 505,B01,1,1,4,1,1981,1,2,6,-1,-1,-1,-1,2.021E+11,3,GEORGES SUANT (RUE),0,NULL,2,2,0,1,0,0,1,NULL,-1,1,0,1,50
2.021E+11,29,1,2021,10:15:00,1,92,92002,2,3,8,3,GEORGES SUANT (RUE),"487,438,797,859","22,841,907,755",2.021E+11,106 506,A01,1,1,0,2,4,15,5,NULL,2.021E+11,141 422,106 506,A01,1,1,4,1,1952,5,2,0,-1,-1,-1,-1,2.021E+11,3,GEORGES SUANT (RUE),0,NULL,2,2,0,1,0,0,1,NULL,-1,1,0,1,50
2.021E+11,27,10,2021,07:56:00,4,63,63113,2,5,1,1,MERMOZ /Pré la reine,"457,879,300,000","31,225,200,000",2.021E+11,182 939,B01,1,1,0,2,1,1,-1,NULL,2.021E+11,242 222,182 938,A01,1,1,1,1,1976,4,1,-1,-1,0,0,-1,2.021E+11,7,NULL,-1,NULL,2,3,0,1,-1,-1,1,NULL,4,1,5,1,-1
2.021E+11,27,10,2021,07:56:00,4,63,63113,2,5,1,1,MERMOZ /Pré la reine,"457,879,300,000","31,225,200,000",2.021E+11,182 939,B01,1,1,0,2,1,1,-1,NULL,2.021E+11,242 223,182 939,B01,1,1,2,1,1977,1,0,-1,-1,0,0,-1,2.021E+11,7,NULL,-1,NULL,2,3,0,1,-1,-1,1,NULL,4,1,5,1,-1
2.021E+11,23,5,2021,09:00:00,1,80,80021,2,2,1,3,QUATORZE JUILLET 1789 (AVENUE DU),"498,776,153,679","22,828,602,791",2.021E+11,177 461,A01,0,1,0,2,2,15,0,NULL,2.021E+11,235 104,177 460,B01,1,1,1,1,1951,9,1,-1,-1,0,0,-1,2.021E+11,4,QUATORZE JUILLET 1789 (AVENUE DU),0,NULL,-1,2,0,1,-1,-1,1,NULL,-1,1,0,1,50
2.021E+11,23,5,2021,09:00:00,1,80,80021,2,2,1,3,QUATORZE JUILLET 1789 (AVENUE DU),"498,776,153,679","22,828,602,791",2.021E+11,177 461,A01,0,1,0,2,2,15,0,NULL,2.021E+11,235 105,177 461,A01,1,1,4,1,2002,0,8,-1,-1,0,0,-1,2.021E+11,4,QUATORZE JUILLET 1789 (AVENUE DU),0,NULL,-1,2,0,1,-1,-1,1,NULL,-1,1,0,1,50
2.021E+11,27,9,2021,18:15:00,1,51,51454,2,1,1,3,Rue Gerbert,"492,507,400,000","40,401,000,000",2.021E+11,172 151,B01,1,1,0,2,2,2,5,NULL,2.021E+11,228 266,172 151,B01,1,1,4,1,1936,0,8,-1,-1,-1,-1,-1,2.021E+11,4,GERBERT (RUE),0,NULL,2,2,2,2,-1,-1,1,NULL,-1,2,0,1,50
2.021E+11,27,9,2021,18:15:00,1,51,51454,2,1,1,3,Rue Gerbert,"492,507,400,000","40,401,000,000",2.021E+11,172 151,B01,1,1,0,2,2,2,5,NULL,2.021E+11,228 267,172 152,A01,1,1,1,1,2001,5,1,-1,-1,-1,-1,-1,2.021E+11,4,GERBERT (RUE),0,NULL,2,2,2,2,-1,-1,1,NULL,-1,2,0,1,50
2.021E+11,19,8,2021,19:50:00,1,75,75107,2,1,1,1,QUAI VOLTAIRE,"488,588,050,000","23,315,770,000",2.021E+11,159 690,A01,1,1,0,2,1,1,5,NULL,2.021E+11,211 761,159 689,B01,1,1,1,1,1989,5,2,0,-1,0,0,-1,2.021E+11,4,QUAI VOLTAIRE,0,NULL,2,5,1,1,-1,-1,1,NULL,-1,1,0,5,30
2.021E+11,19,8,2021,19:50:00,1,75,75107,2,1,1,1,QUAI VOLTAIRE,"488,588,050,000","23,315,770,000",2.021E+11,159 689,B01,2,1,0,2,0,13,5,NULL,2.021E+11,211 761,159 689,B01,1,1,1,1,1989,5,2,0,-1,0,0,-1,2.021E+11,4,QUAI VOLTAIRE,0,NULL,2,5,1,1,-1,-1,1,NULL,-1,1,0,5,30
2.021E+11,19,8,2021,19:50:00,1,75,75107,2,1,1,1,QUAI VOLTAIRE,"488,588,050,000","23,315,770,000",2.021E+11,159 690,A01,1,1,0,2,1,1,5,NULL,2.021E+11,211 762,159 690,A01,1,1,4,1,1972,5,2,0,-1,0,0,-1,2.021E+11,4,QUAI VOLTAIRE,0,NULL,2,5,1,1,-1,-1,1,NULL,-1,1,0,5,30
2.021E+11,19,8,2021,19:50:00,1,75,75107,2,1,1,1,QUAI VOLTAIRE,"488,588,050,000","23,315,770,000",2.021E+11,159 689,B01,2,1,0,2,0,13,5,NULL,2.021E+11,211 762,159 690,A01,1,1,4,1,1972,5,2,0,-1,0,0,-1,2.021E+11,4,QUAI VOLTAIRE,0,NULL,2,5,1,1,-1,-1,1,NULL,-1,1,0,5,30
2.021E+11,14,8,2021,10:50:00,1,68,68145,2,2,1,3,43 grand rue,"480,809,740,000","73,941,240,000",2.021E+11,157 964,A01,1,1,0,2,2,1,5,NULL,2.021E+11,209 345,157 963,B01,1,1,1,1,1996,0,1,-1,-1,0,0,-1,2.021E+11,3,418,-1,NULL,2,2,1,1,-1,-1,1,NULL,4,1,5,5,50
2.021E+11,14,8,2021,10:50:00,1,68,68145,2,2,1,3,43 grand rue,"480,809,740,000","73,941,240,000",2.021E+11,157 964,A01,1,1,0,2,2,1,5,NULL,2.021E+11,209 346,157 964,A01,1,1,3,1,1938,3,0,-1,-1,0,0,-1,2.021E+11,3,418,-1,NULL,2,2,1,1,-1,-1,1,NULL,4,1,5,5,50
2.021E+11,10,8,2021,19:25:00,1,75,75104,2,1,1,3,QUAI DES CELESTINS,"488,518,420,000","23,614,850,000",2.021E+11,157 371,A01,1,1,0,2,7,14,5,NULL,2.021E+11,208 559,157 371,A01,1,1,1,1,1977,5,2,0,-1,0,0,-1,2.021E+11,4,QUAI DES CELESTINS,0,NULL,2,6,1,1,-1,-1,1,NULL,-1,1,0,5,30
2.021E+11,10,8,2021,19:25:00,1,75,75104,2,1,1,3,QUAI DES CELESTINS,"488,518,420,000","23,614,850,000",2.021E+11,157 371,A01,1,1,0,2,7,14,5,NULL,2.021E+11,208 560,157 372,B01,1,1,4,2,1996,5,2,0,-1,0,0,-1,2.021E+11,4,QUAI DES CELESTINS,0,NULL,2,6,1,1,-1,-1,1,NULL,-1,1,0,5,30