Num_Acc,jour,mois,an,hrmn,lum,dep,com,agg,int,atm,col,adr,lat,long,Num_Acc,id_vehicule,num_veh,senc,catv,obs,obsm,choc,manv,motor,occutc,Num_Acc,id_usager,id_vehicule,num_veh,place,catu,grav,sexe,an_nais,trajet,secu1,secu2,secu3,locp,actp,etatp,Num_Acc,catr,voie,v1,v2,circ,nbv,vosp,prof,pr,pr1,plan,lartpc,larrout,surf,infra,situ,vma
2.021E+11,29,7,2021,15:00:00,1,76,76681,2,2,1,1,BLUM. RUE LEON,"494,215,300,000","10,891,800,000",2.021E+11,154 481,B01,0,1,0,4,1,26,5,NULL,2.021E+11,204 484,154 480,A01,1,1,1,1,1967,4,1,0,-1,-1,-1,-1,2.021E+11,4,BLUM. RUE LEON,0,NULL,2,2,3,1,-1,-1,1,NULL,-1,1,4,8,30
2.021E+11,29,7,2021,15:00:00,1,76,76681,2,2,1,1,BLUM. RUE LEON,"494,215,300,000","10,891,800,000",2.021E+11,154 481,B01,0,1,0,4,1,26,5,NULL,2.021E+11,204 485,154 481,B01,1,1,4,1,2006,5,8,0,-1,-1,-1,-1,2.021E+11,4,BLUM. RUE LEON,0,NULL,2,2,3,1,-1,-1,1,NULL,-1,1,4,8,30
2.021E+11,26,7,2021,15:20:00,1,75,75111,2,3,8,1,BOULEVARD RICHARD LENOIR,"488,619,420,000","23,727,700,000",2.021E+11,153 542,A01,0,1,0,2,1,15,5,NULL,2.021E+11,203 239,153 541,Z01,1,1,1,-1,NULL,-1,-1,-1,-1,-1,-1,-1,2.021E+11,4,BOULEVARD RICHARD LENOIR,0,NULL,1,2,1,1,-1,-1,1,NULL,-1,2,0,5,30
2.021E+11,26,7,2021,15:20:00,1,75,75111,2,3,8,1,BOULEVARD RICHARD LENOIR,"488,619,420,000","23,727,700,000",2.021E+11,153 541,Z01,0,1,0,2,1,5,5,NULL,2.021E+11,203 239,153 541,Z01,1,1,1,-1,NULL,-1,-1,-1,-1,-1,-1,-1,2.021E+11,4,BOULEVARD RICHARD LENOIR,0,NULL,1,2,1,1,-1,-1,1,NULL,-1,2,0,5,30
2.021E+11,26,7,2021,15:20:00,1,75,75111,2,3,8,1,BOULEVARD RICHARD LENOIR,"488,619,420,000","23,727,700,000",2.021E+11,153 542,A01,0,1,0,2,1,15,5,NULL,2.021E+11,203 240,153 542,A01,1,1,4,1,1974,1,2,-1,-1,0,0,-1,2.021E+11,4,BOULEVARD RICHARD LENOIR,0,NULL,1,2,1,1,-1,-1,1,NULL,-1,2,0,5,30
2.021E+11,26,7,2021,15:20:00,1,75,75111,2,3,8,1,BOULEVARD RICHARD LENOIR,"488,619,420,000","23,727,700,000",2.021E+11,153 541,Z01,0,1,0,2,1,5,5,NULL,2.021E+11,203 240,153 542,A01,1,1,4,1,1974,1,2,-1,-1,0,0,-1,2.021E+11,4,BOULEVARD RICHARD LENOIR,0,NULL,1,2,1,1,-1,-1,1,NULL,-1,2,0,5,30
2.021E+11,19,7,2021,09:05:00,1,64,64348,2,1,1,3,CHARLES DE GAULLE,"433,069,036,134"," -0,4051047564",2.021E+11,151 448,A01,1,1,0,2,1,15,5,NULL,2.021E+11,200 370,151 447,B01,1,1,3,1,1998,9,2,6,-1,-1,-1,-1,2.021E+11,4,CHARLES DE GAULLE,0,NULL,2,0,0,1,0,0,1,NULL,-1,1,0,1,50
2.021E+11,19,7,2021,09:05:00,1,64,64348,2,1,1,3,CHARLES DE GAULLE,"433,069,036,134"," -0,4051047564",2.021E+11,151 448,A01,1,1,0,2,1,15,5,NULL,2.021E+11,200 371,151 448,A01,1,1,3,1,1989,5,8,0,-1,-1,-1,-1,2.021E+11,4,CHARLES DE GAULLE,0,NULL,2,0,0,1,0,0,1,NULL,-1,1,0,1,50
2.021E+11,13,7,2021,07:30:00,1,30,30189,2,3,1,6,POMPIDOU GEORGES (AVENUE),"438,377,000,000","43,450,000,000",2.021E+11,150 495,A01,1,1,0,1,1,25,5,NULL,2.021E+11,199 004,150 495,A01,10,3,4,2,1968,5,8,8,-1,5,5,2,2.021E+11,3,POMPIDOU GEORGES (AVENUE),0,NULL,2,4,0,1,22,468,1,NULL,-1,1,0,4,50
2.021E+11,13,7,2021,07:30:00,1,30,30189,2,3,1,6,POMPIDOU GEORGES (AVENUE),"438,377,000,000","43,450,000,000",2.021E+11,150 495,A01,1,1,0,1,1,25,5,NULL,2.021E+11,199 005,150 495,A01,1,1,1,-1,NULL,-1,-1,-1,-1,-1,-1,-1,2.021E+11,3,POMPIDOU GEORGES (AVENUE),0,NULL,2,4,0,1,22,468,1,NULL,-1,1,0,4,50
2.021E+11,10,7,2021,17:20:00,1,75,75101,2,3,1,7,RUE DE RIVOLI,"488,643,820,000","23,301,240,000",2.021E+11,148 832,A01,1,1,14,0,0,16,5,NULL,2.021E+11,196 689,148 832,A01,1,1,4,2,1957,3,2,0,-1,0,0,-1,2.021E+11,4,RUE DE RIVOLI,0,NULL,2,4,1,1,-1,-1,1,NULL,-1,1,0,5,30
2.021E+11,6,7,2021,13:20:00,1,93,93008,2,3,1,1,Rue Henri Nozières / Avenue Paul Vaillant - Couturier,"489,113,750,000","24,414,150,000",2.021E+11,147 365,B01,1,1,0,2,1,9,6,NULL,2.021E+11,194 704,147 364,A01,1,1,1,1,1968,1,1,0,-1,-1,-1,-1,2.021E+11,3,NULL,-1,NULL,1,2,-1,1,0,1,1,NULL,-1,1,0,1,-1
2.021E+11,6,7,2021,13:20:00,1,93,93008,2,3,1,1,Rue Henri Nozières / Avenue Paul Vaillant - Couturier,"489,113,750,000","24,414,150,000",2.021E+11,147 365,B01,1,1,0,2,1,9,6,NULL,2.021E+11,194 705,147 365,B01,1,1,4,1,1984,1,0,-1,-1,-1,-1,-1,2.021E+11,3,NULL,-1,NULL,1,2,-1,1,0,1,1,NULL,-1,1,0,1,-1
2.021E+11,3,7,2021,11:30:00,1,55,55245,1,1,1,6,Lac de la Madine,"489,379,838,696","57,247,942,686",2.021E+11,145 697,A01,3,1,0,0,0,1,5,NULL,2.021E+11,192 454,145 697,A01,1,1,3,1,1967,5,0,-1,-1,0,0,-1,2.021E+11,9,CH,0,C,2,2,1,1,0,0,1,NULL,-1,1,0,5,20
2.021E+11,25,6,2021,18:00:00,1,33,33238,2,1,1,1,Rue de Grandjean,"447,419,000,000"," -0,5984620000",2.021E+11,145 416,B01,2,1,0,2,1,13,5,NULL,2.021E+11,192 063,145 415,A01,1,1,1,2,2003,3,1,-1,-1,0,0,-1,2.021E+11,4,NULL,0,NULL,2,2,0,1,-1,-1,1,NULL,4,1,0,1,50
2.021E+11,25,6,2021,18:00:00,1,33,33238,2,1,1,1,Rue de Grandjean,"447,419,000,000"," -0,5984620000",2.021E+11,145 416,B01,2,1,0,2,1,13,5,NULL,2.021E+11,192 064,145 416,B01,1,1,4,1,1982,3,0,-1,-1,0,0,-1,2.021E+11,4,NULL,0,NULL,2,2,0,1,-1,-1,1,NULL,4,1,0,1,50
2.021E+11,15,6,2021,08:10:00,1,24,24255,1,1,7,1,Route de Callabout,"449,387,770,000","11,212,520,000",2.021E+11,144 489,B01,2,1,0,2,1,1,5,NULL,2.021E+11,190 838,144 489,B01,1,1,3,1,1960,5,2,-1,-1,0,0,-1,2.021E+11,3,6,-1,NULL,-1,2,0,2,-1,-1,4,NULL,-1,1,0,1,-1
2.021E+11,15,6,2021,08:10:00,1,24,24255,1,1,7,1,Route de Callabout,"449,387,770,000","11,212,520,000",2.021E+11,144 489,B01,2,1,0,2,1,1,5,NULL,2.021E+11,190 839,144 490,A01,1,1,1,1,1968,9,1,-1,-1,0,0,-1,2.021E+11,3,6,-1,NULL,-1,2,0,2,-1,-1,4,NULL,-1,1,0,1,-1
2.021E+11,19,6,2021,12:45:00,1,69,69386,2,2,1,3,MASSENA (R),"457,681,700,000","48,544,300,000",2.021E+11,142 105,B01,1,1,0,2,8,1,5,NULL,2.021E+11,187 704,142 104,A01,1,1,1,2,1997,5,1,-1,-1,-1,-1,-1,2.021E+11,4,MASSENA                             (R ),0,NULL,1,1,0,1,-1,-1,1,NULL,-1,1,0,1,50
2.021E+11,19,6,2021,12:45:00,1,69,69386,2,2,1,3,MASSENA (R),"457,681,700,000","48,544,300,000",2.021E+11,142 105,B01,1,1,0,2,8,1,5,NULL,2.021E+11,187 705,142 105,B01,1,1,4,1,1997,4,2,0,-1,-1,-1,-1,2.021E+11,4,MASSENA                             (R ),0,NULL,1,1,0,1,-1,-1,1,NULL,-1,1,0,1,50
2.021E+11,13,6,2021,09:45:00,1,49,49099,1,1,1,6,RD 158,"470,677,000,000"," -0,8115000000",2.021E+11,141 736,A01,3,1,0,4,1,1,5,NULL,2.021E+11,187 181,141 736,A01,1,1,4,2,1959,5,8,0,-1,-1,-1,-1,2.021E+11,9,RD 158,0,NULL,2,2,0,1,0,0,1,NULL,-1,1,0,1,50
2.021E+11,15,6,2021,20:30:00,1,76,76351,2,1,1,3,ESTIENNE D'ORVES (D'),"495,154,000,000","0,0968000000",2.021E+11,140 926,B01,3,1,0,2,0,1,5,NULL,2.021E+11,186 158,140 926,B01,1,1,4,1,1991,4,2,-1,-1,-1,-1,-1,2.021E+11,4,ESTIENNE D'ORVES (D'),0,NULL,2,1,0,1,-1,-1,1,NULL,-1,1,0,1,50
2.021E+11,15,6,2021,20:30:00,1,76,76351,2,1,1,3,ESTIENNE D'ORVES (D'),"495,154,000,000","0,0968000000",2.021E+11,140 926,B01,3,1,0,2,0,1,5,NULL,2.021E+11,186 159,140 927,A01,1,1,1,2,1995,5,1,-1,-1,-1,-1,-1,2.021E+11,4,ESTIENNE D'ORVES (D'),0,NULL,2,1,0,1,-1,-1,1,NULL,-1,1,0,1,50
2.021E+11,15,6,2021,19:15:00,1,76,76035,2,5,1,1,Rue de Normandie,"497,675,300,000","17,527,300,000",2.021E+11,140 101,B01,0,1,0,2,1,26,5,NULL,2.021E+11,185 098,140 101,B01,1,1,3,2,1956,0,0,-1,-1,0,0,-1,2.021E+11,3,8,-1,NULL,2,2,0,1,24,771,1,NULL,-1,1,0,1,50
2.021E+11,15,6,2021,19:15:00,1,76,76035,2,5,1,1,Rue de Normandie,"497,675,300,000","17,527,300,000",2.021E+11,140 101,B01,0,1,0,2,1,26,5,NULL,2.021E+11,185 099,140 102,A01,1,1,1,1,1963,9,1,-1,-1,0,0,-1,2.021E+11,3,8,-1,NULL,2,2,0,1,24,771,1,NULL,-1,1,0,1,50
2.021E+11,12,6,2021,15:00:00,1,75,75111,2,2,1,3,RUE DES BOULETS,"488,504,690,000","23,905,940,000",2.021E+11,139 532,A01,2,1,0,2,1,1,5,NULL,2.021E+11,184 326,139 532,A01,1,1,4,2,1992,9,2,0,-1,0,0,-1,2.021E+11,4,RUE DES BOULETS,0,NULL,2,2,1,2,-1,-1,1,NULL,-1,1,0,5,30
2.021E+11,12,6,2021,15:00:00,1,75,75111,2,2,1,3,RUE DES BOULETS,"488,504,690,000","23,905,940,000",2.021E+11,139 532,A01,2,1,0,2,1,1,5,NULL,2.021E+11,184 327,139 533,B01,1,1,1,1,1968,5,2,6,-1,0,0,-1,2.021E+11,4,RUE DES BOULETS,0,NULL,2,2,1,2,-1,-1,1,NULL,-1,1,0,5,30
2.021E+11,10,6,2021,17:15:00,1,33,33080,2,3,1,3,Rue des Marguerites,"447,248,870,000"," -0,5268450000",2.021E+11,138 835,B01,2,1,0,2,0,1,5,NULL,2.021E+11,183 396,138 835,B01,1,1,3,1,1964,0,0,-1,-1,0,0,-1,2.021E+11,1,NULL,-1,NULL,1,1,0,3,5,730,1,NULL,-1,1,3,1,50
2.021E+11,10,6,2021,17:15:00,1,33,33080,2,3,1,3,Rue des Marguerites,"447,248,870,000"," -0,5268450000",2.021E+11,138 835,B01,2,1,0,2,0,1,5,NULL,2.021E+11,183 397,138 836,A01,1,1,1,1,1965,4,1,-1,-1,0,0,-1,2.021E+11,1,NULL,-1,NULL,1,1,0,3,5,730,1,NULL,-1,1,3,1,50
2.021E+11,9,6,2021,17:15:00,1,80,80811,2,1,1,1,Rue du Haut,"497,714,980,000","29,839,200,000",2.021E+11,138 083,B01,2,1,0,2,1,1,0,NULL,2.021E+11,182 425,138 083,B01,1,1,4,1,1976,5,2,-1,-1,0,0,-1,2.021E+11,3,417,0,D,2,2,0,1,2,400,1,NULL,-1,1,0,1,50
2.021E+11,9,6,2021,17:15:00,1,80,80811,2,1,1,1,Rue du Haut,"497,714,980,000","29,839,200,000",2.021E+11,138 083,B01,2,1,0,2,1,1,0,NULL,2.021E+11,182 426,138 084,A01,1,1,1,1,1987,1,1,-1,-1,0,0,-1,2.021E+11,3,417,0,D,2,2,0,1,2,400,1,NULL,-1,1,0,1,50
2.021E+11,7,6,2021,18:17:00,1,35,35238,2,1,1,3,BOURGEOIS (BOULEVARD LEON),"480,994,600,000","-16,518,300,000",2.021E+11,137 489,B01,2,1,0,2,1,1,5,NULL,2.021E+11,181 681,137 488,A01,1,1,1,1,1959,0,1,-1,-1,-1,-1,-1,2.021E+11,4,BOURGEOIS (BOULEVARD LEON),0,NULL,2,2,1,1,-1,-1,1,NULL,-1,1,0,1,50
2.021E+11,7,6,2021,18:17:00,1,35,35238,2,1,1,3,BOURGEOIS (BOULEVARD LEON),"480,994,600,000","-16,518,300,000",2.021E+11,137 489,B01,2,1,0,2,1,1,5,NULL,2.021E+11,181 682,137 489,B01,1,1,4,1,1986,0,8,-1,-1,-1,-1,-1,2.021E+11,4,BOURGEOIS (BOULEVARD LEON),0,NULL,2,2,1,1,-1,-1,1,NULL,-1,1,0,1,50
2.021E+11,6,6,2021,17:40:00,1,3,3021,2,1,8,7,Les Bignards,"461,183,320,000","31,201,390,000",2.021E+11,137 076,A01,1,1,0,0,0,26,5,NULL,2.021E+11,181 145,137 076,A01,1,1,3,1,2009,5,0,-1,-1,0,0,-1,2.021E+11,3,216,0,D,2,2,0,1,-1,-1,1,NULL,-1,1,0,1,50
2.021E+11,29,5,2021,10:20:00,1,67,67482,2,1,1,3,MOLIERE (AVENUE),"485,949,380,000","77,074,320,000",2.021E+11,135 596,B01,1,1,0,2,1,13,5,NULL,2.021E+11,179 215,135 595,A01,1,1,1,1,1966,0,1,8,-1,-1,-1,-1,2.021E+11,4,MOLIERE (AVENUE),0,NULL,2,4,2,1,0,0,1,NULL,-1,1,0,1,50
2.021E+11,29,5,2021,10:20:00,1,67,67482,2,1,1,3,MOLIERE (AVENUE),"485,949,380,000","77,074,320,000",2.021E+11,135 596,B01,1,1,0,2,1,13,5,NULL,2.021E+11,179 216,135 596,B01,1,1,4,1,1991,5,8,0,-1,-1,-1,-1,2.021E+11,4,MOLIERE (AVENUE),0,NULL,2,4,2,1,0,0,1,NULL,-1,1,0,1,50
2.021E+11,22,5,2021,11:00:00,1,94,94017,2,1,1,3,Rue Jean Jaurès,"488,157,920,000","25,038,080,000",2.021E+11,132 285,B01,2,1,0,2,1,25,5,NULL,2.021E+11,174 868,132 285,B01,1,1,4,2,1999,0,2,0,-1,-1,-1,-1,2.021E+11,3,R JEAN JAURES ,0,NULL,-1,0,0,1,1,0,1,NULL,-1,1,0,4,50
2.021E+11,22,5,2021,11:00:00,1,94,94017,2,1,1,3,Rue Jean Jaurès,"488,157,920,000","25,038,080,000",2.021E+11,132 285,B01,2,1,0,2,1,25,5,NULL,2.021E+11,174 869,132 286,A01,1,1,1,1,1992,9,1,0,-1,-1,-1,-1,2.021E+11,3,R JEAN JAURES ,0,NULL,-1,0,0,1,1,0,1,NULL,-1,1,0,4,50
2.021E+11,23,4,2021,14:30:00,1,57,57606,2,1,1,3,LORRAINE (BOULEVARD DE),"491,074,055,000","67,099,288,000",2.021E+11,130 408,B01,2,1,0,2,3,19,0,NULL,2.021E+11,172 423,130 407,A01,1,1,1,1,2005,5,2,6,-1,-1,-1,-1,2.021E+11,4,LORRAINE (BOULEVARD DE),0,NULL,1,2,0,1,1,0,1,NULL,-1,1,0,1,50
2.021E+11,23,4,2021,14:30:00,1,57,57606,2,1,1,3,LORRAINE (BOULEVARD DE),"491,074,055,000","67,099,288,000",2.021E+11,130 408,B01,2,1,0,2,3,19,0,NULL,2.021E+11,172 424,130 408,B01,1,1,4,1,2003,9,8,8,-1,-1,-1,-1,2.021E+11,4,LORRAINE (BOULEVARD DE),0,NULL,1,2,0,1,1,0,1,NULL,-1,1,0,1,50
2.021E+11,14,5,2021,18:05:00,1,65,65447,2,1,1,1,Rue de l'Arros,"431,873,740,000","0,2448320000",2.021E+11,129 938,A01,3,1,0,2,1,1,6,NULL,2.021E+11,171 762,129 937,B01,1,1,1,1,1977,5,1,-1,-1,0,0,-1,2.021E+11,4,NULL,-1,NULL,2,2,0,2,-1,-1,1,NULL,-1,1,0,1,50
2.021E+11,14,5,2021,18:05:00,1,65,65447,2,1,1,1,Rue de l'Arros,"431,873,740,000","0,2448320000",2.021E+11,129 938,A01,3,1,0,2,1,1,6,NULL,2.021E+11,171 763,129 938,A01,1,1,3,1,2007,5,0,-1,-1,0,0,-1,2.021E+11,4,NULL,-1,NULL,2,2,0,2,-1,-1,1,NULL,-1,1,0,1,50
2.021E+11,27,4,2021,13:45:00,1,29,29232,2,3,1,3,Rue le Dean,"479,935,900,000","-40,958,900,000",2.021E+11,125 971,B01,0,1,0,2,7,17,5,NULL,2.021E+11,166 587,125 971,B01,1,1,4,1,1974,0,2,-1,-1,0,0,-1,2.021E+11,4,BRIAND  ARISTIDE RUE,0,NULL,2,2,0,1,-1,-1,1,NULL,-1,1,5,1,50
2.021E+11,27,4,2021,13:45:00,1,29,29232,2,3,1,3,Rue le Dean,"479,935,900,000","-40,958,900,000",2.021E+11,125 971,B01,0,1,0,2,7,17,5,NULL,2.021E+11,166 588,125 972,A01,1,1,1,2,1988,0,1,-1,-1,0,0,-1,2.021E+11,4,BRIAND  ARISTIDE RUE,0,NULL,2,2,0,1,-1,-1,1,NULL,-1,1,5,1,50
2.021E+11,15,4,2021,16:10:00,1,66,66008,1,1,1,3,traverse San Père,"425,506,140,000","29,996,430,000",2.021E+11,124 622,B01,3,1,0,2,8,1,5,NULL,2.021E+11,164 849,124 622,B01,1,1,3,2,1947,5,0,-1,-1,0,0,-1,2.021E+11,4,NULL,-1,NULL,2,2,0,1,-1,-1,1,NULL,-1,1,0,1,70
2.021E+11,15,4,2021,16:10:00,1,66,66008,1,1,1,3,traverse San Père,"425,506,140,000","29,996,430,000",2.021E+11,124 622,B01,3,1,0,2,8,1,5,NULL,2.021E+11,164 850,124 623,A01,1,1,1,2,1970,1,1,-1,-1,0,0,-1,2.021E+11,4,NULL,-1,NULL,2,2,0,1,-1,-1,1,NULL,-1,1,0,1,70
2.021E+11,6,4,2021,13:50:00,1,4,4086,1,1,1,7,RD 900,"444,048,910,000","67,107,150,000",2.021E+11,121 145,A01,2,1,0,0,0,1,5,NULL,2.021E+11,160 344,121 145,A01,1,1,4,2,2005,5,0,-1,-1,0,0,-1,2.021E+11,3,900,-1,NULL,2,2,0,1,91,745,1,NULL,-1,1,0,1,80
2.021E+11,28,3,2021,18:20:00,1,68,68066,2,9,1,6,SPECK (CHEMIN DE LA),"480,645,000,000","73,577,100,000",2.021E+11,119 990,B01,1,1,0,2,8,19,5,NULL,2.021E+11,158 805,119 989,A01,1,1,1,1,1997,0,1,0,-1,-1,-1,-1,2.021E+11,4,SPECK (CHEMIN DE LA),0,NULL,2,2,0,1,-1,-1,1,NULL,-1,1,0,1,30
2.021E+11,28,3,2021,18:20:00,1,68,68066,2,9,1,6,SPECK (CHEMIN DE LA),"480,645,000,000","73,577,100,000",2.021E+11,119 990,B01,1,1,0,2,8,19,5,NULL,2.021E+11,158 806,119 990,B01,1,1,3,2,1981,0,8,0,-1,-1,-1,-1,2.021E+11,4,SPECK (CHEMIN DE LA),0,NULL,2,2,0,1,-1,-1,1,NULL,-1,1,0,1,30
2.021E+11,19,3,2021,14:30:00,1,92,92002,2,1,1,6,PROSPER LEGOUTE (PASSAGE),"487,435,100,000","22,963,190,000",2.021E+11,117 020,A01,3,1,0,1,1,25,5,NULL,2.021E+11,155 008,117 020,A01,10,3,4,2,1938,9,0,-1,-1,5,2,1,2.021E+11,4,986,0,NULL,1,1,0,1,0,0,3,NULL,-1,1,9,4,30
2.021E+11,19,3,2021,14:30:00,1,92,92002,2,1,1,6,PROSPER LEGOUTE (PASSAGE),"487,435,100,000","22,963,190,000",2.021E+11,117 020,A01,3,1,0,1,1,25,5,NULL,2.021E+11,155 009,117 020,A01,1,1,1,1,2000,5,8,0,-1,-1,-1,-1,2.021E+11,4,986,0,NULL,1,1,0,1,0,0,3,NULL,-1,1,9,4,30
2.021E+11,11,3,2021,08:15:00,1,94,94018,2,3,8,3,GRAVELLE (AV DE),"488,252,700,000","24,097,000,000",2.021E+11,115 159,B01,1,1,0,2,1,1,5,NULL,2.021E+11,152 597,115 159,B01,1,1,4,1,2005,2,8,0,-1,-1,-1,-1,2.021E+11,3,CAMILLE MOUQUET (R),0,NULL,2,2,0,1,0,0,1,NULL,-1,2,0,1,30
2.021E+11,11,3,2021,08:15:00,1,94,94018,2,3,8,3,GRAVELLE (AV DE),"488,252,700,000","24,097,000,000",2.021E+11,115 159,B01,1,1,0,2,1,1,5,NULL,2.021E+11,152 598,115 160,A01,1,1,1,1,1985,1,1,0,-1,-1,-1,-1,2.021E+11,3,CAMILLE MOUQUET (R),0,NULL,2,2,0,1,0,0,1,NULL,-1,2,0,1,30
2.021E+11,24,2,2021,17:23:00,1,53,53109,1,1,1,7,D160,"482,942,510,000"," -0,4806630000",2.021E+11,111 386,A01,1,1,0,0,0,1,5,NULL,2.021E+11,147 773,111 386,A01,1,1,3,1,1992,5,0,-1,-1,0,0,-1,2.021E+11,3,160,-1,NULL,2,2,0,1,3,200,1,NULL,-1,1,0,1,80
2.021E+11,8,1,2021,19:25:00,5,973,97309,2,9,3,1,rue gaston monnerville,"48,870,640,000","-522,768,010,000",2.021E+11,102 012,A01,3,1,0,2,2,11,5,NULL,2.021E+11,135 353,102 011,B01,1,1,1,1,1969,3,1,-1,-1,0,0,-1,2.021E+11,4,NULL,-1,NULL,2,2,0,1,-1,-1,1,NULL,-1,2,0,1,50
2.021E+11,8,1,2021,19:25:00,5,973,97309,2,9,3,1,rue gaston monnerville,"48,870,640,000","-522,768,010,000",2.021E+11,102 012,A01,3,1,0,2,2,11,5,NULL,2.021E+11,135 354,102 012,A01,1,1,4,1,1966,0,0,-1,-1,0,0,-1,2.021E+11,4,NULL,-1,NULL,2,2,0,1,-1,-1,1,NULL,-1,2,0,1,50
2.021E+11,29,10,2021,01:05:00,5,75,75120,2,2,1,3,AVENUE DU PERE LACHAISE,"488,644,210,000","23,980,710,000",2.021E+11,183 215,B01,3,1,0,2,2,1,5,NULL,2.021E+11,242 612,183 214,A01,1,1,4,1,1980,4,2,6,-1,0,0,-1,2.021E+11,4,AVENUE DU PERE LACHAISE,0,NULL,2,2,0,1,-1,-1,1,NULL,-1,1,0,1,30
2.021E+11,29,10,2021,01:05:00,5,75,75120,2,2,1,3,AVENUE DU PERE LACHAISE,"488,644,210,000","23,980,710,000",2.021E+11,183 215,B01,3,1,0,2,2,1,5,NULL,2.021E+11,242 613,183 215,B01,1,1,1,1,1995,9,8,0,-1,0,0,-1,2.021E+11,4,AVENUE DU PERE LACHAISE,0,NULL,2,2,0,1,-1,-1,1,NULL,-1,1,0,1,30
2.021E+11,27,10,2021,17:15:00,1,18,18279,2,9,1,3,VOLTAIRE ( RUE ),"472,207,854,801","20,674,319,965",2.021E+11,182 561,A01,1,1,14,2,9,21,5,NULL,2.021E+11,241 734,182 561,A01,1,1,3,1,2004,5,8,0,-1,-1,-1,-1,2.021E+11,4,VOLTAIRE ( RUE ),0,NULL,2,1,0,1,-1,-1,1,NULL,-1,1,0,1,50
2.021E+11,27,10,2021,17:15:00,1,18,18279,2,9,1,3,VOLTAIRE ( RUE ),"472,207,854,801","20,674,319,965",2.021E+11,182 561,A01,1,1,14,2,9,21,5,NULL,2.021E+11,241 735,182 562,B01,1,1,1,1,1986,9,8,0,-1,0,0,-1,2.021E+11,4,VOLTAIRE ( RUE ),0,NULL,2,1,0,1,-1,-1,1,NULL,-1,1,0,1,50
2.021E+11,27,10,2021,17:15:00,1,18,18279,2,9,1,3,VOLTAIRE ( RUE ),"472,207,854,801","20,674,319,965",2.021E+11,182 561,A01,1,1,14,2,9,21,5,NULL,2.021E+11,241 736,182 562,B01,2,2,1,1,1965,4,8,0,-1,-1,-1,-1,2.021E+11,4,VOLTAIRE ( RUE ),0,NULL,2,1,0,1,-1,-1,1,NULL,-1,1,0,1,50
2.021E+11,23,10,2021,19:00:00,5,59,59456,2,1,1,3,BARROIS (AVENUE),"503,719,500,000","31,894,100,000",2.021E+11,181 924,B01,1,1,0,2,8,2,5,NULL,2.021E+11,240 943,181 924,B01,1,1,4,2,1972,4,2,4,-1,-1,-1,-1,2.021E+11,4,BARROIS (AVENUE),0,NULL,2,2,0,1,-1,-1,3,NULL,-1,1,0,1,50
2.021E+11,23,10,2021,19:00:00,5,59,59456,2,1,1,3,BARROIS (AVENUE),"503,719,500,000","31,894,100,000",2.021E+11,181 924,B01,1,1,0,2,8,2,5,NULL,2.021E+11,240 944,181 925,A01,1,1,1,-1,NULL,-1,-1,-1,-1,-1,-1,-1,2.021E+11,4,BARROIS (AVENUE),0,NULL,2,2,0,1,-1,-1,3,NULL,-1,1,0,1,50
2.021E+11,24,10,2021,00:55:00,5,75,75118,2,3,1,3,BOULEVARD BARBES,"488,883,510,000","23,496,040,000",2.021E+11,181 654,B01,1,1,0,2,1,1,5,NULL,2.021E+11,240 578,181 653,A01,1,1,4,1,1996,5,2,6,-1,0,0,-1,2.021E+11,4,BOULEVARD BARBES,0,NULL,2,4,1,1,-1,-1,1,NULL,-1,1,-1,5,30
2.021E+11,24,10,2021,00:55:00,5,75,75118,2,3,1,3,BOULEVARD BARBES,"488,883,510,000","23,496,040,000",2.021E+11,181 654,B01,1,1,0,2,1,1,5,NULL,2.021E+11,240 579,181 653,A01,2,2,1,2,1996,5,2,6,-1,0,0,-1,2.021E+11,4,BOULEVARD BARBES,0,NULL,2,4,1,1,-1,-1,1,NULL,-1,1,-1,5,30
2.021E+11,24,10,2021,00:55:00,5,75,75118,2,3,1,3,BOULEVARD BARBES,"488,883,510,000","23,496,040,000",2.021E+11,181 654,B01,1,1,0,2,1,1,5,NULL,2.021E+11,240 580,181 654,B01,1,1,1,1,1993,5,2,0,-1,0,0,-1,2.021E+11,4,BOULEVARD BARBES,0,NULL,2,4,1,1,-1,-1,1,NULL,-1,1,-1,5,30
2.021E+11,17,9,2021,18:20:00,1,69,69382,2,1,1,1,GALLIENI (PT),"457,485,973,025","48,312,216,997",2.021E+11,177 427,B01,3,1,0,2,1,1,5,NULL,2.021E+11,235 063,177 427,B01,1,1,1,1,1996,0,8,-1,-1,-1,-1,-1,2.021E+11,4,GALLIENI                            (PT),0,NULL,2,5,1,1,-1,-1,1,NULL,-1,1,2,5,30
2.021E+11,17,9,2021,18:20:00,1,69,69382,2,1,1,1,GALLIENI (PT),"457,485,973,025","48,312,216,997",2.021E+11,177 427,B01,3,1,0,2,1,1,5,NULL,2.021E+11,235 064,177 428,A01,1,1,4,1,1992,1,8,-1,-1,-1,-1,-1,2.021E+11,4,GALLIENI                            (PT),0,NULL,2,5,1,1,-1,-1,1,NULL,-1,1,2,5,30