Num_Acc,jour,mois,an,hrmn,lum,dep,com,agg,int,atm,col,adr,lat,long,Num_Acc,id_vehicule,num_veh,senc,catv,obs,obsm,choc,manv,motor,occutc,Num_Acc,id_usager,id_vehicule,num_veh,place,catu,grav,sexe,an_nais,trajet,secu1,secu2,secu3,locp,actp,etatp,Num_Acc,catr,voie,v1,v2,circ,nbv,vosp,prof,pr,pr1,plan,lartpc,larrout,surf,infra,situ,vma
2.021E+11,12,10,2021,09:20:00,1,94,94034,2,6,1,3,Avenue du Parc Médicis,"487,538,100,000","23,336,100,000",2.021E+11,177 212,A01,3,1,15,0,0,0,5,NULL,2.021E+11,234 798,177 211,B01,1,1,1,1,1987,4,1,0,-1,-1,-1,-1,2.021E+11,4,PARC MEDICIS (AV DU),0,NULL,2,2,3,1,1,0,1,NULL,-1,1,5,1,50
2.021E+11,12,10,2021,09:20:00,1,94,94034,2,6,1,3,Avenue du Parc Médicis,"487,538,100,000","23,336,100,000",2.021E+11,177 212,A01,3,1,15,0,0,0,5,NULL,2.021E+11,234 799,177 212,A01,1,1,4,1,1958,0,0,0,-1,0,0,-1,2.021E+11,4,PARC MEDICIS (AV DU),0,NULL,2,2,3,1,1,0,1,NULL,-1,1,5,1,50
2.021E+11,6,10,2021,11:30:00,1,67,67447,2,3,1,2,SELESTAT (RUE DE),"486,101,700,000","77,394,900,000",2.021E+11,175 639,B01,1,1,0,2,0,2,5,NULL,2.021E+11,232 752,175 638,A01,1,1,1,2,1940,5,1,8,-1,-1,-1,-1,2.021E+11,4,SELESTAT (RUE DE),0,NULL,2,3,0,1,0,0,1,NULL,-1,1,0,1,30
2.021E+11,6,10,2021,11:30:00,1,67,67447,2,3,1,2,SELESTAT (RUE DE),"486,101,700,000","77,394,900,000",2.021E+11,175 639,B01,1,1,0,2,0,2,5,NULL,2.021E+11,232 753,175 639,B01,1,1,4,1,1965,0,8,0,-1,-1,-1,-1,2.021E+11,4,SELESTAT (RUE DE),0,NULL,2,3,0,1,0,0,1,NULL,-1,1,0,1,30
2.021E+11,5,10,2021,13:05:00,1,72,72181,2,3,1,2,LIBERATION (AV DE LA) N° IMP 147 ET+,"480,034,512,848","0,1862749819",2.021E+11,174 892,B01,3,1,0,2,0,1,5,NULL,2.021E+11,231 795,174 892,B01,1,1,3,1,1963,0,8,0,-1,-1,-1,-1,2.021E+11,4,LIBERATION (AV DE LA) N° IMP 147 ET+,0,NULL,2,2,2,1,0,0,1,NULL,-1,1,0,1,50
2.021E+11,5,10,2021,13:05:00,1,72,72181,2,3,1,2,LIBERATION (AV DE LA) N° IMP 147 ET+,"480,034,512,848","0,1862749819",2.021E+11,174 892,B01,3,1,0,2,0,1,5,NULL,2.021E+11,231 796,174 893,A01,1,1,1,1,1979,4,1,0,-1,-1,-1,-1,2.021E+11,4,LIBERATION (AV DE LA) N° IMP 147 ET+,0,NULL,2,2,2,1,0,0,1,NULL,-1,1,0,1,50
2.021E+11,2,10,2021,15:45:00,1,51,51454,2,3,1,3,Rue des Romains,"492,623,234,679","40,190,517,347",2.021E+11,173 871,B01,0,1,0,2,1,21,5,NULL,2.021E+11,230 470,173 871,B01,1,1,4,1,2007,0,8,-1,-1,-1,-1,-1,2.021E+11,3,ROMAINS (RUE),0,NULL,2,2,0,1,0,730,1,NULL,-1,1,0,1,50
2.021E+11,2,10,2021,15:45:00,1,51,51454,2,3,1,3,Rue des Romains,"492,623,234,679","40,190,517,347",2.021E+11,173 871,B01,0,1,0,2,1,21,5,NULL,2.021E+11,230 471,173 872,A01,1,1,1,2,1972,0,1,-1,-1,-1,-1,-1,2.021E+11,3,ROMAINS (RUE),0,NULL,2,2,0,1,0,730,1,NULL,-1,1,0,1,50
2.021E+11,30,9,2021,10:40:00,1,83,83018,1,6,7,3,Avenue de la Gare,"433,448,600,052","61,724,656,668",2.021E+11,173 099,B01,1,1,0,2,2,1,6,NULL,2.021E+11,229 472,173 098,A01,1,1,1,2,1952,0,1,-1,-1,0,0,-1,2.021E+11,3,15,0,NULL,1,2,0,1,1,0,2,NULL,-1,1,0,1,70
2.021E+11,30,9,2021,10:40:00,1,83,83018,1,6,7,3,Avenue de la Gare,"433,448,600,052","61,724,656,668",2.021E+11,173 099,B01,1,1,0,2,2,1,6,NULL,2.021E+11,229 473,173 099,B01,1,1,3,1,1953,5,2,-1,-1,0,0,-1,2.021E+11,3,15,0,NULL,1,2,0,1,1,0,2,NULL,-1,1,0,1,70
2.021E+11,14,9,2021,15:45:00,1,42,42213,1,1,1,6,Route de Valorges,"459,001,780,000","43,137,110,000",2.021E+11,167 605,B01,1,1,0,2,4,14,5,NULL,2.021E+11,222 299,167 604,A01,1,1,1,1,1995,4,1,-1,-1,0,0,-1,2.021E+11,3,49,-1,NULL,2,2,0,2,37,100,1,NULL,-1,1,0,1,80
2.021E+11,14,9,2021,15:45:00,1,42,42213,1,1,1,6,Route de Valorges,"459,001,780,000","43,137,110,000",2.021E+11,167 605,B01,1,1,0,2,4,14,5,NULL,2.021E+11,222 300,167 605,B01,1,1,2,1,1934,5,2,-1,-1,0,0,-1,2.021E+11,3,49,-1,NULL,2,2,0,2,37,100,1,NULL,-1,1,0,1,80
2.021E+11,7,9,2021,16:30:00,1,30,30189,2,1,1,3,ALLENDE SALVADOR (RUE),"438,246,000,000","43,700,000,000",2.021E+11,166 453,B01,0,1,0,2,8,19,5,NULL,2.021E+11,220 781,166 452,A01,1,1,1,1,1943,9,1,0,-1,-1,-1,-1,2.021E+11,4,ALLENDE SALVADOR (RUE),0,NULL,2,4,1,1,0,0,1,NULL,-1,1,0,1,50
2.021E+11,7,9,2021,16:30:00,1,30,30189,2,1,1,3,ALLENDE SALVADOR (RUE),"438,246,000,000","43,700,000,000",2.021E+11,166 453,B01,0,1,0,2,8,19,5,NULL,2.021E+11,220 782,166 453,B01,1,1,4,2,1962,0,8,0,-1,-1,-1,-1,2.021E+11,4,ALLENDE SALVADOR (RUE),0,NULL,2,4,1,1,0,0,1,NULL,-1,1,0,1,50
2.021E+11,7,9,2021,09:40:00,1,94,94015,2,9,1,3,Avenue de l’Europe,"488,345,310,000","25,302,060,000",2.021E+11,165 278,B01,2,1,0,0,0,1,5,NULL,2.021E+11,219 270,165 277,A01,1,1,1,2,1984,1,1,0,-1,-1,-1,-1,2.021E+11,4,L'EUROPE (AV DE),0,NULL,1,2,0,1,1,0,1,NULL,-1,1,0,1,50
2.021E+11,7,9,2021,09:40:00,1,94,94015,2,9,1,3,Avenue de l’Europe,"488,345,310,000","25,302,060,000",2.021E+11,165 278,B01,2,1,0,0,0,1,5,NULL,2.021E+11,219 271,165 278,B01,1,1,4,1,1993,1,0,0,-1,-1,-1,-1,2.021E+11,4,L'EUROPE (AV DE),0,NULL,1,2,0,1,1,0,1,NULL,-1,1,0,1,50
2.021E+11,30,8,2021,15:10:00,1,92,92073,2,1,1,7,ROUSSEAU (RUE JEAN-JACQUES),"488,644,380,000","22,205,430,000",2.021E+11,162 616,Y01,1,1,0,0,1,1,5,NULL,2.021E+11,215 771,162 616,Y01,1,1,4,1,2003,5,8,0,-1,-1,-1,-1,2.021E+11,4,ROUSSEAU (RUE JEAN-JACQUES),0,NULL,2,2,0,2,0,0,1,NULL,-1,1,0,1,50
2.021E+11,13,8,2021,20:20:00,1,25,25058,2,3,1,3,4 rue du stade,"472,049,080,000","59,950,540,000",2.021E+11,158 447,B01,3,1,0,2,1,1,5,NULL,2.021E+11,210 031,158 447,B01,1,1,3,1,1982,0,6,-1,-1,0,0,-1,2.021E+11,4,NULL,-1,NULL,2,2,0,1,-1,-1,1,NULL,4,1,0,1,30
2.021E+11,13,8,2021,20:20:00,1,25,25058,2,3,1,3,4 rue du stade,"472,049,080,000","59,950,540,000",2.021E+11,158 447,B01,3,1,0,2,1,1,5,NULL,2.021E+11,210 032,158 448,A01,1,1,1,2,1986,0,8,-1,-1,0,0,-1,2.021E+11,4,NULL,-1,NULL,2,2,0,1,-1,-1,1,NULL,4,1,0,1,30
2.021E+11,12,8,2021,15:30:00,1,86,86194,2,3,1,3,Avenue John Kennedy,"465,869,870,000","0,3649790000",2.021E+11,157 880,B01,1,1,0,2,7,0,5,NULL,2.021E+11,209 243,157 880,B01,1,1,4,2,1987,0,2,0,-1,-1,-1,-1,2.021E+11,3,JOHN KENNEDY (AVENUE),0,NULL,3,4,0,1,2,80,1,NULL,-1,1,0,1,50
2.021E+11,12,8,2021,15:30:00,1,86,86194,2,3,1,3,Avenue John Kennedy,"465,869,870,000","0,3649790000",2.021E+11,157 880,B01,1,1,0,2,7,0,5,NULL,2.021E+11,209 244,157 881,A01,1,1,1,2,1991,9,1,0,-1,-1,-1,-1,2.021E+11,3,JOHN KENNEDY (AVENUE),0,NULL,3,4,0,1,2,80,1,NULL,-1,1,0,1,50
2.021E+11,1,8,2021,16:06:00,1,76,76282,2,1,1,6,BEAU SITE. RUE DU,"493,032,358,371","10,497,978,330",2.021E+11,155 280,B01,3,1,0,2,0,0,5,NULL,2.021E+11,205 636,155 279,A01,1,1,1,1,1964,5,2,0,-1,-1,-1,-1,2.021E+11,4,BEAU SITE. RUE DU,0,NULL,2,1,3,2,-1,-1,1,NULL,-1,1,0,1,80
2.021E+11,1,8,2021,16:06:00,1,76,76282,2,1,1,6,BEAU SITE. RUE DU,"493,032,358,371","10,497,978,330",2.021E+11,155 280,B01,3,1,0,2,0,0,5,NULL,2.021E+11,205 637,155 280,B01,1,1,3,1,2005,5,2,0,-1,-1,-1,-1,2.021E+11,4,BEAU SITE. RUE DU,0,NULL,2,1,3,2,-1,-1,1,NULL,-1,1,0,1,80
2.021E+11,14,7,2021,13:20:00,1,13,13026,2,9,1,3,RN 568 CLM,"433,901,800,000","51,622,500,000",2.021E+11,154 643,B01,0,1,0,2,2,1,5,NULL,2.021E+11,204 716,154 642,A01,1,1,1,1,1950,5,1,8,-1,-1,-1,-1,2.021E+11,7,RN 568 CLM,0,NULL,2,2,0,1,0,0,3,NULL,-1,1,5,1,50
2.021E+11,14,7,2021,13:20:00,1,13,13026,2,9,1,3,RN 568 CLM,"433,901,800,000","51,622,500,000",2.021E+11,154 643,B01,0,1,0,2,2,1,5,NULL,2.021E+11,204 717,154 643,B01,1,1,2,2,1968,5,2,0,-1,-1,-1,-1,2.021E+11,7,RN 568 CLM,0,NULL,2,2,0,1,0,0,3,NULL,-1,1,5,1,50
2.021E+11,28,7,2021,15:25:00,1,56,56162,2,1,1,7,FORCES FRANCAISES LIBRES (PLACE DES),"477,353,800,000","-34,282,900,000",2.021E+11,154 413,A01,1,1,16,0,0,1,5,NULL,2.021E+11,204 406,154 413,A01,1,1,4,2,1958,5,8,8,-1,-1,-1,-1,2.021E+11,6,NULL,0,NULL,-1,-1,0,1,-1,-1,1,NULL,-1,1,0,1,50
2.021E+11,21,7,2021,14:45:00,1,75,75111,2,4,1,3,RUE DU FAUBOURG SAINT ANTOINE,"488,506,360,000","23,788,240,000",2.021E+11,152 079,B01,2,1,0,2,0,7,5,NULL,2.021E+11,201 192,152 079,B01,1,1,4,2,1973,9,8,0,-1,0,0,-1,2.021E+11,4,RUE DU FAUBOURG SAINT ANTOINE,0,NULL,2,2,3,1,-1,-1,1,NULL,-1,1,0,6,50
2.021E+11,21,7,2021,14:45:00,1,75,75111,2,4,1,3,RUE DU FAUBOURG SAINT ANTOINE,"488,506,360,000","23,788,240,000",2.021E+11,152 079,B01,2,1,0,2,0,7,5,NULL,2.021E+11,201 193,152 080,A01,2,2,1,2,1973,9,1,0,-1,0,0,-1,2.021E+11,4,RUE DU FAUBOURG SAINT ANTOINE,0,NULL,2,2,3,1,-1,-1,1,NULL,-1,1,0,6,50
2.021E+11,21,7,2021,14:45:00,1,75,75111,2,4,1,3,RUE DU FAUBOURG SAINT ANTOINE,"488,506,360,000","23,788,240,000",2.021E+11,152 079,B01,2,1,0,2,0,7,5,NULL,2.021E+11,201 194,152 080,A01,1,1,1,2,1994,9,1,0,-1,0,0,-1,2.021E+11,4,RUE DU FAUBOURG SAINT ANTOINE,0,NULL,2,2,3,1,-1,-1,1,NULL,-1,1,0,6,50
2.021E+11,17,7,2021,01:40:00,5,33,33063,2,3,1,1,Rue Sainte-Catherine,"448,402,350,000"," -0,5742180000",2.021E+11,150 506,A01,2,1,0,2,1,1,5,NULL,2.021E+11,199 017,150 505,B01,1,1,4,2,1979,5,8,-1,-1,-1,-1,-1,2.021E+11,4,RUE SAINTE- CATHERINE,0,NULL,-1,0,0,2,-1,-1,1,NULL,-1,1,0,1,30
2.021E+11,17,7,2021,01:40:00,5,33,33063,2,3,1,1,Rue Sainte-Catherine,"448,402,350,000"," -0,5742180000",2.021E+11,150 505,B01,1,1,0,2,1,1,5,NULL,2.021E+11,199 017,150 505,B01,1,1,4,2,1979,5,8,-1,-1,-1,-1,-1,2.021E+11,4,RUE SAINTE- CATHERINE,0,NULL,-1,0,0,2,-1,-1,1,NULL,-1,1,0,1,30
2.021E+11,17,7,2021,01:40:00,5,33,33063,2,3,1,1,Rue Sainte-Catherine,"448,402,350,000"," -0,5742180000",2.021E+11,150 506,A01,2,1,0,2,1,1,5,NULL,2.021E+11,199 018,150 506,A01,1,1,4,1,1982,5,8,-1,-1,-1,-1,-1,2.021E+11,4,RUE SAINTE- CATHERINE,0,NULL,-1,0,0,2,-1,-1,1,NULL,-1,1,0,1,30
2.021E+11,17,7,2021,01:40:00,5,33,33063,2,3,1,1,Rue Sainte-Catherine,"448,402,350,000"," -0,5742180000",2.021E+11,150 505,B01,1,1,0,2,1,1,5,NULL,2.021E+11,199 018,150 506,A01,1,1,4,1,1982,5,8,-1,-1,-1,-1,-1,2.021E+11,4,RUE SAINTE- CATHERINE,0,NULL,-1,0,0,2,-1,-1,1,NULL,-1,1,0,1,30
2.021E+11,11,7,2021,02:00:00,3,64,64024,2,1,1,6,Promenade des Sources,"434,943,161,093","-15,455,478,430",2.021E+11,149 411,A01,3,1,3,0,1,1,5,NULL,2.021E+11,197 512,149 411,A01,1,1,3,1,1994,5,8,0,-1,-1,-1,-1,2.021E+11,4,SOURCES (PROMENADE DES),0,NULL,2,1,0,4,0,0,1,NULL,-1,1,0,1,30
2.021E+11,9,7,2021,14:05:00,1,75,75107,2,1,1,3,RUE SAINT DOMINIQUE,"488,593,590,000","23,057,730,000",2.021E+11,148 462,B01,2,1,0,2,1,1,5,NULL,2.021E+11,196 149,148 462,B01,1,1,4,2,1994,9,2,0,-1,0,0,-1,2.021E+11,4,RUE SAINT DOMINIQUE,0,NULL,1,1,0,1,-1,-1,1,NULL,-1,1,0,1,50
2.021E+11,9,7,2021,14:05:00,1,75,75107,2,1,1,3,RUE SAINT DOMINIQUE,"488,593,590,000","23,057,730,000",2.021E+11,148 462,B01,2,1,0,2,1,1,5,NULL,2.021E+11,196 150,148 463,A01,1,1,1,1,1965,9,1,0,-1,0,0,-1,2.021E+11,4,RUE SAINT DOMINIQUE,0,NULL,1,1,0,1,-1,-1,1,NULL,-1,1,0,1,50
2.021E+11,27,6,2021,07:00:00,1,971,97106,1,1,1,3,Route de Bellon,"161,828,440,000","-617,821,370,000",2.021E+11,144 195,B01,2,1,0,0,8,2,5,NULL,2.021E+11,190 411,144 195,B01,1,1,2,1,1962,5,2,-1,-1,0,0,-1,2.021E+11,2,2,-1,NULL,2,2,0,3,-1,-1,4,NULL,-1,1,0,1,70
2.021E+11,27,6,2021,07:00:00,1,971,97106,1,1,1,3,Route de Bellon,"161,828,440,000","-617,821,370,000",2.021E+11,144 195,B01,2,1,0,0,8,2,5,NULL,2.021E+11,190 412,144 196,A01,1,1,1,1,1991,5,8,-1,-1,0,0,-1,2.021E+11,2,2,-1,NULL,2,2,0,3,-1,-1,4,NULL,-1,1,0,1,70
2.021E+11,2,6,2021,16:30:00,1,22,22248,2,9,1,7,Hent Ar Mor,"486,192,150,000","-30,871,210,000",2.021E+11,143 879,A01,2,1,0,0,7,1,5,NULL,2.021E+11,189 992,143 879,A01,1,1,4,2,2009,5,2,-1,-1,0,0,-1,2.021E+11,3,32,0,NULL,2,2,0,1,-1,-1,1,NULL,-1,1,0,1,50
2.021E+11,23,6,2021,17:20:00,1,38,38057,2,4,1,3,Rue de la Maritelle,"451,420,790,000","57,411,340,000",2.021E+11,143 168,B01,1,1,0,2,1,1,5,NULL,2.021E+11,189 109,143 167,A01,1,1,1,1,1956,9,1,-1,-1,0,0,-1,2.021E+11,7,D269,0,C,2,2,0,2,2,500,1,NULL,4,1,5,1,30
2.021E+11,23,6,2021,17:20:00,1,38,38057,2,4,1,3,Rue de la Maritelle,"451,420,790,000","57,411,340,000",2.021E+11,143 168,B01,1,1,0,2,1,1,5,NULL,2.021E+11,189 110,143 168,B01,1,1,3,1,1968,5,2,6,-1,0,0,-1,2.021E+11,7,D269,0,C,2,2,0,2,2,500,1,NULL,4,1,5,1,30
2.021E+11,22,6,2021,11:45:00,1,49,49030,1,1,1,2,Route de Longué RD 53,"473,823,040,000"," -0,0854770000",2.021E+11,142 556,B01,3,1,0,2,4,2,5,NULL,2.021E+11,188 305,142 555,A01,1,1,1,1,1946,5,1,-1,-1,0,0,-1,2.021E+11,3,53,-1,NULL,2,2,0,4,-1,-1,2,NULL,-1,1,2,1,80
2.021E+11,22,6,2021,11:45:00,1,49,49030,1,1,1,2,Route de Longué RD 53,"473,823,040,000"," -0,0854770000",2.021E+11,142 556,B01,3,1,0,2,4,2,5,NULL,2.021E+11,188 306,142 556,B01,1,1,3,1,1950,5,2,9,-1,0,0,-1,2.021E+11,3,53,-1,NULL,2,2,0,4,-1,-1,2,NULL,-1,1,2,1,80
2.021E+11,15,6,2021,18:05:00,1,75,75113,2,2,1,3,BOULEVARD ARAGO,"488,356,320,000","23,482,870,000",2.021E+11,140 816,A01,1,1,0,2,1,1,5,NULL,2.021E+11,186 003,140 815,B01,1,1,1,1,1981,1,1,0,-1,0,0,-1,2.021E+11,4,BOULEVARD ARAGO,0,NULL,2,4,1,2,-1,-1,1,NULL,-1,1,0,5,30
2.021E+11,15,6,2021,18:05:00,1,75,75113,2,2,1,3,BOULEVARD ARAGO,"488,356,320,000","23,482,870,000",2.021E+11,140 816,A01,1,1,0,2,1,1,5,NULL,2.021E+11,186 004,140 816,A01,1,1,4,1,1985,1,2,0,-1,0,0,-1,2.021E+11,4,BOULEVARD ARAGO,0,NULL,2,4,1,2,-1,-1,1,NULL,-1,1,0,5,30
2.021E+11,15,6,2021,08:45:00,1,971,97101,2,6,1,3,ROUTE DES ABYMES,"162,392,606,524","-615,238,022,804",2.021E+11,140 576,B01,1,1,0,2,7,1,5,NULL,2.021E+11,185 694,140 575,A01,1,1,1,1,1988,0,1,8,-1,-1,-1,-1,2.021E+11,2,ROUTE DES ABYMES,0,NULL,-1,2,0,1,-1,-1,1,NULL,-1,1,9,1,50
2.021E+11,15,6,2021,08:45:00,1,971,97101,2,6,1,3,ROUTE DES ABYMES,"162,392,606,524","-615,238,022,804",2.021E+11,140 576,B01,1,1,0,2,7,1,5,NULL,2.021E+11,185 695,140 576,B01,1,1,4,1,1952,0,8,0,-1,-1,-1,-1,2.021E+11,2,ROUTE DES ABYMES,0,NULL,-1,2,0,1,-1,-1,1,NULL,-1,1,9,1,50
2.021E+11,15,6,2021,08:10:00,1,75,75112,2,5,1,3,RUE ABEL,"488,458,710,000","23,742,940,000",2.021E+11,140 402,A01,1,1,0,2,2,1,5,NULL,2.021E+11,185 470,140 402,A01,1,1,4,2,1997,9,2,0,-1,0,0,-1,2.021E+11,4,RUE ABEL,0,NULL,2,2,1,1,-1,-1,1,NULL,-1,1,0,5,30
2.021E+11,15,6,2021,08:10:00,1,75,75112,2,5,1,3,RUE ABEL,"488,458,710,000","23,742,940,000",2.021E+11,140 402,A01,1,1,0,2,2,1,5,NULL,2.021E+11,185 471,140 403,B01,1,1,1,1,1979,4,1,0,-1,0,0,-1,2.021E+11,4,RUE ABEL,0,NULL,2,2,1,1,-1,-1,1,NULL,-1,1,0,5,30
2.021E+11,14,6,2021,19:30:00,1,94,94052,2,2,1,3,Rue Jacques Kablé,"488,358,000,000","24,886,000,000",2.021E+11,140 169,B01,2,1,0,2,1,1,5,NULL,2.021E+11,185 187,140 169,B01,1,1,4,1,1963,0,0,0,-1,-1,-1,-1,2.021E+11,3,JACQUES KABLE (R),0,NULL,2,2,0,2,1,0,1,NULL,-1,1,0,1,50
2.021E+11,14,6,2021,19:30:00,1,94,94052,2,2,1,3,Rue Jacques Kablé,"488,358,000,000","24,886,000,000",2.021E+11,140 169,B01,2,1,0,2,1,1,5,NULL,2.021E+11,185 188,140 170,A01,1,1,1,2,1945,5,1,0,-1,-1,-1,-1,2.021E+11,3,JACQUES KABLE (R),0,NULL,2,2,0,2,1,0,1,NULL,-1,1,0,1,50
2.021E+11,12,6,2021,23:30:00,5,69,69383,2,2,1,3,FELIX FAURE (AV),"457,546,587,568","48,675,549,030",2.021E+11,139 627,A01,2,1,0,2,0,0,5,NULL,2.021E+11,184 447,139 626,Z01,1,1,1,1,1965,-1,8,-1,-1,-1,-1,-1,2.021E+11,4,FELIX FAURE                         (AV),0,NULL,2,4,2,1,-1,-1,1,NULL,-1,1,0,1,50
2.021E+11,12,6,2021,23:30:00,5,69,69383,2,2,1,3,FELIX FAURE (AV),"457,546,587,568","48,675,549,030",2.021E+11,139 627,A01,2,1,0,2,0,0,5,NULL,2.021E+11,184 448,139 627,A01,1,1,4,1,1994,9,8,-1,-1,-1,-1,-1,2.021E+11,4,FELIX FAURE                         (AV),0,NULL,2,4,2,1,-1,-1,1,NULL,-1,1,0,1,50
2.021E+11,28,5,2021,12:45:00,1,75,75109,2,1,1,3,RUE MAYRAN,"488,772,330,000","23,451,900,000",2.021E+11,134 017,B01,2,1,0,2,1,1,5,NULL,2.021E+11,177 156,134 017,B01,1,1,4,1,1992,9,8,0,-1,0,0,-1,2.021E+11,4,RUE MAYRAN,0,NULL,-1,2,0,1,-1,-1,1,NULL,-1,1,0,1,50
2.021E+11,28,5,2021,12:45:00,1,75,75109,2,1,1,3,RUE MAYRAN,"488,772,330,000","23,451,900,000",2.021E+11,134 017,B01,2,1,0,2,1,1,5,NULL,2.021E+11,177 157,134 018,A01,1,1,1,1,1994,4,1,0,-1,0,0,-1,2.021E+11,4,RUE MAYRAN,0,NULL,-1,2,0,1,-1,-1,1,NULL,-1,1,0,1,50
2.021E+11,27,5,2021,14:15:00,1,93,93029,2,4,1,2,FERNAND PENA,"489,183,400,000","24,359,100,000",2.021E+11,133 983,A01,2,1,14,0,1,26,5,NULL,2.021E+11,177 114,133 982,B01,1,1,1,1,1983,2,1,8,-1,-1,-1,-1,2.021E+11,4,FERNAND PENA,0,NULL,2,2,0,1,0,0,1,NULL,-1,1,5,1,50
2.021E+11,27,5,2021,14:15:00,1,93,93029,2,4,1,2,FERNAND PENA,"489,183,400,000","24,359,100,000",2.021E+11,133 983,A01,2,1,14,0,1,26,5,NULL,2.021E+11,177 115,133 983,A01,1,1,4,1,1992,0,2,8,-1,-1,-1,-1,2.021E+11,4,FERNAND PENA,0,NULL,2,2,0,1,0,0,1,NULL,-1,1,5,1,50
2.021E+11,21,5,2021,21:00:00,5,92,92046,2,3,1,7,Paul vaillant couturier,"488,170,500,000","22,919,100,000",2.021E+11,131 937,B01,3,1,0,0,0,0,0,NULL,2.021E+11,174 400,131 937,B01,2,1,4,2,1971,9,8,0,-1,-1,-1,-1,2.021E+11,4,NULL,0,NULL,1,1,1,1,0,0,1,NULL,-1,1,0,5,50
2.021E+11,21,5,2021,21:00:00,5,92,92046,2,3,1,7,Paul vaillant couturier,"488,170,500,000","22,919,100,000",2.021E+11,131 937,B01,3,1,0,0,0,0,0,NULL,2.021E+11,174 401,131 938,A01,1,1,1,1,2001,4,0,-1,-1,-1,-1,-1,2.021E+11,4,NULL,0,NULL,1,1,1,1,0,0,1,NULL,-1,1,0,5,50
2.021E+11,12,5,2021,12:10:00,1,31,31149,2,1,1,6,LAURAGAIS (ALLEE DU),"436,089,117,703","13,354,121,288",2.021E+11,130 003,B01,3,1,0,2,7,19,5,NULL,2.021E+11,171 855,130 003,B01,1,1,4,1,2008,2,8,0,-1,-1,-1,-1,2.021E+11,4,LAURAGAIS (ALLEE DU),0,NULL,2,2,0,1,-1,-1,1,NULL,-1,1,0,1,50
2.021E+11,12,5,2021,12:10:00,1,31,31149,2,1,1,6,LAURAGAIS (ALLEE DU),"436,089,117,703","13,354,121,288",2.021E+11,130 003,B01,3,1,0,2,7,19,5,NULL,2.021E+11,171 856,130 004,A01,1,1,1,2,1997,1,1,0,-1,-1,-1,-1,2.021E+11,4,LAURAGAIS (ALLEE DU),0,NULL,2,2,0,1,-1,-1,1,NULL,-1,1,0,1,50
2.021E+11,10,5,2021,12:00:00,1,75,75106,2,1,1,6,BOULEVARD DU MONTPARNASSE,"488,443,090,000","23,225,430,000",2.021E+11,129 454,A01,2,1,1,0,7,18,5,NULL,2.021E+11,171 119,129 454,A01,1,1,4,1,1999,4,2,0,-1,0,0,-1,2.021E+11,4,BOULEVARD DU MONTPARNASSE,0,NULL,2,6,3,1,-1,-1,1,NULL,-1,1,0,6,50
2.021E+11,10,5,2021,13:25:00,1,33,33005,2,9,1,3,Avenue de Gascogne,"447,320,060,000","-10,776,420,000",2.021E+11,129 106,B01,2,1,0,2,7,19,5,NULL,2.021E+11,170 665,129 106,B01,1,1,3,1,1948,5,2,-1,-1,0,0,-1,2.021E+11,4,NULL,-1,NULL,2,2,1,1,-1,-1,1,NULL,4,1,9,1,30
2.021E+11,10,5,2021,13:25:00,1,33,33005,2,9,1,3,Avenue de Gascogne,"447,320,060,000","-10,776,420,000",2.021E+11,129 106,B01,2,1,0,2,7,19,5,NULL,2.021E+11,170 666,129 107,A01,1,1,1,1,1968,4,8,-1,-1,0,0,-1,2.021E+11,4,NULL,-1,NULL,2,2,1,1,-1,-1,1,NULL,4,1,9,1,30
2.021E+11,20,4,2021,17:20:00,1,69,69259,2,1,1,2,DIVISION LECLERC (DE LA) (AV),"456,956,290,542","48,678,445,816",2.021E+11,124 271,B01,3,1,0,2,4,0,5,NULL,2.021E+11,164 406,124 270,A01,1,1,1,1,2000,5,1,-1,-1,-1,-1,-1,2.021E+11,4,DIVISION LECLERC (DE LA)            (AV),0,NULL,2,2,0,2,-1,-1,1,NULL,-1,1,0,1,50
2.021E+11,20,4,2021,17:20:00,1,69,69259,2,1,1,2,DIVISION LECLERC (DE LA) (AV),"456,956,290,542","48,678,445,816",2.021E+11,124 271,B01,3,1,0,2,4,0,5,NULL,2.021E+11,164 407,124 271,B01,1,1,3,1,2009,5,2,-1,-1,-1,-1,-1,2.021E+11,4,DIVISION LECLERC (DE LA)            (AV),0,NULL,2,2,0,2,-1,-1,1,NULL,-1,1,0,1,50
2.021E+11,20,4,2021,15:45:00,1,49,49050,2,1,1,6,Rue de Rollée BRISSAC QUINCE,"473,542,340,000"," -0,4502840000",2.021E+11,124 119,A01,3,1,6,0,1,1,0,NULL,2.021E+11,164 217,124 119,A01,1,1,3,1,2008,5,0,-1,-1,0,0,-1,2.021E+11,4,NULL,-1,NULL,2,2,0,4,-1,-1,2,NULL,-1,1,0,8,50
2.021E+11,15,4,2021,11:50:00,1,93,93051,2,1,1,1,NEUILLY (ROUTE),"488,449,400,000","25,412,100,000",2.021E+11,123 150,B01,2,1,0,2,1,1,0,NULL,2.021E+11,162 946,123 149,A01,1,1,1,2,1940,5,1,5,-1,-1,-1,-1,2.021E+11,3,NEUILLY (ROUTE),0,NULL,2,3,1,2,0,1,2,NULL,-1,1,0,5,50