Num_Acc,jour,mois,an,hrmn,lum,dep,com,agg,int,atm,col,adr,lat,long,Num_Acc,id_vehicule,num_veh,senc,catv,obs,obsm,choc,manv,motor,occutc,Num_Acc,id_usager,id_vehicule,num_veh,place,catu,grav,sexe,an_nais,trajet,secu1,secu2,secu3,locp,actp,etatp,Num_Acc,catr,voie,v1,v2,circ,nbv,vosp,prof,pr,pr1,plan,lartpc,larrout,surf,infra,situ,vma
2.021E+11,21,2,2021,14:00:00,1,62,62193,2,6,1,3,CLEMENCEAU (BOULEVARD G.),"509,549,180,000","18,503,430,000",2.021E+11,111 286,B01,3,1,0,2,7,16,5,NULL,2.021E+11,147 646,111 285,A01,1,1,1,2,2000,5,1,0,-1,-1,-1,-1,2.021E+11,4,CLEMENCEAU (BOULEVARD G.),0,NULL,1,1,0,1,-1,-1,3,NULL,-1,1,0,1,50
2.021E+11,21,2,2021,14:00:00,1,62,62193,2,6,1,3,CLEMENCEAU (BOULEVARD G.),"509,549,180,000","18,503,430,000",2.021E+11,111 286,B01,3,1,0,2,7,16,5,NULL,2.021E+11,147 647,111 286,B01,1,1,4,2,1971,5,8,0,-1,-1,-1,-1,2.021E+11,4,CLEMENCEAU (BOULEVARD G.),0,NULL,1,1,0,1,-1,-1,3,NULL,-1,1,0,1,50
2.021E+11,27,1,2021,16:10:00,1,33,33327,2,6,3,3,Cours du Maréchal Foch,"446,568,940,000"," -0,3663900000",2.021E+11,106 502,B01,1,1,0,2,2,1,5,NULL,2.021E+11,141 417,106 502,B01,1,1,4,1,1999,5,0,-1,-1,0,0,-1,2.021E+11,3,1113,-1,NULL,2,2,0,1,-1,-1,2,NULL,-1,2,0,1,50
2.021E+11,27,1,2021,16:10:00,1,33,33327,2,6,3,3,Cours du Maréchal Foch,"446,568,940,000"," -0,3663900000",2.021E+11,106 502,B01,1,1,0,2,2,1,5,NULL,2.021E+11,141 418,106 503,A01,1,1,1,1,1950,5,1,-1,-1,0,0,-1,2.021E+11,3,1113,-1,NULL,2,2,0,1,-1,-1,2,NULL,-1,2,0,1,50
2.021E+11,25,1,2021,05:50:00,4,75,75107,2,7,1,3,PLACE DE FONTENOY,"488,503,840,000","23,068,380,000",2.021E+11,105 660,A01,1,1,0,2,7,1,5,NULL,2.021E+11,140 319,105 660,A01,1,1,4,1,1987,1,2,0,-1,0,0,-1,2.021E+11,4,PLACE DE FONTENOY,0,NULL,1,1,0,1,-1,-1,1,NULL,-1,2,0,1,50
2.021E+11,25,1,2021,05:50:00,4,75,75107,2,7,1,3,PLACE DE FONTENOY,"488,503,840,000","23,068,380,000",2.021E+11,105 660,A01,1,1,0,2,7,1,5,NULL,2.021E+11,140 320,105 661,B01,1,1,1,1,1977,4,1,0,-1,0,0,-1,2.021E+11,4,PLACE DE FONTENOY,0,NULL,1,1,0,1,-1,-1,1,NULL,-1,2,0,1,50
2.021E+11,13,1,2021,09:10:00,1,6,6030,2,1,1,2,CARIMAI (RUE),"435,672,000,000","69,701,900,000",2.021E+11,103 387,B01,1,1,0,2,1,2,6,NULL,2.021E+11,137 182,103 386,A01,1,1,1,1,1978,4,1,8,-1,-1,-1,-1,2.021E+11,3,CARIMAI (RUE),0,NULL,2,2,0,1,0,468,1,NULL,-1,2,0,1,50
2.021E+11,13,1,2021,09:10:00,1,6,6030,2,1,1,2,CARIMAI (RUE),"435,672,000,000","69,701,900,000",2.021E+11,103 387,B01,1,1,0,2,1,2,6,NULL,2.021E+11,137 183,103 387,B01,1,1,3,1,1953,5,2,8,-1,0,0,-1,2.021E+11,3,CARIMAI (RUE),0,NULL,2,2,0,1,0,468,1,NULL,-1,2,0,1,50
2.021E+11,8,1,2021,13:53:00,1,67,67120,1,2,7,1,intersection D35 - D603,"483,756,850,000","74,384,800,000",2.021E+11,102 260,B01,1,1,0,2,1,1,5,NULL,2.021E+11,135 683,102 259,A01,1,1,1,2,1939,0,1,-1,-1,0,0,-1,2.021E+11,3,35,0,D,2,2,0,2,20,150,3,NULL,-1,1,5,1,80
2.021E+11,8,1,2021,13:53:00,1,67,67120,1,2,7,1,intersection D35 - D603,"483,756,850,000","74,384,800,000",2.021E+11,102 260,B01,1,1,0,2,1,1,5,NULL,2.021E+11,135 684,102 260,B01,1,1,3,1,1954,0,0,-1,-1,0,0,-1,2.021E+11,3,35,0,D,2,2,0,2,20,150,3,NULL,-1,1,5,1,80
2.021E+11,6,1,2021,12:10:00,1,76,76711,2,1,1,1,Rue de la Commune de Paris,"500,604,450,000","13,726,960,000",2.021E+11,101 832,B01,2,1,0,2,1,1,5,NULL,2.021E+11,135 116,101 831,A01,1,1,1,2,1972,5,1,-1,-1,0,0,-1,2.021E+11,3,78,0,NULL,2,2,0,2,0,10,1,NULL,-1,1,0,1,50
2.021E+11,6,1,2021,12:10:00,1,76,76711,2,1,1,1,Rue de la Commune de Paris,"500,604,450,000","13,726,960,000",2.021E+11,101 832,B01,2,1,0,2,1,1,5,NULL,2.021E+11,135 117,101 832,B01,1,1,4,1,1999,1,0,-1,-1,0,0,-1,2.021E+11,3,78,0,NULL,2,2,0,2,0,10,1,NULL,-1,1,0,1,50
2.021E+11,26,10,2021,15:55:00,1,1,1075,1,2,1,3,Chemin de Fournieux,"460,235,430,000","47,938,930,000",2.021E+11,182 136,B01,3,1,0,2,1,1,5,NULL,2.021E+11,241 215,182 135,A01,1,1,1,1,1986,0,1,-1,-1,0,0,-1,2.021E+11,4,NULL,-1,NULL,3,2,0,1,-1,-1,1,NULL,4,1,0,1,50
2.021E+11,26,10,2021,15:55:00,1,1,1075,1,2,1,3,Chemin de Fournieux,"460,235,430,000","47,938,930,000",2.021E+11,182 136,B01,3,1,0,2,1,1,5,NULL,2.021E+11,241 216,182 136,B01,1,1,3,1,2000,0,2,-1,-1,0,0,-1,2.021E+11,4,NULL,-1,NULL,3,2,0,1,-1,-1,1,NULL,4,1,0,1,50
2.021E+11,12,10,2021,08:30:00,1,75,75109,2,2,1,3,RUE LA FAYETTE,"488,758,450,000","23,438,690,000",2.021E+11,177 223,B01,1,1,0,2,7,1,5,NULL,2.021E+11,234 814,177 223,B01,1,1,4,2,1988,9,8,0,-1,0,0,-1,2.021E+11,4,RUE LA FAYETTE,0,NULL,1,2,1,1,-1,-1,1,NULL,-1,1,0,1,30
2.021E+11,12,10,2021,08:30:00,1,75,75109,2,2,1,3,RUE LA FAYETTE,"488,758,450,000","23,438,690,000",2.021E+11,177 223,B01,1,1,0,2,7,1,5,NULL,2.021E+11,234 815,177 224,A01,1,1,1,1,1975,1,2,6,-1,0,0,-1,2.021E+11,4,RUE LA FAYETTE,0,NULL,1,2,1,1,-1,-1,1,NULL,-1,1,0,1,30
2.021E+11,10,10,2021,11:41:00,1,72,72181,2,1,1,3,BOLLEE (AV) N° PAIRS 154 A 222,"479,978,000,000","0,2127700000",2.021E+11,176 961,A01,3,1,0,2,1,16,5,NULL,2.021E+11,234 487,176 960,B01,1,1,1,2,1969,0,1,0,-1,-1,-1,-1,2.021E+11,4,BOLLEE (AV) N° PAIRS 154 A 222,0,NULL,2,3,2,1,0,0,1,NULL,-1,1,0,1,50
2.021E+11,10,10,2021,11:41:00,1,72,72181,2,1,1,3,BOLLEE (AV) N° PAIRS 154 A 222,"479,978,000,000","0,2127700000",2.021E+11,176 961,A01,3,1,0,2,1,16,5,NULL,2.021E+11,234 488,176 961,A01,1,1,4,1,1983,0,8,0,-1,-1,-1,-1,2.021E+11,4,BOLLEE (AV) N° PAIRS 154 A 222,0,NULL,2,3,2,1,0,0,1,NULL,-1,1,0,1,50
2.021E+11,31,8,2021,06:55:00,5,64,64024,2,1,1,3,ADOUR (AVENUE DE L'),"435,023,300,000","-14,936,300,000",2.021E+11,163 320,B01,3,1,0,2,8,1,5,NULL,2.021E+11,216 678,163 319,A01,1,1,1,1,1983,0,2,6,-1,-1,-1,-1,2.021E+11,4,ADOUR (AVENUE DE L'),0,NULL,-1,2,1,1,0,0,2,NULL,-1,1,9,1,50
2.021E+11,31,8,2021,06:55:00,5,64,64024,2,1,1,3,ADOUR (AVENUE DE L'),"435,023,300,000","-14,936,300,000",2.021E+11,163 320,B01,3,1,0,2,8,1,5,NULL,2.021E+11,216 679,163 320,B01,1,1,4,1,1966,0,2,6,-1,-1,-1,-1,2.021E+11,4,ADOUR (AVENUE DE L'),0,NULL,-1,2,1,1,0,0,2,NULL,-1,1,9,1,50
2.021E+11,1,9,2021,08:00:00,1,35,35238,2,6,1,3,DE LESSEPS (FERDINAND),"481,017,300,000","-17,072,500,000",2.021E+11,163 290,B01,3,1,0,2,0,2,5,NULL,2.021E+11,216 639,163 290,B01,1,1,4,1,1969,1,8,-1,-1,-1,-1,-1,2.021E+11,4,DE LESSEPS (FERDINAND),0,NULL,-1,1,0,1,-1,-1,1,NULL,-1,1,5,1,30
2.021E+11,1,9,2021,08:00:00,1,35,35238,2,6,1,3,DE LESSEPS (FERDINAND),"481,017,300,000","-17,072,500,000",2.021E+11,163 290,B01,3,1,0,2,0,2,5,NULL,2.021E+11,216 640,163 291,A01,1,1,1,1,1960,1,1,-1,-1,-1,-1,-1,2.021E+11,4,DE LESSEPS (FERDINAND),0,NULL,-1,1,0,1,-1,-1,1,NULL,-1,1,5,1,30
2.021E+11,30,8,2021,17:12:00,1,972,97213,1,1,1,2,AUTOROUTE A1,"146,122,600,000","-610,081,700,000",2.021E+11,162 739,A01,2,1,0,2,1,1,5,NULL,2.021E+11,215 940,162 739,A01,1,1,4,1,1963,5,8,0,-1,-1,-1,-1,2.021E+11,1,AUTOROUTE A1,0,NULL,-1,2,3,1,5,0,1,NULL,-1,1,0,6,90
2.021E+11,30,8,2021,17:12:00,1,972,97213,1,1,1,2,AUTOROUTE A1,"146,122,600,000","-610,081,700,000",2.021E+11,162 739,A01,2,1,0,2,1,1,5,NULL,2.021E+11,215 941,162 740,B01,1,1,1,1,1967,4,1,5,-1,-1,-1,-1,2.021E+11,1,AUTOROUTE A1,0,NULL,-1,2,3,1,5,0,1,NULL,-1,1,0,6,90
2.021E+11,29,8,2021,10:20:00,1,29,29041,1,1,1,2,Rue de Langolen,"480,646,800,000","-38,361,060,000",2.021E+11,162 039,B01,1,1,0,2,8,1,5,NULL,2.021E+11,214 964,162 038,A01,1,1,1,-1,NULL,-1,-1,-1,-1,-1,-1,-1,2.021E+11,3,50,-1,NULL,2,2,0,1,15,100,1,NULL,-1,1,0,1,70
2.021E+11,29,8,2021,10:20:00,1,29,29041,1,1,1,2,Rue de Langolen,"480,646,800,000","-38,361,060,000",2.021E+11,162 039,B01,1,1,0,2,8,1,5,NULL,2.021E+11,214 965,162 039,B01,1,1,3,1,1952,5,2,-1,-1,0,0,-1,2.021E+11,3,50,-1,NULL,2,2,0,1,15,100,1,NULL,-1,1,0,1,70
2.021E+11,15,8,2021,16:00:00,1,14,14764,1,1,1,7,D23,"488,855,030,000"," -0,4151840000",2.021E+11,159 152,A01,2,1,0,0,0,1,5,NULL,2.021E+11,211 028,159 152,A01,1,1,4,1,1980,5,0,-1,-1,0,0,-1,2.021E+11,3,23,-1,NULL,2,2,0,2,25,450,1,NULL,-1,1,0,1,80
2.021E+11,16,8,2021,19:00:00,1,44,44005,1,3,1,2,Mal Hara (Chéméré),"471,320,990,000","-18,816,380,000",2.021E+11,159 119,A01,0,1,0,0,9,9,5,NULL,2.021E+11,210 986,159 118,B01,1,1,1,2,1980,5,1,-1,-1,0,0,-1,2.021E+11,3,751,-1,NULL,2,2,0,1,32,785,1,NULL,-1,1,0,1,80
2.021E+11,16,8,2021,19:00:00,1,44,44005,1,3,1,2,Mal Hara (Chéméré),"471,320,990,000","-18,816,380,000",2.021E+11,159 119,A01,0,1,0,0,9,9,5,NULL,2.021E+11,210 987,159 119,A01,1,1,3,1,2003,1,0,-1,-1,0,0,-1,2.021E+11,3,751,-1,NULL,2,2,0,1,32,785,1,NULL,-1,1,0,1,80
2.021E+11,13,8,2021,08:37:00,1,17,17300,2,1,1,3,SARTRE   AVENUE JEAN-PAUL,"461,567,400,000","-11,203,200,000",2.021E+11,158 255,B01,3,1,0,2,3,1,5,NULL,2.021E+11,209 754,158 254,A01,1,1,1,1,1996,4,1,0,-1,-1,-1,-1,2.021E+11,4,SARTRE   AVENUE JEAN-PAUL,0,NULL,2,3,1,1,-1,-1,1,NULL,-1,1,0,5,50
2.021E+11,13,8,2021,08:37:00,1,17,17300,2,1,1,3,SARTRE   AVENUE JEAN-PAUL,"461,567,400,000","-11,203,200,000",2.021E+11,158 255,B01,3,1,0,2,3,1,5,NULL,2.021E+11,209 755,158 255,B01,1,1,4,1,1999,1,8,0,-1,-1,-1,-1,2.021E+11,4,SARTRE   AVENUE JEAN-PAUL,0,NULL,2,3,1,1,-1,-1,1,NULL,-1,1,0,5,50
2.021E+11,6,8,2021,08:45:00,1,45,45272,2,6,1,7,391 Rue du 11 Novembre,"478,299,819,650","19,700,758,159",2.021E+11,156 033,A01,2,1,0,0,0,1,5,NULL,2.021E+11,206 678,156 033,A01,1,1,3,1,1947,5,2,4,-1,0,0,-1,2.021E+11,4,NULL,-1,NULL,1,1,0,1,-1,-1,1,NULL,"5,5",1,0,1,50
2.021E+11,6,8,2021,19:40:00,1,59,59477,2,3,2,3,Rue Nationale,"505,122,740,000","29,137,100,000",2.021E+11,155 989,B01,2,1,0,0,1,19,5,NULL,2.021E+11,206 621,155 989,B01,1,1,3,1,1982,0,0,-1,-1,0,0,-1,2.021E+11,7,NULL,-1,NULL,2,2,0,1,-1,-1,1,NULL,4,2,0,1,50
2.021E+11,6,8,2021,19:40:00,1,59,59477,2,3,2,3,Rue Nationale,"505,122,740,000","29,137,100,000",2.021E+11,155 989,B01,2,1,0,0,1,19,5,NULL,2.021E+11,206 622,155 990,A01,1,1,1,1,1994,0,1,-1,-1,0,0,-1,2.021E+11,7,NULL,-1,NULL,2,2,0,1,-1,-1,1,NULL,4,2,0,1,50
2.021E+11,29,7,2021,16:30:00,1,65,65193,1,1,8,7,Route de Mauléoon,"429,868,459,475","0,5739980937",2.021E+11,154 580,B01,2,1,0,0,2,21,5,NULL,2.021E+11,204 623,154 579,A01,1,1,1,1,1966,4,1,-1,-1,0,0,-1,2.021E+11,3,925,-1,NULL,2,2,0,1,5,500,1,NULL,-1,1,0,1,80
2.021E+11,29,7,2021,16:30:00,1,65,65193,1,1,8,7,Route de Mauléoon,"429,868,459,475","0,5739980937",2.021E+11,154 580,B01,2,1,0,0,2,21,5,NULL,2.021E+11,204 624,154 580,B01,1,1,4,1,1954,5,2,-1,-1,0,0,-1,2.021E+11,3,925,-1,NULL,2,2,0,1,5,500,1,NULL,-1,1,0,1,80
2.021E+11,28,7,2021,17:10:00,1,38,38474,2,2,1,3,Rue du Vinay,"452,049,570,000","56,675,610,000",2.021E+11,153 902,A01,2,1,0,2,2,0,5,NULL,2.021E+11,203 708,153 901,B01,1,1,1,1,1967,1,2,4,-1,0,0,-1,2.021E+11,4,NULL,-1,NULL,2,2,1,1,-1,-1,1,NULL,4,1,5,5,30
2.021E+11,28,7,2021,17:10:00,1,38,38474,2,2,1,3,Rue du Vinay,"452,049,570,000","56,675,610,000",2.021E+11,153 901,B01,1,1,0,2,1,1,5,NULL,2.021E+11,203 708,153 901,B01,1,1,1,1,1967,1,2,4,-1,0,0,-1,2.021E+11,4,NULL,-1,NULL,2,2,1,1,-1,-1,1,NULL,4,1,5,5,30
2.021E+11,28,7,2021,17:10:00,1,38,38474,2,2,1,3,Rue du Vinay,"452,049,570,000","56,675,610,000",2.021E+11,153 902,A01,2,1,0,2,2,0,5,NULL,2.021E+11,203 709,153 902,A01,1,1,3,1,1954,5,0,-1,-1,0,0,-1,2.021E+11,4,NULL,-1,NULL,2,2,1,1,-1,-1,1,NULL,4,1,5,5,30
2.021E+11,28,7,2021,17:10:00,1,38,38474,2,2,1,3,Rue du Vinay,"452,049,570,000","56,675,610,000",2.021E+11,153 901,B01,1,1,0,2,1,1,5,NULL,2.021E+11,203 709,153 902,A01,1,1,3,1,1954,5,0,-1,-1,0,0,-1,2.021E+11,4,NULL,-1,NULL,2,2,1,1,-1,-1,1,NULL,4,1,5,5,30
2.021E+11,26,7,2021,18:07:00,1,9,9122,2,1,1,6,LESPINET (RUE DE),"429,667,540,000","16,036,850,000",2.021E+11,153 744,B01,2,1,0,0,0,0,0,NULL,2.021E+11,203 505,153 744,B01,1,1,4,1,1976,5,8,8,-1,-1,-1,-1,2.021E+11,3,LESPINET (RUE DE),0,NULL,4,2,0,2,0,0,1,NULL,-1,1,8,1,30
2.021E+11,26,7,2021,18:07:00,1,9,9122,2,1,1,6,LESPINET (RUE DE),"429,667,540,000","16,036,850,000",2.021E+11,153 744,B01,2,1,0,0,0,0,0,NULL,2.021E+11,203 506,153 745,A01,1,1,1,1,1976,0,2,6,-1,-1,-1,-1,2.021E+11,3,LESPINET (RUE DE),0,NULL,4,2,0,2,0,0,1,NULL,-1,1,8,1,30
2.021E+11,20,7,2021,09:45:00,1,33,33529,1,1,1,7,PISTE 214,"445,840,330,000","-12,034,680,000",2.021E+11,151 784,A01,0,1,0,0,0,1,0,NULL,2.021E+11,200 811,151 784,A01,1,1,4,2,1960,0,8,-1,-1,-1,-1,-1,2.021E+11,4,PISTE 214,0,NULL,2,2,1,2,-1,-1,1,NULL,-1,1,0,1,50
2.021E+11,8,7,2021,12:00:00,1,28,28104,2,1,1,6,27 rue jean moulin,"484,849,510,000","15,913,920,000",2.021E+11,148 049,A01,1,1,0,5,1,0,5,NULL,2.021E+11,195 626,148 049,A01,1,1,4,1,1960,5,2,-1,-1,0,0,-1,2.021E+11,3,106.1,-1,NULL,2,2,0,1,0,500,1,NULL,-1,1,0,1,50
2.021E+11,9,7,2021,14:00:00,1,80,80186,1,1,1,7,D142,"498,123,460,000","28,232,720,000",2.021E+11,148 037,A01,2,1,0,0,0,1,0,NULL,2.021E+11,195 612,148 037,A01,1,1,3,1,1965,0,0,-1,-1,0,0,-1,2.021E+11,3,142,-1,NULL,2,2,0,2,1,840,1,NULL,-1,1,0,1,80
2.021E+11,1,7,2021,16:30:00,1,92,92020,2,1,1,7,PARIS AVENUE DE N°2 A82,"488,056,800,000","22,915,500,000",2.021E+11,145 547,B01,1,1,1,0,0,0,5,NULL,2.021E+11,192 237,145 547,B01,1,1,4,2,1983,1,2,0,-1,-1,-1,-1,2.021E+11,4,PARIS AVENUE DE N°2 A82,0,NULL,1,0,0,2,0,0,1,NULL,-1,1,0,1,50
2.021E+11,1,7,2021,16:30:00,1,92,92020,2,1,1,7,PARIS AVENUE DE N°2 A82,"488,056,800,000","22,915,500,000",2.021E+11,145 547,B01,1,1,1,0,0,0,5,NULL,2.021E+11,192 238,145 548,A01,1,1,1,1,1957,3,1,0,-1,-1,-1,-1,2.021E+11,4,PARIS AVENUE DE N°2 A82,0,NULL,1,0,0,2,0,0,1,NULL,-1,1,0,1,50
2.021E+11,1,7,2021,18:50:00,1,33,33268,2,3,1,5,NULL,"450,286,080,000"," -0,6542140000",2.021E+11,145 418,B01,1,1,0,2,1,1,5,NULL,2.021E+11,192 065,145 417,C01,1,1,3,2,1975,5,2,-1,-1,0,0,-1,2.021E+11,3,2,-1,D,2,2,0,1,27,590,1,NULL,-1,1,0,1,30
2.021E+11,1,7,2021,18:50:00,1,33,33268,2,3,1,5,NULL,"450,286,080,000"," -0,6542140000",2.021E+11,145 417,C01,1,1,0,2,1,1,5,NULL,2.021E+11,192 065,145 417,C01,1,1,3,2,1975,5,2,-1,-1,0,0,-1,2.021E+11,3,2,-1,D,2,2,0,1,27,590,1,NULL,-1,1,0,1,30
2.021E+11,1,7,2021,18:50:00,1,33,33268,2,3,1,5,NULL,"450,286,080,000"," -0,6542140000",2.021E+11,145 418,B01,1,1,0,2,1,1,5,NULL,2.021E+11,192 066,145 418,B01,1,1,4,1,1964,5,2,-1,-1,0,0,-1,2.021E+11,3,2,-1,D,2,2,0,1,27,590,1,NULL,-1,1,0,1,30
2.021E+11,1,7,2021,18:50:00,1,33,33268,2,3,1,5,NULL,"450,286,080,000"," -0,6542140000",2.021E+11,145 417,C01,1,1,0,2,1,1,5,NULL,2.021E+11,192 066,145 418,B01,1,1,4,1,1964,5,2,-1,-1,0,0,-1,2.021E+11,3,2,-1,D,2,2,0,1,27,590,1,NULL,-1,1,0,1,30
2.021E+11,1,7,2021,18:50:00,1,33,33268,2,3,1,5,NULL,"450,286,080,000"," -0,6542140000",2.021E+11,145 418,B01,1,1,0,2,1,1,5,NULL,2.021E+11,192 067,145 419,A01,1,1,1,-1,NULL,-1,-1,-1,-1,-1,-1,-1,2.021E+11,3,2,-1,D,2,2,0,1,27,590,1,NULL,-1,1,0,1,30
2.021E+11,1,7,2021,18:50:00,1,33,33268,2,3,1,5,NULL,"450,286,080,000"," -0,6542140000",2.021E+11,145 417,C01,1,1,0,2,1,1,5,NULL,2.021E+11,192 067,145 419,A01,1,1,1,-1,NULL,-1,-1,-1,-1,-1,-1,-1,2.021E+11,3,2,-1,D,2,2,0,1,27,590,1,NULL,-1,1,0,1,30
2.021E+11,22,6,2021,10:50:00,1,75,75113,2,1,1,2,RUE BRILLAT SAVARIN,"488,221,810,000","23,486,920,000",2.021E+11,143 310,A01,2,1,0,2,1,1,5,NULL,2.021E+11,189 280,143 310,A01,1,1,4,1,1997,1,8,0,-1,0,0,-1,2.021E+11,4,RUE BRILLAT SAVARIN,0,NULL,2,2,0,1,-1,-1,1,NULL,-1,1,0,1,50
2.021E+11,22,6,2021,10:50:00,1,75,75113,2,1,1,2,RUE BRILLAT SAVARIN,"488,221,810,000","23,486,920,000",2.021E+11,143 310,A01,2,1,0,2,1,1,5,NULL,2.021E+11,189 281,143 311,B01,1,1,1,1,1957,5,1,0,-1,0,0,-1,2.021E+11,4,RUE BRILLAT SAVARIN,0,NULL,2,2,0,1,-1,-1,1,NULL,-1,1,0,1,50
2.021E+11,18,6,2021,21:00:00,1,34,34032,2,1,1,6,LANGUEDOC (BD DU),"433,637,100,000","32,390,100,000",2.021E+11,142 428,B01,2,1,0,2,7,1,5,NULL,2.021E+11,188 142,142 428,B01,1,1,3,1,1986,5,8,0,-1,0,0,-1,2.021E+11,4,LANGUEDOC (BD DU),0,NULL,2,2,0,1,-1,-1,1,NULL,-1,1,0,1,50
2.021E+11,18,6,2021,21:00:00,1,34,34032,2,1,1,6,LANGUEDOC (BD DU),"433,637,100,000","32,390,100,000",2.021E+11,142 428,B01,2,1,0,2,7,1,5,NULL,2.021E+11,188 143,142 429,A01,1,1,1,1,1973,0,1,0,-1,0,0,-1,2.021E+11,4,LANGUEDOC (BD DU),0,NULL,2,2,0,1,-1,-1,1,NULL,-1,1,0,1,50
2.021E+11,18,6,2021,18:15:00,1,75,75103,2,2,1,6,BOULEVARD DE SEBASTOPOL,"488,662,380,000","23,525,350,000",2.021E+11,141 621,A01,1,1,0,1,2,7,5,NULL,2.021E+11,187 036,141 621,A01,10,3,4,2,1984,5,0,-1,-1,4,3,1,2.021E+11,4,BOULEVARD DE SEBASTOPOL,0,NULL,2,5,3,1,-1,-1,1,NULL,-1,2,0,6,50
2.021E+11,18,6,2021,18:15:00,1,75,75103,2,2,1,6,BOULEVARD DE SEBASTOPOL,"488,662,380,000","23,525,350,000",2.021E+11,141 621,A01,1,1,0,1,2,7,5,NULL,2.021E+11,187 037,141 621,A01,1,1,1,1,2001,4,2,0,-1,0,0,-1,2.021E+11,4,BOULEVARD DE SEBASTOPOL,0,NULL,2,5,3,1,-1,-1,1,NULL,-1,2,0,6,50
2.021E+11,17,6,2021,17:40:00,1,56,56186,2,6,1,3,Rue du Roch Priol,"474,823,430,000","-31,061,050,000",2.021E+11,141 123,B01,3,1,0,2,3,2,5,NULL,2.021E+11,186 412,141 123,B01,1,1,3,2,1949,5,0,-1,-1,0,0,-1,2.021E+11,4,NULL,-1,NULL,2,2,0,1,-1,-1,3,NULL,4,1,5,1,50
2.021E+11,17,6,2021,17:40:00,1,56,56186,2,6,1,3,Rue du Roch Priol,"474,823,430,000","-31,061,050,000",2.021E+11,141 123,B01,3,1,0,2,3,2,5,NULL,2.021E+11,186 413,141 124,A01,1,1,1,2,1946,5,1,-1,-1,0,0,-1,2.021E+11,4,NULL,-1,NULL,2,2,0,1,-1,-1,3,NULL,4,1,5,1,50
2.021E+11,12,6,2021,12:10:00,1,78,78640,2,1,1,3,LOUIS BREGUET (AVENUE),"487,803,500,000","21,898,300,000",2.021E+11,140 935,B01,3,1,0,0,0,0,5,NULL,2.021E+11,186 171,140 935,B01,1,1,4,1,1972,0,2,0,-1,-1,-1,-1,2.021E+11,4,LOUIS BREGUET (AVENUE),0,NULL,1,2,0,1,-1,-1,1,NULL,-1,1,0,1,50
2.021E+11,12,6,2021,12:10:00,1,78,78640,2,1,1,3,LOUIS BREGUET (AVENUE),"487,803,500,000","21,898,300,000",2.021E+11,140 935,B01,3,1,0,0,0,0,5,NULL,2.021E+11,186 172,140 936,A01,1,1,1,2,1997,1,1,0,-1,-1,-1,-1,2.021E+11,4,LOUIS BREGUET (AVENUE),0,NULL,1,2,0,1,-1,-1,1,NULL,-1,1,0,1,50
2.021E+11,9,6,2021,10:45:00,1,51,51582,2,1,1,7,Grande Rue Saint Nicolas,"492,978,240,716","38,950,003,128",2.021E+11,138 090,A01,1,1,0,5,0,1,5,NULL,2.021E+11,182 433,138 090,A01,10,3,1,1,1991,5,0,-1,-1,5,6,2,2.021E+11,3,75,0,D,2,2,0,2,11,225,3,NULL,-1,1,0,1,50
2.021E+11,9,6,2021,10:45:00,1,51,51582,2,1,1,7,Grande Rue Saint Nicolas,"492,978,240,716","38,950,003,128",2.021E+11,138 090,A01,1,1,0,5,0,1,5,NULL,2.021E+11,182 434,138 090,A01,1,1,3,1,1953,5,2,-1,-1,0,0,-1,2.021E+11,3,75,0,D,2,2,0,2,11,225,3,NULL,-1,1,0,1,50
2.021E+11,8,6,2021,11:30:00,1,69,69290,2,9,1,3,ANATOLE FRANCE (R),"456,924,416,137","49,337,893,724",2.021E+11,137 914,B01,1,1,0,2,1,0,5,NULL,2.021E+11,182 204,137 914,B01,1,1,3,1,1965,1,2,4,-1,-1,-1,-1,2.021E+11,4,ANATOLE FRANCE                      (R ),0,NULL,1,1,2,1,-1,-1,1,NULL,-1,1,0,1,50
2.021E+11,8,6,2021,11:30:00,1,69,69290,2,9,1,3,ANATOLE FRANCE (R),"456,924,416,137","49,337,893,724",2.021E+11,137 914,B01,1,1,0,2,1,0,5,NULL,2.021E+11,182 205,137 915,A01,1,1,1,2,1956,3,1,-1,-1,-1,-1,-1,2.021E+11,4,ANATOLE FRANCE                      (R ),0,NULL,1,1,2,1,-1,-1,1,NULL,-1,1,0,1,50
2.021E+11,22,5,2021,18:10:00,1,33,33090,2,1,1,6,Chemin de Barbicadge,"447,660,960,000"," -0,6534500000",2.021E+11,132 456,A01,2,1,0,1,1,1,5,NULL,2.021E+11,175 099,132 456,A01,1,1,1,1,2006,3,0,-1,-1,0,0,-1,2.021E+11,4,NULL,-1,NULL,2,2,0,1,-1,-1,1,NULL,-1,1,0,1,30
2.021E+11,22,5,2021,18:10:00,1,33,33090,2,1,1,6,Chemin de Barbicadge,"447,660,960,000"," -0,6534500000",2.021E+11,132 456,A01,2,1,0,1,1,1,5,NULL,2.021E+11,175 100,132 456,A01,10,3,3,2,1942,9,0,-1,-1,2,3,1,2.021E+11,4,NULL,-1,NULL,2,2,0,1,-1,-1,1,NULL,-1,1,0,1,30
2.021E+11,1,5,2021,01:40:00,5,75,75111,2,1,1,6,RUE DU CHEMIN VERT,"488,605,330,000","23,793,690,000",2.021E+11,126 862,A01,2,1,1,0,8,14,5,NULL,2.021E+11,167 719,126 862,A01,1,1,4,1,1994,9,2,0,-1,0,0,-1,2.021E+11,4,RUE DU CHEMIN VERT,0,NULL,1,1,0,2,-1,-1,1,NULL,-1,1,0,1,50