Num_Acc,jour,mois,an,hrmn,lum,dep,com,agg,int,atm,col,adr,lat,long,Num_Acc,id_vehicule,num_veh,senc,catv,obs,obsm,choc,manv,motor,occutc,Num_Acc,id_usager,id_vehicule,num_veh,place,catu,grav,sexe,an_nais,trajet,secu1,secu2,secu3,locp,actp,etatp,Num_Acc,catr,voie,v1,v2,circ,nbv,vosp,prof,pr,pr1,plan,lartpc,larrout,surf,infra,situ,vma
2.021E+11,28,4,2021,18:30:00,1,62,62193,2,1,1,2,ST EXUPERY (AVENUE),"509,461,000,000","18,813,400,000",2.021E+11,126 238,B01,3,1,0,2,4,2,0,NULL,2.021E+11,166 924,126 238,B01,1,1,4,1,2001,5,8,0,-1,-1,-1,-1,2.021E+11,4,ST EXUPERY (AVENUE),0,NULL,3,2,0,1,-1,-1,3,NULL,-1,1,0,1,50
2.021E+11,28,4,2021,18:30:00,1,62,62193,2,1,1,2,ST EXUPERY (AVENUE),"509,461,000,000","18,813,400,000",2.021E+11,126 238,B01,3,1,0,2,4,2,0,NULL,2.021E+11,166 925,126 239,A01,2,2,1,1,2002,5,1,0,-1,-1,-1,-1,2.021E+11,4,ST EXUPERY (AVENUE),0,NULL,3,2,0,1,-1,-1,3,NULL,-1,1,0,1,50
2.021E+11,28,4,2021,18:30:00,1,62,62193,2,1,1,2,ST EXUPERY (AVENUE),"509,461,000,000","18,813,400,000",2.021E+11,126 238,B01,3,1,0,2,4,2,0,NULL,2.021E+11,166 926,126 239,A01,1,1,1,1,2002,5,1,0,-1,-1,-1,-1,2.021E+11,4,ST EXUPERY (AVENUE),0,NULL,3,2,0,1,-1,-1,3,NULL,-1,1,0,1,50
2.021E+11,21,3,2021,11:20:00,1,92,92049,2,3,1,7,BROSSOLETTE AVENUE PIERRE,"488,128,100,000","23,015,500,000",2.021E+11,117 494,A01,0,1,0,0,0,26,5,NULL,2.021E+11,155 634,117 494,A01,1,1,4,1,1989,0,8,0,-1,-1,-1,-1,2.021E+11,3,906,0,NULL,2,4,1,1,0,0,1,NULL,-1,1,0,1,50
2.021E+11,8,2,2021,17:32:00,1,49,49007,2,1,1,3,KING MARTIN-LUTHER RUE ET SQUARE,"474,504,100,000"," -0,5625800000",2.021E+11,116 414,Y01,3,1,0,0,0,0,5,NULL,2.021E+11,154 240,116 413,A01,1,1,1,1,1969,0,1,0,-1,-1,-1,-1,2.021E+11,4,KING MARTIN-LUTHER RUE ET SQUARE,0,NULL,2,2,0,1,1,0,1,NULL,-1,1,0,1,50
2.021E+11,8,2,2021,17:32:00,1,49,49007,2,1,1,3,KING MARTIN-LUTHER RUE ET SQUARE,"474,504,100,000"," -0,5625800000",2.021E+11,116 414,Y01,3,1,0,0,0,0,5,NULL,2.021E+11,154 241,116 414,Y01,1,1,4,1,2016,0,8,0,-1,-1,-1,-1,2.021E+11,4,KING MARTIN-LUTHER RUE ET SQUARE,0,NULL,2,2,0,1,1,0,1,NULL,-1,1,0,1,50
2.021E+11,1,3,2021,15:15:00,1,22,22113,2,1,1,2,GUINGAMP (ROUTE DE),"487,242,990,000","-34,354,970,000",2.021E+11,113 262,B01,1,1,0,2,6,1,5,NULL,2.021E+11,150 179,113 261,A01,1,1,1,1,2001,5,1,0,-1,0,0,-1,2.021E+11,3,GUINGAMP (ROUTE DE),0,NULL,2,2,0,1,1,0,1,NULL,-1,1,0,1,50
2.021E+11,1,3,2021,15:15:00,1,22,22113,2,1,1,2,GUINGAMP (ROUTE DE),"487,242,990,000","-34,354,970,000",2.021E+11,113 262,B01,1,1,0,2,6,1,5,NULL,2.021E+11,150 180,113 262,B01,1,1,4,1,1941,5,2,0,-1,0,0,-1,2.021E+11,3,GUINGAMP (ROUTE DE),0,NULL,2,2,0,1,1,0,1,NULL,-1,1,0,1,50
2.021E+11,19,2,2021,15:40:00,1,25,25074,1,1,1,6,Route de Saint-julien,"472,005,310,000","67,116,920,000",2.021E+11,110 569,A01,3,1,0,1,1,1,5,NULL,2.021E+11,146 739,110 569,A01,10,3,3,2,1932,5,0,-1,-1,1,2,2,2.021E+11,4,NULL,0,NULL,2,2,0,2,-1,-1,1,NULL,-1,1,0,1,50
2.021E+11,19,2,2021,15:40:00,1,25,25074,1,1,1,6,Route de Saint-julien,"472,005,310,000","67,116,920,000",2.021E+11,110 569,A01,3,1,0,1,1,1,5,NULL,2.021E+11,146 740,110 569,A01,1,1,3,1,1938,5,0,-1,-1,0,0,-1,2.021E+11,4,NULL,0,NULL,2,2,0,2,-1,-1,1,NULL,-1,1,0,1,50
2.021E+11,12,2,2021,10:15:00,1,49,49267,2,1,1,7,GANDHI,"474,699,900,000"," -0,5191900000",2.021E+11,109 330,A01,3,1,0,0,0,1,5,NULL,2.021E+11,145 107,109 330,A01,1,1,4,1,2004,1,8,0,-1,-1,-1,-1,2.021E+11,4,GANDHI,0,NULL,2,2,1,1,1,0,1,NULL,-1,2,0,5,50
2.021E+11,3,2,2021,18:20:00,5,64,64024,2,3,1,7,BAYONNE (AVENUE DE),"434,810,200,000","-15,120,100,000",2.021E+11,107 590,A01,2,1,15,0,3,21,5,NULL,2.021E+11,142 831,107 590,A01,1,1,4,2,1994,0,8,0,-1,-1,-1,-1,2.021E+11,3,BAYONNE (AVENUE DE),0,NULL,2,4,0,1,9,420,1,NULL,-1,1,6,1,50
2.021E+11,17,1,2021,17:10:00,1,35,35359,1,1,1,2,À la Basse Fossette,"479,389,770,000","-12,886,670,000",2.021E+11,104 002,B01,3,1,0,2,4,2,5,NULL,2.021E+11,138 021,104 001,A01,1,1,1,1,1998,5,1,-1,-1,0,0,-1,2.021E+11,4,NULL,-1,NULL,2,2,0,1,-1,-1,1,NULL,-1,1,0,1,-1
2.021E+11,17,1,2021,17:10:00,1,35,35359,1,1,1,2,À la Basse Fossette,"479,389,770,000","-12,886,670,000",2.021E+11,104 002,B01,3,1,0,2,4,2,5,NULL,2.021E+11,138 022,104 002,B01,1,1,3,1,1939,5,0,-1,-1,0,0,-1,2.021E+11,4,NULL,-1,NULL,2,2,0,1,-1,-1,1,NULL,-1,1,0,1,-1
2.021E+11,14,1,2021,13:25:00,1,71,71309,1,2,1,1,PERIGAS (CHEMIN DE),"467,828,837,030","44,120,223,724",2.021E+11,103 719,B01,1,1,0,2,1,1,5,NULL,2.021E+11,137 627,103 719,B01,1,1,4,1,1981,5,8,0,-1,-1,-1,-1,2.021E+11,3,R.N.80,0,NULL,2,2,0,1,47,600,1,NULL,-1,1,0,1,80
2.021E+11,14,1,2021,13:25:00,1,71,71309,1,2,1,1,PERIGAS (CHEMIN DE),"467,828,837,030","44,120,223,724",2.021E+11,103 719,B01,1,1,0,2,1,1,5,NULL,2.021E+11,137 628,103 720,A01,1,1,1,1,1942,5,1,0,-1,-1,-1,-1,2.021E+11,3,R.N.80,0,NULL,2,2,0,1,47,600,1,NULL,-1,1,0,1,80
2.021E+11,11,1,2021,08:05:00,3,44,44184,2,3,1,1,PRÉ HEMBERT (ROUTE DU),"472,707,130,000","-22,569,330,000",2.021E+11,102 959,B01,3,1,0,2,0,1,5,NULL,2.021E+11,136 624,102 959,B01,1,1,3,2,1949,5,8,0,-1,-1,-1,-1,2.021E+11,4,PRÉ HEMBERT (ROUTE DU),0,NULL,2,2,0,1,-1,-1,1,NULL,-1,1,0,1,50
2.021E+11,11,1,2021,08:05:00,3,44,44184,2,3,1,1,PRÉ HEMBERT (ROUTE DU),"472,707,130,000","-22,569,330,000",2.021E+11,102 959,B01,3,1,0,2,0,1,5,NULL,2.021E+11,136 625,102 960,A01,1,1,1,1,1963,1,1,0,-1,-1,-1,-1,2.021E+11,4,PRÉ HEMBERT (ROUTE DU),0,NULL,2,2,0,1,-1,-1,1,NULL,-1,1,0,1,50
2.021E+11,2,1,2021,18:30:00,5,44,44168,2,1,1,3,16 Rue Louis Pasteur,"473,777,890,000","-21,976,410,000",2.021E+11,101 232,B01,2,1,0,0,8,1,5,NULL,2.021E+11,134 335,101 232,B01,1,1,4,1,1986,5,0,-1,-1,0,0,-1,2.021E+11,3,50,-1,NULL,2,2,0,1,11,450,2,NULL,-1,1,0,1,50
2.021E+11,2,1,2021,18:30:00,5,44,44168,2,1,1,3,16 Rue Louis Pasteur,"473,777,890,000","-21,976,410,000",2.021E+11,101 232,B01,2,1,0,0,8,1,5,NULL,2.021E+11,134 336,101 233,A01,1,1,1,-1,NULL,-1,-1,-1,-1,-1,-1,-1,2.021E+11,3,50,-1,NULL,2,2,0,1,11,450,2,NULL,-1,1,0,1,50
2.021E+11,28,10,2021,14:40:00,1,971,97101,1,1,1,1,BAZIN,"162,687,700,000","-614,900,700,000",2.021E+11,182 999,B01,0,1,0,2,7,13,5,NULL,2.021E+11,242 298,182 998,A01,1,1,1,1,1980,0,8,0,-1,-1,-1,-1,2.021E+11,4,BAZIN,0,NULL,2,1,0,2,0,0,3,NULL,-1,1,0,1,30
2.021E+11,28,10,2021,14:40:00,1,971,97101,1,1,1,1,BAZIN,"162,687,700,000","-614,900,700,000",2.021E+11,182 999,B01,0,1,0,2,7,13,5,NULL,2.021E+11,242 299,182 999,B01,1,1,4,1,1968,0,8,0,-1,-1,-1,-1,2.021E+11,4,BAZIN,0,NULL,2,1,0,2,0,0,3,NULL,-1,1,0,1,30
2.021E+11,25,10,2021,08:15:00,1,73,73008,2,6,1,2,D1201 Boulevard Maréchal de Lattre de Tassigny,"456,965,600,000","59,073,800,000",2.021E+11,182 302,A01,2,1,0,2,1,2,5,NULL,2.021E+11,241 410,182 301,B01,1,1,1,1,2001,0,1,0,-1,-1,-1,-1,2.021E+11,3,LATTRE DE TASSIGNY AVENUE DE L',0,NULL,3,3,2,1,18,340,1,NULL,-1,1,0,1,50
2.021E+11,25,10,2021,08:15:00,1,73,73008,2,6,1,2,D1201 Boulevard Maréchal de Lattre de Tassigny,"456,965,600,000","59,073,800,000",2.021E+11,182 302,A01,2,1,0,2,1,2,5,NULL,2.021E+11,241 411,182 302,A01,1,1,3,1,1997,0,2,0,-1,-1,-1,-1,2.021E+11,3,LATTRE DE TASSIGNY AVENUE DE L',0,NULL,3,3,2,1,18,340,1,NULL,-1,1,0,1,50
2.021E+11,23,10,2021,17:30:00,1,48,48072,1,1,1,7,D808,"445,042,490,000","33,404,020,000",2.021E+11,180 787,A01,2,1,0,0,0,1,5,NULL,2.021E+11,239 424,180 787,A01,1,1,3,2,1962,5,2,-1,-1,0,0,-1,2.021E+11,3,808,0,D,2,2,0,2,7,400,1,NULL,-1,1,0,3,90
2.021E+11,17,10,2021,16:45:00,1,13,13214,2,3,1,3,BISKRA (RUE DE),"433,276,000,000","53,751,600,000",2.021E+11,179 082,A01,0,1,0,2,8,26,0,NULL,2.021E+11,237 212,179 082,A01,1,1,4,1,1997,0,8,0,-1,-1,-1,-1,2.021E+11,4,BISKRA (RUE DE),0,NULL,1,2,0,1,0,0,1,NULL,-1,1,0,1,50
2.021E+11,17,10,2021,16:45:00,1,13,13214,2,3,1,3,BISKRA (RUE DE),"433,276,000,000","53,751,600,000",2.021E+11,179 082,A01,0,1,0,2,8,26,0,NULL,2.021E+11,237 213,179 083,B01,1,1,1,-1,NULL,-1,-1,-1,-1,-1,-1,-1,2.021E+11,4,BISKRA (RUE DE),0,NULL,1,2,0,1,0,0,1,NULL,-1,1,0,1,50
2.021E+11,16,10,2021,11:30:00,1,58,58050,1,1,1,7,Challementeau,"473,202,510,000","35,926,420,000",2.021E+11,178 590,A01,3,1,0,0,0,0,5,NULL,2.021E+11,236 538,178 590,A01,1,1,2,1,1945,5,2,6,-1,0,0,-1,2.021E+11,3,128,0,D,2,2,0,2,-1,-1,1,NULL,-1,1,0,1,-1
2.021E+11,12,10,2021,06:17:00,5,49,49007,2,1,1,3,MONTESQUIEU PASSAGE,"474,734,400,000"," -0,5796100000",2.021E+11,177 554,A01,1,1,0,2,1,26,5,NULL,2.021E+11,235 221,177 553,B01,1,1,1,2,1977,1,1,0,-1,-1,-1,-1,2.021E+11,4,MONTESQUIEU PASSAGE,0,NULL,2,2,0,1,1,0,1,NULL,-1,1,0,1,50
2.021E+11,12,10,2021,06:17:00,5,49,49007,2,1,1,3,MONTESQUIEU PASSAGE,"474,734,400,000"," -0,5796100000",2.021E+11,177 554,A01,1,1,0,2,1,26,5,NULL,2.021E+11,235 222,177 554,A01,1,1,4,1,1979,1,8,0,-1,-1,-1,-1,2.021E+11,4,MONTESQUIEU PASSAGE,0,NULL,2,2,0,1,1,0,1,NULL,-1,1,0,1,50
2.021E+11,11,10,2021,08:30:00,1,69,69386,2,3,1,3,GENERAL SARRAIL (DU)                (QU),"457,676,800,000","48,413,000,000",2.021E+11,177 010,B01,2,1,0,2,8,19,5,NULL,2.021E+11,234 559,177 010,B01,1,1,4,1,1985,1,8,-1,-1,-1,-1,-1,2.021E+11,4,GENERAL SARRAIL (DU)                (QU),0,NULL,1,2,1,1,-1,-1,1,NULL,-1,1,5,1,50
2.021E+11,11,10,2021,08:30:00,1,69,69386,2,3,1,3,GENERAL SARRAIL (DU)                (QU),"457,676,800,000","48,413,000,000",2.021E+11,177 010,B01,2,1,0,2,8,19,5,NULL,2.021E+11,234 560,177 011,A01,1,1,1,1,1983,2,1,-1,-1,-1,-1,-1,2.021E+11,4,GENERAL SARRAIL (DU)                (QU),0,NULL,1,2,1,1,-1,-1,1,NULL,-1,1,5,1,50
2.021E+11,24,9,2021,18:10:00,1,14,14118,2,1,1,3,VAUCELLES (PONT DE),"491,767,400,000"," -0,3544800000",2.021E+11,171 291,B01,1,1,0,2,7,25,0,NULL,2.021E+11,227 087,171 291,B01,1,1,4,1,1997,0,0,-1,-1,0,0,-1,2.021E+11,4,VAUCELLES (PONT DE),0,NULL,2,3,0,1,1,0,1,NULL,-1,1,9,8,50
2.021E+11,24,9,2021,18:10:00,1,14,14118,2,1,1,3,VAUCELLES (PONT DE),"491,767,400,000"," -0,3544800000",2.021E+11,171 291,B01,1,1,0,2,7,25,0,NULL,2.021E+11,227 088,171 292,A01,1,1,1,2,2000,5,1,-1,-1,0,0,-1,2.021E+11,4,VAUCELLES (PONT DE),0,NULL,2,3,0,1,1,0,1,NULL,-1,1,9,8,50
2.021E+11,14,9,2021,19:30:00,2,89,89387,2,3,2,2,PONT NEUF (BOULEVARD DU),"482,033,000,000","32,682,000,000",2.021E+11,168 148,B01,1,1,0,2,8,1,0,NULL,2.021E+11,222 977,168 148,B01,1,1,3,1,1963,5,2,8,-1,-1,-1,-1,2.021E+11,3,NULL,0,NULL,2,3,0,1,0,600,1,NULL,-1,2,5,1,50
2.021E+11,14,9,2021,19:30:00,2,89,89387,2,3,2,2,PONT NEUF (BOULEVARD DU),"482,033,000,000","32,682,000,000",2.021E+11,168 148,B01,1,1,0,2,8,1,0,NULL,2.021E+11,222 978,168 149,A01,1,1,1,2,1996,1,1,8,-1,-1,-1,-1,2.021E+11,3,NULL,0,NULL,2,3,0,1,0,600,1,NULL,-1,2,5,1,50
2.021E+11,13,9,2021,20:11:00,5,75,75110,2,5,1,3,BOULEVARD DE STRASBOURG,"488,748,160,000","23,574,000,000",2.021E+11,167 292,Z01,2,1,0,2,1,13,5,NULL,2.021E+11,221 913,167 292,Z01,1,1,1,-1,NULL,-1,-1,-1,-1,-1,-1,-1,2.021E+11,4,BOULEVARD DE STRASBOURG,0,NULL,2,5,1,2,-1,-1,1,NULL,-1,1,0,5,30
2.021E+11,13,9,2021,20:11:00,5,75,75110,2,5,1,3,BOULEVARD DE STRASBOURG,"488,748,160,000","23,574,000,000",2.021E+11,167 292,Z01,2,1,0,2,1,13,5,NULL,2.021E+11,221 914,167 293,A01,1,1,4,2,1997,1,2,0,-1,0,0,-1,2.021E+11,4,BOULEVARD DE STRASBOURG,0,NULL,2,5,1,2,-1,-1,1,NULL,-1,1,0,5,30
2.021E+11,9,8,2021,12:30:00,1,74,74221,1,1,1,3,Col de la Colombière (Col de montagne),"459,915,690,000","64,734,100,000",2.021E+11,157 306,B01,1,1,13,2,1,17,5,NULL,2.021E+11,208 463,157 305,A01,1,1,1,1,1995,5,1,-1,-1,0,0,-1,2.021E+11,3,4,-1,NULL,2,2,0,2,15,-1,1,NULL,-1,1,0,1,80
2.021E+11,9,8,2021,12:30:00,1,74,74221,1,1,1,3,Col de la Colombière (Col de montagne),"459,915,690,000","64,734,100,000",2.021E+11,157 306,B01,1,1,13,2,1,17,5,NULL,2.021E+11,208 464,157 306,B01,1,1,3,1,1989,5,2,-1,-1,0,0,-1,2.021E+11,3,4,-1,NULL,2,2,0,2,15,-1,1,NULL,-1,1,0,1,80
2.021E+11,17,7,2021,16:35:00,1,59,59317,1,6,1,3,ROUTE DEPARTEMENTALE 945,"506,985,000,000","29,284,000,000",2.021E+11,151 125,B01,1,1,0,2,4,1,5,NULL,2.021E+11,199 913,151 124,A01,1,1,1,1,1951,5,1,0,-1,-1,-1,-1,2.021E+11,7,ROUTE DEPARTEMENTALE 945,0,NULL,2,2,2,1,-1,-1,1,NULL,-1,1,5,1,70
2.021E+11,17,7,2021,16:35:00,1,59,59317,1,6,1,3,ROUTE DEPARTEMENTALE 945,"506,985,000,000","29,284,000,000",2.021E+11,151 125,B01,1,1,0,2,4,1,5,NULL,2.021E+11,199 914,151 125,B01,1,1,4,1,1963,5,2,0,-1,-1,-1,-1,2.021E+11,7,ROUTE DEPARTEMENTALE 945,0,NULL,2,2,2,1,-1,-1,1,NULL,-1,1,5,1,70
2.021E+11,15,7,2021,20:10:00,1,94,94041,2,1,1,3,HENRI POURCHASSE (QU),"488,093,400,000","24,079,600,000",2.021E+11,150 121,B01,3,1,8,0,8,9,5,NULL,2.021E+11,198 487,150 120,A01,1,1,4,1,1992,0,2,6,-1,-1,-1,-1,2.021E+11,3,HENRI POURCHASSE (QU),0,NULL,2,2,0,1,0,0,1,NULL,-1,1,0,1,50
2.021E+11,15,7,2021,20:10:00,1,94,94041,2,1,1,3,HENRI POURCHASSE (QU),"488,093,400,000","24,079,600,000",2.021E+11,150 121,B01,3,1,8,0,8,9,5,NULL,2.021E+11,198 488,150 121,B01,1,1,4,2,1970,5,8,0,-1,-1,-1,-1,2.021E+11,3,HENRI POURCHASSE (QU),0,NULL,2,2,0,1,0,0,1,NULL,-1,1,0,1,50
2.021E+11,9,7,2021,00:45:00,5,75,75101,2,1,1,1,QUAI DES TUILERIES,"488,618,060,000","23,272,050,000",2.021E+11,148 465,A01,2,1,0,2,1,5,5,NULL,2.021E+11,196 153,148 465,A01,1,1,4,1,1989,9,2,0,-1,0,0,-1,2.021E+11,4,QUAI DES TUILERIES,0,NULL,1,3,0,1,-1,-1,1,NULL,-1,1,0,1,50
2.021E+11,9,7,2021,00:45:00,5,75,75101,2,1,1,1,QUAI DES TUILERIES,"488,618,060,000","23,272,050,000",2.021E+11,148 465,A01,2,1,0,2,1,5,5,NULL,2.021E+11,196 154,148 466,B01,1,1,1,1,1995,4,1,0,-1,0,0,-1,2.021E+11,4,QUAI DES TUILERIES,0,NULL,1,3,0,1,-1,-1,1,NULL,-1,1,0,1,50
2.021E+11,7,7,2021,17:00:00,1,49,49301,2,6,1,3,rue de vendée - ST MACAIRE EN MAUGES,"471,145,690,000"," -0,9931040000",2.021E+11,147 262,B01,0,1,0,2,3,2,5,NULL,2.021E+11,194 574,147 261,A01,1,1,1,1,2000,5,1,-1,-1,0,0,-1,2.021E+11,3,NULL,-1,NULL,-1,1,2,1,15,90,2,NULL,"3,5",1,9,5,50
2.021E+11,7,7,2021,17:00:00,1,49,49301,2,6,1,3,rue de vendée - ST MACAIRE EN MAUGES,"471,145,690,000"," -0,9931040000",2.021E+11,147 262,B01,0,1,0,2,3,2,5,NULL,2.021E+11,194 575,147 262,B01,1,1,3,1,2006,5,0,-1,-1,0,0,-1,2.021E+11,3,NULL,-1,NULL,-1,1,2,1,15,90,2,NULL,"3,5",1,9,5,50
2.021E+11,29,6,2021,11:15:00,1,91,91097,2,3,1,3,RUE DU BESLY,"486,862,400,000","25,363,500,000",2.021E+11,146 720,B01,2,1,0,2,1,0,5,NULL,2.021E+11,193 847,146 719,A01,1,1,1,2,1993,0,1,0,-1,-1,-1,-1,2.021E+11,3,33,0,NULL,-1,2,0,4,0,1,1,NULL,-1,1,0,1,50
2.021E+11,29,6,2021,11:15:00,1,91,91097,2,3,1,3,RUE DU BESLY,"486,862,400,000","25,363,500,000",2.021E+11,146 720,B01,2,1,0,2,1,0,5,NULL,2.021E+11,193 848,146 720,B01,1,1,4,1,1994,5,8,0,-1,-1,-1,-1,2.021E+11,3,33,0,NULL,-1,2,0,4,0,1,1,NULL,-1,1,0,1,50
2.021E+11,2,7,2021,10:25:00,1,50,50502,2,1,1,2,COMMUNE (boulevard de La),"491,037,600,000","-10,719,800,000",2.021E+11,146 201,B01,1,1,0,2,0,0,0,NULL,2.021E+11,193 125,146 201,B01,1,1,2,1,1941,5,2,6,-1,-1,-1,-1,2.021E+11,3,COMMUNE (boulevard de La),0,NULL,1,2,0,1,0,0,1,NULL,-1,1,0,1,70
2.021E+11,2,7,2021,10:25:00,1,50,50502,2,1,1,2,COMMUNE (boulevard de La),"491,037,600,000","-10,719,800,000",2.021E+11,146 201,B01,1,1,0,2,0,0,0,NULL,2.021E+11,193 126,146 202,A01,1,1,1,2,1992,1,1,-1,-1,-1,-1,-1,2.021E+11,3,COMMUNE (boulevard de La),0,NULL,1,2,0,1,0,0,1,NULL,-1,1,0,1,70
2.021E+11,27,6,2021,16:30:00,1,25,25056,2,1,1,2,GARNIER RUE LOUIS,"472,156,318,120","59,685,319,662",2.021E+11,144 583,A01,3,1,0,2,2,0,5,NULL,2.021E+11,190 983,144 582,B01,1,1,1,1,1990,5,1,0,-1,-1,-1,-1,2.021E+11,6,NULL,0,NULL,-1,0,0,1,-1,-1,1,NULL,-1,1,0,8,-1
2.021E+11,27,6,2021,16:30:00,1,25,25056,2,1,1,2,GARNIER RUE LOUIS,"472,156,318,120","59,685,319,662",2.021E+11,144 583,A01,3,1,0,2,2,0,5,NULL,2.021E+11,190 984,144 583,A01,1,1,4,1,2009,5,0,-1,-1,0,0,-1,2.021E+11,6,NULL,0,NULL,-1,0,0,1,-1,-1,1,NULL,-1,1,0,8,-1
2.021E+11,24,6,2021,16:50:00,1,92,92019,2,1,1,3,MONNET JEAN (AVENUE DU),"487,708,468,596","22,850,275,040",2.021E+11,143 605,B01,0,1,0,2,8,19,0,NULL,2.021E+11,189 642,143 604,A01,1,1,1,1,1963,1,1,8,-1,-1,-1,-1,2.021E+11,4,NULL,0,NULL,3,2,0,1,1,0,1,NULL,-1,1,0,1,50
2.021E+11,24,6,2021,16:50:00,1,92,92019,2,1,1,3,MONNET JEAN (AVENUE DU),"487,708,468,596","22,850,275,040",2.021E+11,143 605,B01,0,1,0,2,8,19,0,NULL,2.021E+11,189 643,143 605,B01,1,1,3,1,1963,0,2,0,-1,-1,-1,-1,2.021E+11,4,NULL,0,NULL,3,2,0,1,1,0,1,NULL,-1,1,0,1,50
2.021E+11,21,6,2021,17:30:00,1,67,67482,2,3,8,3,SEBASTOPOL (RUE DE),"485,865,500,000","77,429,600,000",2.021E+11,143 058,A01,1,1,0,2,7,1,5,NULL,2.021E+11,188 962,143 057,Z01,1,1,1,-1,NULL,-1,-1,-1,-1,-1,-1,-1,2.021E+11,4,SEBASTOPOL (RUE DE),0,NULL,3,4,1,1,0,0,1,NULL,-1,1,0,5,50
2.021E+11,21,6,2021,17:30:00,1,67,67482,2,3,8,3,SEBASTOPOL (RUE DE),"485,865,500,000","77,429,600,000",2.021E+11,143 058,A01,1,1,0,2,7,1,5,NULL,2.021E+11,188 963,143 058,A01,1,1,4,2,1983,9,8,0,-1,-1,-1,-1,2.021E+11,4,SEBASTOPOL (RUE DE),0,NULL,3,4,1,1,0,0,1,NULL,-1,1,0,5,50
2.021E+11,22,6,2021,11:00:00,1,971,97103,2,1,1,3,Chemin de Calvaire,"162,389,040,000","-616,217,140,000",2.021E+11,142 821,B01,3,1,0,2,8,11,0,NULL,2.021E+11,188 658,142 820,A01,1,1,1,1,1990,5,1,-1,-1,0,0,-1,2.021E+11,4,NULL,-1,NULL,2,1,0,2,-1,-1,1,NULL,3,1,0,1,50
2.021E+11,22,6,2021,11:00:00,1,971,97103,2,1,1,3,Chemin de Calvaire,"162,389,040,000","-616,217,140,000",2.021E+11,142 821,B01,3,1,0,2,8,11,0,NULL,2.021E+11,188 659,142 821,B01,1,1,3,1,2002,5,0,-1,-1,0,0,-1,2.021E+11,4,NULL,-1,NULL,2,1,0,2,-1,-1,1,NULL,3,1,0,1,50
2.021E+11,18,6,2021,08:45:00,1,75,75111,2,2,1,6,AVENUE PARMENTIER,"488,699,950,000","23,710,480,000",2.021E+11,141 632,A01,1,1,0,1,8,15,5,NULL,2.021E+11,187 049,141 632,A01,1,1,1,1,1993,1,2,0,-1,0,0,-1,2.021E+11,4,AVENUE PARMENTIER,0,NULL,2,2,0,1,-1,-1,1,NULL,-1,1,0,1,30
2.021E+11,18,6,2021,08:45:00,1,75,75111,2,2,1,6,AVENUE PARMENTIER,"488,699,950,000","23,710,480,000",2.021E+11,141 632,A01,1,1,0,1,8,15,5,NULL,2.021E+11,187 050,141 632,A01,10,3,4,2,1984,4,8,8,-1,4,3,3,2.021E+11,4,AVENUE PARMENTIER,0,NULL,2,2,0,1,-1,-1,1,NULL,-1,1,0,1,30
2.021E+11,4,6,2021,16:50:00,1,38,38167,2,1,1,1,Route du Pilon,"454,677,860,000","53,213,630,000",2.021E+11,136 440,B01,0,1,0,2,1,0,5,NULL,2.021E+11,180 294,136 440,B01,1,1,4,1,1980,5,2,-1,-1,0,0,-1,2.021E+11,4,NULL,-1,NULL,2,2,0,1,-1,-1,1,NULL,-1,1,0,1,50
2.021E+11,4,6,2021,16:50:00,1,38,38167,2,1,1,1,Route du Pilon,"454,677,860,000","53,213,630,000",2.021E+11,136 440,B01,0,1,0,2,1,0,5,NULL,2.021E+11,180 295,136 441,A01,1,1,1,2,1975,4,1,-1,-1,0,0,-1,2.021E+11,4,NULL,-1,NULL,2,2,0,1,-1,-1,1,NULL,-1,1,0,1,50
2.021E+11,31,5,2021,19:15:00,1,77,77394,1,1,1,3,D.306,"485,522,670,000","26,678,970,000",2.021E+11,135 195,B01,1,1,0,2,7,1,0,NULL,2.021E+11,178 712,135 194,A01,1,1,1,2,2001,0,1,0,-1,-1,-1,-1,2.021E+11,3,D.306,0,NULL,1,1,1,1,70,876,3,NULL,-1,1,0,1,50
2.021E+11,31,5,2021,19:15:00,1,77,77394,1,1,1,3,D.306,"485,522,670,000","26,678,970,000",2.021E+11,135 195,B01,1,1,0,2,7,1,0,NULL,2.021E+11,178 713,135 195,B01,1,1,4,1,1966,0,8,0,-1,-1,-1,-1,2.021E+11,3,D.306,0,NULL,1,1,1,1,70,876,3,NULL,-1,1,0,1,50
2.021E+11,21,5,2021,06:04:00,1,74,74012,2,6,1,1,LECLERC (AVENUE DU MARECHAL),"461,896,300,000","62,492,900,000",2.021E+11,133 112,B01,2,1,0,2,4,2,0,NULL,2.021E+11,175 988,133 112,B01,1,1,4,1,1988,0,8,8,-1,-1,-1,-1,2.021E+11,3,LECLERC (AVENUE DU MARECHAL),0,NULL,1,1,0,1,0,1,1,NULL,-1,1,0,1,50
2.021E+11,21,5,2021,06:04:00,1,74,74012,2,6,1,1,LECLERC (AVENUE DU MARECHAL),"461,896,300,000","62,492,900,000",2.021E+11,133 112,B01,2,1,0,2,4,2,0,NULL,2.021E+11,175 989,133 113,A01,1,1,1,1,1966,0,8,8,-1,-1,-1,-1,2.021E+11,3,LECLERC (AVENUE DU MARECHAL),0,NULL,1,1,0,1,0,1,1,NULL,-1,1,0,1,50