Num_Acc,jour,mois,an,hrmn,lum,dep,com,agg,int,atm,col,adr,lat,long,Num_Acc,id_vehicule,num_veh,senc,catv,obs,obsm,choc,manv,motor,occutc,Num_Acc,id_usager,id_vehicule,num_veh,place,catu,grav,sexe,an_nais,trajet,secu1,secu2,secu3,locp,actp,etatp,Num_Acc,catr,voie,v1,v2,circ,nbv,vosp,prof,pr,pr1,plan,lartpc,larrout,surf,infra,situ,vma
2.021E+11,12,4,2021,11:45:00,1,93,93001,2,1,1,6,DANIELLE CASANOVA (RUE)  59 =>,"489,173,300,000","23,956,800,000",2.021E+11,122 457,A01,2,1,0,1,1,1,5,NULL,2.021E+11,162 096,122 457,A01,1,1,1,1,1998,5,2,0,-1,-1,-1,-1,2.021E+11,3,DANIELLE CASANOVA (RUE)  59 =>,0,NULL,2,2,0,1,0,1,1,NULL,-1,1,0,1,50
2.021E+11,7,4,2021,05:10:00,2,41,41269,2,3,1,1,CHARTRAIN (FAUBOURG),"478,018,400,000","10,701,100,000",2.021E+11,121 596,B01,3,1,0,2,8,1,5,NULL,2.021E+11,160 930,121 595,A01,1,1,1,1,1982,1,1,5,-1,-1,-1,-1,2.021E+11,4,CHARTRAIN (FAUBOURG),0,NULL,-1,2,0,1,-1,-1,1,NULL,-1,1,0,1,50
2.021E+11,7,4,2021,05:10:00,2,41,41269,2,3,1,1,CHARTRAIN (FAUBOURG),"478,018,400,000","10,701,100,000",2.021E+11,121 596,B01,3,1,0,2,8,1,5,NULL,2.021E+11,160 931,121 596,B01,1,1,4,1,1965,1,2,0,-1,-1,-1,-1,2.021E+11,4,CHARTRAIN (FAUBOURG),0,NULL,-1,2,0,1,-1,-1,1,NULL,-1,1,0,1,50
2.021E+11,29,3,2021,11:30:00,1,78,78646,2,1,1,6,BOURDONNAIS (RUE DES),"487,948,500,000","21,288,500,000",2.021E+11,120 308,A01,3,1,0,1,1,1,5,NULL,2.021E+11,159 210,120 308,A01,10,3,3,2,1974,2,0,-1,-1,2,3,2,2.021E+11,4,BOURDONNAIS (RUE DES),0,NULL,1,1,0,2,-1,-1,1,NULL,-1,1,0,1,30
2.021E+11,29,3,2021,11:30:00,1,78,78646,2,1,1,6,BOURDONNAIS (RUE DES),"487,948,500,000","21,288,500,000",2.021E+11,120 308,A01,3,1,0,1,1,1,5,NULL,2.021E+11,159 211,120 308,A01,10,3,4,2,2013,2,0,-1,-1,2,3,2,2.021E+11,4,BOURDONNAIS (RUE DES),0,NULL,1,1,0,2,-1,-1,1,NULL,-1,1,0,1,30
2.021E+11,29,3,2021,11:30:00,1,78,78646,2,1,1,6,BOURDONNAIS (RUE DES),"487,948,500,000","21,288,500,000",2.021E+11,120 308,A01,3,1,0,1,1,1,5,NULL,2.021E+11,159 212,120 308,A01,1,1,1,1,2006,2,8,0,-1,-1,-1,-1,2.021E+11,4,BOURDONNAIS (RUE DES),0,NULL,1,1,0,2,-1,-1,1,NULL,-1,1,0,1,30
2.021E+11,17,3,2021,16:05:00,1,11,11069,2,1,1,2,BARBACANE,"432,093,500,000","23,604,100,000",2.021E+11,116 833,A01,2,1,0,2,1,2,5,NULL,2.021E+11,154 767,116 832,B01,1,1,1,2,1978,0,8,0,-1,-1,-1,-1,2.021E+11,4,BARBACANE,0,NULL,1,2,0,2,0,0,2,NULL,-1,1,0,1,30
2.021E+11,17,3,2021,16:05:00,1,11,11069,2,1,1,2,BARBACANE,"432,093,500,000","23,604,100,000",2.021E+11,116 833,A01,2,1,0,2,1,2,5,NULL,2.021E+11,154 768,116 833,A01,1,1,4,1,1995,4,2,8,-1,-1,-1,-1,2.021E+11,4,BARBACANE,0,NULL,1,2,0,2,0,0,2,NULL,-1,1,0,1,30
2.021E+11,7,3,2021,17:05:00,1,64,64284,2,3,1,3,CHEMIN SOUBACQ,"432,778,500,000"," -0,3871800000",2.021E+11,115 009,B01,1,1,0,2,3,15,5,NULL,2.021E+11,152 410,115 008,A01,1,1,1,1,1988,0,1,8,-1,-1,-1,-1,2.021E+11,4,SOUBACQ,0,NULL,2,2,0,1,0,0,1,NULL,-1,1,0,1,30
2.021E+11,7,3,2021,17:05:00,1,64,64284,2,3,1,3,CHEMIN SOUBACQ,"432,778,500,000"," -0,3871800000",2.021E+11,115 009,B01,1,1,0,2,3,15,5,NULL,2.021E+11,152 411,115 009,B01,1,1,4,1,2009,5,2,0,-1,-1,-1,-1,2.021E+11,4,SOUBACQ,0,NULL,2,2,0,1,0,0,1,NULL,-1,1,0,1,30
2.021E+11,6,3,2021,18:05:00,1,93,93048,2,5,1,3,PASTEUR S2  (AVENUE),"488,643,800,000","24,390,100,000",2.021E+11,114 201,B01,0,1,0,2,4,19,5,NULL,2.021E+11,151 397,114 201,B01,1,1,4,1,1966,9,8,0,-1,-1,-1,-1,2.021E+11,4,PASTEUR S2  (AVENUE),0,NULL,1,8,3,1,1,0,1,NULL,-1,1,0,1,30
2.021E+11,6,3,2021,18:05:00,1,93,93048,2,5,1,3,PASTEUR S2  (AVENUE),"488,643,800,000","24,390,100,000",2.021E+11,114 201,B01,0,1,0,2,4,19,5,NULL,2.021E+11,151 398,114 202,A01,1,1,1,1,1995,1,1,0,-1,-1,-1,-1,2.021E+11,4,PASTEUR S2  (AVENUE),0,NULL,1,8,3,1,1,0,1,NULL,-1,1,0,1,30
2.021E+11,22,2,2021,17:50:00,2,25,25056,2,1,1,2,OUEST BOULEVARD,"472,238,000,000","59,789,000,000",2.021E+11,111 714,B01,1,1,0,2,1,2,0,NULL,2.021E+11,148 172,111 713,A01,1,1,1,2,1977,4,1,8,-1,-1,-1,-1,2.021E+11,2,OUEST BOULEVARD,0,NULL,3,4,0,1,13,200,1,NULL,-1,1,0,1,50
2.021E+11,22,2,2021,17:50:00,2,25,25056,2,1,1,2,OUEST BOULEVARD,"472,238,000,000","59,789,000,000",2.021E+11,111 714,B01,1,1,0,2,1,2,0,NULL,2.021E+11,148 173,111 714,B01,1,1,4,1,1960,9,2,8,-1,-1,-1,-1,2.021E+11,2,OUEST BOULEVARD,0,NULL,3,4,0,1,13,200,1,NULL,-1,1,0,1,50
2.021E+11,19,2,2021,18:05:00,2,75,75111,2,4,1,6,BOULEVARD RICHARD LENOIR,"488,548,270,000","23,695,780,000",2.021E+11,110 627,A01,1,1,0,1,1,1,5,NULL,2.021E+11,146 812,110 627,A01,10,3,1,1,1999,1,0,-1,-1,2,5,1,2.021E+11,4,BOULEVARD RICHARD LENOIR,0,NULL,1,2,1,1,-1,-1,1,NULL,-1,1,-1,5,30
2.021E+11,19,2,2021,18:05:00,2,75,75111,2,4,1,6,BOULEVARD RICHARD LENOIR,"488,548,270,000","23,695,780,000",2.021E+11,110 627,A01,1,1,0,1,1,1,5,NULL,2.021E+11,146 813,110 627,A01,1,1,4,2,1989,1,2,0,-1,0,0,-1,2.021E+11,4,BOULEVARD RICHARD LENOIR,0,NULL,1,2,1,1,-1,-1,1,NULL,-1,1,-1,5,30
2.021E+11,7,2,2021,11:14:00,1,49,49246,2,1,1,7,BOIS D'AVAULT,"474,119,700,000"," -0,5239100000",2.021E+11,108 540,A01,3,1,0,0,1,0,5,NULL,2.021E+11,144 061,108 540,A01,1,1,3,1,1961,5,8,0,-1,-1,-1,-1,2.021E+11,4,BOIS D'AVAULT,0,NULL,2,2,0,1,1,0,1,NULL,-1,2,0,1,50
2.021E+11,8,2,2021,10:35:00,1,75,75119,2,3,8,3,QUAI DE LA SEINE,"488,853,260,000","23,718,300,000",2.021E+11,108 513,A01,1,1,0,2,1,1,5,NULL,2.021E+11,144 022,108 512,B01,1,1,1,1,1968,1,2,8,-1,0,0,-1,2.021E+11,4,QUAI DE LA SEINE,0,NULL,2,2,1,1,-1,-1,1,NULL,-1,1,-1,5,30
2.021E+11,8,2,2021,10:35:00,1,75,75119,2,3,8,3,QUAI DE LA SEINE,"488,853,260,000","23,718,300,000",2.021E+11,108 512,B01,2,1,0,2,8,19,5,NULL,2.021E+11,144 022,108 512,B01,1,1,1,1,1968,1,2,8,-1,0,0,-1,2.021E+11,4,QUAI DE LA SEINE,0,NULL,2,2,1,1,-1,-1,1,NULL,-1,1,-1,5,30
2.021E+11,8,2,2021,10:35:00,1,75,75119,2,3,8,3,QUAI DE LA SEINE,"488,853,260,000","23,718,300,000",2.021E+11,108 513,A01,1,1,0,2,1,1,5,NULL,2.021E+11,144 023,108 513,A01,1,1,4,1,1967,1,2,8,-1,0,0,-1,2.021E+11,4,QUAI DE LA SEINE,0,NULL,2,2,1,1,-1,-1,1,NULL,-1,1,-1,5,30
2.021E+11,8,2,2021,10:35:00,1,75,75119,2,3,8,3,QUAI DE LA SEINE,"488,853,260,000","23,718,300,000",2.021E+11,108 512,B01,2,1,0,2,8,19,5,NULL,2.021E+11,144 023,108 513,A01,1,1,4,1,1967,1,2,8,-1,0,0,-1,2.021E+11,4,QUAI DE LA SEINE,0,NULL,2,2,1,1,-1,-1,1,NULL,-1,1,-1,5,30
2.021E+11,26,1,2021,16:00:00,1,75,75101,2,2,1,6,BOULEVARD DE SEBASTOPOL,"488,606,180,000","23,493,880,000",2.021E+11,105 862,A01,1,1,0,1,1,1,5,NULL,2.021E+11,140 598,105 862,A01,1,1,4,1,1963,9,8,0,-1,0,0,-1,2.021E+11,4,BOULEVARD DE SEBASTOPOL,0,NULL,1,4,1,1,-1,-1,1,NULL,-1,1,-1,5,50
2.021E+11,26,1,2021,16:00:00,1,75,75101,2,2,1,6,BOULEVARD DE SEBASTOPOL,"488,606,180,000","23,493,880,000",2.021E+11,105 862,A01,1,1,0,1,1,1,5,NULL,2.021E+11,140 599,105 862,A01,10,3,1,2,1956,9,8,8,-1,4,3,1,2.021E+11,4,BOULEVARD DE SEBASTOPOL,0,NULL,1,4,1,1,-1,-1,1,NULL,-1,1,-1,5,50
2.021E+11,25,1,2021,09:50:00,1,75,75107,2,2,1,3,QUAI D ORSAY,"488,628,600,000","23,134,500,000",2.021E+11,105 663,B01,2,1,0,2,4,1,5,NULL,2.021E+11,140 321,105 662,A01,1,1,1,2,1956,9,1,0,-1,0,0,-1,2.021E+11,4,QUAI D ORSAY,0,NULL,2,4,1,1,-1,-1,1,NULL,-1,1,-1,5,50
2.021E+11,25,1,2021,09:50:00,1,75,75107,2,2,1,3,QUAI D ORSAY,"488,628,600,000","23,134,500,000",2.021E+11,105 663,B01,2,1,0,2,4,1,5,NULL,2.021E+11,140 322,105 663,B01,1,1,4,1,1970,1,2,0,-1,0,0,-1,2.021E+11,4,QUAI D ORSAY,0,NULL,2,4,1,1,-1,-1,1,NULL,-1,1,-1,5,50
2.021E+11,15,1,2021,08:30:00,1,92,92026,2,1,1,3,VERDUN (DE 62 A FIN),"489,030,020,000","22,582,470,000",2.021E+11,103 593,B01,1,1,0,2,7,19,5,NULL,2.021E+11,137 469,103 592,A01,1,1,1,1,1986,0,2,8,-1,-1,-1,-1,2.021E+11,3,VERDUN (DE 62 A FIN),0,NULL,2,4,3,1,0,0,1,NULL,-1,1,0,1,50
2.021E+11,15,1,2021,08:30:00,1,92,92026,2,1,1,3,VERDUN (DE 62 A FIN),"489,030,020,000","22,582,470,000",2.021E+11,103 593,B01,1,1,0,2,7,19,5,NULL,2.021E+11,137 470,103 593,B01,1,1,4,1,2006,2,8,0,-1,-1,-1,-1,2.021E+11,3,VERDUN (DE 62 A FIN),0,NULL,2,4,3,1,0,0,1,NULL,-1,1,0,1,50
2.021E+11,22,10,2021,08:30:00,1,61,61001,2,2,1,1,PAUL CLAUDEL (RUE),"484,165,400,000","0,0942400000",2.021E+11,181 040,B01,2,1,0,2,1,1,5,NULL,2.021E+11,239 739,181 040,B01,1,1,4,2,1988,1,2,0,-1,-1,-1,-1,2.021E+11,4,PAUL CLAUDEL (RUE),0,NULL,2,2,1,1,0,0,2,NULL,-1,1,5,5,50
2.021E+11,22,10,2021,08:30:00,1,61,61001,2,2,1,1,PAUL CLAUDEL (RUE),"484,165,400,000","0,0942400000",2.021E+11,181 040,B01,2,1,0,2,1,1,5,NULL,2.021E+11,239 740,181 041,A01,1,1,1,1,1993,2,1,8,-1,-1,-1,-1,2.021E+11,4,PAUL CLAUDEL (RUE),0,NULL,2,2,1,1,0,0,2,NULL,-1,1,5,5,50
2.021E+11,20,10,2021,14:00:00,1,64,64335,2,6,7,3,SALIE,"433,361,660,140"," -0,4343032837",2.021E+11,180 257,B01,3,1,0,2,1,0,5,NULL,2.021E+11,238 748,180 257,B01,1,1,4,1,1940,5,2,0,-1,-1,-1,-1,2.021E+11,4,SALIE,0,NULL,2,2,0,1,0,0,1,NULL,-1,1,0,1,50
2.021E+11,20,10,2021,14:00:00,1,64,64335,2,6,7,3,SALIE,"433,361,660,140"," -0,4343032837",2.021E+11,180 257,B01,3,1,0,2,1,0,5,NULL,2.021E+11,238 749,180 258,A01,1,1,1,2,1989,5,1,0,-1,-1,-1,-1,2.021E+11,4,SALIE,0,NULL,2,2,0,1,0,0,1,NULL,-1,1,0,1,50
2.021E+11,19,10,2021,18:43:00,1,17,17461,2,3,1,1,BOUIN JEAN,"456,418,970,000","-10,607,330,000",2.021E+11,179 872,B01,2,1,0,2,1,1,0,NULL,2.021E+11,238 234,179 871,A01,1,1,1,2,1981,1,1,8,-1,-1,-1,-1,2.021E+11,4,BOUIN JEAN,0,NULL,2,2,0,1,-1,-1,2,NULL,-1,1,0,1,50
2.021E+11,19,10,2021,18:43:00,1,17,17461,2,3,1,1,BOUIN JEAN,"456,418,970,000","-10,607,330,000",2.021E+11,179 872,B01,2,1,0,2,1,1,0,NULL,2.021E+11,238 235,179 872,B01,1,1,3,1,1963,5,8,0,-1,-1,-1,-1,2.021E+11,4,BOUIN JEAN,0,NULL,2,2,0,1,-1,-1,2,NULL,-1,1,0,1,50
2.021E+11,16,10,2021,14:50:00,1,54,54578,2,3,1,3,OUDILLE (RUE CHARLES),"486,721,200,000","61,442,400,000",2.021E+11,178 787,B01,1,1,0,2,4,1,5,NULL,2.021E+11,236 800,178 786,A01,1,1,1,1,1965,0,1,0,-1,0,0,-1,2.021E+11,7,OUDILLE (RUE CHARLES),0,NULL,1,1,2,2,-1,-1,1,NULL,-1,1,-1,1,50
2.021E+11,16,10,2021,14:50:00,1,54,54578,2,3,1,3,OUDILLE (RUE CHARLES),"486,721,200,000","61,442,400,000",2.021E+11,178 787,B01,1,1,0,2,4,1,5,NULL,2.021E+11,236 801,178 787,B01,1,1,4,1,1969,0,2,0,-1,0,0,-1,2.021E+11,7,OUDILLE (RUE CHARLES),0,NULL,1,1,2,2,-1,-1,1,NULL,-1,1,-1,1,50
2.021E+11,12,10,2021,14:19:00,1,60,60509,2,3,1,3,D1017,"493,010,211,509","26,044,335,364",2.021E+11,176 787,A01,2,1,0,2,8,2,5,NULL,2.021E+11,234 264,176 787,A01,1,1,4,1,1954,5,0,-1,-1,0,0,-1,2.021E+11,3,1017,-1,NULL,2,2,1,1,22,900,1,NULL,-1,1,0,1,50
2.021E+11,12,10,2021,14:19:00,1,60,60509,2,3,1,3,D1017,"493,010,211,509","26,044,335,364",2.021E+11,176 787,A01,2,1,0,2,8,2,5,NULL,2.021E+11,234 265,176 788,B01,1,1,1,1,1962,5,1,-1,-1,0,0,-1,2.021E+11,3,1017,-1,NULL,2,2,1,1,22,900,1,NULL,-1,1,0,1,50
2.021E+11,16,9,2021,10:50:00,1,37,37139,2,2,1,1,Avenue Louis-Charles d Albert Duc de Luynes,"473,901,996,306","0,5469410894",2.021E+11,169 559,A01,2,1,0,2,1,19,5,NULL,2.021E+11,224 841,169 559,A01,1,1,3,1,2008,2,0,-1,-1,0,0,-1,2.021E+11,7,49,0,NULL,2,2,0,2,2,130,1,NULL,4,1,0,1,30
2.021E+11,16,9,2021,10:50:00,1,37,37139,2,2,1,1,Avenue Louis-Charles d Albert Duc de Luynes,"473,901,996,306","0,5469410894",2.021E+11,169 559,A01,2,1,0,2,1,19,5,NULL,2.021E+11,224 842,169 560,B01,1,1,1,2,1950,3,1,-1,-1,0,0,-1,2.021E+11,7,49,0,NULL,2,2,0,2,2,130,1,NULL,4,1,0,1,30
2.021E+11,13,9,2021,07:15:00,1,92,92040,2,1,1,3,GALLIENI (BOULEVARD),"488,229,495,535","22,679,632,902",2.021E+11,167 619,B01,2,1,0,2,8,2,5,NULL,2.021E+11,222 318,167 618,Z01,1,1,1,-1,NULL,-1,-1,-1,-1,-1,-1,-1,2.021E+11,3,69,0,NULL,2,3,0,1,0,0,1,NULL,-1,1,0,1,30
2.021E+11,13,9,2021,07:15:00,1,92,92040,2,1,1,3,GALLIENI (BOULEVARD),"488,229,495,535","22,679,632,902",2.021E+11,167 619,B01,2,1,0,2,8,2,5,NULL,2.021E+11,222 319,167 619,B01,1,1,4,1,1984,1,2,0,-1,-1,-1,-1,2.021E+11,3,69,0,NULL,2,3,0,1,0,0,1,NULL,-1,1,0,1,30
2.021E+11,6,9,2021,17:50:00,1,76,76304,2,3,7,3,Route de Goderville,"496,514,770,000","0,4358210000",2.021E+11,164 784,B01,1,1,0,2,7,0,5,NULL,2.021E+11,218 634,164 784,B01,1,1,3,1,2011,5,0,-1,-1,0,0,-1,2.021E+11,3,75,-1,NULL,2,2,0,1,3,24,1,NULL,-1,1,0,1,50
2.021E+11,6,9,2021,17:50:00,1,76,76304,2,3,7,3,Route de Goderville,"496,514,770,000","0,4358210000",2.021E+11,164 784,B01,1,1,0,2,7,0,5,NULL,2.021E+11,218 635,164 785,A01,1,1,1,1,1998,4,1,-1,-1,0,0,-1,2.021E+11,3,75,-1,NULL,2,2,0,1,3,24,1,NULL,-1,1,0,1,50
2.021E+11,3,9,2021,21:15:00,2,81,81004,2,2,1,3,LANNES (BD DU MARECHAL),"439,430,200,000","21,499,700,000",2.021E+11,164 105,B01,0,1,0,2,4,1,5,NULL,2.021E+11,217 686,164 104,A01,1,1,1,1,1986,1,1,8,-1,-1,-1,-1,2.021E+11,3,NULL,-1,NULL,2,-1,-1,1,3,99,1,NULL,-1,1,5,1,-1
2.021E+11,3,9,2021,21:15:00,2,81,81004,2,2,1,3,LANNES (BD DU MARECHAL),"439,430,200,000","21,499,700,000",2.021E+11,164 105,B01,0,1,0,2,4,1,5,NULL,2.021E+11,217 687,164 105,B01,1,1,4,1,1999,5,2,8,-1,-1,-1,-1,2.021E+11,3,NULL,-1,NULL,2,-1,-1,1,3,99,1,NULL,-1,1,5,1,-1
2.021E+11,17,8,2021,10:00:00,1,30,30133,2,6,1,6,RD62B - rond point dit du Casino,"435,259,310,000","41,494,420,000",2.021E+11,159 083,C01,2,1,0,2,8,19,0,NULL,2.021E+11,210 940,159 083,C01,1,1,3,2,1952,5,0,-1,-1,0,0,-1,2.021E+11,3,62,0,B,2,4,1,1,2,950,1,NULL,-1,1,9,1,50
2.021E+11,17,8,2021,10:00:00,1,30,30133,2,6,1,6,RD62B - rond point dit du Casino,"435,259,310,000","41,494,420,000",2.021E+11,159 083,C01,2,1,0,2,8,19,0,NULL,2.021E+11,210 941,159 084,B01,1,1,1,2,1984,5,1,-1,-1,0,0,-1,2.021E+11,3,62,0,B,2,4,1,1,2,950,1,NULL,-1,1,9,1,50
2.021E+11,17,8,2021,10:00:00,1,30,30133,2,6,1,6,RD62B - rond point dit du Casino,"435,259,310,000","41,494,420,000",2.021E+11,159 083,C01,2,1,0,2,8,19,0,NULL,2.021E+11,210 942,159 085,A01,1,1,1,1,1963,5,1,-1,-1,0,0,-1,2.021E+11,3,62,0,B,2,4,1,1,2,950,1,NULL,-1,1,9,1,50
2.021E+11,12,7,2021,14:10:00,1,75,75114,2,3,2,7,RUE EMILE DEUTSCH DE LA MEURTHE,"488,226,260,000","23,351,370,000",2.021E+11,152 084,A01,1,1,0,0,0,21,5,NULL,2.021E+11,201 199,152 084,A01,1,1,4,1,1973,1,8,0,-1,0,0,-1,2.021E+11,4,RUE EMILE DEUTSCH DE LA MEURTHE,0,NULL,1,1,1,2,-1,-1,1,NULL,-1,2,0,5,50
2.021E+11,6,7,2021,13:20:00,1,78,78380,2,1,1,1,Rue d Orléans,"489,077,030,000","18,497,960,000",2.021E+11,150 021,A01,1,1,0,2,1,13,5,NULL,2.021E+11,198 356,150 021,A01,1,1,3,1,1987,9,0,-1,-1,0,0,-1,2.021E+11,3,26,0,A,2,2,0,2,19,60,1,NULL,-1,1,0,1,50
2.021E+11,6,7,2021,13:20:00,1,78,78380,2,1,1,1,Rue d Orléans,"489,077,030,000","18,497,960,000",2.021E+11,150 021,A01,1,1,0,2,1,13,5,NULL,2.021E+11,198 357,150 022,B01,1,1,1,2,1980,4,1,-1,-1,0,0,-1,2.021E+11,3,26,0,A,2,2,0,2,19,60,1,NULL,-1,1,0,1,50
2.021E+11,11,7,2021,20:00:00,1,72,72154,2,9,1,2,20 Rue de l Arthuisière,"477,149,240,000"," -0,0598450000",2.021E+11,148 994,B01,1,1,6,2,4,0,6,NULL,2.021E+11,196 922,148 993,A01,1,1,1,-1,NULL,-1,-1,-1,-1,-1,-1,-1,2.021E+11,4,NULL,-1,NULL,2,2,0,1,-1,-1,1,NULL,5,1,0,1,50
2.021E+11,11,7,2021,20:00:00,1,72,72154,2,9,1,2,20 Rue de l Arthuisière,"477,149,240,000"," -0,0598450000",2.021E+11,148 994,B01,1,1,6,2,4,0,6,NULL,2.021E+11,196 923,148 994,B01,1,1,3,1,2010,5,0,-1,-1,0,0,-1,2.021E+11,4,NULL,-1,NULL,2,2,0,1,-1,-1,1,NULL,5,1,0,1,50
2.021E+11,5,7,2021,14:50:00,1,33,33063,2,1,1,3,Boulevard Maréchal Leclerc,"448,305,510,000"," -0,5970160000",2.021E+11,147 118,B01,2,1,0,2,6,7,5,NULL,2.021E+11,194 383,147 117,Z01,1,1,1,-1,NULL,-1,-1,-1,-1,-1,-1,-1,2.021E+11,4,BD MARECHAL LECLERC,0,NULL,1,2,3,1,-1,-1,1,NULL,-1,1,0,1,50
2.021E+11,5,7,2021,14:50:00,1,33,33063,2,1,1,3,Boulevard Maréchal Leclerc,"448,305,510,000"," -0,5970160000",2.021E+11,147 118,B01,2,1,0,2,6,7,5,NULL,2.021E+11,194 384,147 118,B01,1,1,4,2,2003,5,8,-1,-1,-1,-1,-1,2.021E+11,4,BD MARECHAL LECLERC,0,NULL,1,2,3,1,-1,-1,1,NULL,-1,1,0,1,50
2.021E+11,3,7,2021,19:15:00,1,60,60589,1,6,1,3,Rond point du verbois,"492,207,930,000","24,669,240,000",2.021E+11,145 835,B01,3,1,0,0,1,0,5,NULL,2.021E+11,192 624,145 834,A01,1,1,4,2,1988,0,2,6,-1,0,0,-1,2.021E+11,3,1016,-1,NULL,4,2,0,1,10,300,3,NULL,-1,1,0,8,70
2.021E+11,3,7,2021,19:15:00,1,60,60589,1,6,1,3,Rond point du verbois,"492,207,930,000","24,669,240,000",2.021E+11,145 835,B01,3,1,0,0,1,0,5,NULL,2.021E+11,192 625,145 835,B01,1,1,4,1,1999,0,2,9,-1,0,0,-1,2.021E+11,3,1016,-1,NULL,4,2,0,1,10,300,3,NULL,-1,1,0,8,70
2.021E+11,30,6,2021,05:40:00,2,79,79174,1,2,1,3,NULL,"462,368,970,000"," -0,1568450000",2.021E+11,145 194,B01,1,1,0,2,6,15,5,NULL,2.021E+11,191 791,145 193,A01,1,1,1,2,1981,1,1,-1,-1,0,0,-1,2.021E+11,3,737,0,D,2,2,0,1,24,315,1,NULL,-1,1,5,1,80
2.021E+11,30,6,2021,05:40:00,2,79,79174,1,2,1,3,NULL,"462,368,970,000"," -0,1568450000",2.021E+11,145 194,B01,1,1,0,2,6,15,5,NULL,2.021E+11,191 792,145 194,B01,1,1,3,1,2005,5,0,-1,-1,0,0,-1,2.021E+11,3,737,0,D,2,2,0,1,24,315,1,NULL,-1,1,5,1,80
2.021E+11,26,6,2021,13:40:00,1,18,18141,2,1,8,1,24 Rue de la Taille,"471,159,560,000","22,093,840,000",2.021E+11,144 225,B01,3,1,0,2,1,1,5,NULL,2.021E+11,190 456,144 224,A01,1,1,1,2,1963,5,1,-1,-1,0,0,-1,2.021E+11,4,NULL,0,NULL,2,1,0,1,-1,-1,2,NULL,3,1,0,1,50
2.021E+11,26,6,2021,13:40:00,1,18,18141,2,1,8,1,24 Rue de la Taille,"471,159,560,000","22,093,840,000",2.021E+11,144 225,B01,3,1,0,2,1,1,5,NULL,2.021E+11,190 457,144 225,B01,1,1,3,2,1956,5,2,-1,-1,0,0,-1,2.021E+11,4,NULL,0,NULL,2,1,0,1,-1,-1,2,NULL,3,1,0,1,50
2.021E+11,18,6,2021,14:53:00,1,66,66136,2,1,1,3,FLANDRES/DUNKERQUE (CARREFOUR),"426,866,800,000","29,072,300,000",2.021E+11,143 044,B01,1,1,0,2,7,1,5,NULL,2.021E+11,188 946,143 044,B01,1,1,4,1,1968,5,2,0,-1,-1,-1,-1,2.021E+11,4,FLANDRES/DUNKERQUE (CARREFOUR),0,NULL,1,2,0,1,0,0,2,NULL,-1,1,0,1,50
2.021E+11,18,6,2021,14:53:00,1,66,66136,2,1,1,3,FLANDRES/DUNKERQUE (CARREFOUR),"426,866,800,000","29,072,300,000",2.021E+11,143 044,B01,1,1,0,2,7,1,5,NULL,2.021E+11,188 947,143 045,A01,1,1,1,1,1963,4,1,0,-1,-1,-1,-1,2.021E+11,4,FLANDRES/DUNKERQUE (CARREFOUR),0,NULL,1,2,0,1,0,0,2,NULL,-1,1,0,1,50
2.021E+11,2,6,2021,22:00:00,5,67,67482,2,3,1,3,ROMAINS (ROUTE DES),"485,800,500,000","76,971,700,000",2.021E+11,136 284,B01,2,1,0,2,8,19,5,NULL,2.021E+11,180 092,136 283,A01,1,1,1,2,1999,0,1,8,-1,-1,-1,-1,2.021E+11,4,ROMAINS (ROUTE DES),0,NULL,2,2,1,1,0,0,1,NULL,-1,1,0,1,50
2.021E+11,2,6,2021,22:00:00,5,67,67482,2,3,1,3,ROMAINS (ROUTE DES),"485,800,500,000","76,971,700,000",2.021E+11,136 284,B01,2,1,0,2,8,19,5,NULL,2.021E+11,180 093,136 283,A01,2,2,1,2,1999,5,1,8,-1,-1,-1,-1,2.021E+11,4,ROMAINS (ROUTE DES),0,NULL,2,2,1,1,0,0,1,NULL,-1,1,0,1,50
2.021E+11,2,6,2021,22:00:00,5,67,67482,2,3,1,3,ROMAINS (ROUTE DES),"485,800,500,000","76,971,700,000",2.021E+11,136 284,B01,2,1,0,2,8,19,5,NULL,2.021E+11,180 094,136 284,B01,1,1,4,1,1986,0,8,0,-1,-1,-1,-1,2.021E+11,4,ROMAINS (ROUTE DES),0,NULL,2,2,1,1,0,0,1,NULL,-1,1,0,1,50
2.021E+11,31,5,2021,18:40:00,1,75,75112,2,1,1,2,RUE FABRE D EGLANTINE,"488,471,780,000","23,956,960,000",2.021E+11,135 018,A01,1,1,0,2,1,2,5,NULL,2.021E+11,178 485,135 017,B01,1,1,1,1,1970,9,1,0,-1,0,0,-1,2.021E+11,4,RUE FABRE D EGLANTINE,0,NULL,2,2,0,1,-1,-1,1,NULL,-1,1,0,1,50
2.021E+11,31,5,2021,18:40:00,1,75,75112,2,1,1,2,RUE FABRE D EGLANTINE,"488,471,780,000","23,956,960,000",2.021E+11,135 018,A01,1,1,0,2,1,2,5,NULL,2.021E+11,178 486,135 018,A01,1,1,4,1,1993,5,8,0,-1,0,0,-1,2.021E+11,4,RUE FABRE D EGLANTINE,0,NULL,2,2,0,1,-1,-1,1,NULL,-1,1,0,1,50
2.021E+11,27,5,2021,17:20:00,1,38,38058,1,3,1,1,Rue de la Vie de Lariot,"453,520,400,000","53,157,700,000",2.021E+11,133 578,B01,3,1,0,2,1,15,5,NULL,2.021E+11,176 595,133 578,B01,1,1,4,1,2004,1,0,-1,-1,0,0,-1,2.021E+11,4,NULL,0,NULL,2,2,0,1,-1,-1,1,NULL,-1,1,5,1,80