Num_Acc,jour,mois,an,hrmn,lum,dep,com,agg,int,atm,col,adr,lat,long,Num_Acc,id_vehicule,num_veh,senc,catv,obs,obsm,choc,manv,motor,occutc,Num_Acc,id_usager,id_vehicule,num_veh,place,catu,grav,sexe,an_nais,trajet,secu1,secu2,secu3,locp,actp,etatp,Num_Acc,catr,voie,v1,v2,circ,nbv,vosp,prof,pr,pr1,plan,lartpc,larrout,surf,infra,situ,vma
2.021E+11,27,5,2021,17:20:00,1,38,38058,1,3,1,1,Rue de la Vie de Lariot,"453,520,400,000","53,157,700,000",2.021E+11,133 578,B01,3,1,0,2,1,15,5,NULL,2.021E+11,176 596,133 579,A01,1,1,1,1,1981,1,1,-1,-1,0,0,-1,2.021E+11,4,NULL,0,NULL,2,2,0,1,-1,-1,1,NULL,-1,1,5,1,80
2.021E+11,3,5,2021,16:55:00,1,33,33013,2,3,1,3,Avenue de Virecourt,"448,557,600,000"," -0,4963300000",2.021E+11,128 465,B01,2,1,0,2,2,1,5,NULL,2.021E+11,169 809,128 464,A01,1,1,1,1,1965,0,8,-1,-1,-1,-1,-1,2.021E+11,4,AVE DE VIRECOURT,0,NULL,2,2,0,2,-1,-1,2,NULL,-1,1,0,1,50
2.021E+11,3,5,2021,16:55:00,1,33,33013,2,3,1,3,Avenue de Virecourt,"448,557,600,000"," -0,4963300000",2.021E+11,128 465,B01,2,1,0,2,2,1,5,NULL,2.021E+11,169 810,128 465,B01,1,1,3,1,1951,0,8,-1,-1,-1,-1,-1,2.021E+11,4,AVE DE VIRECOURT,0,NULL,2,2,0,2,-1,-1,2,NULL,-1,1,0,1,50
2.021E+11,7,5,2021,09:35:00,1,974,97415,1,6,1,3,Route Nationale (hermitage),"-210,611,740,000","552,235,400,000",2.021E+11,128 305,A01,3,1,0,0,0,2,5,NULL,2.021E+11,169 605,128 305,A01,1,1,4,2,1978,5,0,-1,-1,0,0,-1,2.021E+11,2,1,0,A,1,1,0,1,-1,-1,2,NULL,"3,5",1,0,1,-1
2.021E+11,7,5,2021,09:35:00,1,974,97415,1,6,1,3,Route Nationale (hermitage),"-210,611,740,000","552,235,400,000",2.021E+11,128 305,A01,3,1,0,0,0,2,5,NULL,2.021E+11,169 606,128 306,B01,1,1,1,1,1958,0,1,-1,-1,0,0,-1,2.021E+11,2,1,0,A,1,1,0,1,-1,-1,2,NULL,"3,5",1,0,1,-1
2.021E+11,23,4,2021,19:05:00,1,59,59043,1,8,1,6,VINCENT (CHEMIN),"507,191,900,000","27,710,100,000",2.021E+11,125 718,A01,3,1,0,4,7,21,5,NULL,2.021E+11,166 264,125 718,A01,1,1,2,1,2003,5,8,0,-1,-1,0,-1,2.021E+11,4,VINCENT (CHEMIN),0,NULL,2,2,0,1,-1,-1,1,NULL,-1,1,4,8,70
2.021E+11,23,4,2021,19:05:00,1,59,59043,1,8,1,6,VINCENT (CHEMIN),"507,191,900,000","27,710,100,000",2.021E+11,125 718,A01,3,1,0,4,7,21,5,NULL,2.021E+11,166 265,125 719,B01,1,1,1,1,1969,4,8,8,-1,-1,-1,-1,2.021E+11,4,VINCENT (CHEMIN),0,NULL,2,2,0,1,-1,-1,1,NULL,-1,1,4,8,70
2.021E+11,31,3,2021,15:30:00,1,49,49007,2,1,1,3,PAUL BERT,"474,663,500,000"," -0,5530700000",2.021E+11,119 959,B01,3,1,0,2,8,1,5,NULL,2.021E+11,158 767,119 958,A01,1,1,1,1,1967,1,1,0,-1,-1,-1,-1,2.021E+11,4,PAUL BERT,0,NULL,2,4,2,1,1,0,1,NULL,-1,1,0,5,50
2.021E+11,31,3,2021,15:30:00,1,49,49007,2,1,1,3,PAUL BERT,"474,663,500,000"," -0,5530700000",2.021E+11,119 959,B01,3,1,0,2,8,1,5,NULL,2.021E+11,158 768,119 959,B01,1,1,4,2,1963,0,8,0,-1,-1,-1,-1,2.021E+11,4,PAUL BERT,0,NULL,2,4,2,1,1,0,1,NULL,-1,1,0,5,50
2.021E+11,30,3,2021,13:50:00,1,14,14327,2,2,1,3,Boulevard de la Grande Delle,"492,070,000,000"," -0,3404100000",2.021E+11,119 932,B01,1,1,0,2,1,1,5,NULL,2.021E+11,158 729,119 931,A01,1,1,1,1,1974,5,1,0,-1,0,0,-1,2.021E+11,4,GRANDE DELLE (BOULEVARD DE LA),0,NULL,2,2,0,1,1,0,1,NULL,-1,1,0,1,50
2.021E+11,30,3,2021,13:50:00,1,14,14327,2,2,1,3,Boulevard de la Grande Delle,"492,070,000,000"," -0,3404100000",2.021E+11,119 932,B01,1,1,0,2,1,1,5,NULL,2.021E+11,158 730,119 932,B01,1,1,4,2,2000,5,8,0,-1,0,0,-1,2.021E+11,4,GRANDE DELLE (BOULEVARD DE LA),0,NULL,2,2,0,1,1,0,1,NULL,-1,1,0,1,50
2.021E+11,30,3,2021,15:45:00,1,31,31568,1,2,1,3,croisement CD.2  -  CD.11,"434,800,790,000","16,911,650,000",2.021E+11,119 467,A01,1,1,0,2,8,19,5,NULL,2.021E+11,158 136,119 466,B01,1,1,1,1,1959,4,1,-1,-1,0,0,-1,2.021E+11,3,2,-1,NULL,2,2,0,2,46,790,1,NULL,-1,1,5,1,-1
2.021E+11,30,3,2021,15:45:00,1,31,31568,1,2,1,3,croisement CD.2  -  CD.11,"434,800,790,000","16,911,650,000",2.021E+11,119 467,A01,1,1,0,2,8,19,5,NULL,2.021E+11,158 137,119 467,A01,1,1,3,1,1935,5,2,-1,-1,0,0,-1,2.021E+11,3,2,-1,NULL,2,2,0,2,46,790,1,NULL,-1,1,5,1,-1
2.021E+11,27,3,2021,12:40:00,1,45,45272,2,1,1,4,951 Rue de Gautray,"478,118,470,000","19,526,430,000",2.021E+11,118 757,B01,2,1,0,2,2,1,5,NULL,2.021E+11,157 211,118 756,C01,1,1,3,1,1970,5,2,-1,-1,0,0,-1,2.021E+11,4,NULL,-1,NULL,2,2,0,1,-1,-1,1,NULL,-1,1,0,1,50
2.021E+11,27,3,2021,12:40:00,1,45,45272,2,1,1,4,951 Rue de Gautray,"478,118,470,000","19,526,430,000",2.021E+11,118 756,C01,2,1,0,2,7,1,5,NULL,2.021E+11,157 211,118 756,C01,1,1,3,1,1970,5,2,-1,-1,0,0,-1,2.021E+11,4,NULL,-1,NULL,2,2,0,1,-1,-1,1,NULL,-1,1,0,1,50
2.021E+11,27,3,2021,12:40:00,1,45,45272,2,1,1,4,951 Rue de Gautray,"478,118,470,000","19,526,430,000",2.021E+11,118 757,B01,2,1,0,2,2,1,5,NULL,2.021E+11,157 212,118 757,B01,1,1,4,1,1959,5,2,-1,-1,0,0,-1,2.021E+11,4,NULL,-1,NULL,2,2,0,1,-1,-1,1,NULL,-1,1,0,1,50
2.021E+11,27,3,2021,12:40:00,1,45,45272,2,1,1,4,951 Rue de Gautray,"478,118,470,000","19,526,430,000",2.021E+11,118 756,C01,2,1,0,2,7,1,5,NULL,2.021E+11,157 212,118 757,B01,1,1,4,1,1959,5,2,-1,-1,0,0,-1,2.021E+11,4,NULL,-1,NULL,2,2,0,1,-1,-1,1,NULL,-1,1,0,1,50
2.021E+11,27,3,2021,12:40:00,1,45,45272,2,1,1,4,951 Rue de Gautray,"478,118,470,000","19,526,430,000",2.021E+11,118 757,B01,2,1,0,2,2,1,5,NULL,2.021E+11,157 213,118 758,A01,1,1,1,1,1998,1,8,-1,-1,0,0,-1,2.021E+11,4,NULL,-1,NULL,2,2,0,1,-1,-1,1,NULL,-1,1,0,1,50
2.021E+11,27,3,2021,12:40:00,1,45,45272,2,1,1,4,951 Rue de Gautray,"478,118,470,000","19,526,430,000",2.021E+11,118 756,C01,2,1,0,2,7,1,5,NULL,2.021E+11,157 213,118 758,A01,1,1,1,1,1998,1,8,-1,-1,0,0,-1,2.021E+11,4,NULL,-1,NULL,2,2,0,1,-1,-1,1,NULL,-1,1,0,1,50
2.021E+11,1,3,2021,16:45:00,1,94,94068,2,2,1,1,Rue Politzer,"488,098,000,000","24,665,400,000",2.021E+11,113 218,B01,0,1,0,2,1,19,5,NULL,2.021E+11,150 126,113 218,B01,1,1,4,1,1974,0,2,0,-1,-1,-1,-1,2.021E+11,4,POLITZER (R),0,NULL,1,1,1,4,0,0,1,NULL,-1,1,0,1,30
2.021E+11,1,3,2021,16:45:00,1,94,94068,2,2,1,1,Rue Politzer,"488,098,000,000","24,665,400,000",2.021E+11,113 218,B01,0,1,0,2,1,19,5,NULL,2.021E+11,150 127,113 219,A01,1,1,1,2,1983,2,1,0,-1,-1,-1,-1,2.021E+11,4,POLITZER (R),0,NULL,1,1,1,4,0,0,1,NULL,-1,1,0,1,30
2.021E+11,23,2,2021,16:50:00,1,13,13209,2,3,1,3,MARÉCHAL DE LATTRE (AVENUE),"432,455,400,000","54,120,800,000",2.021E+11,111 698,A01,2,1,0,2,1,1,5,NULL,2.021E+11,148 155,111 697,B01,1,1,1,2,1937,9,1,0,-1,-1,-1,-1,2.021E+11,7,MARÉCHAL DE LATTRE (AVENUE),0,NULL,2,2,1,1,5,200,1,NULL,-1,1,0,1,50
2.021E+11,23,2,2021,16:50:00,1,13,13209,2,3,1,3,MARÉCHAL DE LATTRE (AVENUE),"432,455,400,000","54,120,800,000",2.021E+11,111 698,A01,2,1,0,2,1,1,5,NULL,2.021E+11,148 156,111 698,A01,1,1,4,1,2002,0,8,0,-1,-1,-1,-1,2.021E+11,7,MARÉCHAL DE LATTRE (AVENUE),0,NULL,2,2,1,1,5,200,1,NULL,-1,1,0,1,50
2.021E+11,19,2,2021,15:15:00,1,73,73303,2,1,1,6,PARC DES BERGES,"457,462,900,000","64,166,110,000",2.021E+11,110 815,A01,3,1,0,1,1,1,5,NULL,2.021E+11,147 037,110 815,A01,1,1,1,1,1999,5,2,-1,-1,0,0,-1,2.021E+11,9,NULL,-1,NULL,2,-1,1,1,-1,-1,1,NULL,-1,1,-1,5,-1
2.021E+11,19,2,2021,15:15:00,1,73,73303,2,1,1,6,PARC DES BERGES,"457,462,900,000","64,166,110,000",2.021E+11,110 815,A01,3,1,0,1,1,1,5,NULL,2.021E+11,147 038,110 815,A01,10,3,3,1,2012,5,0,-1,-1,6,3,1,2.021E+11,9,NULL,-1,NULL,2,-1,1,1,-1,-1,1,NULL,-1,1,-1,5,-1
2.021E+11,19,1,2021,08:00:00,5,92,92063,2,3,2,3,SAINTE-CLAIRE DEVILLE (RUE HENRI),"488,929,100,000","21,721,000,000",2.021E+11,104 371,B01,2,1,0,2,6,1,5,NULL,2.021E+11,138 526,104 370,A01,1,1,1,2,1959,1,1,8,-1,-1,-1,-1,2.021E+11,4,SAINTE-CLAIRE DEVILLE (RUE HENRI),0,NULL,2,2,0,1,0,0,1,NULL,-1,2,0,1,50
2.021E+11,19,1,2021,08:00:00,5,92,92063,2,3,2,3,SAINTE-CLAIRE DEVILLE (RUE HENRI),"488,929,100,000","21,721,000,000",2.021E+11,104 371,B01,2,1,0,2,6,1,5,NULL,2.021E+11,138 527,104 371,B01,1,1,4,1,1963,5,2,8,-1,-1,-1,-1,2.021E+11,4,SAINTE-CLAIRE DEVILLE (RUE HENRI),0,NULL,2,2,0,1,0,0,1,NULL,-1,2,0,1,50
2.021E+11,13,1,2021,14:15:00,1,11,11102,1,1,1,1,Route de Pomas,"431,328,850,000","23,078,210,000",2.021E+11,103 082,B01,3,1,0,0,1,1,5,NULL,2.021E+11,136 794,103 081,A01,1,1,1,2,1984,3,1,-1,-1,0,0,-1,2.021E+11,3,143,-1,NULL,2,2,0,1,1,-1,2,NULL,-1,1,0,1,80
2.021E+11,13,1,2021,14:15:00,1,11,11102,1,1,1,1,Route de Pomas,"431,328,850,000","23,078,210,000",2.021E+11,103 082,B01,3,1,0,0,1,1,5,NULL,2.021E+11,136 795,103 082,B01,1,1,4,1,1970,5,2,-1,-1,0,0,-1,2.021E+11,3,143,-1,NULL,2,2,0,1,1,-1,2,NULL,-1,1,0,1,80
2.021E+11,26,10,2021,11:20:00,1,64,64445,2,6,1,3,ALLEES DE MORLAAS DES,"433,077,300,000"," -0,3391300000",2.021E+11,182 285,A01,3,1,0,2,1,19,5,NULL,2.021E+11,241 391,182 285,A01,1,1,4,2,1940,0,8,0,-1,-1,-1,-1,2.021E+11,4,ALLEES DE MORLAAS DES,0,NULL,1,2,0,1,0,0,2,NULL,-1,1,0,1,30
2.021E+11,26,10,2021,11:20:00,1,64,64445,2,6,1,3,ALLEES DE MORLAAS DES,"433,077,300,000"," -0,3391300000",2.021E+11,182 285,A01,3,1,0,2,1,19,5,NULL,2.021E+11,241 392,182 286,B01,1,1,1,1,1995,0,1,0,-1,-1,-1,-1,2.021E+11,4,ALLEES DE MORLAAS DES,0,NULL,1,2,0,1,0,0,2,NULL,-1,1,0,1,30
2.021E+11,15,10,2021,08:00:00,2,85,85047,2,6,1,1,Boulevard Jean XXIII,"468,396,230,000","-18,654,450,000",2.021E+11,178 206,B01,1,1,0,2,7,19,5,NULL,2.021E+11,236 045,178 206,B01,1,1,3,1,2008,2,0,-1,-1,0,0,-1,2.021E+11,3,NULL,-1,NULL,1,2,0,1,62,400,2,NULL,4,1,5,1,50
2.021E+11,15,10,2021,08:00:00,2,85,85047,2,6,1,1,Boulevard Jean XXIII,"468,396,230,000","-18,654,450,000",2.021E+11,178 206,B01,1,1,0,2,7,19,5,NULL,2.021E+11,236 046,178 207,A01,1,1,1,1,1945,5,1,-1,-1,0,0,-1,2.021E+11,3,NULL,-1,NULL,1,2,0,1,62,400,2,NULL,4,1,5,1,50
2.021E+11,13,10,2021,18:20:00,1,54,54547,2,1,1,3,JAURES (AVENUE JEAN),"486,603,709,737","61,596,169,498",2.021E+11,178 051,B01,1,1,0,2,1,1,5,NULL,2.021E+11,235 856,178 051,B01,1,1,4,1,1999,0,2,0,-1,0,0,-1,2.021E+11,4,JAURES (AVENUE JEAN),0,NULL,2,2,0,1,-1,-1,1,NULL,-1,1,0,1,50
2.021E+11,13,10,2021,18:20:00,1,54,54547,2,1,1,3,JAURES (AVENUE JEAN),"486,603,709,737","61,596,169,498",2.021E+11,178 051,B01,1,1,0,2,1,1,5,NULL,2.021E+11,235 857,178 052,A01,1,1,1,2,1989,0,1,0,-1,0,0,-1,2.021E+11,4,JAURES (AVENUE JEAN),0,NULL,2,2,0,1,-1,-1,1,NULL,-1,1,0,1,50
2.021E+11,13,10,2021,11:20:00,1,92,92046,2,3,1,3,PIERRE LAROUSSE (AVENUE),"488,195,535,467","23,061,525,822",2.021E+11,177 754,A01,0,1,0,2,1,1,5,NULL,2.021E+11,235 468,177 754,A01,1,1,4,1,1974,9,2,0,-1,-1,-1,-1,2.021E+11,3,50,0,NULL,-1,1,0,1,0,0,1,NULL,-1,1,0,1,50
2.021E+11,13,10,2021,11:20:00,1,92,92046,2,3,1,3,PIERRE LAROUSSE (AVENUE),"488,195,535,467","23,061,525,822",2.021E+11,177 754,A01,0,1,0,2,1,1,5,NULL,2.021E+11,235 469,177 755,B01,1,1,1,2,1968,9,1,0,-1,-1,-1,-1,2.021E+11,3,50,0,NULL,-1,1,0,1,0,0,1,NULL,-1,1,0,1,50
2.021E+11,24,9,2021,16:30:00,1,24,24102,2,6,1,3,REYNATS (AVENUE DES),"452,003,800,000","0,6704900000",2.021E+11,173 788,B01,0,1,0,2,8,0,5,NULL,2.021E+11,230 363,173 787,A01,1,1,1,2,1962,5,1,0,-1,-1,-1,-1,2.021E+11,3,REYNATS (AVENUE DES),0,NULL,2,2,0,1,1,0,2,NULL,-1,1,9,1,50
2.021E+11,24,9,2021,16:30:00,1,24,24102,2,6,1,3,REYNATS (AVENUE DES),"452,003,800,000","0,6704900000",2.021E+11,173 788,B01,0,1,0,2,8,0,5,NULL,2.021E+11,230 364,173 788,B01,1,1,4,1,1961,0,-1,0,-1,-1,-1,-1,2.021E+11,3,REYNATS (AVENUE DES),0,NULL,2,2,0,1,1,0,2,NULL,-1,1,9,1,50
2.021E+11,28,9,2021,19:05:00,2,75,75113,2,3,1,3,QUAI DE LA GARE,"488,356,792,795","23,753,664,827",2.021E+11,172 591,A01,1,1,0,2,1,1,5,NULL,2.021E+11,228 855,172 590,Z01,1,1,1,-1,NULL,-1,-1,-1,-1,-1,-1,-1,2.021E+11,4,QUAI DE LA GARE,0,NULL,2,4,1,1,-1,-1,1,NULL,-1,1,0,5,30
2.021E+11,28,9,2021,19:05:00,2,75,75113,2,3,1,3,QUAI DE LA GARE,"488,356,792,795","23,753,664,827",2.021E+11,172 591,A01,1,1,0,2,1,1,5,NULL,2.021E+11,228 856,172 591,A01,1,1,4,2,1993,1,2,0,-1,0,0,-1,2.021E+11,4,QUAI DE LA GARE,0,NULL,2,4,1,1,-1,-1,1,NULL,-1,1,0,5,30
2.021E+11,23,9,2021,16:50:00,1,67,67482,2,3,1,3,PRESIDENT POINCARE (BOULEVARD DU),"485,898,600,000","77,423,700,000",2.021E+11,171 473,B01,2,1,0,2,1,19,5,NULL,2.021E+11,227 323,171 472,A01,1,1,1,1,1998,0,1,8,-1,-1,-1,-1,2.021E+11,4,PRESIDENT POINCARE (BOULEVARD DU),0,NULL,3,2,3,1,0,0,1,NULL,-1,1,0,1,50
2.021E+11,23,9,2021,16:50:00,1,67,67482,2,3,1,3,PRESIDENT POINCARE (BOULEVARD DU),"485,898,600,000","77,423,700,000",2.021E+11,171 473,B01,2,1,0,2,1,19,5,NULL,2.021E+11,227 324,171 473,B01,1,1,4,1,1998,0,8,0,-1,-1,-1,-1,2.021E+11,4,PRESIDENT POINCARE (BOULEVARD DU),0,NULL,3,2,3,1,0,0,1,NULL,-1,1,0,1,50
2.021E+11,14,9,2021,18:50:00,1,27,27229,2,1,8,7,FUSILLES (RUE DES),"490,194,800,000","11,577,300,000",2.021E+11,168 416,A01,0,1,12,0,1,9,5,NULL,2.021E+11,223 315,168 416,A01,1,1,4,1,1956,5,2,6,-1,0,0,-1,2.021E+11,4,FUSILLES (RUE DES),0,NULL,1,3,0,2,-1,-1,3,NULL,-1,1,0,1,50
2.021E+11,16,9,2021,21:05:00,5,75,75112,2,2,1,5,COURS DE VINCENNES,"488,480,921,572","23,991,871,743",2.021E+11,168 375,C01,1,1,0,2,1,2,5,NULL,2.021E+11,223 256,168 373,A01,1,1,1,1,1987,4,2,6,-1,0,0,-1,2.021E+11,4,COURS DE VINCENNES,0,NULL,3,3,0,1,-1,-1,1,NULL,-1,1,0,1,30
2.021E+11,16,9,2021,21:05:00,5,75,75112,2,2,1,5,COURS DE VINCENNES,"488,480,921,572","23,991,871,743",2.021E+11,168 375,C01,1,1,0,2,1,2,5,NULL,2.021E+11,223 257,168 374,B01,1,1,1,1,1999,5,1,0,-1,0,0,-1,2.021E+11,4,COURS DE VINCENNES,0,NULL,3,3,0,1,-1,-1,1,NULL,-1,1,0,1,30
2.021E+11,16,9,2021,21:05:00,5,75,75112,2,2,1,5,COURS DE VINCENNES,"488,480,921,572","23,991,871,743",2.021E+11,168 375,C01,1,1,0,2,1,2,5,NULL,2.021E+11,223 258,168 375,C01,1,1,4,1,1988,1,2,0,-1,0,0,-1,2.021E+11,4,COURS DE VINCENNES,0,NULL,3,3,0,1,-1,-1,1,NULL,-1,1,0,1,30
2.021E+11,2,9,2021,22:00:00,3,26,26220,1,1,1,6,Chemin de Pied de Vaux,"443,726,440,000","51,246,500,000",2.021E+11,166 607,A01,3,1,13,0,1,1,5,NULL,2.021E+11,220 992,166 607,A01,1,1,3,1,1968,5,0,-1,-1,0,0,-1,2.021E+11,4,NULL,-1,NULL,2,1,0,2,-1,-1,1,NULL,"3,5",1,0,3,50
2.021E+11,9,9,2021,00:01:00,5,75,75116,2,1,2,2,AVENUE FOCH,"488,718,485,623","22,770,264,745",2.021E+11,166 063,A01,1,1,0,2,4,2,5,NULL,2.021E+11,220 283,166 063,A01,1,1,4,1,1995,9,2,0,-1,0,0,-1,2.021E+11,4,AVENUE FOCH,0,NULL,2,4,0,1,-1,-1,1,NULL,-1,2,0,1,50
2.021E+11,9,9,2021,00:01:00,5,75,75116,2,1,2,2,AVENUE FOCH,"488,718,485,623","22,770,264,745",2.021E+11,166 063,A01,1,1,0,2,4,2,5,NULL,2.021E+11,220 284,166 064,Z01,1,1,1,1,1987,9,1,0,-1,0,0,-1,2.021E+11,4,AVENUE FOCH,0,NULL,2,4,0,1,-1,-1,1,NULL,-1,2,0,1,50
2.021E+11,15,8,2021,09:10:00,1,82,82121,2,3,1,3,CARMET (RUE JEAN),"440,091,600,000","13,762,900,000",2.021E+11,158 739,B01,2,1,0,2,1,16,5,NULL,2.021E+11,210 456,158 739,B01,1,1,3,1,1962,3,8,0,-1,-1,-1,-1,2.021E+11,4,CARMET (RUE JEAN),0,NULL,2,2,0,1,0,0,4,NULL,-1,1,0,1,50
2.021E+11,15,8,2021,09:10:00,1,82,82121,2,3,1,3,CARMET (RUE JEAN),"440,091,600,000","13,762,900,000",2.021E+11,158 739,B01,2,1,0,2,1,16,5,NULL,2.021E+11,210 457,158 740,A01,1,1,1,1,1983,3,1,0,-1,-1,-1,-1,2.021E+11,4,CARMET (RUE JEAN),0,NULL,2,2,0,1,0,0,4,NULL,-1,1,0,1,50
2.021E+11,9,8,2021,10:40:00,1,81,81192,1,1,1,1,d162,"437,000,671,000","29,222,729,000",2.021E+11,156 901,B01,1,1,0,2,1,1,5,NULL,2.021E+11,207 917,156 901,B01,1,1,3,1,1980,5,2,-1,-1,0,0,-1,2.021E+11,3,162,-1,NULL,2,2,0,2,15,100,2,NULL,-1,1,9,1,80
2.021E+11,9,8,2021,10:40:00,1,81,81192,1,1,1,1,d162,"437,000,671,000","29,222,729,000",2.021E+11,156 901,B01,1,1,0,2,1,1,5,NULL,2.021E+11,207 918,156 902,A01,1,1,1,1,1955,5,1,-1,-1,0,0,-1,2.021E+11,3,162,-1,NULL,2,2,0,2,15,100,2,NULL,-1,1,9,1,80
2.021E+11,6,8,2021,07:15:00,1,971,97102,1,4,7,5,carrefour D122 - route Anse Maurice,"164,768,100,000","-615,017,650,000",2.021E+11,156 011,C01,1,1,0,2,1,1,5,NULL,2.021E+11,206 647,156 009,A01,1,1,1,1,1955,5,1,-1,-1,0,0,-1,2.021E+11,3,122,0,A,2,2,0,3,-1,-1,3,NULL,-1,1,0,1,80
2.021E+11,6,8,2021,07:15:00,1,971,97102,1,4,7,5,carrefour D122 - route Anse Maurice,"164,768,100,000","-615,017,650,000",2.021E+11,156 010,B01,1,1,0,2,1,0,5,NULL,2.021E+11,206 647,156 009,A01,1,1,1,1,1955,5,1,-1,-1,0,0,-1,2.021E+11,3,122,0,A,2,2,0,3,-1,-1,3,NULL,-1,1,0,1,80
2.021E+11,6,8,2021,07:15:00,1,971,97102,1,4,7,5,carrefour D122 - route Anse Maurice,"164,768,100,000","-615,017,650,000",2.021E+11,156 011,C01,1,1,0,2,1,1,5,NULL,2.021E+11,206 648,156 010,B01,1,1,2,1,1955,5,2,-1,-1,0,0,-1,2.021E+11,3,122,0,A,2,2,0,3,-1,-1,3,NULL,-1,1,0,1,80
2.021E+11,6,8,2021,07:15:00,1,971,97102,1,4,7,5,carrefour D122 - route Anse Maurice,"164,768,100,000","-615,017,650,000",2.021E+11,156 010,B01,1,1,0,2,1,0,5,NULL,2.021E+11,206 648,156 010,B01,1,1,2,1,1955,5,2,-1,-1,0,0,-1,2.021E+11,3,122,0,A,2,2,0,3,-1,-1,3,NULL,-1,1,0,1,80
2.021E+11,6,8,2021,07:15:00,1,971,97102,1,4,7,5,carrefour D122 - route Anse Maurice,"164,768,100,000","-615,017,650,000",2.021E+11,156 011,C01,1,1,0,2,1,1,5,NULL,2.021E+11,206 649,156 011,C01,1,1,4,1,1972,5,2,-1,-1,0,0,-1,2.021E+11,3,122,0,A,2,2,0,3,-1,-1,3,NULL,-1,1,0,1,80
2.021E+11,6,8,2021,07:15:00,1,971,97102,1,4,7,5,carrefour D122 - route Anse Maurice,"164,768,100,000","-615,017,650,000",2.021E+11,156 010,B01,1,1,0,2,1,0,5,NULL,2.021E+11,206 649,156 011,C01,1,1,4,1,1972,5,2,-1,-1,0,0,-1,2.021E+11,3,122,0,A,2,2,0,3,-1,-1,3,NULL,-1,1,0,1,80
2.021E+11,1,8,2021,10:05:00,1,14,14488,2,2,1,3,D514,"492,886,310,000"," -0,2645030000",2.021E+11,155 058,A01,3,1,0,2,1,19,5,NULL,2.021E+11,205 302,155 057,B01,1,1,1,2,1949,5,1,-1,-1,0,0,-1,2.021E+11,3,514,0,NULL,2,2,0,2,-1,-1,1,NULL,-1,1,0,1,50
2.021E+11,1,8,2021,10:05:00,1,14,14488,2,2,1,3,D514,"492,886,310,000"," -0,2645030000",2.021E+11,155 058,A01,3,1,0,2,1,19,5,NULL,2.021E+11,205 303,155 058,A01,1,1,3,1,1970,5,0,-1,-1,0,0,-1,2.021E+11,3,514,0,NULL,2,2,0,2,-1,-1,1,NULL,-1,1,0,1,50
2.021E+11,17,6,2021,06:00:00,5,42,42330,2,1,1,1,Montee de la Feuilletiere,"454,690,300,000","43,634,400,000",2.021E+11,154 058,B01,0,1,0,2,1,1,5,NULL,2.021E+11,203 930,154 058,B01,1,1,4,1,1965,0,8,0,-1,-1,-1,-1,2.021E+11,4,FEUILLETIERE (MONTEE),0,NULL,2,2,0,2,-1,-1,1,NULL,-1,1,0,1,50
2.021E+11,17,6,2021,06:00:00,5,42,42330,2,1,1,1,Montee de la Feuilletiere,"454,690,300,000","43,634,400,000",2.021E+11,154 058,B01,0,1,0,2,1,1,5,NULL,2.021E+11,203 931,154 059,A01,1,1,1,2,1992,0,1,0,-1,-1,-1,-1,2.021E+11,4,FEUILLETIERE (MONTEE),0,NULL,2,2,0,2,-1,-1,1,NULL,-1,1,0,1,50
2.021E+11,19,7,2021,17:08:00,1,57,57672,2,1,1,6,14 JUILLET (AVENUE),"493,581,100,000","61,314,600,000",2.021E+11,152 157,B01,1,1,0,2,3,19,5,NULL,2.021E+11,201 297,152 156,A01,1,1,1,1,1951,5,2,6,-1,-1,-1,-1,2.021E+11,4,14 JUILLET (AVENUE),0,NULL,3,4,1,1,0,0,3,NULL,-1,1,6,1,50
2.021E+11,19,7,2021,17:08:00,1,57,57672,2,1,1,6,14 JUILLET (AVENUE),"493,581,100,000","61,314,600,000",2.021E+11,152 157,B01,1,1,0,2,3,19,5,NULL,2.021E+11,201 298,152 157,B01,1,1,4,1,1968,5,8,0,-1,-1,-1,-1,2.021E+11,4,14 JUILLET (AVENUE),0,NULL,3,4,1,1,0,0,3,NULL,-1,1,6,1,50
2.021E+11,8,7,2021,11:45:00,1,94,94046,2,1,1,6,GENERAL DE GAULLE (AV DU),"488,040,000,000","24,272,500,000",2.021E+11,148 106,B01,2,1,1,0,0,0,5,NULL,2.021E+11,195 688,148 105,A01,1,1,1,-1,NULL,-1,-1,-1,-1,-1,-1,-1,2.021E+11,3,GENERAL DE GAULLE (AV DU),0,NULL,1,1,0,1,1,0,1,NULL,-1,1,0,1,30
2.021E+11,8,7,2021,11:45:00,1,94,94046,2,1,1,6,GENERAL DE GAULLE (AV DU),"488,040,000,000","24,272,500,000",2.021E+11,148 106,B01,2,1,1,0,0,0,5,NULL,2.021E+11,195 689,148 106,B01,1,1,4,2,1969,1,8,0,-1,-1,-1,-1,2.021E+11,3,GENERAL DE GAULLE (AV DU),0,NULL,1,1,0,1,1,0,1,NULL,-1,1,0,1,30
2.021E+11,29,6,2021,23:30:00,5,75,75108,2,3,1,3,RUE ROY,"488,755,770,000","23,183,750,000",2.021E+11,145 034,B01,1,1,0,2,7,18,5,NULL,2.021E+11,191 568,145 033,A01,3,2,1,1,1973,9,1,0,-1,0,0,-1,2.021E+11,4,RUE ROY,0,NULL,1,1,0,1,-1,-1,1,NULL,-1,1,0,1,50