Num_Acc,jour,mois,an,hrmn,lum,dep,com,agg,int,atm,col,adr,lat,long,Num_Acc,id_vehicule,num_veh,senc,catv,obs,obsm,choc,manv,motor,occutc,Num_Acc,id_usager,id_vehicule,num_veh,place,catu,grav,sexe,an_nais,trajet,secu1,secu2,secu3,locp,actp,etatp,Num_Acc,catr,voie,v1,v2,circ,nbv,vosp,prof,pr,pr1,plan,lartpc,larrout,surf,infra,situ,vma
2.021E+11,18,3,2021,08:25:00,1,54,54395,2,1,1,3,BAZIN (RUE HENRI) + (SENTIER),"486,967,728,706","61,939,193,308",2.021E+11,117 143,B01,1,1,0,2,8,19,5,NULL,2.021E+11,155 152,117 142,A01,1,1,1,1,1989,0,1,0,-1,0,0,-1,2.021E+11,4,BAZIN (RUE HENRI) + (SENTIER),0,NULL,1,2,2,1,-1,-1,1,NULL,-1,1,-1,1,30
2.021E+11,18,3,2021,08:25:00,1,54,54395,2,1,1,3,BAZIN (RUE HENRI) + (SENTIER),"486,967,728,706","61,939,193,308",2.021E+11,117 143,B01,1,1,0,2,8,19,5,NULL,2.021E+11,155 153,117 143,B01,1,1,4,2,2000,0,2,0,-1,0,0,-1,2.021E+11,4,BAZIN (RUE HENRI) + (SENTIER),0,NULL,1,2,2,1,-1,-1,1,NULL,-1,1,-1,1,30
2.021E+11,6,3,2021,19:25:00,5,92,92012,2,3,1,3,JEAN JAURES (BOULEVARD) 63/215 - 70/208,"488,347,522,864","22,428,363,562",2.021E+11,114 194,B01,1,1,0,2,1,1,5,NULL,2.021E+11,151 387,114 193,A01,1,1,1,1,1985,1,1,0,-1,-1,-1,-1,2.021E+11,4,JEAN JAURES (BOULEVARD) 63/215 - 70/208,0,NULL,2,2,0,1,0,0,1,NULL,-1,1,0,1,50
2.021E+11,6,3,2021,19:25:00,5,92,92012,2,3,1,3,JEAN JAURES (BOULEVARD) 63/215 - 70/208,"488,347,522,864","22,428,363,562",2.021E+11,114 194,B01,1,1,0,2,1,1,5,NULL,2.021E+11,151 388,114 193,A01,2,2,1,2,1982,1,1,0,-1,-1,-1,-1,2.021E+11,4,JEAN JAURES (BOULEVARD) 63/215 - 70/208,0,NULL,2,2,0,1,0,0,1,NULL,-1,1,0,1,50
2.021E+11,6,3,2021,19:25:00,5,92,92012,2,3,1,3,JEAN JAURES (BOULEVARD) 63/215 - 70/208,"488,347,522,864","22,428,363,562",2.021E+11,114 194,B01,1,1,0,2,1,1,5,NULL,2.021E+11,151 389,114 194,B01,1,1,4,1,1991,0,2,0,-1,-1,-1,-1,2.021E+11,4,JEAN JAURES (BOULEVARD) 63/215 - 70/208,0,NULL,2,2,0,1,0,0,1,NULL,-1,1,0,1,50
2.021E+11,6,3,2021,10:45:00,1,2B,2B201,1,1,1,7,Lieu dit Casanili,"421,997,840,000","94,000,050,000",2.021E+11,114 175,A01,1,1,0,0,1,13,5,NULL,2.021E+11,151 367,114 175,A01,1,1,4,1,1978,5,2,-1,-1,0,0,-1,2.021E+11,3,14,-1,NULL,2,2,0,2,6,800,3,NULL,-1,1,0,3,80
2.021E+11,28,2,2021,18:10:00,1,15,15012,2,1,1,6,Rue du docteur Félix Ramond,"449,001,000,000","24,597,000,000",2.021E+11,112 799,A01,1,1,1,0,2,0,0,NULL,2.021E+11,149 614,112 799,A01,1,1,4,2,2007,0,8,0,-1,-1,-1,-1,2.021E+11,3,RAMOND (RUE DU DOCTEUR FELIX),0,NULL,2,2,0,2,0,378,2,NULL,-1,1,0,1,30
2.021E+11,19,2,2021,12:50:00,1,75,75105,2,2,1,3,BOULEVARD SAINT MARCEL,"488,383,900,000","23,570,270,000",2.021E+11,110 652,A01,1,1,0,2,1,16,5,NULL,2.021E+11,146 840,110 652,A01,1,1,3,1,1974,9,8,0,-1,0,0,-1,2.021E+11,4,BOULEVARD SAINT MARCEL,0,NULL,4,4,3,1,-1,-1,1,NULL,-1,1,-1,6,50
2.021E+11,19,2,2021,12:50:00,1,75,75105,2,2,1,3,BOULEVARD SAINT MARCEL,"488,383,900,000","23,570,270,000",2.021E+11,110 652,A01,1,1,0,2,1,16,5,NULL,2.021E+11,146 841,110 653,B01,1,1,1,2,1981,4,1,0,-1,0,0,-1,2.021E+11,4,BOULEVARD SAINT MARCEL,0,NULL,4,4,3,1,-1,-1,1,NULL,-1,1,-1,6,50
2.021E+11,15,2,2021,13:05:00,1,64,64140,2,3,1,2,DOUANE (QUAI DE LA),"435,224,600,000","-14,898,800,000",2.021E+11,110 016,A01,1,1,0,2,0,19,5,NULL,2.021E+11,146 043,110 015,Z01,1,1,1,-1,NULL,-1,-1,-1,-1,-1,-1,-1,2.021E+11,3,DOUANE (QUAI DE LA),0,NULL,2,3,1,1,2,800,2,NULL,-1,1,0,5,50
2.021E+11,15,2,2021,13:05:00,1,64,64140,2,3,1,2,DOUANE (QUAI DE LA),"435,224,600,000","-14,898,800,000",2.021E+11,110 016,A01,1,1,0,2,0,19,5,NULL,2.021E+11,146 044,110 016,A01,1,1,4,1,1988,5,2,0,-1,-1,-1,-1,2.021E+11,3,DOUANE (QUAI DE LA),0,NULL,2,3,1,1,2,800,2,NULL,-1,1,0,5,50
2.021E+11,19,1,2021,10:00:00,1,92,92012,2,3,2,6,GENERAL LECLERC (AVENUE DU) 35/FIN - 60/,"488,299,992,855","22,315,281,630",2.021E+11,104 361,A01,1,1,0,1,1,1,5,NULL,2.021E+11,138 508,104 361,A01,10,3,4,1,1941,3,0,-1,-1,3,3,1,2.021E+11,3,GENERAL LECLERC (AVENUE DU) 35/FIN - 60/,0,NULL,2,6,0,1,0,0,1,NULL,-1,2,5,1,50
2.021E+11,19,1,2021,10:00:00,1,92,92012,2,3,2,6,GENERAL LECLERC (AVENUE DU) 35/FIN - 60/,"488,299,992,855","22,315,281,630",2.021E+11,104 361,A01,1,1,0,1,1,1,5,NULL,2.021E+11,138 509,104 361,A01,1,1,1,1,1994,1,8,0,-1,-1,-1,-1,2.021E+11,3,GENERAL LECLERC (AVENUE DU) 35/FIN - 60/,0,NULL,2,6,0,1,0,0,1,NULL,-1,2,5,1,50
2.021E+11,13,1,2021,04:51:00,3,91,91339,1,9,2,3,RTE NATIONALE 20,"486,226,030,000","22,602,650,000",2.021E+11,103 470,B01,1,1,0,2,4,1,5,NULL,2.021E+11,137 300,103 469,A01,1,1,1,1,1972,4,1,4,-1,-1,-1,-1,2.021E+11,3,RTE NATIONALE 20,0,NULL,-1,1,0,2,0,0,2,NULL,-1,2,0,1,50
2.021E+11,13,1,2021,04:51:00,3,91,91339,1,9,2,3,RTE NATIONALE 20,"486,226,030,000","22,602,650,000",2.021E+11,103 470,B01,1,1,0,2,4,1,5,NULL,2.021E+11,137 301,103 470,B01,1,1,4,1,1999,0,8,0,-1,-1,-1,-1,2.021E+11,3,RTE NATIONALE 20,0,NULL,-1,1,0,2,0,0,2,NULL,-1,2,0,1,50
2.021E+11,9,1,2021,11:20:00,1,75,75110,2,2,1,2,RUE DU FAUBOURG SAINT MARTIN,"488,838,690,000","23,685,920,000",2.021E+11,102 326,A01,2,1,0,2,1,1,5,NULL,2.021E+11,135 775,102 326,A01,1,1,4,1,1992,5,2,6,-1,0,0,-1,2.021E+11,4,RUE DU FAUBOURG SAINT MARTIN,0,NULL,1,3,1,1,-1,-1,1,NULL,-1,1,0,1,50
2.021E+11,9,1,2021,11:20:00,1,75,75110,2,2,1,2,RUE DU FAUBOURG SAINT MARTIN,"488,838,690,000","23,685,920,000",2.021E+11,102 326,A01,2,1,0,2,1,1,5,NULL,2.021E+11,135 776,102 327,B01,1,1,1,1,1977,1,8,0,-1,0,0,-1,2.021E+11,4,RUE DU FAUBOURG SAINT MARTIN,0,NULL,1,3,1,1,-1,-1,1,NULL,-1,1,0,1,50
2.021E+11,18,10,2021,12:50:00,1,14,14691,2,6,1,1,Rue de la Castine,"491,110,040,000"," -0,3059270000",2.021E+11,180 425,B01,1,1,0,2,1,15,5,NULL,2.021E+11,238 952,180 425,B01,1,1,4,1,1965,5,0,-1,-1,0,0,-1,2.021E+11,3,230,0,NULL,2,2,0,1,0,0,1,NULL,-1,1,5,1,30
2.021E+11,18,10,2021,12:50:00,1,14,14691,2,6,1,1,Rue de la Castine,"491,110,040,000"," -0,3059270000",2.021E+11,180 425,B01,1,1,0,2,1,15,5,NULL,2.021E+11,238 953,180 426,A01,1,1,1,1,1963,1,1,-1,-1,0,0,-1,2.021E+11,3,230,0,NULL,2,2,0,1,0,0,1,NULL,-1,1,5,1,30
2.021E+11,15,10,2021,15:20:00,1,93,93073,2,1,1,2,HOTEL DE VILLE (BOULEVARD DE L'),"489,509,300,000","25,677,000,000",2.021E+11,178 287,B01,0,1,0,2,4,1,0,NULL,2.021E+11,236 140,178 287,B01,1,1,4,2,1974,4,1,0,-1,-1,-1,-1,2.021E+11,4,HOTEL DE VILLE (BOULEVARD DE L'),0,NULL,1,1,0,1,0,0,1,NULL,-1,1,0,1,50
2.021E+11,15,10,2021,15:20:00,1,93,93073,2,1,1,2,HOTEL DE VILLE (BOULEVARD DE L'),"489,509,300,000","25,677,000,000",2.021E+11,178 287,B01,0,1,0,2,4,1,0,NULL,2.021E+11,236 141,178 288,A01,1,1,1,1,1998,5,1,0,-1,-1,-1,-1,2.021E+11,4,HOTEL DE VILLE (BOULEVARD DE L'),0,NULL,1,1,0,1,0,0,1,NULL,-1,1,0,1,50
2.021E+11,4,10,2021,08:45:00,1,35,35238,2,2,1,3,BREST (DE),"481,125,300,000","-16,919,700,000",2.021E+11,174 780,B01,0,1,0,2,1,1,5,NULL,2.021E+11,231 638,174 780,B01,1,1,4,1,1983,1,8,0,-1,-1,-1,-1,2.021E+11,4,BREST (DE),0,NULL,1,2,1,1,-1,-1,1,NULL,-1,1,2,5,50
2.021E+11,4,10,2021,08:45:00,1,35,35238,2,2,1,3,BREST (DE),"481,125,300,000","-16,919,700,000",2.021E+11,174 780,B01,0,1,0,2,1,1,5,NULL,2.021E+11,231 639,174 781,A01,1,1,1,2,1982,2,1,8,-1,-1,-1,-1,2.021E+11,4,BREST (DE),0,NULL,1,2,1,1,-1,-1,1,NULL,-1,1,2,5,50
2.021E+11,27,9,2021,08:40:00,1,31,31555,2,1,8,3,RTE DE SAINT SIMON,"435,901,200,000","14,159,800,000",2.021E+11,172 127,B01,2,1,0,2,3,1,5,NULL,2.021E+11,228 231,172 126,A01,1,1,1,2,2001,1,1,8,-1,-1,-1,-1,2.021E+11,4,RTE DE SAINT SIMON,0,NULL,2,5,1,1,-1,-1,1,NULL,-1,1,0,5,50
2.021E+11,27,9,2021,08:40:00,1,31,31555,2,1,8,3,RTE DE SAINT SIMON,"435,901,200,000","14,159,800,000",2.021E+11,172 127,B01,2,1,0,2,3,1,5,NULL,2.021E+11,228 232,172 126,A01,2,2,1,1,1998,1,1,8,-1,-1,-1,-1,2.021E+11,4,RTE DE SAINT SIMON,0,NULL,2,5,1,1,-1,-1,1,NULL,-1,1,0,5,50
2.021E+11,27,9,2021,08:40:00,1,31,31555,2,1,8,3,RTE DE SAINT SIMON,"435,901,200,000","14,159,800,000",2.021E+11,172 127,B01,2,1,0,2,3,1,5,NULL,2.021E+11,228 233,172 126,A01,3,2,1,1,2021,9,3,8,-1,-1,-1,-1,2.021E+11,4,RTE DE SAINT SIMON,0,NULL,2,5,1,1,-1,-1,1,NULL,-1,1,0,5,50
2.021E+11,27,9,2021,08:40:00,1,31,31555,2,1,8,3,RTE DE SAINT SIMON,"435,901,200,000","14,159,800,000",2.021E+11,172 127,B01,2,1,0,2,3,1,5,NULL,2.021E+11,228 234,172 127,B01,1,1,4,1,1976,9,8,0,-1,-1,-1,-1,2.021E+11,4,RTE DE SAINT SIMON,0,NULL,2,5,1,1,-1,-1,1,NULL,-1,1,0,5,50
2.021E+11,27,9,2021,09:20:00,1,26,26064,1,6,1,3,Rond point de la Fusée,"449,030,600,000","50,086,930,000",2.021E+11,171 687,B01,2,1,0,2,8,26,5,NULL,2.021E+11,227 618,171 687,B01,2,1,4,1,1949,5,2,-1,-1,0,0,-1,2.021E+11,3,538,-1,NULL,2,3,0,1,50,200,3,NULL,-1,1,0,1,80
2.021E+11,27,9,2021,09:20:00,1,26,26064,1,6,1,3,Rond point de la Fusée,"449,030,600,000","50,086,930,000",2.021E+11,171 687,B01,2,1,0,2,8,26,5,NULL,2.021E+11,227 619,171 688,A01,1,1,1,1,1995,4,1,-1,-1,0,0,-1,2.021E+11,3,538,-1,NULL,2,3,0,1,50,200,3,NULL,-1,1,0,1,80
2.021E+11,18,9,2021,04:18:00,5,64,64024,2,1,8,2,BAYONNE (AVENUE DE),"434,817,800,000","-15,087,100,000",2.021E+11,169 208,B01,2,1,0,2,4,1,5,NULL,2.021E+11,224 364,169 208,B01,1,1,3,1,2007,5,8,0,-1,-1,-1,-1,2.021E+11,3,BAYONNE (AVENUE DE),0,NULL,3,4,0,1,9,170,1,NULL,-1,2,0,1,50
2.021E+11,18,9,2021,04:18:00,5,64,64024,2,1,8,2,BAYONNE (AVENUE DE),"434,817,800,000","-15,087,100,000",2.021E+11,169 208,B01,2,1,0,2,4,1,5,NULL,2.021E+11,224 365,169 209,A01,1,1,1,1,1998,1,1,0,-1,-1,-1,-1,2.021E+11,3,BAYONNE (AVENUE DE),0,NULL,3,4,0,1,9,170,1,NULL,-1,2,0,1,50
2.021E+11,13,9,2021,09:00:00,1,75,75115,2,2,1,6,RUE DE VAUGIRARD,"488,444,410,000","23,177,070,000",2.021E+11,167 296,A01,2,1,0,1,8,1,5,NULL,2.021E+11,221 917,167 296,A01,10,3,4,2,1981,9,0,-1,-1,4,3,2,2.021E+11,4,RUE DE VAUGIRARD,0,NULL,2,3,1,1,-1,-1,1,NULL,-1,1,0,5,30
2.021E+11,13,9,2021,09:00:00,1,75,75115,2,2,1,6,RUE DE VAUGIRARD,"488,444,410,000","23,177,070,000",2.021E+11,167 296,A01,2,1,0,1,8,1,5,NULL,2.021E+11,221 918,167 296,A01,1,1,1,1,2002,2,2,0,-1,0,0,-1,2.021E+11,4,RUE DE VAUGIRARD,0,NULL,2,3,1,1,-1,-1,1,NULL,-1,1,0,5,30
2.021E+11,12,9,2021,17:30:00,1,44,44145,2,1,1,7,La Caverniere,"471,781,070,000","-18,664,510,000",2.021E+11,166 673,A01,1,1,0,0,0,0,5,NULL,2.021E+11,221 067,166 673,A01,1,1,3,1,1957,5,0,-1,-1,0,0,-1,2.021E+11,3,66,0,NULL,2,2,0,2,13,452,1,NULL,-1,1,0,1,-1
2.021E+11,4,9,2021,21:17:00,5,63,63113,2,2,1,3,ROTONDE / Blatin,"457,694,400,000","30,909,700,000",2.021E+11,165 408,B01,0,1,0,2,4,19,5,NULL,2.021E+11,219 434,165 407,A01,1,1,1,-1,NULL,-1,-1,-1,-1,-1,-1,-1,2.021E+11,4,ROTONDE (RUE DE LA),0,NULL,1,2,0,1,-1,-1,1,NULL,-1,1,0,1,50
2.021E+11,4,9,2021,21:17:00,5,63,63113,2,2,1,3,ROTONDE / Blatin,"457,694,400,000","30,909,700,000",2.021E+11,165 408,B01,0,1,0,2,4,19,5,NULL,2.021E+11,219 435,165 408,B01,1,1,4,1,2003,4,8,0,-1,0,0,-1,2.021E+11,4,ROTONDE (RUE DE LA),0,NULL,1,2,0,1,-1,-1,1,NULL,-1,1,0,1,50
2.021E+11,1,9,2021,18:45:00,1,71,71305,1,3,1,2,D55,"464,597,080,000","48,806,120,000",2.021E+11,163 508,A01,2,1,0,2,8,2,5,NULL,2.021E+11,216 924,163 507,B01,1,1,1,2,1983,2,1,-1,-1,0,0,-1,2.021E+11,3,55,0,NULL,2,1,0,1,6,400,1,NULL,3,1,0,1,80
2.021E+11,1,9,2021,18:45:00,1,71,71305,1,3,1,2,D55,"464,597,080,000","48,806,120,000",2.021E+11,163 508,A01,2,1,0,2,8,2,5,NULL,2.021E+11,216 925,163 508,A01,1,1,4,1,2004,5,0,-1,-1,0,0,-1,2.021E+11,3,55,0,NULL,2,1,0,1,6,400,1,NULL,3,1,0,1,80
2.021E+11,23,5,2021,11:40:00,1,73,73053,1,6,7,3,RD 925,"455,515,280,000","62,086,160,000",2.021E+11,163 074,B01,1,1,0,2,1,15,5,NULL,2.021E+11,216 377,163 073,A01,1,1,1,2,1973,3,1,-1,-1,0,0,-1,2.021E+11,3,NULL,-1,NULL,-1,2,0,1,15,860,2,NULL,4,1,5,1,80
2.021E+11,23,5,2021,11:40:00,1,73,73053,1,6,7,3,RD 925,"455,515,280,000","62,086,160,000",2.021E+11,163 074,B01,1,1,0,2,1,15,5,NULL,2.021E+11,216 378,163 074,B01,1,1,4,1,1951,5,2,-1,-1,0,0,-1,2.021E+11,3,NULL,-1,NULL,-1,2,0,1,15,860,2,NULL,4,1,5,1,80
2.021E+11,23,8,2021,14:55:00,1,86,86276,1,1,1,2,D741 PK40.500,"462,538,970,000","0,5235310000",2.021E+11,160 624,B01,2,1,0,0,4,0,5,NULL,2.021E+11,213 060,160 624,B01,1,1,2,1,1996,3,0,-1,-1,0,0,-1,2.021E+11,3,741,-1,NULL,2,2,0,3,40,500,1,NULL,-1,1,0,1,90
2.021E+11,23,8,2021,14:55:00,1,86,86276,1,1,1,2,D741 PK40.500,"462,538,970,000","0,5235310000",2.021E+11,160 624,B01,2,1,0,0,4,0,5,NULL,2.021E+11,213 061,160 625,A01,1,1,4,1,1969,4,1,-1,-1,0,0,-1,2.021E+11,3,741,-1,NULL,2,2,0,3,40,500,1,NULL,-1,1,0,1,90
2.021E+11,19,8,2021,18:00:00,1,49,49218,1,2,1,1,D201,"472,705,810,000"," -0,9856150000",2.021E+11,159 636,A01,3,1,0,2,8,15,5,NULL,2.021E+11,211 691,159 636,A01,1,1,3,1,2003,5,2,-1,-1,0,0,-1,2.021E+11,3,201,0,NULL,2,2,0,2,6,420,1,NULL,-1,1,0,1,80
2.021E+11,19,8,2021,18:00:00,1,49,49218,1,2,1,1,D201,"472,705,810,000"," -0,9856150000",2.021E+11,159 636,A01,3,1,0,2,8,15,5,NULL,2.021E+11,211 692,159 637,B01,1,1,1,2,1959,3,1,-1,-1,0,0,-1,2.021E+11,3,201,0,NULL,2,2,0,2,6,420,1,NULL,-1,1,0,1,80
2.021E+11,15,8,2021,10:30:00,1,65,65123,1,1,1,2,hameau de gripp,"429,454,560,000","0,2206060000",2.021E+11,158 598,A01,1,1,0,2,1,2,5,NULL,2.021E+11,210 253,158 598,A01,1,1,3,1,1966,5,2,-1,-1,0,0,-1,2.021E+11,3,918,-1,NULL,2,2,0,2,53,50,1,NULL,-1,1,0,1,80
2.021E+11,15,8,2021,10:30:00,1,65,65123,1,1,1,2,hameau de gripp,"429,454,560,000","0,2206060000",2.021E+11,158 598,A01,1,1,0,2,1,2,5,NULL,2.021E+11,210 254,158 599,B01,1,1,1,1,1990,5,1,-1,-1,0,0,-1,2.021E+11,3,918,-1,NULL,2,2,0,2,53,50,1,NULL,-1,1,0,1,80
2.021E+11,13,8,2021,22:35:00,3,56,56114,1,1,1,3,Kerdalidec D25,"472,949,490,000","-31,063,630,000",2.021E+11,158 387,A01,2,1,0,2,1,1,5,NULL,2.021E+11,209 924,158 386,B01,1,1,1,1,2001,5,1,-1,-1,0,0,-1,2.021E+11,3,25,-1,NULL,2,2,0,1,1,954,1,NULL,-1,1,0,1,80
2.021E+11,13,8,2021,22:35:00,3,56,56114,1,1,1,3,Kerdalidec D25,"472,949,490,000","-31,063,630,000",2.021E+11,158 387,A01,2,1,0,2,1,1,5,NULL,2.021E+11,209 925,158 387,A01,1,1,3,1,1946,3,0,-1,-1,0,0,-1,2.021E+11,3,25,-1,NULL,2,2,0,1,1,954,1,NULL,-1,1,0,1,80
2.021E+11,1,8,2021,15:00:00,1,59,59350,2,1,1,3,FAUBOURG D'ARRAS RUE,"506,076,659,879","30,593,745,521",2.021E+11,155 247,B01,3,1,0,2,0,0,5,NULL,2.021E+11,205 592,155 246,A01,1,1,1,1,1939,0,1,0,-1,-1,-1,-1,2.021E+11,7,FAUBOURG D'ARRAS RUE,0,NULL,2,1,0,1,-1,-1,1,NULL,-1,1,0,1,30
2.021E+11,1,8,2021,15:00:00,1,59,59350,2,1,1,3,FAUBOURG D'ARRAS RUE,"506,076,659,879","30,593,745,521",2.021E+11,155 247,B01,3,1,0,2,0,0,5,NULL,2.021E+11,205 593,155 247,B01,1,1,3,2,1961,9,8,0,-1,-1,-1,-1,2.021E+11,7,FAUBOURG D'ARRAS RUE,0,NULL,2,1,0,1,-1,-1,1,NULL,-1,1,0,1,30
2.021E+11,30,7,2021,15:30:00,1,95,95424,2,6,1,3,RD 14,"489,927,377,478","21,984,251,924",2.021E+11,154 751,B01,1,1,0,2,6,1,5,NULL,2.021E+11,204 853,154 751,B01,1,1,4,2,1968,5,2,-1,-1,-1,0,-1,2.021E+11,3,VICTOR BORDIER(BOULEVARD),0,NULL,3,4,1,1,7,450,1,NULL,-1,1,5,1,50
2.021E+11,30,7,2021,15:30:00,1,95,95424,2,6,1,3,RD 14,"489,927,377,478","21,984,251,924",2.021E+11,154 751,B01,1,1,0,2,6,1,5,NULL,2.021E+11,204 854,154 752,A01,1,1,1,1,1951,5,1,-1,-1,-1,0,-1,2.021E+11,3,VICTOR BORDIER(BOULEVARD),0,NULL,3,4,1,1,7,450,1,NULL,-1,1,5,1,50
2.021E+11,20,7,2021,09:00:00,1,71,71270,2,6,1,3,Cours Moreau,"463,083,600,000","48,320,100,000",2.021E+11,151 837,B01,3,1,0,2,8,1,0,NULL,2.021E+11,200 877,151 837,B01,1,1,4,2,1968,0,8,0,-1,0,0,-1,2.021E+11,3,NULL,0,NULL,2,2,1,1,0,190,3,NULL,-1,1,5,5,50
2.021E+11,20,7,2021,09:00:00,1,71,71270,2,6,1,3,Cours Moreau,"463,083,600,000","48,320,100,000",2.021E+11,151 837,B01,3,1,0,2,8,1,0,NULL,2.021E+11,200 878,151 838,A01,1,1,1,2,1970,1,8,0,-1,0,0,-1,2.021E+11,3,NULL,0,NULL,2,2,1,1,0,190,3,NULL,-1,1,5,5,50
2.021E+11,19,7,2021,17:00:00,1,59,59426,2,1,1,2,CHEMIN VERT (RUE),"507,510,473,778","31,786,461,089",2.021E+11,151 439,B01,3,1,0,2,4,2,0,NULL,2.021E+11,200 359,151 439,B01,1,1,4,1,2006,0,8,0,-1,-1,-1,-1,2.021E+11,4,CHEMIN VERT (RUE),0,NULL,-1,1,0,1,-1,-1,1,NULL,-1,1,0,1,50
2.021E+11,19,7,2021,17:00:00,1,59,59426,2,1,1,2,CHEMIN VERT (RUE),"507,510,473,778","31,786,461,089",2.021E+11,151 439,B01,3,1,0,2,4,2,0,NULL,2.021E+11,200 360,151 440,A01,1,1,1,-1,NULL,-1,-1,-1,-1,-1,-1,-1,2.021E+11,4,CHEMIN VERT (RUE),0,NULL,-1,1,0,1,-1,-1,1,NULL,-1,1,0,1,50
2.021E+11,8,7,2021,15:15:00,1,75,75108,2,2,1,3,AVENUE DE MARIGNY,"488,690,320,000","23,147,600,000",2.021E+11,148 122,A01,1,1,0,2,3,1,5,NULL,2.021E+11,195 707,148 121,B01,1,1,1,1,1971,4,1,0,-1,0,0,-1,2.021E+11,4,AVENUE DE MARIGNY,0,NULL,2,2,0,1,-1,-1,1,NULL,-1,1,0,1,50
2.021E+11,8,7,2021,15:15:00,1,75,75108,2,2,1,3,AVENUE DE MARIGNY,"488,690,320,000","23,147,600,000",2.021E+11,148 122,A01,1,1,0,2,3,1,5,NULL,2.021E+11,195 708,148 122,A01,1,1,4,1,1990,9,8,0,-1,0,0,-1,2.021E+11,4,AVENUE DE MARIGNY,0,NULL,2,2,0,1,-1,-1,1,NULL,-1,1,0,1,50
2.021E+11,3,7,2021,08:50:00,1,974,97410,2,1,1,7,RN2 pont des marsouins,"-210,406,270,000","557,126,360,000",2.021E+11,146 563,A01,1,1,0,0,0,1,5,NULL,2.021E+11,193 627,146 563,A01,1,1,3,1,1960,5,2,-1,-1,0,0,-1,2.021E+11,2,2,-1,NULL,2,2,1,1,-1,-1,1,NULL,-1,1,0,5,50
2.021E+11,1,7,2021,20:40:00,1,75,75120,2,1,1,3,RUE DES PYRENEES,"488,726,660,000","23,909,960,000",2.021E+11,145 582,B01,2,1,0,2,8,13,5,NULL,2.021E+11,192 279,145 581,A01,1,1,1,2,1986,4,1,0,-1,0,0,-1,2.021E+11,4,RUE DES PYRENEES,0,NULL,2,3,3,4,-1,-1,1,NULL,-1,1,0,6,30
2.021E+11,1,7,2021,20:40:00,1,75,75120,2,1,1,3,RUE DES PYRENEES,"488,726,660,000","23,909,960,000",2.021E+11,145 582,B01,2,1,0,2,8,13,5,NULL,2.021E+11,192 280,145 582,B01,1,1,4,1,1947,5,8,0,-1,0,0,-1,2.021E+11,4,RUE DES PYRENEES,0,NULL,2,3,3,4,-1,-1,1,NULL,-1,1,0,6,30
2.021E+11,29,6,2021,20:50:00,1,84,84062,1,1,1,3,Route Departementale 901,"438,897,420,000","50,956,820,000",2.021E+11,145 200,A01,1,1,0,2,1,19,5,NULL,2.021E+11,191 798,145 199,B01,1,1,1,1,1992,5,1,-1,-1,0,0,-1,2.021E+11,3,901,0,NULL,2,2,0,1,-1,-1,1,NULL,-1,1,0,1,80
2.021E+11,29,6,2021,20:50:00,1,84,84062,1,1,1,3,Route Departementale 901,"438,897,420,000","50,956,820,000",2.021E+11,145 200,A01,1,1,0,2,1,19,5,NULL,2.021E+11,191 799,145 200,A01,1,1,2,2,1969,5,0,-1,-1,0,0,-1,2.021E+11,3,901,0,NULL,2,2,0,1,-1,-1,1,NULL,-1,1,0,1,80
2.021E+11,28,6,2021,16:15:00,1,976,97611,2,1,1,3,doujani-Mouhindi Hassani (rue ),"-127,926,900,000","452,175,800,000",2.021E+11,144 882,B01,3,1,0,2,8,9,6,NULL,2.021E+11,191 378,144 882,B01,1,1,4,1,2003,0,8,0,-1,-1,-1,-1,2.021E+11,4,doujani-Mouhindi Hassani (rue ),0,NULL,2,0,0,1,0,0,1,NULL,-1,1,0,1,50
2.021E+11,28,6,2021,16:15:00,1,976,97611,2,1,1,3,doujani-Mouhindi Hassani (rue ),"-127,926,900,000","452,175,800,000",2.021E+11,144 882,B01,3,1,0,2,8,9,6,NULL,2.021E+11,191 379,144 883,A01,1,1,4,1,1998,0,2,6,-1,-1,-1,-1,2.021E+11,4,doujani-Mouhindi Hassani (rue ),0,NULL,2,0,0,1,0,0,1,NULL,-1,1,0,1,50
2.021E+11,26,6,2021,11:00:00,1,37,37130,1,2,1,3,Lieu Dit Chantepie,"470,164,326,224","0,8417402208",2.021E+11,143 861,B01,2,1,0,2,4,15,5,NULL,2.021E+11,189 962,143 860,A01,1,1,1,2,2000,5,1,-1,-1,0,0,-1,2.021E+11,3,60,-1,NULL,2,1,0,1,0,655,1,NULL,3,1,0,1,80
2.021E+11,26,6,2021,11:00:00,1,37,37130,1,2,1,3,Lieu Dit Chantepie,"470,164,326,224","0,8417402208",2.021E+11,143 861,B01,2,1,0,2,4,15,5,NULL,2.021E+11,189 963,143 860,A01,8,2,1,2,1972,5,1,-1,-1,0,0,-1,2.021E+11,3,60,-1,NULL,2,1,0,1,0,655,1,NULL,3,1,0,1,80
2.021E+11,26,6,2021,11:00:00,1,37,37130,1,2,1,3,Lieu Dit Chantepie,"470,164,326,224","0,8417402208",2.021E+11,143 861,B01,2,1,0,2,4,15,5,NULL,2.021E+11,189 964,143 860,A01,2,2,1,2,2001,5,1,-1,-1,0,0,-1,2.021E+11,3,60,-1,NULL,2,1,0,1,0,655,1,NULL,3,1,0,1,80