Num_Acc,jour,mois,an,hrmn,lum,dep,com,agg,int,atm,col,adr,lat,long,Num_Acc,id_vehicule,num_veh,senc,catv,obs,obsm,choc,manv,motor,occutc,Num_Acc,id_usager,id_vehicule,num_veh,place,catu,grav,sexe,an_nais,trajet,secu1,secu2,secu3,locp,actp,etatp,Num_Acc,catr,voie,v1,v2,circ,nbv,vosp,prof,pr,pr1,plan,lartpc,larrout,surf,infra,situ,vma
2.021E+11,5,8,2021,23:45:00,3,40,40266,1,1,1,2,Route du Nel,"440,474,100,000","-12,352,320,000",2.021E+11,156 613,A01,2,1,0,2,4,2,5,NULL,2.021E+11,207 493,156 611,C01,1,1,1,1,1983,5,1,-1,-1,0,0,-1,2.021E+11,3,652,0,NULL,2,2,0,1,66,500,1,NULL,-1,1,0,1,80
2.021E+11,5,8,2021,23:45:00,3,40,40266,1,1,1,2,Route du Nel,"440,474,100,000","-12,352,320,000",2.021E+11,156 613,A01,2,1,0,2,4,2,5,NULL,2.021E+11,207 494,156 612,B01,1,1,1,1,2002,1,1,-1,-1,0,0,-1,2.021E+11,3,652,0,NULL,2,2,0,1,66,500,1,NULL,-1,1,0,1,80
2.021E+11,5,8,2021,23:45:00,3,40,40266,1,1,1,2,Route du Nel,"440,474,100,000","-12,352,320,000",2.021E+11,156 613,A01,2,1,0,2,4,2,5,NULL,2.021E+11,207 495,156 613,A01,1,1,2,1,1945,5,0,-1,-1,0,0,-1,2.021E+11,3,652,0,NULL,2,2,0,1,66,500,1,NULL,-1,1,0,1,80
2.021E+11,29,6,2021,19:15:00,1,29,29020,2,3,1,1,Rue de Kerhapp,"481,031,550,000","-40,005,620,000",2.021E+11,155 801,B01,2,1,0,2,7,1,5,NULL,2.021E+11,206 377,155 801,B01,1,1,4,2,2007,5,2,-1,-1,0,0,-1,2.021E+11,4,NULL,-1,NULL,2,2,0,1,-1,-1,1,NULL,4,1,0,1,50
2.021E+11,29,6,2021,19:15:00,1,29,29020,2,3,1,1,Rue de Kerhapp,"481,031,550,000","-40,005,620,000",2.021E+11,155 801,B01,2,1,0,2,7,1,5,NULL,2.021E+11,206 378,155 802,A01,1,1,1,-1,NULL,-1,-1,-1,-1,-1,-1,-1,2.021E+11,4,NULL,-1,NULL,2,2,0,1,-1,-1,1,NULL,4,1,0,1,50
2.021E+11,16,7,2021,04:20:00,3,75,75112,1,1,2,3,A4,"488,215,162,124","24,620,640,278",2.021E+11,150 598,A01,2,1,0,2,1,5,5,NULL,2.021E+11,199 125,150 597,B01,1,1,1,1,1975,1,1,8,-1,0,0,-1,2.021E+11,1,A4,0,NULL,3,4,0,1,5,900,2,NULL,-1,2,0,1,90
2.021E+11,16,7,2021,04:20:00,3,75,75112,1,1,2,3,A4,"488,215,162,124","24,620,640,278",2.021E+11,150 598,A01,2,1,0,2,1,5,5,NULL,2.021E+11,199 126,150 598,A01,1,1,4,1,1993,5,2,8,-1,0,0,-1,2.021E+11,1,A4,0,NULL,3,4,0,1,5,900,2,NULL,-1,2,0,1,90
2.021E+11,14,7,2021,22:04:00,5,75,75111,2,2,1,3,AVENUE PHILIPPE AUGUSTE,"488,535,600,000","23,927,130,000",2.021E+11,150 147,B01,2,1,0,2,3,19,5,NULL,2.021E+11,198 520,150 147,B01,1,1,3,1,1989,9,8,0,-1,0,0,-1,2.021E+11,4,AVENUE PHILIPPE AUGUSTE,0,NULL,2,2,0,2,-1,-1,1,NULL,-1,1,5,1,30
2.021E+11,14,7,2021,22:04:00,5,75,75111,2,2,1,3,AVENUE PHILIPPE AUGUSTE,"488,535,600,000","23,927,130,000",2.021E+11,150 147,B01,2,1,0,2,3,19,5,NULL,2.021E+11,198 521,150 148,A01,1,1,3,1,1996,4,2,6,-1,0,0,-1,2.021E+11,4,AVENUE PHILIPPE AUGUSTE,0,NULL,2,2,0,2,-1,-1,1,NULL,-1,1,5,1,30
2.021E+11,2,7,2021,17:15:00,1,75,75120,2,3,1,3,BOULEVARD DAVOUT,"488,527,240,000","24,107,930,000",2.021E+11,145 804,B01,2,1,0,2,1,16,5,NULL,2.021E+11,192 591,145 803,A01,1,1,4,1,1974,9,2,0,-1,0,0,-1,2.021E+11,4,BOULEVARD DAVOUT,0,NULL,3,4,1,2,-1,-1,1,NULL,-1,1,0,5,50
2.021E+11,2,7,2021,17:15:00,1,75,75120,2,3,1,3,BOULEVARD DAVOUT,"488,527,240,000","24,107,930,000",2.021E+11,145 803,A01,1,1,0,2,7,1,5,NULL,2.021E+11,192 591,145 803,A01,1,1,4,1,1974,9,2,0,-1,0,0,-1,2.021E+11,4,BOULEVARD DAVOUT,0,NULL,3,4,1,2,-1,-1,1,NULL,-1,1,0,5,50
2.021E+11,2,7,2021,17:15:00,1,75,75120,2,3,1,3,BOULEVARD DAVOUT,"488,527,240,000","24,107,930,000",2.021E+11,145 804,B01,2,1,0,2,1,16,5,NULL,2.021E+11,192 592,145 804,B01,1,1,4,1,2002,5,2,0,-1,0,0,-1,2.021E+11,4,BOULEVARD DAVOUT,0,NULL,3,4,1,2,-1,-1,1,NULL,-1,1,0,5,50
2.021E+11,2,7,2021,17:15:00,1,75,75120,2,3,1,3,BOULEVARD DAVOUT,"488,527,240,000","24,107,930,000",2.021E+11,145 803,A01,1,1,0,2,7,1,5,NULL,2.021E+11,192 592,145 804,B01,1,1,4,1,2002,5,2,0,-1,0,0,-1,2.021E+11,4,BOULEVARD DAVOUT,0,NULL,3,4,1,2,-1,-1,1,NULL,-1,1,0,5,50
2.021E+11,24,6,2021,10:40:00,1,94,94081,2,9,1,3,Avenue Youri Gagarine,"487,878,080,000","23,906,170,000",2.021E+11,143 628,B01,1,1,0,0,0,0,5,NULL,2.021E+11,189 674,143 627,A01,1,1,1,2,1988,3,1,0,-1,-1,-1,-1,2.021E+11,3,YOURI GAGARINE (AV),0,NULL,2,1,1,1,1,0,1,NULL,-1,1,-1,5,20
2.021E+11,24,6,2021,10:40:00,1,94,94081,2,9,1,3,Avenue Youri Gagarine,"487,878,080,000","23,906,170,000",2.021E+11,143 628,B01,1,1,0,0,0,0,5,NULL,2.021E+11,189 675,143 628,B01,1,1,4,1,1976,1,2,-1,-1,-1,-1,-1,2.021E+11,3,YOURI GAGARINE (AV),0,NULL,2,1,1,1,1,0,1,NULL,-1,1,-1,5,20
2.021E+11,15,6,2021,08:20:00,1,67,67482,2,8,1,3,KOENIGSHOFFEN (RUE DE),"485,806,400,000","77,273,800,000",2.021E+11,140 542,B01,2,1,0,2,2,19,2,NULL,2.021E+11,185 649,140 541,A01,1,1,1,1,2000,9,1,8,-1,-1,-1,-1,2.021E+11,4,KOENIGSHOFFEN (RUE DE),0,NULL,3,5,1,2,0,0,1,NULL,-1,1,4,1,50
2.021E+11,15,6,2021,08:20:00,1,67,67482,2,8,1,3,KOENIGSHOFFEN (RUE DE),"485,806,400,000","77,273,800,000",2.021E+11,140 542,B01,2,1,0,2,2,19,2,NULL,2.021E+11,185 650,140 542,B01,1,1,4,1,2000,0,8,0,-1,-1,-1,-1,2.021E+11,4,KOENIGSHOFFEN (RUE DE),0,NULL,3,5,1,2,0,0,1,NULL,-1,1,4,1,50
2.021E+11,13,6,2021,17:35:00,1,69,69029,2,3,1,2,FERDINAND BUISSON (AV),"457,386,600,000","49,171,600,000",2.021E+11,139 930,B01,2,1,0,2,4,1,5,NULL,2.021E+11,184 886,139 930,B01,1,1,4,1,1970,5,0,-1,-1,0,0,-1,2.021E+11,4,FERDINAND BUISSON                   (AV),0,NULL,1,1,0,1,-1,-1,3,NULL,-1,1,9,1,50
2.021E+11,13,6,2021,17:35:00,1,69,69029,2,3,1,2,FERDINAND BUISSON (AV),"457,386,600,000","49,171,600,000",2.021E+11,139 930,B01,2,1,0,2,4,1,5,NULL,2.021E+11,184 887,139 930,B01,3,2,4,2,2020,5,3,-1,-1,0,0,-1,2.021E+11,4,FERDINAND BUISSON                   (AV),0,NULL,1,1,0,1,-1,-1,3,NULL,-1,1,9,1,50
2.021E+11,13,6,2021,17:35:00,1,69,69029,2,3,1,2,FERDINAND BUISSON (AV),"457,386,600,000","49,171,600,000",2.021E+11,139 930,B01,2,1,0,2,4,1,5,NULL,2.021E+11,184 888,139 930,B01,2,2,4,2,2020,5,3,-1,-1,0,0,-1,2.021E+11,4,FERDINAND BUISSON                   (AV),0,NULL,1,1,0,1,-1,-1,3,NULL,-1,1,9,1,50
2.021E+11,13,6,2021,17:35:00,1,69,69029,2,3,1,2,FERDINAND BUISSON (AV),"457,386,600,000","49,171,600,000",2.021E+11,139 930,B01,2,1,0,2,4,1,5,NULL,2.021E+11,184 889,139 931,A01,1,1,1,1,2000,9,2,-1,-1,-1,-1,-1,2.021E+11,4,FERDINAND BUISSON                   (AV),0,NULL,1,1,0,1,-1,-1,3,NULL,-1,1,9,1,50
2.021E+11,7,6,2021,17:12:00,1,49,49007,2,2,1,3,ARBRISSEL,"474,442,500,000"," -0,5517500000",2.021E+11,138 262,B01,1,1,0,2,4,26,5,NULL,2.021E+11,182 662,138 262,B01,1,1,4,1,2002,9,8,0,-1,-1,-1,-1,2.021E+11,4,ARBRISSEL,0,NULL,3,2,0,1,1,0,1,NULL,-1,1,0,1,50
2.021E+11,7,6,2021,17:12:00,1,49,49007,2,2,1,3,ARBRISSEL,"474,442,500,000"," -0,5517500000",2.021E+11,138 262,B01,1,1,0,2,4,26,5,NULL,2.021E+11,182 663,138 263,A01,1,1,1,1,1970,5,8,0,-1,-1,-1,-1,2.021E+11,4,ARBRISSEL,0,NULL,3,2,0,1,1,0,1,NULL,-1,1,0,1,50
2.021E+11,4,6,2021,07:28:00,1,31,31555,2,1,1,3,AV DE CASTRES,"435,959,300,000","14,851,600,000",2.021E+11,136 578,A01,1,1,0,2,2,17,5,NULL,2.021E+11,180 464,136 578,A01,1,1,4,1,1970,1,8,0,-1,-1,-1,-1,2.021E+11,7,AV DE CASTRES,0,NULL,2,3,1,2,2,550,1,NULL,-1,1,0,1,50
2.021E+11,4,6,2021,07:28:00,1,31,31555,2,1,1,3,AV DE CASTRES,"435,959,300,000","14,851,600,000",2.021E+11,136 578,A01,1,1,0,2,2,17,5,NULL,2.021E+11,180 465,136 579,B01,1,1,1,1,1957,4,1,0,-1,-1,-1,-1,2.021E+11,7,AV DE CASTRES,0,NULL,2,3,1,2,2,550,1,NULL,-1,1,0,1,50
2.021E+11,27,5,2021,15:21:00,1,75,75111,2,1,1,3,BOULEVARD BEAUMARCHAIS,"488,579,150,000","23,679,920,000",2.021E+11,133 665,B01,1,1,0,2,8,1,5,NULL,2.021E+11,176 707,133 664,A01,1,1,1,1,1949,5,1,8,-1,0,0,-1,2.021E+11,4,BOULEVARD BEAUMARCHAIS,0,NULL,2,2,1,1,-1,-1,1,NULL,-1,1,0,1,30
2.021E+11,27,5,2021,15:21:00,1,75,75111,2,1,1,3,BOULEVARD BEAUMARCHAIS,"488,579,150,000","23,679,920,000",2.021E+11,133 665,B01,1,1,0,2,8,1,5,NULL,2.021E+11,176 708,133 665,B01,1,1,4,1,1996,1,8,0,-1,0,0,-1,2.021E+11,4,BOULEVARD BEAUMARCHAIS,0,NULL,2,2,1,1,-1,-1,1,NULL,-1,1,0,1,30
2.021E+11,24,4,2021,11:10:00,1,53,53130,2,1,1,7,FERME DE BOIS GAMATS ( CHEMIN DE LA ),"480,523,680,000"," -0,7836550000",2.021E+11,126 734,A01,0,1,0,0,0,1,5,NULL,2.021E+11,167 544,126 734,A01,1,1,3,1,1947,0,8,0,-1,-1,-1,-1,2.021E+11,4,NULL,0,NULL,-1,2,0,1,0,0,1,NULL,-1,1,0,1,50
2.021E+11,22,4,2021,13:23:00,1,10,10387,2,3,1,3,JULES GUESDE (RUE),"482,940,000,000","40,818,500,000",2.021E+11,124 731,A01,1,1,0,2,1,1,5,NULL,2.021E+11,164 988,124 730,B01,1,1,1,1,1999,1,1,0,-1,-1,-1,-1,2.021E+11,4,JULES GUESDE (RUE),0,NULL,2,2,1,1,-1,-1,1,NULL,-1,1,0,5,50
2.021E+11,22,4,2021,13:23:00,1,10,10387,2,3,1,3,JULES GUESDE (RUE),"482,940,000,000","40,818,500,000",2.021E+11,124 731,A01,1,1,0,2,1,1,5,NULL,2.021E+11,164 989,124 731,A01,1,1,4,1,2001,1,8,0,-1,-1,-1,-1,2.021E+11,4,JULES GUESDE (RUE),0,NULL,2,2,1,1,-1,-1,1,NULL,-1,1,0,5,50
2.021E+11,22,4,2021,13:45:00,1,94,94068,2,1,1,7,BAC (AV DU),"487,948,870,000","25,104,820,000",2.021E+11,124 699,A01,2,1,1,2,8,17,5,NULL,2.021E+11,164 945,124 699,A01,1,1,4,1,1979,1,2,0,-1,-1,-1,-1,2.021E+11,4,AV DU BAC,0,NULL,2,2,0,1,1,0,1,NULL,-1,1,0,1,30
2.021E+11,22,4,2021,13:45:00,1,94,94068,2,1,1,7,BAC (AV DU),"487,948,870,000","25,104,820,000",2.021E+11,124 699,A01,2,1,1,2,8,17,5,NULL,2.021E+11,164 946,124 700,B01,1,1,1,1,1966,0,1,0,-1,-1,-1,-1,2.021E+11,4,AV DU BAC,0,NULL,2,2,0,1,1,0,1,NULL,-1,1,0,1,30
2.021E+11,14,4,2021,15:00:00,1,75,75119,2,1,1,3,RUE CURIAL,"488,901,380,000","23,716,920,000",2.021E+11,122 949,A01,2,1,0,2,1,5,5,NULL,2.021E+11,162 700,122 948,Z01,1,1,1,-1,NULL,-1,-1,-1,-1,-1,-1,-1,2.021E+11,4,RUE CURIAL,0,NULL,1,2,2,1,-1,-1,1,NULL,-1,1,-1,5,50
2.021E+11,14,4,2021,15:00:00,1,75,75119,2,1,1,3,RUE CURIAL,"488,901,380,000","23,716,920,000",2.021E+11,122 949,A01,2,1,0,2,1,5,5,NULL,2.021E+11,162 701,122 949,A01,1,1,4,2,1997,1,8,0,-1,0,0,-1,2.021E+11,4,RUE CURIAL,0,NULL,1,2,2,1,-1,-1,1,NULL,-1,1,-1,5,50
2.021E+11,28,3,2021,11:00:00,1,94,94018,2,1,1,7,ILE MARTINET,"488,194,900,000","24,041,300,000",2.021E+11,119 099,A01,1,1,12,0,1,1,5,NULL,2.021E+11,157 672,119 099,A01,1,1,4,1,1943,5,2,0,-1,-1,-1,-1,2.021E+11,9,ILE MARTINET,0,NULL,-1,2,1,1,0,375,1,NULL,-1,1,0,5,30
2.021E+11,18,2,2021,09:00:00,1,10,10115,1,1,1,2,Rd 172,"483,186,550,000","41,290,520,000",2.021E+11,110 318,B01,2,1,0,2,4,2,5,NULL,2.021E+11,146 417,110 317,A01,1,1,1,2,1987,1,8,-1,-1,0,0,-1,2.021E+11,3,172,-1,NULL,2,2,0,1,7,200,1,NULL,-1,1,0,1,80
2.021E+11,18,2,2021,09:00:00,1,10,10115,1,1,1,2,Rd 172,"483,186,550,000","41,290,520,000",2.021E+11,110 318,B01,2,1,0,2,4,2,5,NULL,2.021E+11,146 418,110 318,B01,1,1,3,1,1953,5,2,-1,-1,0,0,-1,2.021E+11,3,172,-1,NULL,2,2,0,1,7,200,1,NULL,-1,1,0,1,80
2.021E+11,3,2,2021,08:19:00,2,54,54395,2,1,2,2,OBERLIN (RUE),"487,023,200,000","61,854,700,000",2.021E+11,107 806,A01,1,1,0,2,1,26,5,NULL,2.021E+11,143 100,107 806,A01,1,1,4,1,1974,0,2,0,-1,0,0,-1,2.021E+11,4,OBERLIN (RUE),0,NULL,2,2,0,1,-1,-1,1,NULL,-1,2,9,1,50
2.021E+11,3,2,2021,08:19:00,2,54,54395,2,1,2,2,OBERLIN (RUE),"487,023,200,000","61,854,700,000",2.021E+11,107 806,A01,1,1,0,2,1,26,5,NULL,2.021E+11,143 101,107 807,B01,1,1,1,1,1959,0,1,0,-1,0,0,-1,2.021E+11,4,OBERLIN (RUE),0,NULL,2,2,0,1,-1,-1,1,NULL,-1,2,9,1,50
2.021E+11,25,1,2021,08:40:00,2,35,35238,2,6,1,2,MOUEZY (AVENUE MONSEIGNEUR),"481,039,160,000","-16,501,250,000",2.021E+11,105 689,B01,1,1,0,2,7,26,5,NULL,2.021E+11,140 361,105 689,B01,1,1,1,1,1989,2,8,0,-1,-1,-1,-1,2.021E+11,4,MOUEZY (AVENUE MONSEIGNEUR),0,NULL,1,2,2,1,-1,-1,3,NULL,-1,2,9,5,30
2.021E+11,25,1,2021,08:40:00,2,35,35238,2,6,1,2,MOUEZY (AVENUE MONSEIGNEUR),"481,039,160,000","-16,501,250,000",2.021E+11,105 689,B01,1,1,0,2,7,26,5,NULL,2.021E+11,140 362,105 689,B01,2,2,4,1,2017,2,8,8,-1,-1,-1,-1,2.021E+11,4,MOUEZY (AVENUE MONSEIGNEUR),0,NULL,1,2,2,1,-1,-1,3,NULL,-1,2,9,5,30
2.021E+11,25,1,2021,08:40:00,2,35,35238,2,6,1,2,MOUEZY (AVENUE MONSEIGNEUR),"481,039,160,000","-16,501,250,000",2.021E+11,105 689,B01,1,1,0,2,7,26,5,NULL,2.021E+11,140 363,105 690,A01,1,1,1,1,1982,2,1,0,-1,-1,-1,-1,2.021E+11,4,MOUEZY (AVENUE MONSEIGNEUR),0,NULL,1,2,2,1,-1,-1,3,NULL,-1,2,9,5,30
2.021E+11,13,1,2021,21:04:00,5,75,75105,2,3,2,3,QUAI SAINT BERNARD,"488,468,450,000","23,609,770,000",2.021E+11,103 142,A01,1,1,0,2,1,11,5,NULL,2.021E+11,136 868,103 141,B01,1,1,1,1,1997,5,1,0,-1,0,0,-1,2.021E+11,4,QUAI SAINT BERNARD,0,NULL,2,3,0,1,-1,-1,1,NULL,-1,2,0,1,50
2.021E+11,13,1,2021,21:04:00,5,75,75105,2,3,2,3,QUAI SAINT BERNARD,"488,468,450,000","23,609,770,000",2.021E+11,103 142,A01,1,1,0,2,1,11,5,NULL,2.021E+11,136 869,103 142,A01,1,1,4,1,1971,9,8,0,-1,0,0,-1,2.021E+11,4,QUAI SAINT BERNARD,0,NULL,2,3,0,1,-1,-1,1,NULL,-1,2,0,1,50
2.021E+11,7,1,2021,17:59:00,5,80,80021,2,3,2,3,GEORGES GUYNEMER (RUE),"499,100,700,000","23,004,900,000",2.021E+11,102 191,A01,0,1,0,2,7,1,5,NULL,2.021E+11,135 590,102 191,A01,1,1,4,1,1992,0,2,-1,-1,0,0,-1,2.021E+11,4,GEORGES GUYNEMER (RUE),0,NULL,2,2,0,1,-1,-1,1,NULL,-1,2,0,1,50
2.021E+11,7,1,2021,17:59:00,5,80,80021,2,3,2,3,GEORGES GUYNEMER (RUE),"499,100,700,000","23,004,900,000",2.021E+11,102 191,A01,0,1,0,2,7,1,5,NULL,2.021E+11,135 591,102 192,B01,1,1,1,1,1983,0,1,-1,-1,0,0,-1,2.021E+11,4,GEORGES GUYNEMER (RUE),0,NULL,2,2,0,1,-1,-1,1,NULL,-1,2,0,1,50
2.021E+11,31,10,2021,14:30:00,1,75,75112,2,3,2,3,BOULEVARD SOULT,"488,437,000,000","24,100,970,000",2.021E+11,183 745,B01,1,1,0,2,1,1,5,NULL,2.021E+11,243 366,183 744,A01,1,1,1,2,1972,9,1,0,-1,0,0,-1,2.021E+11,4,BOULEVARD SOULT,0,NULL,1,2,1,1,-1,-1,1,NULL,-1,2,0,5,50
2.021E+11,31,10,2021,14:30:00,1,75,75112,2,3,2,3,BOULEVARD SOULT,"488,437,000,000","24,100,970,000",2.021E+11,183 745,B01,1,1,0,2,1,1,5,NULL,2.021E+11,243 367,183 745,B01,1,1,4,1,2001,9,8,0,-1,0,0,-1,2.021E+11,4,BOULEVARD SOULT,0,NULL,1,2,1,1,-1,-1,1,NULL,-1,2,0,5,50
2.021E+11,16,10,2021,15:25:00,1,39,39261,1,1,1,7,NULL,"464,615,910,000","54,386,770,000",2.021E+11,181 579,A01,2,1,0,0,0,1,5,NULL,2.021E+11,240 480,181 579,A01,1,1,3,1,1950,5,2,-1,-1,0,0,-1,2.021E+11,3,51,-1,NULL,2,2,0,2,14,60,1,NULL,-1,1,0,1,80
2.021E+11,20,10,2021,08:00:00,2,33,33199,2,6,1,3,Cours de la Marne,"446,337,570,000","-10,596,330,000",2.021E+11,181 187,A01,3,1,0,2,7,1,5,NULL,2.021E+11,239 941,181 187,A01,1,1,4,1,2006,2,0,-1,-1,0,0,-1,2.021E+11,4,NULL,-1,NULL,2,2,0,1,-1,-1,3,NULL,4,1,0,1,50
2.021E+11,20,10,2021,08:00:00,2,33,33199,2,6,1,3,Cours de la Marne,"446,337,570,000","-10,596,330,000",2.021E+11,181 187,A01,3,1,0,2,7,1,5,NULL,2.021E+11,239 942,181 188,B01,1,1,1,2,1971,1,1,-1,-1,0,0,-1,2.021E+11,4,NULL,-1,NULL,2,2,0,1,-1,-1,3,NULL,4,1,0,1,50
2.021E+11,15,10,2021,16:30:00,1,974,97407,2,9,1,6,BELLEAU REMI(RUELLE),"-209,400,100,000","552,973,100,000",2.021E+11,178 831,B01,3,1,0,0,0,0,0,NULL,2.021E+11,236 863,178 831,B01,2,2,4,1,2007,5,8,0,-1,-1,-1,-1,2.021E+11,4,BELLEAU REMI(RUELLE),0,NULL,1,1,0,1,0,0,2,NULL,-1,1,0,1,30
2.021E+11,15,10,2021,16:30:00,1,974,97407,2,9,1,6,BELLEAU REMI(RUELLE),"-209,400,100,000","552,973,100,000",2.021E+11,178 831,B01,3,1,0,0,0,0,0,NULL,2.021E+11,236 864,178 831,B01,1,1,1,1,2007,5,8,0,-1,-1,-1,-1,2.021E+11,4,BELLEAU REMI(RUELLE),0,NULL,1,1,0,1,0,0,2,NULL,-1,1,0,1,30
2.021E+11,15,10,2021,16:30:00,1,974,97407,2,9,1,6,BELLEAU REMI(RUELLE),"-209,400,100,000","552,973,100,000",2.021E+11,178 831,B01,3,1,0,0,0,0,0,NULL,2.021E+11,236 865,178 832,A01,4,2,1,1,1990,0,1,0,-1,-1,-1,-1,2.021E+11,4,BELLEAU REMI(RUELLE),0,NULL,1,1,0,1,0,0,2,NULL,-1,1,0,1,30
2.021E+11,15,10,2021,16:30:00,1,974,97407,2,9,1,6,BELLEAU REMI(RUELLE),"-209,400,100,000","552,973,100,000",2.021E+11,178 831,B01,3,1,0,0,0,0,0,NULL,2.021E+11,236 866,178 832,A01,1,1,1,1,1995,0,2,8,-1,-1,-1,-1,2.021E+11,4,BELLEAU REMI(RUELLE),0,NULL,1,1,0,1,0,0,2,NULL,-1,1,0,1,30
2.021E+11,7,10,2021,07:55:00,1,51,51454,2,2,1,3,Rue Saint Maurice,"492,470,794,136","40,415,899,984",2.021E+11,175 617,B01,2,1,0,2,1,2,5,NULL,2.021E+11,232 722,175 617,B01,1,1,4,1,1998,2,8,-1,-1,-1,-1,-1,2.021E+11,4,SAINT MAURICE (RUE),0,NULL,1,1,0,1,-1,-1,1,NULL,-1,1,0,5,30
2.021E+11,7,10,2021,07:55:00,1,51,51454,2,2,1,3,Rue Saint Maurice,"492,470,794,136","40,415,899,984",2.021E+11,175 617,B01,2,1,0,2,1,2,5,NULL,2.021E+11,232 723,175 618,A01,1,1,1,2,2003,2,1,-1,-1,-1,-1,-1,2.021E+11,4,SAINT MAURICE (RUE),0,NULL,1,1,0,1,-1,-1,1,NULL,-1,1,0,5,30
2.021E+11,24,9,2021,11:30:00,1,64,64445,2,1,1,3,ALSACE LORRAINE D',"433,045,700,000"," -0,3679400000",2.021E+11,171 454,B01,1,1,0,2,3,1,5,NULL,2.021E+11,227 296,171 454,B01,1,1,4,2,1996,9,8,0,-1,-1,-1,-1,2.021E+11,4,ALSACE LORRAINE D',0,NULL,1,1,2,1,0,0,1,NULL,-1,1,0,5,50
2.021E+11,24,9,2021,11:30:00,1,64,64445,2,1,1,3,ALSACE LORRAINE D',"433,045,700,000"," -0,3679400000",2.021E+11,171 454,B01,1,1,0,2,3,1,5,NULL,2.021E+11,227 297,171 455,A01,1,1,1,2,1948,9,1,8,-1,-1,-1,-1,2.021E+11,4,ALSACE LORRAINE D',0,NULL,1,1,2,1,0,0,1,NULL,-1,1,0,5,50
2.021E+11,21,9,2021,09:21:00,1,75,75119,2,2,1,3,AVENUE DE LA PORTE DE PANTIN,"488,898,824,096","23,966,277,761",2.021E+11,170 031,B01,1,1,0,2,8,1,5,NULL,2.021E+11,225 453,170 030,A01,1,1,1,1,1982,1,2,6,-1,0,0,-1,2.021E+11,4,PORTE DE PANTIN,0,NULL,2,5,1,1,-1,-1,1,NULL,-1,1,0,5,30
2.021E+11,21,9,2021,09:21:00,1,75,75119,2,2,1,3,AVENUE DE LA PORTE DE PANTIN,"488,898,824,096","23,966,277,761",2.021E+11,170 031,B01,1,1,0,2,8,1,5,NULL,2.021E+11,225 454,170 031,B01,1,1,4,1,1989,1,2,0,-1,0,0,-1,2.021E+11,4,PORTE DE PANTIN,0,NULL,2,5,1,1,-1,-1,1,NULL,-1,1,0,5,30
2.021E+11,15,9,2021,13:17:00,1,71,71076,2,1,1,6,PARADIS (RUE DU),"467,941,963,129","48,493,047,363",2.021E+11,168 485,A01,0,1,7,0,0,26,5,NULL,2.021E+11,223 412,168 485,A01,1,1,4,1,1971,0,8,0,-1,-1,-1,-1,2.021E+11,4,PARADIS (RUE DU),0,NULL,-1,2,0,1,-1,-1,1,NULL,-1,1,0,4,50
2.021E+11,11,9,2021,22:05:00,5,78,78401,2,7,1,1,ALBERT 1ER (QUAI),"490,030,900,000","19,078,200,000",2.021E+11,166 839,A01,3,1,0,2,1,5,5,NULL,2.021E+11,221 286,166 839,A01,1,1,4,1,2001,5,8,0,-1,-1,-1,-1,2.021E+11,4,ALBERT 1ER (QUAI),0,NULL,1,0,0,1,-1,-1,2,NULL,-1,1,0,1,50
2.021E+11,11,9,2021,22:05:00,5,78,78401,2,7,1,1,ALBERT 1ER (QUAI),"490,030,900,000","19,078,200,000",2.021E+11,166 839,A01,3,1,0,2,1,5,5,NULL,2.021E+11,221 287,166 840,B01,1,1,1,2,1971,5,8,0,-1,-1,-1,-1,2.021E+11,4,ALBERT 1ER (QUAI),0,NULL,1,0,0,1,-1,-1,2,NULL,-1,1,0,1,50
2.021E+11,20,8,2021,19:15:00,1,31,31555,2,1,1,3,RUE MARIE LOUISE DISSART,"436,000,000,000","13,720,000,000",2.021E+11,160 286,B01,2,1,0,2,1,0,5,NULL,2.021E+11,212 614,160 285,A01,1,1,1,2,1996,5,1,0,-1,-1,-1,-1,2.021E+11,4,RUE MARIE LOUISE DISSART,0,NULL,2,2,0,2,-1,-1,1,NULL,-1,1,0,3,50
2.021E+11,20,8,2021,19:15:00,1,31,31555,2,1,1,3,RUE MARIE LOUISE DISSART,"436,000,000,000","13,720,000,000",2.021E+11,160 286,B01,2,1,0,2,1,0,5,NULL,2.021E+11,212 615,160 286,B01,1,1,3,1,2016,5,2,0,-1,-1,-1,-1,2.021E+11,4,RUE MARIE LOUISE DISSART,0,NULL,2,2,0,2,-1,-1,1,NULL,-1,1,0,3,50
2.021E+11,8,8,2021,15:40:00,1,17,17380,1,1,1,1,EXPRESS (VOIE),"456,554,000,000","-10,959,000,000",2.021E+11,156 958,B01,1,1,0,2,1,1,0,NULL,2.021E+11,207 996,156 957,A01,1,1,1,2,1967,0,1,0,-1,-1,-1,-1,2.021E+11,3,EXPRESS (VOIE),0,NULL,2,2,0,1,31,0,1,NULL,-1,1,0,1,70
2.021E+11,8,8,2021,15:40:00,1,17,17380,1,1,1,1,EXPRESS (VOIE),"456,554,000,000","-10,959,000,000",2.021E+11,156 958,B01,1,1,0,2,1,1,0,NULL,2.021E+11,207 997,156 958,B01,1,1,2,1,1986,5,0,0,-1,-1,-1,-1,2.021E+11,3,EXPRESS (VOIE),0,NULL,2,2,0,1,31,0,1,NULL,-1,1,0,1,70