Num_Acc,jour,mois,an,hrmn,lum,dep,com,agg,int,atm,col,adr,lat,long,Num_Acc,id_vehicule,num_veh,senc,catv,obs,obsm,choc,manv,motor,occutc,Num_Acc,id_usager,id_vehicule,num_veh,place,catu,grav,sexe,an_nais,trajet,secu1,secu2,secu3,locp,actp,etatp,Num_Acc,catr,voie,v1,v2,circ,nbv,vosp,prof,pr,pr1,plan,lartpc,larrout,surf,infra,situ,vma
2.021E+11,16,7,2021,13:50:00,1,75,75117,2,2,1,3,AVENUE NIEL,"488,829,270,000","22,963,830,000",2.021E+11,150 455,A01,1,1,0,2,1,1,5,NULL,2.021E+11,198 952,150 455,A01,1,1,4,1,1994,4,2,0,-1,0,0,-1,2.021E+11,4,AVENUE NIEL,0,NULL,-1,0,0,1,-1,-1,1,NULL,-1,1,0,1,30
2.021E+11,8,7,2021,19:00:00,1,7,7102,2,9,1,3,MISTRAL (PONT FREDERIC),"449,327,700,000","48,803,700,000",2.021E+11,148 168,A01,1,1,0,2,1,19,5,NULL,2.021E+11,195 756,148 167,B01,1,1,1,1,2000,5,1,4,-1,-1,-1,-1,2.021E+11,3,MISTRAL (PONT FREDERIC),0,NULL,2,4,1,2,0,0,3,NULL,-1,1,6,1,30
2.021E+11,8,7,2021,19:00:00,1,7,7102,2,9,1,3,MISTRAL (PONT FREDERIC),"449,327,700,000","48,803,700,000",2.021E+11,148 168,A01,1,1,0,2,1,19,5,NULL,2.021E+11,195 757,148 168,A01,1,1,3,1,2010,5,2,0,-1,-1,-1,-1,2.021E+11,3,MISTRAL (PONT FREDERIC),0,NULL,2,4,1,2,0,0,3,NULL,-1,1,6,1,30
2.021E+11,21,6,2021,08:45:00,1,54,54395,2,1,1,3,STRASBOURG (AVENUE DE),"486,789,398,145","61,971,477,047",2.021E+11,143 013,B01,1,1,0,2,2,1,5,NULL,2.021E+11,188 907,143 012,A01,1,1,1,1,1957,1,1,0,-1,0,0,-1,2.021E+11,7,STRASBOURG (AVENUE DE),0,NULL,2,5,2,1,-1,-1,1,NULL,-1,1,-1,1,50
2.021E+11,21,6,2021,08:45:00,1,54,54395,2,1,1,3,STRASBOURG (AVENUE DE),"486,789,398,145","61,971,477,047",2.021E+11,143 013,B01,1,1,0,2,2,1,5,NULL,2.021E+11,188 908,143 013,B01,1,1,4,1,1988,1,2,0,-1,0,0,-1,2.021E+11,7,STRASBOURG (AVENUE DE),0,NULL,2,5,2,1,-1,-1,1,NULL,-1,1,-1,1,50
2.021E+11,17,6,2021,18:15:00,1,75,75119,2,1,1,3,RUE D HAUTPOUL,"488,822,200,000","23,882,390,000",2.021E+11,141 209,B01,1,1,0,2,1,5,5,NULL,2.021E+11,186 516,141 208,A01,1,1,1,1,1958,5,1,0,-1,0,0,-1,2.021E+11,4,RUE D HAUTPOUL,0,NULL,1,1,0,2,-1,-1,1,NULL,-1,1,0,1,50
2.021E+11,17,6,2021,18:15:00,1,75,75119,2,1,1,3,RUE D HAUTPOUL,"488,822,200,000","23,882,390,000",2.021E+11,141 209,B01,1,1,0,2,1,5,5,NULL,2.021E+11,186 517,141 209,B01,1,1,4,1,1985,5,2,0,-1,0,0,-1,2.021E+11,4,RUE D HAUTPOUL,0,NULL,1,1,0,2,-1,-1,1,NULL,-1,1,0,1,50
2.021E+11,9,6,2021,07:49:00,1,63,63113,2,3,1,3,GRANDE BRETAGNE (AVENUE DE),"457,775,300,000","30,952,600,000",2.021E+11,138 283,B01,1,1,0,2,1,1,5,NULL,2.021E+11,182 685,138 282,A01,1,1,1,2,1980,0,1,0,-1,0,0,-1,2.021E+11,4,GRANDE BRETAGNE (AVENUE DE),0,NULL,2,2,3,1,-1,-1,1,NULL,-1,1,0,1,50
2.021E+11,9,6,2021,07:49:00,1,63,63113,2,3,1,3,GRANDE BRETAGNE (AVENUE DE),"457,775,300,000","30,952,600,000",2.021E+11,138 283,B01,1,1,0,2,1,1,5,NULL,2.021E+11,182 686,138 283,B01,1,1,4,1,1994,0,8,0,-1,0,0,-1,2.021E+11,4,GRANDE BRETAGNE (AVENUE DE),0,NULL,2,2,3,1,-1,-1,1,NULL,-1,1,0,1,50
2.021E+11,8,6,2021,13:40:00,1,75,75118,2,3,1,6,RUE EUGENE CARRIERE,"488,924,230,000","23,336,070,000",2.021E+11,137 803,A01,1,1,0,1,1,1,5,NULL,2.021E+11,182 071,137 803,A01,1,1,1,1,1982,9,8,0,-1,0,0,-1,2.021E+11,4,RUE EUGENE CARRIERE,0,NULL,-1,0,0,1,-1,-1,1,NULL,-1,1,0,1,50
2.021E+11,8,6,2021,13:40:00,1,75,75118,2,3,1,6,RUE EUGENE CARRIERE,"488,924,230,000","23,336,070,000",2.021E+11,137 803,A01,1,1,0,1,1,1,5,NULL,2.021E+11,182 072,137 803,A01,10,3,4,2,1964,9,0,-1,-1,3,3,1,2.021E+11,4,RUE EUGENE CARRIERE,0,NULL,-1,0,0,1,-1,-1,1,NULL,-1,1,0,1,50
2.021E+11,25,5,2021,15:45:00,1,69,69386,2,2,1,3,BOSSUET (R),"457,675,500,000","48,475,300,000",2.021E+11,133 147,B01,2,1,0,2,8,1,5,NULL,2.021E+11,176 034,133 146,A01,1,1,1,1,2000,4,8,-1,-1,-1,-1,-1,2.021E+11,4,BOSSUET                             (R ),0,NULL,1,2,1,1,-1,-1,1,NULL,-1,1,0,1,50
2.021E+11,25,5,2021,15:45:00,1,69,69386,2,2,1,3,BOSSUET (R),"457,675,500,000","48,475,300,000",2.021E+11,133 147,B01,2,1,0,2,8,1,5,NULL,2.021E+11,176 035,133 147,B01,1,1,4,2,1989,0,8,-1,-1,-1,-1,-1,2.021E+11,4,BOSSUET                             (R ),0,NULL,1,2,1,1,-1,-1,1,NULL,-1,1,0,1,50
2.021E+11,20,5,2021,19:45:00,1,64,64445,2,1,1,3,TOURASSE,"433,110,000,000"," -0,3621000000",2.021E+11,131 760,A01,2,1,0,2,6,19,5,NULL,2.021E+11,174 161,131 759,B01,1,1,1,1,1998,0,1,8,-1,-1,-1,-1,2.021E+11,4,TOURASSE,0,NULL,1,4,2,1,0,0,1,NULL,-1,1,0,1,50
2.021E+11,20,5,2021,19:45:00,1,64,64445,2,1,1,3,TOURASSE,"433,110,000,000"," -0,3621000000",2.021E+11,131 760,A01,2,1,0,2,6,19,5,NULL,2.021E+11,174 162,131 760,A01,1,1,4,1,1996,4,2,8,-1,-1,-1,-1,2.021E+11,4,TOURASSE,0,NULL,1,4,2,1,0,0,1,NULL,-1,1,0,1,50
2.021E+11,18,5,2021,15:25:00,1,33,33069,2,3,1,3,Allée de Boutaut,"448,680,040,185"," -0,5761106882",2.021E+11,131 078,A01,1,1,0,2,8,5,5,NULL,2.021E+11,173 291,131 077,Z01,1,1,1,-1,NULL,-1,-1,-1,-1,-1,-1,-1,2.021E+11,4,ALL DE BOUTAUT,0,NULL,3,4,1,1,-1,-1,1,NULL,-1,1,0,1,50
2.021E+11,18,5,2021,15:25:00,1,33,33069,2,3,1,3,Allée de Boutaut,"448,680,040,185"," -0,5761106882",2.021E+11,131 078,A01,1,1,0,2,8,5,5,NULL,2.021E+11,173 292,131 078,A01,1,1,4,1,2007,2,8,-1,-1,-1,-1,-1,2.021E+11,4,ALL DE BOUTAUT,0,NULL,3,4,1,1,-1,-1,1,NULL,-1,1,0,1,50
2.021E+11,13,5,2021,12:30:00,1,91,91549,2,1,1,3,JEAN MOULIN (AVENUE),"486,479,100,000","23,418,700,000",2.021E+11,130 034,B01,3,1,0,2,8,0,0,NULL,2.021E+11,171 889,130 033,A01,1,1,4,1,2001,4,2,8,-1,-1,-1,-1,2.021E+11,4,JEAN MOULIN (AVENUE),0,NULL,2,2,0,1,0,0,1,NULL,-1,1,0,4,30
2.021E+11,13,5,2021,12:30:00,1,91,91549,2,1,1,3,JEAN MOULIN (AVENUE),"486,479,100,000","23,418,700,000",2.021E+11,130 034,B01,3,1,0,2,8,0,0,NULL,2.021E+11,171 890,130 034,B01,1,1,4,1,1996,5,2,0,-1,-1,-1,-1,2.021E+11,4,JEAN MOULIN (AVENUE),0,NULL,2,2,0,1,0,0,1,NULL,-1,1,0,4,30
2.021E+11,30,4,2021,12:30:00,1,86,86194,2,3,1,6,Rue Gaston Hulin,"465,826,170,000","0,3405470000",2.021E+11,126 764,B01,1,1,0,2,1,25,5,NULL,2.021E+11,167 583,126 764,B01,1,1,4,2,1978,1,8,0,-1,-1,-1,-1,2.021E+11,4,GASTON HULIN (RUE),0,NULL,1,2,0,1,-1,-1,1,NULL,-1,1,0,1,50
2.021E+11,30,4,2021,12:30:00,1,86,86194,2,3,1,6,Rue Gaston Hulin,"465,826,170,000","0,3405470000",2.021E+11,126 764,B01,1,1,0,2,1,25,5,NULL,2.021E+11,167 584,126 765,A01,1,1,1,2,1975,1,1,8,-1,-1,-1,-1,2.021E+11,4,GASTON HULIN (RUE),0,NULL,1,2,0,1,-1,-1,1,NULL,-1,1,0,1,50
2.021E+11,10,4,2021,14:20:00,1,82,82121,2,1,1,3,SAINT-NAUPHARY D 999 (ROUTE DE),"439,919,800,000","13,895,400,000",2.021E+11,122 234,B01,1,1,1,0,7,1,5,NULL,2.021E+11,161 785,122 233,A01,1,1,1,2,1976,1,1,8,-1,-1,-1,-1,2.021E+11,3,SAINT-NAUPHARY D 999 (ROUTE DE),0,NULL,2,2,0,1,14,630,1,NULL,-1,1,0,1,80
2.021E+11,10,4,2021,14:20:00,1,82,82121,2,1,1,3,SAINT-NAUPHARY D 999 (ROUTE DE),"439,919,800,000","13,895,400,000",2.021E+11,122 234,B01,1,1,1,0,7,1,5,NULL,2.021E+11,161 786,122 234,B01,1,1,3,1,1960,5,2,0,-1,-1,-1,-1,2.021E+11,3,SAINT-NAUPHARY D 999 (ROUTE DE),0,NULL,2,2,0,1,14,630,1,NULL,-1,1,0,1,80
2.021E+11,7,4,2021,18:45:00,1,93,93006,2,1,1,3,GALLIENI  AV.,"488,621,500,000","24,160,700,000",2.021E+11,121 764,B01,3,1,1,0,1,1,5,NULL,2.021E+11,161 144,121 763,A01,1,1,1,1,1986,0,8,0,-1,-1,-1,-1,2.021E+11,3,GALLIENI  AV.,0,NULL,1,1,0,1,0,0,1,NULL,-1,1,0,1,30
2.021E+11,7,4,2021,18:45:00,1,93,93006,2,1,1,3,GALLIENI  AV.,"488,621,500,000","24,160,700,000",2.021E+11,121 764,B01,3,1,1,0,1,1,5,NULL,2.021E+11,161 145,121 764,B01,1,1,4,1,1983,0,1,0,-1,-1,-1,-1,2.021E+11,3,GALLIENI  AV.,0,NULL,1,1,0,1,0,0,1,NULL,-1,1,0,1,30
2.021E+11,30,3,2021,19:00:00,1,93,93048,2,9,1,1,LAGNY (RUE DE),"488,491,973,896","24,225,370,244",2.021E+11,119 544,B01,1,1,0,2,1,19,5,NULL,2.021E+11,158 229,119 543,A01,1,1,1,1,1998,1,1,0,-1,-1,-1,-1,2.021E+11,3,LAGNY (RUE DE),0,NULL,1,2,2,1,1,1,1,NULL,-1,1,0,1,30
2.021E+11,30,3,2021,19:00:00,1,93,93048,2,9,1,1,LAGNY (RUE DE),"488,491,973,896","24,225,370,244",2.021E+11,119 544,B01,1,1,0,2,1,19,5,NULL,2.021E+11,158 230,119 544,B01,1,1,4,1,1966,0,2,0,-1,-1,-1,-1,2.021E+11,3,LAGNY (RUE DE),0,NULL,1,2,2,1,1,1,1,NULL,-1,1,0,1,30
2.021E+11,26,3,2021,09:20:00,1,75,75108,2,4,1,3,RUE D ARTOIS,"488,726,600,560","23,081,980,147",2.021E+11,118 861,B01,1,1,0,2,1,1,5,NULL,2.021E+11,157 342,118 861,B01,1,1,4,2,1970,4,8,0,-1,0,0,-1,2.021E+11,4,RUE D ARTOIS,0,NULL,1,1,0,1,-1,-1,1,NULL,-1,1,0,1,50
2.021E+11,26,3,2021,09:20:00,1,75,75108,2,4,1,3,RUE D ARTOIS,"488,726,600,560","23,081,980,147",2.021E+11,118 861,B01,1,1,0,2,1,1,5,NULL,2.021E+11,157 343,118 862,A01,1,1,1,1,1961,9,1,0,-1,0,0,-1,2.021E+11,4,RUE D ARTOIS,0,NULL,1,1,0,1,-1,-1,1,NULL,-1,1,0,1,50
2.021E+11,26,3,2021,11:15:00,1,39,39408,1,1,1,3,NULL,"465,894,460,000","57,119,070,000",2.021E+11,118 322,B01,1,1,0,2,8,1,5,NULL,2.021E+11,156 673,118 322,B01,1,1,4,1,1944,5,2,-1,-1,0,0,-1,2.021E+11,3,678,-1,NULL,2,2,0,1,30,230,1,NULL,-1,1,0,1,80
2.021E+11,26,3,2021,11:15:00,1,39,39408,1,1,1,3,NULL,"465,894,460,000","57,119,070,000",2.021E+11,118 322,B01,1,1,0,2,8,1,5,NULL,2.021E+11,156 674,118 323,A01,1,1,1,2,1988,5,8,-1,-1,0,0,-1,2.021E+11,3,678,-1,NULL,2,2,0,1,30,230,1,NULL,-1,1,0,1,80
2.021E+11,18,3,2021,09:10:00,1,92,92004,2,3,1,3,COLOMBES ( RUE DE 31 A ),"489,139,413,675","22,805,542,499",2.021E+11,116 779,A01,3,1,0,2,3,19,0,NULL,2.021E+11,154 697,116 779,A01,1,1,1,1,1974,1,8,0,-1,-1,-1,-1,2.021E+11,4,COLOMBES ( RUE DE 31 A ),0,NULL,2,2,0,1,0,0,1,NULL,-1,1,0,1,50
2.021E+11,18,3,2021,09:10:00,1,92,92004,2,3,1,3,COLOMBES ( RUE DE 31 A ),"489,139,413,675","22,805,542,499",2.021E+11,116 779,A01,3,1,0,2,3,19,0,NULL,2.021E+11,154 698,116 780,B01,1,1,4,2,1994,1,2,4,-1,-1,-1,-1,2.021E+11,4,COLOMBES ( RUE DE 31 A ),0,NULL,2,2,0,1,0,0,1,NULL,-1,1,0,1,50
2.021E+11,20,2,2021,09:05:00,1,80,80131,1,1,1,4,CD 4935,"498,639,600,000","23,497,800,000",2.021E+11,111 769,C01,0,1,0,2,8,0,0,NULL,2.021E+11,148 244,111 767,A01,1,1,4,1,2001,0,1,-1,-1,0,0,-1,2.021E+11,3,CD 4935,0,NULL,2,2,0,1,-1,-1,1,NULL,-1,1,0,1,80
2.021E+11,20,2,2021,09:05:00,1,80,80131,1,1,1,4,CD 4935,"498,639,600,000","23,497,800,000",2.021E+11,111 769,C01,0,1,0,2,8,0,0,NULL,2.021E+11,148 245,111 768,B01,1,1,1,1,2000,0,1,-1,-1,0,0,-1,2.021E+11,3,CD 4935,0,NULL,2,2,0,1,-1,-1,1,NULL,-1,1,0,1,80
2.021E+11,20,2,2021,09:05:00,1,80,80131,1,1,1,4,CD 4935,"498,639,600,000","23,497,800,000",2.021E+11,111 769,C01,0,1,0,2,8,0,0,NULL,2.021E+11,148 246,111 769,C01,1,1,4,1,1955,5,2,-1,-1,0,0,-1,2.021E+11,3,CD 4935,0,NULL,2,2,0,1,-1,-1,1,NULL,-1,1,0,1,80
2.021E+11,10,2,2021,17:40:00,2,75,75110,2,3,4,6,RUE SAINT MAUR,"488,733,990,000","23,706,010,000",2.021E+11,108 884,Z01,2,1,0,1,7,1,5,NULL,2.021E+11,144 511,108 884,Z01,10,3,4,1,1945,5,8,8,-1,2,3,1,2.021E+11,4,RUE SAINT MAUR,0,NULL,1,2,1,1,-1,-1,1,NULL,-1,5,-1,5,50
2.021E+11,10,2,2021,17:40:00,2,75,75110,2,3,4,6,RUE SAINT MAUR,"488,733,990,000","23,706,010,000",2.021E+11,108 884,Z01,2,1,0,1,7,1,5,NULL,2.021E+11,144 512,108 884,Z01,1,1,1,-1,NULL,-1,-1,-1,-1,-1,-1,-1,2.021E+11,4,RUE SAINT MAUR,0,NULL,1,2,1,1,-1,-1,1,NULL,-1,5,-1,5,50
2.021E+11,24,10,2021,13:55:00,1,43,43216,2,3,1,1,Avenue de la Rochelambert,"451,341,320,000","38,121,160,000",2.021E+11,181 782,B01,2,1,0,2,1,1,5,NULL,2.021E+11,240 750,181 782,B01,1,1,3,2,1949,5,2,-1,-1,0,0,-1,2.021E+11,3,13,-1,NULL,2,2,0,1,13,700,1,NULL,-1,1,0,1,50
2.021E+11,24,10,2021,13:55:00,1,43,43216,2,3,1,1,Avenue de la Rochelambert,"451,341,320,000","38,121,160,000",2.021E+11,181 782,B01,2,1,0,2,1,1,5,NULL,2.021E+11,240 751,181 783,A01,1,1,1,2,1961,5,1,-1,-1,0,0,-1,2.021E+11,3,13,-1,NULL,2,2,0,1,13,700,1,NULL,-1,1,0,1,50
2.021E+11,22,10,2021,05:25:00,5,10,10357,2,6,8,3,CELESTIN PHILBOIS (RUE),"483,004,170,000","41,087,460,000",2.021E+11,180 938,B01,1,1,0,2,0,0,0,NULL,2.021E+11,239 614,180 938,B01,1,1,4,1,1986,0,2,0,0,0,0,-1,2.021E+11,3,HENRI BARBUSSE (RUE),0,NULL,-1,2,0,1,65,788,1,NULL,-1,2,5,1,50
2.021E+11,22,10,2021,05:25:00,5,10,10357,2,6,8,3,CELESTIN PHILBOIS (RUE),"483,004,170,000","41,087,460,000",2.021E+11,180 938,B01,1,1,0,2,0,0,0,NULL,2.021E+11,239 615,180 939,A01,1,1,1,2,1969,1,1,0,0,0,0,-1,2.021E+11,3,HENRI BARBUSSE (RUE),0,NULL,-1,2,0,1,65,788,1,NULL,-1,2,5,1,50
2.021E+11,18,10,2021,20:00:00,5,75,75118,2,1,2,2,RUE DE L EVANGILE,"488,949,420,000","23,682,710,000",2.021E+11,179 402,B01,1,1,0,2,1,2,5,NULL,2.021E+11,237 634,179 401,A01,1,1,1,1,1984,9,1,0,-1,0,0,-1,2.021E+11,4,RUE DE L EVANGILE,0,NULL,1,1,0,1,-1,-1,1,NULL,-1,2,0,1,30
2.021E+11,18,10,2021,20:00:00,5,75,75118,2,1,2,2,RUE DE L EVANGILE,"488,949,420,000","23,682,710,000",2.021E+11,179 402,B01,1,1,0,2,1,2,5,NULL,2.021E+11,237 635,179 402,B01,1,1,4,1,1989,9,8,0,-1,0,0,-1,2.021E+11,4,RUE DE L EVANGILE,0,NULL,1,1,0,1,-1,-1,1,NULL,-1,2,0,1,30
2.021E+11,12,10,2021,14:45:00,1,69,69383,2,2,1,3,PART DIEU (DE LA) (R),"457,593,000,000","48,437,000,000",2.021E+11,177 434,A01,1,1,0,2,7,1,5,NULL,2.021E+11,235 071,177 434,A01,1,1,4,2,1991,1,2,-1,-1,-1,-1,-1,2.021E+11,4,PART DIEU      (DE LA)             (R ),0,NULL,1,1,1,1,-1,-1,1,NULL,-1,1,0,5,50
2.021E+11,12,10,2021,14:45:00,1,69,69383,2,2,1,3,PART DIEU (DE LA) (R),"457,593,000,000","48,437,000,000",2.021E+11,177 434,A01,1,1,0,2,7,1,5,NULL,2.021E+11,235 072,177 435,B01,1,1,1,-1,NULL,-1,8,-1,-1,-1,-1,-1,2.021E+11,4,PART DIEU      (DE LA)             (R ),0,NULL,1,1,1,1,-1,-1,1,NULL,-1,1,0,5,50
2.021E+11,11,10,2021,09:05:00,2,27,27229,2,1,1,3,COCHEREL (RUE DE),"490,204,400,000","11,820,100,000",2.021E+11,176 905,B01,3,1,0,2,1,1,5,NULL,2.021E+11,234 419,176 904,A01,1,1,1,2,1969,5,1,5,-1,0,0,-1,2.021E+11,4,COCHEREL (RUE DE),0,NULL,1,1,0,1,-1,-1,1,NULL,-1,1,0,1,50
2.021E+11,11,10,2021,09:05:00,2,27,27229,2,1,1,3,COCHEREL (RUE DE),"490,204,400,000","11,820,100,000",2.021E+11,176 905,B01,3,1,0,2,1,1,5,NULL,2.021E+11,234 420,176 905,B01,1,1,4,1,1962,0,2,6,-1,0,0,-1,2.021E+11,4,COCHEREL (RUE DE),0,NULL,1,1,0,1,-1,-1,1,NULL,-1,1,0,1,50
2.021E+11,12,9,2021,01:48:00,5,33,33063,2,7,1,1,Place des Capucins,"448,306,000,000"," -0,5670000000",2.021E+11,167 347,A01,2,1,0,2,1,15,5,NULL,2.021E+11,221 983,167 346,B01,1,1,3,1,1969,0,8,-1,-1,-1,-1,-1,2.021E+11,4,PCE DES CAPUCINS,0,NULL,-1,1,0,1,-1,-1,2,NULL,-1,1,6,4,30
2.021E+11,12,9,2021,01:48:00,5,33,33063,2,7,1,1,Place des Capucins,"448,306,000,000"," -0,5670000000",2.021E+11,167 346,B01,1,1,0,2,1,16,5,NULL,2.021E+11,221 983,167 346,B01,1,1,3,1,1969,0,8,-1,-1,-1,-1,-1,2.021E+11,4,PCE DES CAPUCINS,0,NULL,-1,1,0,1,-1,-1,2,NULL,-1,1,6,4,30
2.021E+11,12,9,2021,01:48:00,5,33,33063,2,7,1,1,Place des Capucins,"448,306,000,000"," -0,5670000000",2.021E+11,167 347,A01,2,1,0,2,1,15,5,NULL,2.021E+11,221 984,167 347,A01,1,1,4,1,1996,5,8,-1,-1,-1,-1,-1,2.021E+11,4,PCE DES CAPUCINS,0,NULL,-1,1,0,1,-1,-1,2,NULL,-1,1,6,4,30
2.021E+11,12,9,2021,01:48:00,5,33,33063,2,7,1,1,Place des Capucins,"448,306,000,000"," -0,5670000000",2.021E+11,167 346,B01,1,1,0,2,1,16,5,NULL,2.021E+11,221 984,167 347,A01,1,1,4,1,1996,5,8,-1,-1,-1,-1,-1,2.021E+11,4,PCE DES CAPUCINS,0,NULL,-1,1,0,1,-1,-1,2,NULL,-1,1,6,4,30
2.021E+11,8,9,2021,19:35:00,2,17,17291,2,1,1,3,QUATORZE JUILLET   RUE DU,"461,742,100,000","-11,158,100,000",2.021E+11,165 725,B01,3,1,0,2,1,19,5,NULL,2.021E+11,219 849,165 724,A01,1,1,1,1,1947,5,1,8,-1,-1,-1,-1,2.021E+11,4,QUATORZE JUILLET   RUE DU,0,NULL,2,2,0,1,-1,-1,1,NULL,-1,1,0,1,30
2.021E+11,8,9,2021,19:35:00,2,17,17291,2,1,1,3,QUATORZE JUILLET   RUE DU,"461,742,100,000","-11,158,100,000",2.021E+11,165 725,B01,3,1,0,2,1,19,5,NULL,2.021E+11,219 850,165 725,B01,1,1,4,2,1997,0,8,0,-1,-1,-1,-1,2.021E+11,4,QUATORZE JUILLET   RUE DU,0,NULL,2,2,0,1,-1,-1,1,NULL,-1,1,0,1,30
2.021E+11,31,8,2021,08:30:00,1,76,76351,2,1,1,2,ETRETAT (D'),"494,978,060,000","0,0964670000",2.021E+11,164 094,B01,3,1,0,2,1,1,5,NULL,2.021E+11,217 670,164 093,A01,1,1,4,1,1943,5,1,-1,-1,-1,-1,-1,2.021E+11,4,ETRETAT (D'),0,NULL,2,2,0,2,0,0,1,NULL,-1,1,0,1,50
2.021E+11,31,8,2021,08:30:00,1,76,76351,2,1,1,2,ETRETAT (D'),"494,978,060,000","0,0964670000",2.021E+11,164 094,B01,3,1,0,2,1,1,5,NULL,2.021E+11,217 671,164 094,B01,1,1,4,1,1951,5,2,-1,-1,-1,-1,-1,2.021E+11,4,ETRETAT (D'),0,NULL,2,2,0,2,0,0,1,NULL,-1,1,0,1,50
2.021E+11,1,9,2021,08:40:00,1,75,75113,2,1,1,7,AVENUE DE LA PORTE DE VITRY,"488,232,660,000","23,776,300,000",2.021E+11,163 244,A01,1,1,0,0,1,1,5,NULL,2.021E+11,216 584,163 244,A01,1,1,4,2,1983,1,2,0,-1,0,0,-1,2.021E+11,4,AVENUE DE LA PORTE DE VITRY,0,NULL,2,4,1,1,-1,-1,1,NULL,-1,1,0,5,30
2.021E+11,31,8,2021,21:35:00,5,83,83137,2,3,1,3,CUNEO (BD DOCTEUR),"431,075,413,829","59,331,222,337",2.021E+11,163 041,B01,2,1,0,2,1,1,5,NULL,2.021E+11,216 336,163 040,A01,1,1,1,1,1981,0,8,0,-1,-1,-1,-1,2.021E+11,4,CUNEO (BD DOCTEUR),0,NULL,2,2,0,1,0,0,1,NULL,-1,1,0,1,50
2.021E+11,31,8,2021,21:35:00,5,83,83137,2,3,1,3,CUNEO (BD DOCTEUR),"431,075,413,829","59,331,222,337",2.021E+11,163 041,B01,2,1,0,2,1,1,5,NULL,2.021E+11,216 337,163 041,B01,1,1,4,1,2005,0,8,0,-1,-1,-1,-1,2.021E+11,4,CUNEO (BD DOCTEUR),0,NULL,2,2,0,1,0,0,1,NULL,-1,1,0,1,50
2.021E+11,24,8,2021,19:10:00,1,11,11069,2,9,1,3,LIBERTE -DE LA -,"432,158,000,000","23,482,400,000",2.021E+11,161 136,A01,3,1,0,2,7,19,5,NULL,2.021E+11,213 756,161 135,B01,1,1,1,1,1961,1,1,0,-1,-1,-1,-1,2.021E+11,4,LIBERTE -DE LA -,0,NULL,1,1,1,3,-1,-1,1,NULL,-1,1,0,5,50
2.021E+11,24,8,2021,19:10:00,1,11,11069,2,9,1,3,LIBERTE -DE LA -,"432,158,000,000","23,482,400,000",2.021E+11,161 136,A01,3,1,0,2,7,19,5,NULL,2.021E+11,213 757,161 136,A01,1,1,4,1,1980,9,8,0,-1,-1,-1,-1,2.021E+11,4,LIBERTE -DE LA -,0,NULL,1,1,1,3,-1,-1,1,NULL,-1,1,0,5,50
2.021E+11,23,8,2021,17:05:00,1,64,64445,2,1,1,3,BUROS DE,"433,233,100,000"," -0,3465000000",2.021E+11,161 012,A01,3,1,0,2,1,19,5,NULL,2.021E+11,213 602,161 012,A01,1,1,4,1,2012,5,8,0,-1,-1,-1,-1,2.021E+11,4,BUROS DE,0,NULL,2,2,0,1,0,0,1,NULL,-1,1,0,1,30
2.021E+11,23,8,2021,17:05:00,1,64,64445,2,1,1,3,BUROS DE,"433,233,100,000"," -0,3465000000",2.021E+11,161 012,A01,3,1,0,2,1,19,5,NULL,2.021E+11,213 603,161 013,B01,1,1,1,1,1981,9,1,8,-1,-1,-1,-1,2.021E+11,4,BUROS DE,0,NULL,2,2,0,1,0,0,1,NULL,-1,1,0,1,30
2.021E+11,10,8,2021,15:10:00,1,29,29165,2,1,1,3,Rue Pasteur,"477,986,740,000","-42,144,160,000",2.021E+11,158 829,A01,3,1,0,2,8,13,5,NULL,2.021E+11,210 591,158 828,B01,1,1,4,2,1947,5,2,-1,-1,0,0,-1,2.021E+11,4,NULL,-1,NULL,2,2,0,1,-1,-1,1,NULL,4,1,0,1,50
2.021E+11,10,8,2021,15:10:00,1,29,29165,2,1,1,3,Rue Pasteur,"477,986,740,000","-42,144,160,000",2.021E+11,158 828,B01,3,1,0,2,7,17,5,NULL,2.021E+11,210 591,158 828,B01,1,1,4,2,1947,5,2,-1,-1,0,0,-1,2.021E+11,4,NULL,-1,NULL,2,2,0,1,-1,-1,1,NULL,4,1,0,1,50
2.021E+11,10,8,2021,15:10:00,1,29,29165,2,1,1,3,Rue Pasteur,"477,986,740,000","-42,144,160,000",2.021E+11,158 829,A01,3,1,0,2,8,13,5,NULL,2.021E+11,210 592,158 829,A01,1,1,1,2,1977,5,0,-1,-1,0,0,-1,2.021E+11,4,NULL,-1,NULL,2,2,0,1,-1,-1,1,NULL,4,1,0,1,50
2.021E+11,10,8,2021,15:10:00,1,29,29165,2,1,1,3,Rue Pasteur,"477,986,740,000","-42,144,160,000",2.021E+11,158 828,B01,3,1,0,2,7,17,5,NULL,2.021E+11,210 592,158 829,A01,1,1,1,2,1977,5,0,-1,-1,0,0,-1,2.021E+11,4,NULL,-1,NULL,2,2,0,1,-1,-1,1,NULL,4,1,0,1,50
2.021E+11,1,8,2021,17:50:00,1,75,75101,2,1,1,7,PLACE DU CARROUSEL,"488,610,190,000","23,340,230,000",2.021E+11,155 187,A01,0,1,15,0,1,1,5,NULL,2.021E+11,205 510,155 187,A01,1,1,4,1,1955,9,8,0,-1,0,0,-1,2.021E+11,4,PLACE DU CARROUSEL,0,NULL,-1,0,0,1,-1,-1,1,NULL,-1,1,6,4,1