Num_Acc,jour,mois,an,hrmn,lum,dep,com,agg,int,atm,col,adr,lat,long,Num_Acc,id_vehicule,num_veh,senc,catv,obs,obsm,choc,manv,motor,occutc,Num_Acc,id_usager,id_vehicule,num_veh,place,catu,grav,sexe,an_nais,trajet,secu1,secu2,secu3,locp,actp,etatp,Num_Acc,catr,voie,v1,v2,circ,nbv,vosp,prof,pr,pr1,plan,lartpc,larrout,surf,infra,situ,vma
2.021E+11,10,7,2021,11:30:00,1,88,88505,1,1,1,7,lieu dit Thiriville,"481,750,040,000","68,459,740,000",2.021E+11,153 492,A01,3,1,0,0,0,1,5,NULL,2.021E+11,203 176,153 492,A01,1,1,2,1,1970,5,0,-1,-1,0,0,-1,2.021E+11,4,4,-1,NULL,-1,2,0,2,-1,-1,1,NULL,-1,1,0,1,30
2.021E+11,14,7,2021,18:45:00,1,44,44144,2,3,1,3,154 Rue de l Ouche,"475,170,280,000","-12,937,460,000",2.021E+11,153 020,B01,2,1,0,2,3,6,5,NULL,2.021E+11,202 481,153 020,B01,1,1,4,1,1991,5,2,-1,-1,0,0,-1,2.021E+11,3,33,-1,NULL,2,2,0,1,10,342,1,NULL,-1,1,5,1,50
2.021E+11,14,7,2021,18:45:00,1,44,44144,2,3,1,3,154 Rue de l Ouche,"475,170,280,000","-12,937,460,000",2.021E+11,153 020,B01,2,1,0,2,3,6,5,NULL,2.021E+11,202 482,153 021,A01,1,1,1,1,1947,0,1,-1,-1,0,0,-1,2.021E+11,3,33,-1,NULL,2,2,0,1,10,342,1,NULL,-1,1,5,1,50
2.021E+11,22,7,2021,13:55:00,1,75,75102,2,4,1,3,BOULEVARD DES CAPUCINES,"488,700,900,000","23,290,510,000",2.021E+11,152 434,B01,2,1,0,2,1,1,5,NULL,2.021E+11,201 654,152 434,B01,1,1,4,2,1974,9,8,0,-1,0,0,-1,2.021E+11,4,BOULEVARD DES CAPUCINES,0,NULL,2,4,3,1,-1,-1,1,NULL,-1,1,0,6,50
2.021E+11,22,7,2021,13:55:00,1,75,75102,2,4,1,3,BOULEVARD DES CAPUCINES,"488,700,900,000","23,290,510,000",2.021E+11,152 434,B01,2,1,0,2,1,1,5,NULL,2.021E+11,201 655,152 435,A01,1,1,1,1,2000,4,8,0,-1,0,0,-1,2.021E+11,4,BOULEVARD DES CAPUCINES,0,NULL,2,4,3,1,-1,-1,1,NULL,-1,1,0,6,50
2.021E+11,14,7,2021,10:45:00,1,61,61179,1,1,1,2,rd909 (La Fresnaye-au-Sauvage),"487,247,180,000"," -0,2610110000",2.021E+11,149 853,B01,2,1,0,2,9,2,5,NULL,2.021E+11,198 130,149 852,A01,1,1,1,1,2002,5,1,-1,-1,0,0,-1,2.021E+11,3,909,-1,NULL,2,2,0,1,29,995,1,NULL,-1,1,0,1,90
2.021E+11,14,7,2021,10:45:00,1,61,61179,1,1,1,2,rd909 (La Fresnaye-au-Sauvage),"487,247,180,000"," -0,2610110000",2.021E+11,149 853,B01,2,1,0,2,9,2,5,NULL,2.021E+11,198 131,149 853,B01,1,1,2,1,1948,5,2,-1,-1,0,0,-1,2.021E+11,3,909,-1,NULL,2,2,0,1,29,995,1,NULL,-1,1,0,1,90
2.021E+11,1,7,2021,20:50:00,2,13,13001,2,1,1,3,DEPORTES DE LA RESISTANCE(AV),"435,249,600,000","54,603,400,000",2.021E+11,146 017,B01,3,1,0,2,4,9,0,NULL,2.021E+11,192 878,146 017,B01,1,1,4,1,1998,5,8,0,-1,-1,-1,-1,2.021E+11,4,DEPORTES DE LA RESISTANCE(AV),0,NULL,2,2,0,1,0,0,1,NULL,-1,1,0,1,50
2.021E+11,1,7,2021,20:50:00,2,13,13001,2,1,1,3,DEPORTES DE LA RESISTANCE(AV),"435,249,600,000","54,603,400,000",2.021E+11,146 017,B01,3,1,0,2,4,9,0,NULL,2.021E+11,192 879,146 018,A01,1,1,1,1,1998,0,8,0,-1,-1,-1,-1,2.021E+11,4,DEPORTES DE LA RESISTANCE(AV),0,NULL,2,2,0,1,0,0,1,NULL,-1,1,0,1,50
2.021E+11,17,6,2021,06:20:00,2,987,98722,1,3,1,3,Mahaena,"-175,667,792,268","-1,493,269,264,698",2.021E+11,141 909,A01,0,1,0,2,1,19,5,NULL,2.021E+11,187 416,141 909,A01,1,1,3,1,1969,0,0,-1,-1,0,0,-1,2.021E+11,2,NULL,0,NULL,-1,1,0,4,32,-1,1,NULL,-1,1,0,1,-1
2.021E+11,17,6,2021,06:20:00,2,987,98722,1,3,1,3,Mahaena,"-175,667,792,268","-1,493,269,264,698",2.021E+11,141 909,A01,0,1,0,2,1,19,5,NULL,2.021E+11,187 417,141 910,B01,1,1,1,1,1988,0,1,-1,-1,0,0,-1,2.021E+11,2,NULL,0,NULL,-1,1,0,4,32,-1,1,NULL,-1,1,0,1,-1
2.021E+11,16,6,2021,07:30:00,1,71,71153,2,9,1,1,2 Rue du Docteur Rebillard,"468,072,300,000","44,347,160,000",2.021E+11,141 341,B01,2,1,0,2,1,25,0,NULL,2.021E+11,186 685,141 340,A01,1,1,1,1,2001,5,1,8,-1,0,0,-1,2.021E+11,4,DOCTEUR REBILLARD (RUE DU),0,NULL,-1,2,0,1,-1,-1,1,NULL,-1,1,0,1,50
2.021E+11,16,6,2021,07:30:00,1,71,71153,2,9,1,1,2 Rue du Docteur Rebillard,"468,072,300,000","44,347,160,000",2.021E+11,141 341,B01,2,1,0,2,1,25,0,NULL,2.021E+11,186 686,141 341,B01,1,1,4,1,2009,2,8,0,-1,0,0,-1,2.021E+11,4,DOCTEUR REBILLARD (RUE DU),0,NULL,-1,2,0,1,-1,-1,1,NULL,-1,1,0,1,50
2.021E+11,15,6,2021,23:30:00,5,75,75115,2,3,1,3,RUE DE VAUGIRARD,"488,412,730,000","23,072,060,000",2.021E+11,141 206,B01,2,1,0,2,1,1,5,NULL,2.021E+11,186 514,141 206,B01,1,1,4,2,1991,9,2,0,-1,0,0,-1,2.021E+11,4,RUE DE VAUGIRARD,0,NULL,1,2,1,1,-1,-1,1,NULL,-1,1,0,5,50
2.021E+11,15,6,2021,23:30:00,5,75,75115,2,3,1,3,RUE DE VAUGIRARD,"488,412,730,000","23,072,060,000",2.021E+11,141 206,B01,2,1,0,2,1,1,5,NULL,2.021E+11,186 515,141 207,A01,1,1,1,1,1985,4,1,0,-1,0,0,-1,2.021E+11,4,RUE DE VAUGIRARD,0,NULL,1,2,1,1,-1,-1,1,NULL,-1,1,0,5,50
2.021E+11,1,6,2021,19:00:00,1,69,69385,2,1,1,7,CHEMIN NEUF (DU)                    (MO),"457,594,000,000","48,242,000,000",2.021E+11,135 991,A01,2,1,0,0,1,1,5,NULL,2.021E+11,179 728,135 991,A01,1,1,4,1,2002,9,8,-1,-1,-1,-1,-1,2.021E+11,4,CHEMIN NEUF (DU)                    (MO),0,NULL,1,2,1,4,-1,-1,1,NULL,-1,1,0,1,30
2.021E+11,2,6,2021,09:50:00,1,54,54395,2,1,1,3,PHALSBOURG (RUE DE),"486,839,200,714","61,808,502,674",2.021E+11,135 940,B01,1,1,0,2,7,1,5,NULL,2.021E+11,179 662,135 940,B01,1,1,4,1,1939,5,2,0,-1,0,0,-1,2.021E+11,4,PHALSBOURG (RUE DE),0,NULL,1,1,2,1,-1,-1,1,NULL,-1,1,-1,1,30
2.021E+11,2,6,2021,09:50:00,1,54,54395,2,1,1,3,PHALSBOURG (RUE DE),"486,839,200,714","61,808,502,674",2.021E+11,135 940,B01,1,1,0,2,7,1,5,NULL,2.021E+11,179 663,135 941,A01,1,1,1,1,1969,0,1,0,-1,0,0,-1,2.021E+11,4,PHALSBOURG (RUE DE),0,NULL,1,1,2,1,-1,-1,1,NULL,-1,1,-1,1,30
2.021E+11,31,5,2021,19:13:00,1,92,92040,2,2,1,1,PAIX (AVENUE DE LA),"488,173,615,735","22,737,246,596",2.021E+11,134 961,B01,0,1,0,0,0,0,0,NULL,2.021E+11,178 413,134 961,B01,1,1,4,1,1994,0,1,0,-1,-1,-1,-1,2.021E+11,3,72,0,NULL,4,2,0,2,0,0,1,NULL,-1,1,0,1,30
2.021E+11,31,5,2021,19:13:00,1,92,92040,2,2,1,1,PAIX (AVENUE DE LA),"488,173,615,735","22,737,246,596",2.021E+11,134 961,B01,0,1,0,0,0,0,0,NULL,2.021E+11,178 414,134 962,A01,1,1,1,2,1954,0,1,0,-1,-1,-1,-1,2.021E+11,3,72,0,NULL,4,2,0,2,0,0,1,NULL,-1,1,0,1,30
2.021E+11,7,5,2021,19:00:00,2,91,91692,2,9,1,3,CHAMPS LASNIERS (AVENUE),"486,845,510,000","21,697,420,000",2.021E+11,128 555,B01,1,1,0,2,1,0,0,NULL,2.021E+11,169 919,128 555,B01,2,1,3,1,2015,0,8,0,-1,-1,-1,-1,2.021E+11,4,CHAMPS LASNIERS (AVENUE),0,NULL,-1,2,0,1,0,0,1,NULL,-1,1,0,8,30
2.021E+11,7,5,2021,19:00:00,2,91,91692,2,9,1,3,CHAMPS LASNIERS (AVENUE),"486,845,510,000","21,697,420,000",2.021E+11,128 555,B01,1,1,0,2,1,0,0,NULL,2.021E+11,169 920,128 556,A01,1,1,1,1,1985,9,1,0,-1,-1,-1,-1,2.021E+11,4,CHAMPS LASNIERS (AVENUE),0,NULL,-1,2,0,1,0,0,1,NULL,-1,1,0,8,30
2.021E+11,2,5,2021,11:15:00,1,75,75116,2,1,1,3,ROUTE DES TRIBUNES,"488,604,010,000","22,298,640,000",2.021E+11,127 099,B01,1,1,0,2,7,1,5,NULL,2.021E+11,168 039,127 099,B01,1,1,4,1,1958,9,2,0,-1,0,0,-1,2.021E+11,4,ROUTE DES TRIBUNES,0,NULL,2,2,1,1,-1,-1,1,NULL,-1,1,0,5,30
2.021E+11,2,5,2021,11:15:00,1,75,75116,2,1,1,3,ROUTE DES TRIBUNES,"488,604,010,000","22,298,640,000",2.021E+11,127 099,B01,1,1,0,2,7,1,5,NULL,2.021E+11,168 040,127 100,A01,1,1,1,1,1985,9,1,0,-1,0,0,-1,2.021E+11,4,ROUTE DES TRIBUNES,0,NULL,2,2,1,1,-1,-1,1,NULL,-1,1,0,5,30
2.021E+11,27,4,2021,09:40:00,1,92,92024,2,6,1,3,REPUBLIQUE (PLACE DE LA),"489,031,299,945","23,132,818,937",2.021E+11,126 409,B01,2,1,0,2,2,16,5,NULL,2.021E+11,167 132,126 408,A01,1,1,1,1,1961,0,1,8,-1,-1,-1,-1,2.021E+11,4,REPUBLIQUE (PLACE DE LA),0,NULL,1,1,0,1,0,0,2,NULL,-1,1,0,1,50
2.021E+11,27,4,2021,09:40:00,1,92,92024,2,6,1,3,REPUBLIQUE (PLACE DE LA),"489,031,299,945","23,132,818,937",2.021E+11,126 409,B01,2,1,0,2,2,16,5,NULL,2.021E+11,167 133,126 409,B01,1,1,4,1,1989,0,2,0,-1,-1,-1,-1,2.021E+11,4,REPUBLIQUE (PLACE DE LA),0,NULL,1,1,0,1,0,0,2,NULL,-1,1,0,1,50
2.021E+11,24,4,2021,13:30:00,1,92,92063,2,2,1,3,BUZENVAL (PLACE DE),"488,572,200,000","21,901,500,000",2.021E+11,126 141,B01,2,1,0,2,3,1,5,NULL,2.021E+11,166 796,126 140,A01,1,1,1,1,1968,0,1,8,-1,-1,-1,-1,2.021E+11,3,180,0,NULL,2,8,0,1,0,0,1,NULL,-1,1,0,1,50
2.021E+11,24,4,2021,13:30:00,1,92,92063,2,2,1,3,BUZENVAL (PLACE DE),"488,572,200,000","21,901,500,000",2.021E+11,126 141,B01,2,1,0,2,3,1,5,NULL,2.021E+11,166 797,126 141,B01,1,1,1,1,1978,5,2,8,-1,-1,-1,-1,2.021E+11,3,180,0,NULL,2,8,0,1,0,0,1,NULL,-1,1,0,1,50
2.021E+11,24,4,2021,13:30:00,1,92,92063,2,2,1,3,BUZENVAL (PLACE DE),"488,572,200,000","21,901,500,000",2.021E+11,126 141,B01,2,1,0,2,3,1,5,NULL,2.021E+11,166 798,126 141,B01,5,2,4,2,2017,5,2,8,-1,-1,-1,-1,2.021E+11,3,180,0,NULL,2,8,0,1,0,0,1,NULL,-1,1,0,1,50
2.021E+11,20,4,2021,17:15:00,1,92,92024,2,1,1,3,MARTRE (RUE) DE (59 A 109)   (58 A 120),"489,042,372,137","23,049,241,304",2.021E+11,124 137,B01,1,1,0,2,1,1,5,NULL,2.021E+11,164 236,124 137,B01,1,1,4,1,1972,1,2,4,-1,-1,-1,-1,2.021E+11,3,19,0,NULL,1,3,1,1,0,0,1,NULL,-1,1,0,5,50
2.021E+11,20,4,2021,17:15:00,1,92,92024,2,1,1,3,MARTRE (RUE) DE (59 A 109)   (58 A 120),"489,042,372,137","23,049,241,304",2.021E+11,124 137,B01,1,1,0,2,1,1,5,NULL,2.021E+11,164 237,124 138,A01,1,1,1,1,1973,9,8,0,-1,-1,-1,-1,2.021E+11,3,19,0,NULL,1,3,1,1,0,0,1,NULL,-1,1,0,5,50
2.021E+11,17,4,2021,14:30:00,1,33,33200,2,4,1,3,Avenue Pasteur,"448,809,700,000"," -0,6859300000",2.021E+11,123 681,B01,1,1,0,2,1,1,5,NULL,2.021E+11,163 638,123 680,A01,1,1,1,1,1977,0,1,-1,-1,-1,-1,-1,2.021E+11,4,AVE PASTEUR,0,NULL,2,2,2,1,-1,-1,1,NULL,-1,1,0,1,50
2.021E+11,17,4,2021,14:30:00,1,33,33200,2,4,1,3,Avenue Pasteur,"448,809,700,000"," -0,6859300000",2.021E+11,123 681,B01,1,1,0,2,1,1,5,NULL,2.021E+11,163 639,123 681,B01,1,1,4,1,1999,0,8,-1,-1,-1,-1,-1,2.021E+11,4,AVE PASTEUR,0,NULL,2,2,2,1,-1,-1,1,NULL,-1,1,0,1,50
2.021E+11,30,3,2021,18:40:00,1,44,44109,2,1,1,3,BOULEVARD GUY MOLLET,"472,470,300,000","-15,554,100,000",2.021E+11,119 633,B01,1,1,0,2,1,1,5,NULL,2.021E+11,158 349,119 633,B01,1,1,3,2,1995,0,8,0,-1,-1,-1,-1,2.021E+11,4,BOULEVARD GUY MOLLET,0,NULL,2,2,1,1,-1,-1,1,NULL,-1,1,0,5,50
2.021E+11,30,3,2021,18:40:00,1,44,44109,2,1,1,3,BOULEVARD GUY MOLLET,"472,470,300,000","-15,554,100,000",2.021E+11,119 633,B01,1,1,0,2,1,1,5,NULL,2.021E+11,158 350,119 634,A01,1,1,1,1,2002,0,1,0,-1,-1,-1,-1,2.021E+11,4,BOULEVARD GUY MOLLET,0,NULL,2,2,1,1,-1,-1,1,NULL,-1,1,0,5,50
2.021E+11,25,3,2021,16:00:00,1,75,75104,2,3,1,3,RUE SAINT ANTOINE,"488,539,480,000","23,647,290,000",2.021E+11,118 384,B01,1,1,0,2,4,1,5,NULL,2.021E+11,156 753,118 383,A01,2,2,1,2,1956,1,1,0,-1,0,0,-1,2.021E+11,4,RUE SAINT ANTOINE,0,NULL,2,4,1,1,-1,-1,1,NULL,-1,1,-1,5,30
2.021E+11,25,3,2021,16:00:00,1,75,75104,2,3,1,3,RUE SAINT ANTOINE,"488,539,480,000","23,647,290,000",2.021E+11,118 384,B01,1,1,0,2,4,1,5,NULL,2.021E+11,156 754,118 383,A01,1,1,1,1,1952,1,1,0,-1,0,0,-1,2.021E+11,4,RUE SAINT ANTOINE,0,NULL,2,4,1,1,-1,-1,1,NULL,-1,1,-1,5,30
2.021E+11,25,3,2021,16:00:00,1,75,75104,2,3,1,3,RUE SAINT ANTOINE,"488,539,480,000","23,647,290,000",2.021E+11,118 384,B01,1,1,0,2,4,1,5,NULL,2.021E+11,156 755,118 384,B01,1,1,4,1,1991,5,2,0,-1,0,0,-1,2.021E+11,4,RUE SAINT ANTOINE,0,NULL,2,4,1,1,-1,-1,1,NULL,-1,1,-1,5,30
2.021E+11,25,3,2021,17:40:00,1,44,44024,2,4,1,3,rue de bel air,"471,691,570,000","-17,201,920,000",2.021E+11,118 344,B01,2,1,0,0,8,23,5,NULL,2.021E+11,156 701,118 343,A01,1,1,1,1,1998,4,8,-1,-1,0,0,-1,2.021E+11,7,NULL,-1,NULL,2,2,0,1,4,3,1,NULL,-1,1,0,1,30
2.021E+11,25,3,2021,17:40:00,1,44,44024,2,4,1,3,rue de bel air,"471,691,570,000","-17,201,920,000",2.021E+11,118 344,B01,2,1,0,0,8,23,5,NULL,2.021E+11,156 702,118 344,B01,1,1,3,1,1974,1,2,-1,-1,0,0,-1,2.021E+11,7,NULL,-1,NULL,2,2,0,1,4,3,1,NULL,-1,1,0,1,30
2.021E+11,9,3,2021,15:50:00,1,75,75109,2,3,1,6,RUE MONCEY,"488,800,510,000","23,306,560,000",2.021E+11,114 705,A01,1,1,0,1,1,21,5,NULL,2.021E+11,152 019,114 705,A01,1,1,4,2,1989,1,8,0,-1,0,0,-1,2.021E+11,4,RUE MONCEY,0,NULL,1,1,0,1,-1,-1,1,NULL,-1,1,0,1,30
2.021E+11,9,3,2021,15:50:00,1,75,75109,2,3,1,6,RUE MONCEY,"488,800,510,000","23,306,560,000",2.021E+11,114 705,A01,1,1,0,1,1,21,5,NULL,2.021E+11,152 020,114 705,A01,10,3,4,2,2008,2,8,8,-1,2,9,1,2.021E+11,4,RUE MONCEY,0,NULL,1,1,0,1,-1,-1,1,NULL,-1,1,0,1,30
2.021E+11,6,3,2021,16:20:00,1,91,91553,2,3,7,3,7 Avenue du Général Leclerc,"486,239,850,000","24,917,570,000",2.021E+11,114 533,B01,1,1,0,2,7,1,0,NULL,2.021E+11,151 807,114 532,A01,1,1,1,1,1985,5,1,-1,-1,0,0,-1,2.021E+11,3,33,0,NULL,2,2,0,1,-1,-1,1,NULL,-1,1,0,1,50
2.021E+11,6,3,2021,16:20:00,1,91,91553,2,3,7,3,7 Avenue du Général Leclerc,"486,239,850,000","24,917,570,000",2.021E+11,114 533,B01,1,1,0,2,7,1,0,NULL,2.021E+11,151 808,114 533,B01,1,1,4,1,1974,5,2,-1,-1,0,0,-1,2.021E+11,3,33,0,NULL,2,2,0,1,-1,-1,1,NULL,-1,1,0,1,50
2.021E+11,7,3,2021,16:00:00,1,13,13011,1,3,1,3,Route Départementale 5,"437,347,820,000","48,211,690,000",2.021E+11,114 352,B01,2,1,0,2,1,1,5,NULL,2.021E+11,151 587,114 352,B01,1,1,4,1,1956,5,0,-1,-1,0,0,-1,2.021E+11,3,5,-1,NULL,2,2,0,2,65,804,1,NULL,-1,1,0,1,80
2.021E+11,7,3,2021,16:00:00,1,13,13011,1,3,1,3,Route Départementale 5,"437,347,820,000","48,211,690,000",2.021E+11,114 352,B01,2,1,0,2,1,1,5,NULL,2.021E+11,151 588,114 353,A01,1,1,1,1,1989,5,1,-1,-1,0,0,-1,2.021E+11,3,5,-1,NULL,2,2,0,2,65,804,1,NULL,-1,1,0,1,80
2.021E+11,2,3,2021,16:55:00,1,77,77357,2,2,1,3,27 avenue du général de gaulle,"486,562,270,000","30,788,060,000",2.021E+11,113 180,B01,1,1,0,2,1,17,5,NULL,2.021E+11,150 078,113 179,A01,1,1,1,1,1965,1,1,-1,-1,0,0,-1,2.021E+11,3,215,-1,NULL,2,2,0,1,32,300,1,NULL,-1,1,0,1,30
2.021E+11,2,3,2021,16:55:00,1,77,77357,2,2,1,3,27 avenue du général de gaulle,"486,562,270,000","30,788,060,000",2.021E+11,113 180,B01,1,1,0,2,1,17,5,NULL,2.021E+11,150 079,113 180,B01,1,1,3,1,1983,1,2,-1,-1,0,0,-1,2.021E+11,3,215,-1,NULL,2,2,0,1,32,300,1,NULL,-1,1,0,1,30
2.021E+11,23,2,2021,15:10:00,1,69,69264,2,1,1,3,BRAUN THEODORE (AV),"459,808,811,540","47,404,709,233",2.021E+11,111 524,B01,1,1,0,2,1,1,5,NULL,2.021E+11,147 949,111 524,B01,1,1,3,1,1984,5,0,-1,-1,-1,-1,-1,2.021E+11,3,BRAUN THEODORE  AV,0,NULL,2,2,3,1,22,800,1,NULL,-1,1,0,4,50
2.021E+11,23,2,2021,15:10:00,1,69,69264,2,1,1,3,BRAUN THEODORE (AV),"459,808,811,540","47,404,709,233",2.021E+11,111 524,B01,1,1,0,2,1,1,5,NULL,2.021E+11,147 950,111 525,A01,1,1,1,1,1982,2,1,-1,-1,-1,-1,-1,2.021E+11,3,BRAUN THEODORE  AV,0,NULL,2,2,3,1,22,800,1,NULL,-1,1,0,4,50
2.021E+11,11,2,2021,18:45:00,2,13,13005,2,1,1,1,EOURES (ROUTE D'),"433,077,738,403","55,503,831,321",2.021E+11,109 744,B01,2,1,0,2,1,0,0,NULL,2.021E+11,145 660,109 743,A01,1,1,1,1,2001,3,1,8,-1,-1,-1,-1,2.021E+11,7,EOURES (ROUTE D'),0,NULL,2,2,1,2,0,0,1,NULL,-1,1,0,1,50
2.021E+11,11,2,2021,18:45:00,2,13,13005,2,1,1,1,EOURES (ROUTE D'),"433,077,738,403","55,503,831,321",2.021E+11,109 744,B01,2,1,0,2,1,0,0,NULL,2.021E+11,145 661,109 744,B01,2,1,4,1,2005,2,0,-1,-1,-1,-1,-1,2.021E+11,7,EOURES (ROUTE D'),0,NULL,2,2,1,2,0,0,1,NULL,-1,1,0,1,50
2.021E+11,31,1,2021,11:00:00,1,34,34027,1,1,1,6,D118,"437,325,770,000","40,089,370,000",2.021E+11,107 068,A01,1,1,0,9,1,2,5,NULL,2.021E+11,142 165,107 067,B01,1,1,1,1,1948,5,2,-1,-1,0,0,-1,2.021E+11,7,118,0,D,2,2,0,1,5,100,1,NULL,-1,1,0,3,80
2.021E+11,31,1,2021,11:00:00,1,34,34027,1,1,1,6,D118,"437,325,770,000","40,089,370,000",2.021E+11,107 067,B01,1,1,0,0,4,2,5,NULL,2.021E+11,142 165,107 067,B01,1,1,1,1,1948,5,2,-1,-1,0,0,-1,2.021E+11,7,118,0,D,2,2,0,1,5,100,1,NULL,-1,1,0,3,80
2.021E+11,31,1,2021,11:00:00,1,34,34027,1,1,1,6,D118,"437,325,770,000","40,089,370,000",2.021E+11,107 068,A01,1,1,0,9,1,2,5,NULL,2.021E+11,142 166,107 068,A01,1,1,3,1,1958,5,2,-1,-1,0,0,-1,2.021E+11,7,118,0,D,2,2,0,1,5,100,1,NULL,-1,1,0,3,80
2.021E+11,31,1,2021,11:00:00,1,34,34027,1,1,1,6,D118,"437,325,770,000","40,089,370,000",2.021E+11,107 067,B01,1,1,0,0,4,2,5,NULL,2.021E+11,142 166,107 068,A01,1,1,3,1,1958,5,2,-1,-1,0,0,-1,2.021E+11,7,118,0,D,2,2,0,1,5,100,1,NULL,-1,1,0,3,80
2.021E+11,27,1,2021,12:40:00,1,973,97302,2,1,1,3,MONTABO (ROUTE DE) 1,"49,412,700,000","-523,028,300,000",2.021E+11,106 225,B01,1,1,0,2,3,19,5,NULL,2.021E+11,141 085,106 224,A01,1,1,1,2,2000,9,1,8,-1,-1,-1,-1,2.021E+11,3,MONTABO (ROUTE DE) 1,0,NULL,2,2,1,1,2,299,3,NULL,-1,1,9,1,30
2.021E+11,27,1,2021,12:40:00,1,973,97302,2,1,1,3,MONTABO (ROUTE DE) 1,"49,412,700,000","-523,028,300,000",2.021E+11,106 225,B01,1,1,0,2,3,19,5,NULL,2.021E+11,141 086,106 225,B01,1,1,4,1,2004,2,8,8,-1,-1,-1,-1,2.021E+11,3,MONTABO (ROUTE DE) 1,0,NULL,2,2,1,1,2,299,3,NULL,-1,1,9,1,30
2.021E+11,14,1,2021,07:13:00,5,63,63063,2,6,1,3,BLANZAT (RUE DE),"458,312,700,000","30,866,600,000",2.021E+11,104 665,B01,3,1,0,2,0,1,5,NULL,2.021E+11,138 914,104 664,A01,1,1,1,1,1974,1,1,0,-1,0,0,-1,2.021E+11,7,2b,0,NULL,-1,2,0,1,-1,-1,1,NULL,-1,1,0,1,50
2.021E+11,14,1,2021,07:13:00,5,63,63063,2,6,1,3,BLANZAT (RUE DE),"458,312,700,000","30,866,600,000",2.021E+11,104 665,B01,3,1,0,2,0,1,5,NULL,2.021E+11,138 915,104 665,B01,1,1,4,1,2001,1,8,0,-1,0,0,-1,2.021E+11,7,2b,0,NULL,-1,2,0,1,-1,-1,1,NULL,-1,1,0,1,50
2.021E+11,15,1,2021,09:45:00,1,64,64260,2,3,1,3,LARROUN (RUE DE),"433,653,600,000","-17,693,300,000",2.021E+11,103 708,B01,2,1,0,2,8,1,5,NULL,2.021E+11,137 613,103 707,A01,1,1,1,1,1974,0,1,0,-1,-1,-1,-1,2.021E+11,3,LECLERC (BOULEVARD DU GENERAL),0,NULL,-1,2,0,1,4,0,1,NULL,-1,1,0,1,50
2.021E+11,15,1,2021,09:45:00,1,64,64260,2,3,1,3,LARROUN (RUE DE),"433,653,600,000","-17,693,300,000",2.021E+11,103 708,B01,2,1,0,2,8,1,5,NULL,2.021E+11,137 614,103 708,B01,1,1,4,1,1973,0,2,0,-1,-1,-1,-1,2.021E+11,3,LECLERC (BOULEVARD DU GENERAL),0,NULL,-1,2,0,1,4,0,1,NULL,-1,1,0,1,50
2.021E+11,7,1,2021,09:00:00,1,33,33063,2,2,1,3,Boulevard Antoine Gautier,"448,365,700,000"," -0,5990300000",2.021E+11,101 916,A01,2,1,0,2,1,19,5,NULL,2.021E+11,135 234,101 915,B01,1,1,1,1,1992,4,1,-1,-1,-1,-1,-1,2.021E+11,4,NULL,0,NULL,3,4,3,1,-1,-1,1,NULL,-1,1,5,1,50
2.021E+11,7,1,2021,09:00:00,1,33,33063,2,2,1,3,Boulevard Antoine Gautier,"448,365,700,000"," -0,5990300000",2.021E+11,101 916,A01,2,1,0,2,1,19,5,NULL,2.021E+11,135 235,101 916,A01,1,1,2,2,1971,5,8,-1,-1,-1,-1,-1,2.021E+11,4,NULL,0,NULL,3,4,3,1,-1,-1,1,NULL,-1,1,5,1,50
2.021E+11,27,10,2021,19:15:00,5,974,97411,2,2,1,1,LAGRANGE (RUE LEO),"-209,046,300,000","554,817,200,000",2.021E+11,183 012,B01,3,1,0,2,7,5,5,NULL,2.021E+11,242 315,183 011,A01,1,1,1,1,1978,1,1,0,-1,-1,-1,-1,2.021E+11,4,LAGRANGE (RUE LEO),0,NULL,2,2,0,4,0,0,3,NULL,-1,1,0,1,50
2.021E+11,27,10,2021,19:15:00,5,974,97411,2,2,1,1,LAGRANGE (RUE LEO),"-209,046,300,000","554,817,200,000",2.021E+11,183 012,B01,3,1,0,2,7,5,5,NULL,2.021E+11,242 316,183 012,B01,1,1,4,1,2010,0,8,0,-1,-1,-1,-1,2.021E+11,4,LAGRANGE (RUE LEO),0,NULL,2,2,0,4,0,0,3,NULL,-1,1,0,1,50
2.021E+11,7,10,2021,13:19:00,1,66,66136,2,3,1,3,CABRIT IMPASSE RUE JOSEPH,"426,989,100,000","28,815,200,000",2.021E+11,176 060,B01,2,1,0,2,1,1,5,NULL,2.021E+11,233 288,176 060,B01,1,1,4,1,2003,9,8,0,-1,-1,-1,-1,2.021E+11,4,CABRIT IMPASSE RUE JOSEPH,0,NULL,1,1,0,1,-1,-1,1,NULL,-1,1,0,1,50
2.021E+11,7,10,2021,13:19:00,1,66,66136,2,3,1,3,CABRIT IMPASSE RUE JOSEPH,"426,989,100,000","28,815,200,000",2.021E+11,176 060,B01,2,1,0,2,1,1,5,NULL,2.021E+11,233 289,176 061,A01,1,1,1,1,1965,0,1,0,-1,-1,-1,-1,2.021E+11,4,CABRIT IMPASSE RUE JOSEPH,0,NULL,1,1,0,1,-1,-1,1,NULL,-1,1,0,1,50
2.021E+11,3,10,2021,19:45:00,2,85,85172,1,3,1,1,Chemin de la Jalonnière,"468,377,970,000","-19,897,420,000",2.021E+11,173 628,B01,2,1,0,2,8,19,5,NULL,2.021E+11,230 161,173 627,A01,1,1,1,1,1999,5,1,-1,-1,0,0,-1,2.021E+11,3,71,0,D,2,2,0,1,1,700,1,NULL,-1,1,0,1,80