Num_Acc,jour,mois,an,hrmn,lum,dep,com,agg,int,atm,col,adr,lat,long,Num_Acc,id_vehicule,num_veh,senc,catv,obs,obsm,choc,manv,motor,occutc,Num_Acc,id_usager,id_vehicule,num_veh,place,catu,grav,sexe,an_nais,trajet,secu1,secu2,secu3,locp,actp,etatp,Num_Acc,catr,voie,v1,v2,circ,nbv,vosp,prof,pr,pr1,plan,lartpc,larrout,surf,infra,situ,vma
2.021E+11,20,2,2021,12:30:00,1,13,13075,2,1,1,3,PAUL SIRVENT (AVE),"433,438,870,000","54,651,600,000",2.021E+11,110 963,B01,2,1,0,2,1,1,0,NULL,2.021E+11,147 225,110 962,A01,1,1,1,2,1943,0,1,8,-1,-1,-1,-1,2.021E+11,7,PAUL SIRVENT (AVE),0,NULL,2,2,1,2,1,100,1,NULL,-1,1,0,1,50
2.021E+11,20,2,2021,12:30:00,1,13,13075,2,1,1,3,PAUL SIRVENT (AVE),"433,438,870,000","54,651,600,000",2.021E+11,110 963,B01,2,1,0,2,1,1,0,NULL,2.021E+11,147 226,110 963,B01,1,1,4,1,1958,0,2,8,-1,-1,-1,-1,2.021E+11,7,PAUL SIRVENT (AVE),0,NULL,2,2,1,2,1,100,1,NULL,-1,1,0,1,50
2.021E+11,21,2,2021,11:45:00,1,74,74150,2,1,1,1,Rte de Marcorens,"462,728,170,000","63,132,870,000",2.021E+11,110 887,B01,2,1,0,2,1,1,5,NULL,2.021E+11,147 125,110 886,A01,1,1,1,1,1960,0,1,-1,-1,0,0,-1,2.021E+11,3,225,0,NULL,2,2,0,2,45,600,1,NULL,-1,1,0,1,50
2.021E+11,21,2,2021,11:45:00,1,74,74150,2,1,1,1,Rte de Marcorens,"462,728,170,000","63,132,870,000",2.021E+11,110 887,B01,2,1,0,2,1,1,5,NULL,2.021E+11,147 126,110 887,B01,1,1,4,1,1954,5,2,-1,-1,0,0,-1,2.021E+11,3,225,0,NULL,2,2,0,2,45,600,1,NULL,-1,1,0,1,50
2.021E+11,15,2,2021,09:00:00,1,83,83069,1,9,1,1,ALMANARRE (ROUTE DE L'),"430,958,000,000","61,315,000,000",2.021E+11,109 807,B01,1,1,0,9,1,26,5,NULL,2.021E+11,145 751,109 807,B01,1,1,3,1,2003,0,8,8,-1,-1,-1,-1,2.021E+11,7,ALMANARRE (ROUTE DE L'),0,NULL,2,2,2,1,48,450,3,NULL,-1,1,9,5,70
2.021E+11,15,2,2021,09:00:00,1,83,83069,1,9,1,1,ALMANARRE (ROUTE DE L'),"430,958,000,000","61,315,000,000",2.021E+11,109 807,B01,1,1,0,9,1,26,5,NULL,2.021E+11,145 752,109 808,A01,1,1,3,1,1963,0,2,6,-1,-1,-1,-1,2.021E+11,7,ALMANARRE (ROUTE DE L'),0,NULL,2,2,2,1,48,450,3,NULL,-1,1,9,5,70
2.021E+11,13,2,2021,13:45:00,1,75,75108,2,2,1,3,RUE DE LA VILLE L EVEQUE,"488,711,620,000","23,216,420,000",2.021E+11,109 602,B01,3,1,0,2,1,5,5,NULL,2.021E+11,145 472,109 601,A01,2,2,1,2,1997,9,1,0,-1,0,0,-1,2.021E+11,4,RUE DE LA VILLE L EVEQUE,0,NULL,1,1,0,1,-1,-1,1,NULL,-1,1,0,1,30
2.021E+11,13,2,2021,13:45:00,1,75,75108,2,2,1,3,RUE DE LA VILLE L EVEQUE,"488,711,620,000","23,216,420,000",2.021E+11,109 602,B01,3,1,0,2,1,5,5,NULL,2.021E+11,145 473,109 601,A01,1,1,1,1,1953,9,1,0,-1,0,0,-1,2.021E+11,4,RUE DE LA VILLE L EVEQUE,0,NULL,1,1,0,1,-1,-1,1,NULL,-1,1,0,1,30
2.021E+11,13,2,2021,13:45:00,1,75,75108,2,2,1,3,RUE DE LA VILLE L EVEQUE,"488,711,620,000","23,216,420,000",2.021E+11,109 602,B01,3,1,0,2,1,5,5,NULL,2.021E+11,145 474,109 602,B01,1,1,4,1,1987,1,8,0,-1,0,0,-1,2.021E+11,4,RUE DE LA VILLE L EVEQUE,0,NULL,1,1,0,1,-1,-1,1,NULL,-1,1,0,1,30
2.021E+11,9,2,2021,14:00:00,1,45,45234,2,1,1,2,Avenue Dauphine,"478,910,454,662","19,047,794,474",2.021E+11,108 738,B01,2,1,0,2,4,2,0,NULL,2.021E+11,144 329,108 738,B01,1,1,3,1,2005,2,8,0,-1,-1,-1,-1,2.021E+11,4,NULL,0,NULL,-1,2,0,1,-1,-1,1,NULL,-1,1,0,1,50
2.021E+11,9,2,2021,14:00:00,1,45,45234,2,1,1,2,Avenue Dauphine,"478,910,454,662","19,047,794,474",2.021E+11,108 738,B01,2,1,0,2,4,2,0,NULL,2.021E+11,144 330,108 739,A01,1,1,1,1,2000,0,1,-1,-1,-1,-1,-1,2.021E+11,4,NULL,0,NULL,-1,2,0,1,-1,-1,1,NULL,-1,1,0,1,50
2.021E+11,6,2,2021,10:40:00,1,66,66136,2,3,1,3,JOFFRE (AVENUE DU MARECHAL CD 88),"427,117,700,000","28,896,400,000",2.021E+11,108 552,B01,0,1,0,2,7,1,5,NULL,2.021E+11,144 076,108 551,A01,1,1,1,2,1940,0,1,8,-1,-1,-1,-1,2.021E+11,4,JOFFRE (AVENUE DU MARECHAL CD 88),0,NULL,2,3,1,1,-1,-1,1,NULL,-1,1,0,5,50
2.021E+11,6,2,2021,10:40:00,1,66,66136,2,3,1,3,JOFFRE (AVENUE DU MARECHAL CD 88),"427,117,700,000","28,896,400,000",2.021E+11,108 552,B01,0,1,0,2,7,1,5,NULL,2.021E+11,144 077,108 552,B01,1,1,4,2,1960,9,8,8,-1,-1,-1,-1,2.021E+11,4,JOFFRE (AVENUE DU MARECHAL CD 88),0,NULL,2,3,1,1,-1,-1,1,NULL,-1,1,0,5,50
2.021E+11,4,2,2021,13:40:00,1,75,75110,2,3,8,6,RUE ALEXANDRE PARODI,"488,797,980,000","23,655,270,000",2.021E+11,107 754,A01,2,1,0,1,7,1,5,NULL,2.021E+11,143 033,107 754,A01,10,3,4,1,2012,2,0,-1,-1,3,5,2,2.021E+11,4,RUE ALEXANDRE PARODI,0,NULL,1,1,0,1,-1,-1,1,NULL,-1,1,0,1,50
2.021E+11,4,2,2021,13:40:00,1,75,75110,2,3,8,6,RUE ALEXANDRE PARODI,"488,797,980,000","23,655,270,000",2.021E+11,107 754,A01,2,1,0,1,7,1,5,NULL,2.021E+11,143 034,107 754,A01,1,1,1,1,1981,5,2,8,-1,0,0,-1,2.021E+11,4,RUE ALEXANDRE PARODI,0,NULL,1,1,0,1,-1,-1,1,NULL,-1,1,0,1,50
2.021E+11,11,1,2021,11:25:00,1,75,75117,2,4,8,3,AVENUE DE WAGRAM,"488,820,390,000","23,010,560,000",2.021E+11,102 585,B01,1,1,0,2,8,1,5,NULL,2.021E+11,136 125,102 585,B01,1,1,4,1,1985,4,8,0,-1,0,0,-1,2.021E+11,4,AVENUE DE WAGRAM,0,NULL,2,2,0,1,-1,-1,1,NULL,-1,1,0,1,50
2.021E+11,11,1,2021,11:25:00,1,75,75117,2,4,8,3,AVENUE DE WAGRAM,"488,820,390,000","23,010,560,000",2.021E+11,102 585,B01,1,1,0,2,8,1,5,NULL,2.021E+11,136 126,102 586,A01,1,1,1,1,1998,4,1,0,-1,0,0,-1,2.021E+11,4,AVENUE DE WAGRAM,0,NULL,2,2,0,1,-1,-1,1,NULL,-1,1,0,1,50
2.021E+11,4,1,2021,19:40:00,5,75,75101,2,4,1,6,AVENUE DE L OPERA,"488,649,640,000","23,347,680,000",2.021E+11,101 292,A01,1,1,0,1,1,1,5,NULL,2.021E+11,134 417,101 292,A01,1,1,1,1,1994,5,8,0,-1,0,0,-1,2.021E+11,4,AVENUE DE L OPERA,0,NULL,2,4,0,1,-1,-1,1,NULL,-1,1,0,1,50
2.021E+11,4,1,2021,19:40:00,5,75,75101,2,4,1,6,AVENUE DE L OPERA,"488,649,640,000","23,347,680,000",2.021E+11,101 292,A01,1,1,0,1,1,1,5,NULL,2.021E+11,134 418,101 292,A01,10,3,4,2,1976,9,0,-1,-1,3,3,1,2.021E+11,4,AVENUE DE L OPERA,0,NULL,2,4,0,1,-1,-1,1,NULL,-1,1,0,1,50
2.021E+11,15,10,2021,10:30:00,1,69,69259,2,1,1,6,CHARLES DE GAULLE (AV),"457,195,400,000","48,884,500,000",2.021E+11,178 465,A01,3,1,4,0,1,1,5,NULL,2.021E+11,236 364,178 465,A01,1,1,3,1,1962,1,0,-1,-1,-1,-1,-1,2.021E+11,7,CHARLES DE GAULLE                   (AV),0,NULL,1,2,0,1,0,300,3,NULL,-1,1,1,1,50
2.021E+11,11,10,2021,08:05:00,1,67,67482,2,1,1,6,CLEMENCEAU (BOULEVARD),"485,918,048,328","77,532,389,760",2.021E+11,177 376,B01,1,1,0,2,3,1,5,NULL,2.021E+11,234 997,177 375,A01,1,1,1,1,1981,4,1,8,-1,-1,-1,-1,2.021E+11,4,CLEMENCEAU (BOULEVARD),0,NULL,3,2,3,1,0,0,1,NULL,-1,1,0,1,50
2.021E+11,11,10,2021,08:05:00,1,67,67482,2,1,1,6,CLEMENCEAU (BOULEVARD),"485,918,048,328","77,532,389,760",2.021E+11,177 376,B01,1,1,0,2,3,1,5,NULL,2.021E+11,234 998,177 376,B01,1,1,3,1,2002,0,8,0,-1,-1,-1,-1,2.021E+11,4,CLEMENCEAU (BOULEVARD),0,NULL,3,2,3,1,0,0,1,NULL,-1,1,0,1,50
2.021E+11,9,10,2021,17:20:00,1,14,14118,2,1,1,3,STIRN (PONT ALEXANDRE),"491,794,200,000"," -0,3490500000",2.021E+11,176 672,B01,1,1,0,2,1,0,5,NULL,2.021E+11,234 108,176 671,A01,1,1,1,1,1969,0,1,0,-1,0,0,-1,2.021E+11,4,STIRN (PONT ALEXANDRE),0,NULL,1,4,1,1,1,0,1,NULL,-1,1,2,8,50
2.021E+11,9,10,2021,17:20:00,1,14,14118,2,1,1,3,STIRN (PONT ALEXANDRE),"491,794,200,000"," -0,3490500000",2.021E+11,176 672,B01,1,1,0,2,1,0,5,NULL,2.021E+11,234 109,176 672,B01,1,1,4,1,2008,5,2,8,-1,0,0,-1,2.021E+11,4,STIRN (PONT ALEXANDRE),0,NULL,1,4,1,1,1,0,1,NULL,-1,1,2,8,50
2.021E+11,15,9,2021,17:10:00,1,56,56121,2,1,1,3,THOREZ (RUE  MAURICE ),"477,399,800,000","-33,935,400,000",2.021E+11,168 844,B01,2,1,0,2,8,25,5,NULL,2.021E+11,223 872,168 843,A01,1,1,1,1,1992,5,8,8,-1,-1,-1,-1,2.021E+11,4,THOREZ (RUE  MAURICE ),0,NULL,-1,0,0,1,-1,-1,1,NULL,-1,1,0,4,30
2.021E+11,15,9,2021,17:10:00,1,56,56121,2,1,1,3,THOREZ (RUE  MAURICE ),"477,399,800,000","-33,935,400,000",2.021E+11,168 843,A01,1,1,0,2,1,25,5,NULL,2.021E+11,223 872,168 843,A01,1,1,1,1,1992,5,8,8,-1,-1,-1,-1,2.021E+11,4,THOREZ (RUE  MAURICE ),0,NULL,-1,0,0,1,-1,-1,1,NULL,-1,1,0,4,30
2.021E+11,15,9,2021,17:10:00,1,56,56121,2,1,1,3,THOREZ (RUE  MAURICE ),"477,399,800,000","-33,935,400,000",2.021E+11,168 844,B01,2,1,0,2,8,25,5,NULL,2.021E+11,223 873,168 844,B01,1,1,4,1,2014,5,2,8,-1,-1,-1,-1,2.021E+11,4,THOREZ (RUE  MAURICE ),0,NULL,-1,0,0,1,-1,-1,1,NULL,-1,1,0,4,30
2.021E+11,15,9,2021,17:10:00,1,56,56121,2,1,1,3,THOREZ (RUE  MAURICE ),"477,399,800,000","-33,935,400,000",2.021E+11,168 843,A01,1,1,0,2,1,25,5,NULL,2.021E+11,223 873,168 844,B01,1,1,4,1,2014,5,2,8,-1,-1,-1,-1,2.021E+11,4,THOREZ (RUE  MAURICE ),0,NULL,-1,0,0,1,-1,-1,1,NULL,-1,1,0,4,30
2.021E+11,15,9,2021,20:40:00,5,75,75114,2,7,8,3,PLACE DENFERT ROCHEREAU,"488,336,970,000","23,319,360,000",2.021E+11,168 376,B01,1,1,0,2,1,1,5,NULL,2.021E+11,223 259,168 376,B01,1,1,4,2,1984,5,2,0,-1,0,0,-1,2.021E+11,4,PLACE DENFERT ROCHEREAU,0,NULL,1,4,0,1,-1,-1,1,NULL,-1,2,0,1,30
2.021E+11,15,9,2021,20:40:00,5,75,75114,2,7,8,3,PLACE DENFERT ROCHEREAU,"488,336,970,000","23,319,360,000",2.021E+11,168 376,B01,1,1,0,2,1,1,5,NULL,2.021E+11,223 260,168 377,A01,1,1,1,1,1993,5,1,0,-1,0,0,-1,2.021E+11,4,PLACE DENFERT ROCHEREAU,0,NULL,1,4,0,1,-1,-1,1,NULL,-1,2,0,1,30
2.021E+11,7,9,2021,19:00:00,1,91,91347,2,1,1,3,RUE DU DOC DARIER,"486,443,700,000","22,976,100,000",2.021E+11,165 476,B01,2,1,0,2,0,19,5,NULL,2.021E+11,219 529,165 475,A01,1,1,1,1,1991,5,1,0,-1,-1,-1,-1,2.021E+11,3,RUE DU DOC DARIER,0,NULL,2,2,1,1,0,0,1,NULL,-1,1,0,1,30
2.021E+11,7,9,2021,19:00:00,1,91,91347,2,1,1,3,RUE DU DOC DARIER,"486,443,700,000","22,976,100,000",2.021E+11,165 476,B01,2,1,0,2,0,19,5,NULL,2.021E+11,219 530,165 475,A01,2,2,1,2,2001,5,1,0,-1,-1,-1,-1,2.021E+11,3,RUE DU DOC DARIER,0,NULL,2,2,1,1,0,0,1,NULL,-1,1,0,1,30
2.021E+11,7,9,2021,19:00:00,1,91,91347,2,1,1,3,RUE DU DOC DARIER,"486,443,700,000","22,976,100,000",2.021E+11,165 476,B01,2,1,0,2,0,19,5,NULL,2.021E+11,219 531,165 476,B01,1,1,4,1,1967,5,8,0,-1,-1,-1,-1,2.021E+11,3,RUE DU DOC DARIER,0,NULL,2,2,1,1,0,0,1,NULL,-1,1,0,1,30
2.021E+11,5,9,2021,10:26:00,1,64,64024,2,3,1,3,115 Avenue de l’Adour,"435,142,000,000","-15,006,700,000",2.021E+11,164 974,A01,1,1,0,2,8,2,5,NULL,2.021E+11,218 878,164 973,B01,1,1,1,2,1938,5,1,0,-1,-1,-1,-1,2.021E+11,4,ADOUR (AVENUE DE L'),0,NULL,2,2,1,1,0,0,1,NULL,-1,1,0,5,50
2.021E+11,5,9,2021,10:26:00,1,64,64024,2,3,1,3,115 Avenue de l’Adour,"435,142,000,000","-15,006,700,000",2.021E+11,164 974,A01,1,1,0,2,8,2,5,NULL,2.021E+11,218 879,164 974,A01,1,1,4,1,1951,5,8,0,-1,-1,-1,-1,2.021E+11,4,ADOUR (AVENUE DE L'),0,NULL,2,2,1,1,0,0,1,NULL,-1,1,0,5,50
2.021E+11,29,8,2021,10:55:00,1,10,10251,1,1,1,7,Montigny-les-Monts,"481,082,050,000","39,515,380,000",2.021E+11,162 316,A01,1,1,0,0,0,0,5,NULL,2.021E+11,215 362,162 316,A01,1,1,2,1,1952,5,2,-1,-1,0,0,-1,2.021E+11,3,1,-1,NULL,2,2,0,3,13,300,3,NULL,4,1,0,3,80
2.021E+11,21,8,2021,15:35:00,1,70,70421,2,3,1,3,17 Rue Gilberte Lavaire,"476,891,610,000","60,424,430,000",2.021E+11,160 190,B01,2,1,0,2,3,15,5,NULL,2.021E+11,212 471,160 189,A01,1,1,1,2,1995,0,1,-1,-1,0,0,-1,2.021E+11,3,19,0,NULL,2,1,0,2,30,500,1,NULL,"3,5",1,0,1,50
2.021E+11,21,8,2021,15:35:00,1,70,70421,2,3,1,3,17 Rue Gilberte Lavaire,"476,891,610,000","60,424,430,000",2.021E+11,160 190,B01,2,1,0,2,3,15,5,NULL,2.021E+11,212 472,160 190,B01,1,1,3,2,1959,5,2,-1,-1,0,0,-1,2.021E+11,3,19,0,NULL,2,1,0,2,30,500,1,NULL,"3,5",1,0,1,50
2.021E+11,19,8,2021,21:25:00,2,33,33529,2,6,1,3,Avenue de l’Ermitage,"446,322,600,000","-12,030,400,000",2.021E+11,159 734,B01,3,1,0,2,7,1,5,NULL,2.021E+11,211 821,159 733,A01,1,1,1,1,1973,0,1,-1,-1,-1,-1,-1,2.021E+11,3,ERMITAGE (AVE DE L'),0,NULL,2,2,0,1,-1,-1,1,NULL,-1,1,0,1,50
2.021E+11,19,8,2021,21:25:00,2,33,33529,2,6,1,3,Avenue de l’Ermitage,"446,322,600,000","-12,030,400,000",2.021E+11,159 734,B01,3,1,0,2,7,1,5,NULL,2.021E+11,211 822,159 734,B01,1,1,4,1,1951,0,0,-1,-1,-1,-1,-1,2.021E+11,3,ERMITAGE (AVE DE L'),0,NULL,2,2,0,1,-1,-1,1,NULL,-1,1,0,1,50
2.021E+11,18,8,2021,11:25:00,1,75,75118,2,3,1,3,RUE DE LA CHAPELLE,"488,964,241,853","23,592,988,802",2.021E+11,159 419,B01,1,1,0,2,0,1,5,NULL,2.021E+11,211 399,159 419,B01,1,1,4,1,1972,9,2,0,-1,0,0,-1,2.021E+11,4,RUE DE LA CHAPELLE,0,NULL,2,4,3,1,-1,-1,1,NULL,-1,1,0,6,50
2.021E+11,18,8,2021,11:25:00,1,75,75118,2,3,1,3,RUE DE LA CHAPELLE,"488,964,241,853","23,592,988,802",2.021E+11,159 419,B01,1,1,0,2,0,1,5,NULL,2.021E+11,211 400,159 420,A01,1,1,1,1,1965,4,1,0,-1,0,0,-1,2.021E+11,4,RUE DE LA CHAPELLE,0,NULL,2,4,3,1,-1,-1,1,NULL,-1,1,0,6,50
2.021E+11,12,8,2021,16:09:00,1,10,10387,2,3,1,3,EMILE ZOLA (RUE),"482,964,600,000","40,749,100,000",2.021E+11,158 241,B01,3,1,0,2,7,25,0,NULL,2.021E+11,209 727,158 240,A01,1,1,1,2,1998,5,1,0,-1,-1,-1,-1,2.021E+11,4,EMILE ZOLA (RUE),0,NULL,1,1,0,1,-1,-1,1,NULL,-1,1,0,1,30
2.021E+11,12,8,2021,16:09:00,1,10,10387,2,3,1,3,EMILE ZOLA (RUE),"482,964,600,000","40,749,100,000",2.021E+11,158 241,B01,3,1,0,2,7,25,0,NULL,2.021E+11,209 728,158 241,B01,1,1,4,1,2004,5,8,0,-1,-1,-1,-1,2.021E+11,4,EMILE ZOLA (RUE),0,NULL,1,1,0,1,-1,-1,1,NULL,-1,1,0,1,30
2.021E+11,9,8,2021,18:15:00,1,38,38547,2,6,1,3,Avenue Robert Huant,"452,642,270,000","59,004,520,000",2.021E+11,157 079,B01,3,1,0,2,1,15,5,NULL,2.021E+11,208 162,157 079,B01,1,1,4,1,2008,5,2,-1,-1,0,0,-1,2.021E+11,3,10,0,NULL,2,2,0,1,-1,-1,2,NULL,4,1,5,1,50
2.021E+11,9,8,2021,18:15:00,1,38,38547,2,6,1,3,Avenue Robert Huant,"452,642,270,000","59,004,520,000",2.021E+11,157 079,B01,3,1,0,2,1,15,5,NULL,2.021E+11,208 163,157 080,A01,1,1,1,1,1997,1,1,-1,-1,0,0,-1,2.021E+11,3,10,0,NULL,2,2,0,1,-1,-1,2,NULL,4,1,5,1,50
2.021E+11,15,7,2021,12:15:00,1,65,65173,1,1,1,5,RD 918,"428,764,830,000","0,0085780000",2.021E+11,150 918,A01,1,1,0,2,0,19,5,NULL,2.021E+11,199 615,150 916,C01,1,1,3,1,1974,5,2,-1,-1,0,0,-1,2.021E+11,3,918,-1,NULL,2,2,0,2,24,0,1,NULL,-1,1,0,1,70
2.021E+11,15,7,2021,12:15:00,1,65,65173,1,1,1,5,RD 918,"428,764,830,000","0,0085780000",2.021E+11,150 917,B01,2,1,0,2,1,1,5,NULL,2.021E+11,199 615,150 916,C01,1,1,3,1,1974,5,2,-1,-1,0,0,-1,2.021E+11,3,918,-1,NULL,2,2,0,2,24,0,1,NULL,-1,1,0,1,70
2.021E+11,15,7,2021,12:15:00,1,65,65173,1,1,1,5,RD 918,"428,764,830,000","0,0085780000",2.021E+11,150 916,C01,2,1,0,2,1,1,5,NULL,2.021E+11,199 615,150 916,C01,1,1,3,1,1974,5,2,-1,-1,0,0,-1,2.021E+11,3,918,-1,NULL,2,2,0,2,24,0,1,NULL,-1,1,0,1,70
2.021E+11,15,7,2021,12:15:00,1,65,65173,1,1,1,5,RD 918,"428,764,830,000","0,0085780000",2.021E+11,150 918,A01,1,1,0,2,0,19,5,NULL,2.021E+11,199 616,150 917,B01,1,1,4,1,1974,5,2,-1,-1,0,0,-1,2.021E+11,3,918,-1,NULL,2,2,0,2,24,0,1,NULL,-1,1,0,1,70
2.021E+11,15,7,2021,12:15:00,1,65,65173,1,1,1,5,RD 918,"428,764,830,000","0,0085780000",2.021E+11,150 917,B01,2,1,0,2,1,1,5,NULL,2.021E+11,199 616,150 917,B01,1,1,4,1,1974,5,2,-1,-1,0,0,-1,2.021E+11,3,918,-1,NULL,2,2,0,2,24,0,1,NULL,-1,1,0,1,70
2.021E+11,15,7,2021,12:15:00,1,65,65173,1,1,1,5,RD 918,"428,764,830,000","0,0085780000",2.021E+11,150 916,C01,2,1,0,2,1,1,5,NULL,2.021E+11,199 616,150 917,B01,1,1,4,1,1974,5,2,-1,-1,0,0,-1,2.021E+11,3,918,-1,NULL,2,2,0,2,24,0,1,NULL,-1,1,0,1,70
2.021E+11,15,7,2021,12:15:00,1,65,65173,1,1,1,5,RD 918,"428,764,830,000","0,0085780000",2.021E+11,150 918,A01,1,1,0,2,0,19,5,NULL,2.021E+11,199 617,150 918,A01,1,1,4,1,1983,5,2,-1,-1,0,0,-1,2.021E+11,3,918,-1,NULL,2,2,0,2,24,0,1,NULL,-1,1,0,1,70
2.021E+11,15,7,2021,12:15:00,1,65,65173,1,1,1,5,RD 918,"428,764,830,000","0,0085780000",2.021E+11,150 917,B01,2,1,0,2,1,1,5,NULL,2.021E+11,199 617,150 918,A01,1,1,4,1,1983,5,2,-1,-1,0,0,-1,2.021E+11,3,918,-1,NULL,2,2,0,2,24,0,1,NULL,-1,1,0,1,70
2.021E+11,15,7,2021,12:15:00,1,65,65173,1,1,1,5,RD 918,"428,764,830,000","0,0085780000",2.021E+11,150 916,C01,2,1,0,2,1,1,5,NULL,2.021E+11,199 617,150 918,A01,1,1,4,1,1983,5,2,-1,-1,0,0,-1,2.021E+11,3,918,-1,NULL,2,2,0,2,24,0,1,NULL,-1,1,0,1,70
2.021E+11,10,5,2021,08:40:00,1,91,91027,2,1,8,6,AV HENRI DUNANT,"487,134,300,000","23,959,500,000",2.021E+11,149 783,Z01,1,1,0,1,4,25,6,NULL,2.021E+11,198 038,149 783,Z01,1,1,1,-1,NULL,-1,-1,-1,-1,-1,-1,-1,2.021E+11,3,AV HENRI DUNANT,0,NULL,1,0,2,1,0,0,1,NULL,-1,1,6,5,50
2.021E+11,10,5,2021,08:40:00,1,91,91027,2,1,8,6,AV HENRI DUNANT,"487,134,300,000","23,959,500,000",2.021E+11,149 783,Z01,1,1,0,1,4,25,6,NULL,2.021E+11,198 039,149 783,Z01,10,3,4,1,2012,2,0,-1,-1,5,3,1,2.021E+11,3,AV HENRI DUNANT,0,NULL,1,0,2,1,0,0,1,NULL,-1,1,6,5,50
2.021E+11,2,7,2021,18:30:00,1,19,19274,1,3,2,3,La Mouillade,"451,924,165,796","14,868,854,932",2.021E+11,146 556,B01,2,1,0,2,7,15,5,NULL,2.021E+11,193 617,146 556,B01,1,1,3,1,1980,5,2,-1,-1,0,0,-1,2.021E+11,3,170,0,E,2,2,0,1,0,875,1,NULL,-1,2,0,1,90
2.021E+11,2,7,2021,18:30:00,1,19,19274,1,3,2,3,La Mouillade,"451,924,165,796","14,868,854,932",2.021E+11,146 556,B01,2,1,0,2,7,15,5,NULL,2.021E+11,193 618,146 557,A01,1,1,1,2,1998,0,1,-1,-1,0,0,-1,2.021E+11,3,170,0,E,2,2,0,1,0,875,1,NULL,-1,2,0,1,90
2.021E+11,23,6,2021,19:15:00,1,78,78267,2,1,1,2,RUE GABRIEL PERI,"489,829,300,000","18,104,200,000",2.021E+11,144 115,B01,3,1,0,0,0,1,0,NULL,2.021E+11,190 301,144 115,B01,1,1,3,1,2007,5,2,0,-1,-1,-1,-1,2.021E+11,4,NULL,0,NULL,2,2,0,1,-1,-1,1,NULL,-1,1,0,1,50
2.021E+11,23,6,2021,19:15:00,1,78,78267,2,1,1,2,RUE GABRIEL PERI,"489,829,300,000","18,104,200,000",2.021E+11,144 115,B01,3,1,0,0,0,1,0,NULL,2.021E+11,190 302,144 116,A01,1,1,1,-1,NULL,-1,-1,-1,-1,-1,-1,-1,2.021E+11,4,NULL,0,NULL,2,2,0,1,-1,-1,1,NULL,-1,1,0,1,50
2.021E+11,16,6,2021,10:15:00,1,68,68066,2,1,1,3,4IEME BATAILLON DU CHASSEURS A PIED,"480,819,500,000","73,550,600,000",2.021E+11,143 060,B01,1,1,0,2,2,1,5,NULL,2.021E+11,188 964,143 059,A01,1,1,1,2,1968,0,1,0,-1,-1,-1,-1,2.021E+11,3,4IEME BATAILLON DU CHASSEURS A PIED,0,NULL,2,2,0,1,1,0,1,NULL,-1,1,0,1,30
2.021E+11,16,6,2021,10:15:00,1,68,68066,2,1,1,3,4IEME BATAILLON DU CHASSEURS A PIED,"480,819,500,000","73,550,600,000",2.021E+11,143 060,B01,1,1,0,2,2,1,5,NULL,2.021E+11,188 965,143 060,B01,1,1,4,1,1939,0,8,0,-1,-1,-1,-1,2.021E+11,3,4IEME BATAILLON DU CHASSEURS A PIED,0,NULL,2,2,0,1,1,0,1,NULL,-1,1,0,1,30
2.021E+11,14,6,2021,12:30:00,1,75,75116,2,1,1,2,ROUTE DES TRIBUNES,"488,604,940,000","22,297,510,000",2.021E+11,140 987,B01,3,1,0,2,1,1,5,NULL,2.021E+11,186 240,140 987,B01,1,1,2,1,1963,5,2,0,-1,0,0,-1,2.021E+11,4,ROUTE DES TRIBUNES,0,NULL,2,3,2,1,-1,-1,3,NULL,-1,1,0,1,30
2.021E+11,14,6,2021,12:30:00,1,75,75116,2,1,1,2,ROUTE DES TRIBUNES,"488,604,940,000","22,297,510,000",2.021E+11,140 987,B01,3,1,0,2,1,1,5,NULL,2.021E+11,186 241,140 988,A01,1,1,1,1,1984,4,1,0,-1,0,0,-1,2.021E+11,4,ROUTE DES TRIBUNES,0,NULL,2,3,2,1,-1,-1,3,NULL,-1,1,0,1,30
2.021E+11,16,6,2021,12:20:00,1,75,75116,2,1,1,3,RUE DE LONGCHAMP,"488,680,240,000","22,758,580,000",2.021E+11,140 823,A01,1,1,0,2,8,1,5,NULL,2.021E+11,186 011,140 822,Z01,1,1,1,1,1979,9,1,0,-1,0,0,-1,2.021E+11,4,RUE DE LONGCHAMP,0,NULL,2,2,0,1,-1,-1,1,NULL,-1,1,0,1,50
2.021E+11,16,6,2021,12:20:00,1,75,75116,2,1,1,3,RUE DE LONGCHAMP,"488,680,240,000","22,758,580,000",2.021E+11,140 823,A01,1,1,0,2,8,1,5,NULL,2.021E+11,186 012,140 823,A01,1,1,4,1,1957,5,2,0,-1,0,0,-1,2.021E+11,4,RUE DE LONGCHAMP,0,NULL,2,2,0,1,-1,-1,1,NULL,-1,1,0,1,50
2.021E+11,15,6,2021,14:30:00,1,65,65470,1,3,1,3,Route d Argeles,"430,625,257,868"," -0,0429609418",2.021E+11,140 100,B01,2,1,0,2,1,1,5,NULL,2.021E+11,185 096,140 099,A01,1,1,1,1,1945,5,1,-1,-1,0,0,-1,2.021E+11,3,921,2,B,2,2,0,4,-1,-1,1,NULL,-1,1,0,1,80