Num_Acc,jour,mois,an,hrmn,lum,dep,com,agg,int,atm,col,adr,lat,long,Num_Acc,id_vehicule,num_veh,senc,catv,obs,obsm,choc,manv,motor,occutc,Num_Acc,id_usager,id_vehicule,num_veh,place,catu,grav,sexe,an_nais,trajet,secu1,secu2,secu3,locp,actp,etatp,Num_Acc,catr,voie,v1,v2,circ,nbv,vosp,prof,pr,pr1,plan,lartpc,larrout,surf,infra,situ,vma
2.021E+11,15,6,2021,14:30:00,1,65,65470,1,3,1,3,Route d Argeles,"430,625,257,868"," -0,0429609418",2.021E+11,140 100,B01,2,1,0,2,1,1,5,NULL,2.021E+11,185 097,140 100,B01,1,1,2,1,1955,5,2,-1,-1,0,0,-1,2.021E+11,3,921,2,B,2,2,0,4,-1,-1,1,NULL,-1,1,0,1,80
2.021E+11,13,6,2021,22:30:00,3,71,71398,1,1,1,1,route de chalon,"467,558,825,327","49,558,815,832",2.021E+11,139 784,B01,1,1,0,2,0,1,5,NULL,2.021E+11,184 681,139 784,B01,1,1,3,1,1992,5,0,-1,-1,0,0,-1,2.021E+11,3,123,0,NULL,2,2,0,1,4,50,1,NULL,-1,1,0,1,80
2.021E+11,13,6,2021,22:30:00,3,71,71398,1,1,1,1,route de chalon,"467,558,825,327","49,558,815,832",2.021E+11,139 784,B01,1,1,0,2,0,1,5,NULL,2.021E+11,184 682,139 785,A01,1,1,1,1,1978,5,1,-1,-1,0,0,-1,2.021E+11,3,123,0,NULL,2,2,0,1,4,50,1,NULL,-1,1,0,1,80
2.021E+11,5,6,2021,20:38:00,2,76,76351,2,1,1,6,ALBERT 1ER,"494,970,641,698","0,0925831497",2.021E+11,137 542,A01,1,1,0,1,4,1,5,NULL,2.021E+11,181 745,137 542,A01,1,1,1,-1,NULL,-1,8,-1,-1,-1,-1,-1,2.021E+11,4,ALBERT 1ER,0,NULL,3,4,0,1,0,0,1,NULL,-1,1,0,4,50
2.021E+11,5,6,2021,20:38:00,2,76,76351,2,1,1,6,ALBERT 1ER,"494,970,641,698","0,0925831497",2.021E+11,137 542,A01,1,1,0,1,4,1,5,NULL,2.021E+11,181 746,137 542,A01,10,3,4,2,2018,5,0,-1,-1,5,1,2,2.021E+11,4,ALBERT 1ER,0,NULL,3,4,0,1,0,0,1,NULL,-1,1,0,4,50
2.021E+11,5,6,2021,16:45:00,1,76,76195,1,1,1,7,D479,"497,925,700,000","0,5567500000",2.021E+11,137 359,A01,1,1,0,0,0,1,5,NULL,2.021E+11,181 522,137 359,A01,1,1,3,1,1958,5,0,-1,-1,0,0,-1,2.021E+11,3,rd479,-1,NULL,2,2,0,2,3,200,4,NULL,-1,1,0,1,80
2.021E+11,31,5,2021,12:35:00,1,24,24150,1,1,1,1,Les Barges,"447,426,400,000","11,877,190,000",2.021E+11,137 051,A01,3,1,0,2,0,1,5,NULL,2.021E+11,181 112,137 051,A01,1,1,3,1,2001,5,2,-1,-1,0,0,-1,2.021E+11,4,NULL,0,NULL,2,2,0,1,-1,-1,3,NULL,-1,1,0,1,80
2.021E+11,31,5,2021,12:35:00,1,24,24150,1,1,1,1,Les Barges,"447,426,400,000","11,877,190,000",2.021E+11,137 051,A01,3,1,0,2,0,1,5,NULL,2.021E+11,181 113,137 052,B01,1,1,1,1,1989,5,1,-1,-1,0,0,-1,2.021E+11,4,NULL,0,NULL,2,2,0,1,-1,-1,3,NULL,-1,1,0,1,80
2.021E+11,3,6,2021,18:00:00,1,67,67482,2,1,1,3,MONTAGNE VERTE (RUE DE LA),"485,699,280,000","77,275,360,000",2.021E+11,136 642,A01,1,1,0,2,0,19,5,NULL,2.021E+11,180 551,136 642,A01,1,1,4,2,1982,1,8,0,-1,-1,-1,-1,2.021E+11,4,MONTAGNE VERTE (RUE DE LA),0,NULL,1,1,0,1,0,0,3,NULL,-1,1,0,1,500
2.021E+11,3,6,2021,18:00:00,1,67,67482,2,1,1,3,MONTAGNE VERTE (RUE DE LA),"485,699,280,000","77,275,360,000",2.021E+11,136 642,A01,1,1,0,2,0,19,5,NULL,2.021E+11,180 552,136 643,Z01,1,1,1,-1,NULL,-1,-1,-1,-1,-1,-1,-1,2.021E+11,4,MONTAGNE VERTE (RUE DE LA),0,NULL,1,1,0,1,0,0,3,NULL,-1,1,0,1,500
2.021E+11,18,5,2021,16:15:00,1,13,13207,2,1,1,3,Corniche John Fitzgérald Kennedy,"432,765,910,000","53,579,750,000",2.021E+11,131 069,B01,2,1,0,2,8,0,5,NULL,2.021E+11,173 283,131 069,B01,1,1,4,1,1990,5,8,0,-1,-1,-1,-1,2.021E+11,4,Corniche John Fitzgérald Kennedy,0,NULL,2,4,0,1,-1,-1,1,NULL,-1,1,0,1,50
2.021E+11,18,5,2021,16:15:00,1,13,13207,2,1,1,3,Corniche John Fitzgérald Kennedy,"432,765,910,000","53,579,750,000",2.021E+11,131 069,B01,2,1,0,2,8,0,5,NULL,2.021E+11,173 284,131 070,A01,1,1,1,1,1948,5,2,8,-1,-1,-1,-1,2.021E+11,4,Corniche John Fitzgérald Kennedy,0,NULL,2,4,0,1,-1,-1,1,NULL,-1,1,0,1,50
2.021E+11,12,5,2021,18:40:00,1,67,67482,2,3,1,3,LIEPVRE (RUE DE),"485,714,934,159","77,701,325,984",2.021E+11,130 219,A01,1,1,0,2,0,19,5,NULL,2.021E+11,172 141,130 218,B01,1,1,1,2,1999,0,1,8,-1,-1,-1,-1,2.021E+11,4,LIEPVRE (RUE DE),0,NULL,2,3,1,1,0,0,1,NULL,-1,1,0,1,50
2.021E+11,12,5,2021,18:40:00,1,67,67482,2,3,1,3,LIEPVRE (RUE DE),"485,714,934,159","77,701,325,984",2.021E+11,130 219,A01,1,1,0,2,0,19,5,NULL,2.021E+11,172 142,130 219,A01,1,1,4,1,2001,0,8,0,-1,-1,-1,-1,2.021E+11,4,LIEPVRE (RUE DE),0,NULL,2,3,1,1,0,0,1,NULL,-1,1,0,1,50
2.021E+11,10,5,2021,11:00:00,1,75,75120,2,1,1,3,AVENUE DU PROFESSEUR ANDRE LEMIERE,"488,551,680,000","24,152,260,000",2.021E+11,129 207,B01,1,1,0,2,8,1,5,NULL,2.021E+11,170 804,129 206,A01,1,1,4,1,1987,9,2,6,-1,0,0,-1,2.021E+11,4,AVENUE DU PROFESSEUR ANDRE LEMIERE,0,NULL,2,2,0,1,-1,-1,1,NULL,-1,1,0,1,50
2.021E+11,10,5,2021,11:00:00,1,75,75120,2,1,1,3,AVENUE DU PROFESSEUR ANDRE LEMIERE,"488,551,680,000","24,152,260,000",2.021E+11,129 207,B01,1,1,0,2,8,1,5,NULL,2.021E+11,170 805,129 207,B01,1,1,4,1,1972,9,2,0,-1,0,0,-1,2.021E+11,4,AVENUE DU PROFESSEUR ANDRE LEMIERE,0,NULL,2,2,0,1,-1,-1,1,NULL,-1,1,0,1,50
2.021E+11,6,5,2021,14:23:00,1,6,6161,2,1,1,1,Boulevard des Italiens,"436,401,790,000","71,402,440,000",2.021E+11,128 003,B01,0,1,0,9,1,1,5,NULL,2.021E+11,169 198,128 002,A01,1,1,1,1,1967,5,0,-1,-1,0,0,-1,2.021E+11,3,NULL,-1,NULL,2,2,1,1,30,25,1,NULL,4,1,0,5,15
2.021E+11,6,5,2021,14:23:00,1,6,6161,2,1,1,1,Boulevard des Italiens,"436,401,790,000","71,402,440,000",2.021E+11,128 002,A01,0,1,0,9,1,15,5,NULL,2.021E+11,169 198,128 002,A01,1,1,1,1,1967,5,0,-1,-1,0,0,-1,2.021E+11,3,NULL,-1,NULL,2,2,1,1,30,25,1,NULL,4,1,0,5,15
2.021E+11,6,5,2021,14:23:00,1,6,6161,2,1,1,1,Boulevard des Italiens,"436,401,790,000","71,402,440,000",2.021E+11,128 003,B01,0,1,0,9,1,1,5,NULL,2.021E+11,169 199,128 003,B01,1,1,4,2,1970,5,2,-1,-1,0,0,-1,2.021E+11,3,NULL,-1,NULL,2,2,1,1,30,25,1,NULL,4,1,0,5,15
2.021E+11,6,5,2021,14:23:00,1,6,6161,2,1,1,1,Boulevard des Italiens,"436,401,790,000","71,402,440,000",2.021E+11,128 002,A01,0,1,0,9,1,15,5,NULL,2.021E+11,169 199,128 003,B01,1,1,4,2,1970,5,2,-1,-1,0,0,-1,2.021E+11,3,NULL,-1,NULL,2,2,1,1,30,25,1,NULL,4,1,0,5,15
2.021E+11,5,5,2021,09:00:00,1,93,93055,2,1,1,6,ANATOLE FRANCE (AVENUE),"488,923,360,000","24,235,700,000",2.021E+11,127 727,A01,2,1,0,1,1,1,5,NULL,2.021E+11,168 850,127 727,A01,2,1,4,1,1988,1,2,0,-1,-1,-1,-1,2.021E+11,3,ANATOLE FRANCE (AVENUE),0,NULL,2,2,0,2,0,0,1,NULL,-1,1,0,1,50
2.021E+11,5,5,2021,09:00:00,1,93,93055,2,1,1,6,ANATOLE FRANCE (AVENUE),"488,923,360,000","24,235,700,000",2.021E+11,127 727,A01,2,1,0,1,1,1,5,NULL,2.021E+11,168 851,127 727,A01,10,3,4,2,1954,0,0,-1,-1,3,3,1,2.021E+11,3,ANATOLE FRANCE (AVENUE),0,NULL,2,2,0,2,0,0,1,NULL,-1,1,0,1,50
2.021E+11,27,4,2021,11:55:00,1,5,5127,1,1,1,7,D3,"444,861,760,000","62,734,350,000",2.021E+11,125 592,A01,1,1,0,0,7,2,5,NULL,2.021E+11,166 107,125 592,A01,1,1,4,1,1958,5,2,-1,-1,0,0,-1,2.021E+11,3,3,0,D,2,2,0,2,10,5,2,NULL,-1,1,0,1,70
2.021E+11,23,4,2021,18:00:00,1,84,84065,1,6,1,3,D973,"437,456,150,000","53,072,660,000",2.021E+11,125 570,B01,2,1,0,2,7,1,5,NULL,2.021E+11,166 081,125 569,A01,1,1,1,1,1937,5,1,-1,-1,0,0,-1,2.021E+11,3,973,-1,NULL,1,1,0,1,35,630,2,NULL,-1,1,5,1,70
2.021E+11,23,4,2021,18:00:00,1,84,84065,1,6,1,3,D973,"437,456,150,000","53,072,660,000",2.021E+11,125 570,B01,2,1,0,2,7,1,5,NULL,2.021E+11,166 082,125 570,B01,1,1,4,1,1947,5,0,-1,-1,0,0,-1,2.021E+11,3,973,-1,NULL,1,1,0,1,35,630,2,NULL,-1,1,5,1,70
2.021E+11,14,3,2021,10:50:00,1,84,84122,1,1,6,1,Route de Peycard,"440,970,480,000","49,453,820,000",2.021E+11,123 746,C01,3,1,0,2,3,1,5,NULL,2.021E+11,163 713,123 744,A01,1,1,4,1,2000,5,2,-1,-1,0,0,-1,2.021E+11,3,NULL,-1,NULL,2,2,0,1,-1,-1,2,NULL,-1,1,0,1,80
2.021E+11,14,3,2021,10:50:00,1,84,84122,1,1,6,1,Route de Peycard,"440,970,480,000","49,453,820,000",2.021E+11,123 745,B01,3,1,0,2,3,1,5,NULL,2.021E+11,163 713,123 744,A01,1,1,4,1,2000,5,2,-1,-1,0,0,-1,2.021E+11,3,NULL,-1,NULL,2,2,0,1,-1,-1,2,NULL,-1,1,0,1,80
2.021E+11,14,3,2021,10:50:00,1,84,84122,1,1,6,1,Route de Peycard,"440,970,480,000","49,453,820,000",2.021E+11,123 746,C01,3,1,0,2,3,1,5,NULL,2.021E+11,163 714,123 745,B01,1,1,3,1,1968,5,0,-1,-1,0,0,-1,2.021E+11,3,NULL,-1,NULL,2,2,0,1,-1,-1,2,NULL,-1,1,0,1,80
2.021E+11,14,3,2021,10:50:00,1,84,84122,1,1,6,1,Route de Peycard,"440,970,480,000","49,453,820,000",2.021E+11,123 745,B01,3,1,0,2,3,1,5,NULL,2.021E+11,163 714,123 745,B01,1,1,3,1,1968,5,0,-1,-1,0,0,-1,2.021E+11,3,NULL,-1,NULL,2,2,0,1,-1,-1,2,NULL,-1,1,0,1,80
2.021E+11,14,3,2021,10:50:00,1,84,84122,1,1,6,1,Route de Peycard,"440,970,480,000","49,453,820,000",2.021E+11,123 746,C01,3,1,0,2,3,1,5,NULL,2.021E+11,163 715,123 746,C01,1,1,1,1,1971,5,2,-1,-1,0,0,-1,2.021E+11,3,NULL,-1,NULL,2,2,0,1,-1,-1,2,NULL,-1,1,0,1,80
2.021E+11,14,3,2021,10:50:00,1,84,84122,1,1,6,1,Route de Peycard,"440,970,480,000","49,453,820,000",2.021E+11,123 745,B01,3,1,0,2,3,1,5,NULL,2.021E+11,163 715,123 746,C01,1,1,1,1,1971,5,2,-1,-1,0,0,-1,2.021E+11,3,NULL,-1,NULL,2,2,0,1,-1,-1,2,NULL,-1,1,0,1,80
2.021E+11,15,4,2021,17:40:00,1,84,84087,2,3,1,1,CHENES VERTS (RUE DES),"441,201,800,000","48,270,100,000",2.021E+11,123 265,B01,1,1,6,2,8,19,0,NULL,2.021E+11,163 105,123 264,A01,1,1,1,1,1980,9,1,0,-1,-1,-1,-1,2.021E+11,4,CHENES VERTS (RUE DES),0,NULL,2,2,0,1,0,0,1,NULL,-1,1,0,1,50
2.021E+11,15,4,2021,17:40:00,1,84,84087,2,3,1,1,CHENES VERTS (RUE DES),"441,201,800,000","48,270,100,000",2.021E+11,123 265,B01,1,1,6,2,8,19,0,NULL,2.021E+11,163 106,123 265,B01,1,1,4,2,2011,5,8,0,-1,-1,-1,-1,2.021E+11,4,CHENES VERTS (RUE DES),0,NULL,2,2,0,1,0,0,1,NULL,-1,1,0,1,50
2.021E+11,29,3,2021,17:50:00,1,75,75114,2,7,1,3,RUE DU FAUBOURG SAINT JACQUES,"488,335,720,000","23,363,210,000",2.021E+11,119 568,A01,1,1,0,2,3,15,5,NULL,2.021E+11,158 261,119 568,A01,1,1,4,1,1962,1,8,0,-1,0,0,-1,2.021E+11,4,RUE DU FAUBOURG SAINT JACQUES,0,NULL,2,5,0,1,-1,-1,1,NULL,-1,1,0,1,50
2.021E+11,29,3,2021,17:50:00,1,75,75114,2,7,1,3,RUE DU FAUBOURG SAINT JACQUES,"488,335,720,000","23,363,210,000",2.021E+11,119 568,A01,1,1,0,2,3,15,5,NULL,2.021E+11,158 262,119 569,B01,1,1,1,2,1930,5,1,0,-1,0,0,-1,2.021E+11,4,RUE DU FAUBOURG SAINT JACQUES,0,NULL,2,5,0,1,-1,-1,1,NULL,-1,1,0,1,50
2.021E+11,25,3,2021,11:15:00,1,75,75102,2,3,8,6,RUE VIVIENNE,"488,693,530,000","23,403,310,000",2.021E+11,118 854,A01,1,1,0,1,1,1,5,NULL,2.021E+11,157 334,118 854,A01,10,3,4,2,1984,5,0,-1,-1,2,3,1,2.021E+11,4,RUE VIVIENNE,0,NULL,2,2,1,1,-1,-1,1,NULL,-1,1,-1,5,30
2.021E+11,25,3,2021,11:15:00,1,75,75102,2,3,8,6,RUE VIVIENNE,"488,693,530,000","23,403,310,000",2.021E+11,118 854,A01,1,1,0,1,1,1,5,NULL,2.021E+11,157 335,118 854,A01,1,1,1,1,1989,5,2,0,-1,0,0,-1,2.021E+11,4,RUE VIVIENNE,0,NULL,2,2,1,1,-1,-1,1,NULL,-1,1,-1,5,30
2.021E+11,23,3,2021,08:00:00,1,75,75119,2,2,8,7,BOULEVARD SERURIER,"488,788,510,000","24,018,860,000",2.021E+11,117 856,A01,1,1,0,0,0,21,5,NULL,2.021E+11,156 096,117 856,A01,1,1,4,1,2004,9,8,0,-1,0,0,-1,2.021E+11,4,BOULEVARD SERURIER,0,NULL,1,2,0,2,-1,-1,3,NULL,-1,1,0,1,50
2.021E+11,6,3,2021,13:48:00,1,17,17300,2,1,1,3,NORMANDIN   RUE EMILE,"461,433,000,000","-11,414,400,000",2.021E+11,114 258,Z01,3,1,0,2,9,2,0,NULL,2.021E+11,151 467,114 258,Z01,1,1,4,1,1999,5,8,0,-1,-1,-1,-1,2.021E+11,4,NORMANDIN   RUE EMILE,0,NULL,-1,2,2,1,-1,-1,1,NULL,-1,1,0,5,50
2.021E+11,6,3,2021,13:48:00,1,17,17300,2,1,1,3,NORMANDIN   RUE EMILE,"461,433,000,000","-11,414,400,000",2.021E+11,114 258,Z01,3,1,0,2,9,2,0,NULL,2.021E+11,151 468,114 259,A01,1,1,1,2,1952,5,1,0,-1,-1,-1,-1,2.021E+11,4,NORMANDIN   RUE EMILE,0,NULL,-1,2,2,1,-1,-1,1,NULL,-1,1,0,5,50
2.021E+11,2,3,2021,14:10:00,1,68,68224,2,3,1,3,LOTI (RUE PIERRE),"477,336,600,000","73,016,900,000",2.021E+11,113 301,B01,0,1,0,2,8,1,5,NULL,2.021E+11,150 228,113 301,B01,1,1,4,1,1957,5,8,0,-1,-1,-1,-1,2.021E+11,4,LOTI (RUE PIERRE),0,NULL,2,2,1,1,-1,-1,1,NULL,-1,1,0,1,50
2.021E+11,2,3,2021,14:10:00,1,68,68224,2,3,1,3,LOTI (RUE PIERRE),"477,336,600,000","73,016,900,000",2.021E+11,113 301,B01,0,1,0,2,8,1,5,NULL,2.021E+11,150 229,113 302,A01,1,1,1,1,1974,1,1,8,-1,-1,-1,-1,2.021E+11,4,LOTI (RUE PIERRE),0,NULL,2,2,1,1,-1,-1,1,NULL,-1,1,0,1,50
2.021E+11,26,2,2021,11:20:00,1,67,67482,2,8,1,2,DIVISION LECLERC (RUE DE LA),"485,799,200,000","77,476,800,000",2.021E+11,113 042,B01,1,1,0,2,1,2,5,NULL,2.021E+11,149 917,113 042,B01,1,1,4,2,1994,0,8,0,-1,-1,-1,-1,2.021E+11,4,DIVISION LECLERC (RUE DE LA),0,NULL,3,4,1,2,-1,-1,1,NULL,-1,1,4,1,50
2.021E+11,26,2,2021,11:20:00,1,67,67482,2,8,1,2,DIVISION LECLERC (RUE DE LA),"485,799,200,000","77,476,800,000",2.021E+11,113 042,B01,1,1,0,2,1,2,5,NULL,2.021E+11,149 918,113 043,A01,1,1,1,1,1988,0,1,8,-1,-1,-1,-1,2.021E+11,4,DIVISION LECLERC (RUE DE LA),0,NULL,3,4,1,2,-1,-1,1,NULL,-1,1,4,1,50
2.021E+11,10,2,2021,10:45:00,1,6,6023,1,1,1,2,Route de l'Aigara,"439,474,430,000","75,187,680,000",2.021E+11,108 642,B01,1,1,0,0,4,2,5,NULL,2.021E+11,144 202,108 641,A01,1,1,1,1,2000,5,1,0,0,0,0,-1,2.021E+11,3,6204,0,NULL,2,2,0,1,9,472,1,NULL,-1,1,0,1,50
2.021E+11,10,2,2021,10:45:00,1,6,6023,1,1,1,2,Route de l'Aigara,"439,474,430,000","75,187,680,000",2.021E+11,108 642,B01,1,1,0,0,4,2,5,NULL,2.021E+11,144 203,108 642,B01,1,1,4,1,1954,5,2,6,9,0,0,-1,2.021E+11,3,6204,0,NULL,2,2,0,1,9,472,1,NULL,-1,1,0,1,50
2.021E+11,28,1,2021,11:05:00,1,94,94022,2,2,2,3,ALLIES (BD DES),"487,662,400,000","24,045,100,000",2.021E+11,106 528,A01,2,1,0,2,1,25,5,NULL,2.021E+11,141 452,106 528,A01,1,1,4,1,1993,0,8,0,-1,-1,-1,-1,2.021E+11,3,ALLIES (BD DES),0,NULL,1,2,1,1,0,1,1,NULL,-1,2,9,1,50
2.021E+11,28,1,2021,11:05:00,1,94,94022,2,2,2,3,ALLIES (BD DES),"487,662,400,000","24,045,100,000",2.021E+11,106 528,A01,2,1,0,2,1,25,5,NULL,2.021E+11,141 453,106 529,B01,1,1,1,1,1971,0,1,0,-1,-1,-1,-1,2.021E+11,3,ALLIES (BD DES),0,NULL,1,2,1,1,0,1,1,NULL,-1,2,9,1,50
2.021E+11,14,1,2021,19:16:00,5,75,75108,2,7,2,6,PLACE GABRIEL PERI,"488,752,520,000","23,242,730,000",2.021E+11,103 633,A01,2,1,0,1,1,1,5,NULL,2.021E+11,137 521,103 633,A01,1,1,1,1,1983,1,2,8,-1,0,0,-1,2.021E+11,4,PLACE GABRIEL PERI,0,NULL,2,4,3,1,-1,-1,1,NULL,-1,2,0,1,50
2.021E+11,14,1,2021,19:16:00,5,75,75108,2,7,2,6,PLACE GABRIEL PERI,"488,752,520,000","23,242,730,000",2.021E+11,103 633,A01,2,1,0,1,1,1,5,NULL,2.021E+11,137 522,103 633,A01,10,3,4,2,1959,9,0,-1,-1,4,3,1,2.021E+11,4,PLACE GABRIEL PERI,0,NULL,2,4,3,1,-1,-1,1,NULL,-1,2,0,1,50
2.021E+11,23,10,2021,17:15:00,1,75,75104,2,4,1,1,QUAI HENRI IV,"488,471,200,000","23,649,740,000",2.021E+11,181 634,A01,1,1,0,2,1,1,5,NULL,2.021E+11,240 555,181 633,Z01,1,1,1,-1,NULL,-1,-1,-1,-1,-1,-1,-1,2.021E+11,4,QUAI HENRI IV,0,NULL,2,0,1,1,-1,-1,1,NULL,-1,1,0,5,30
2.021E+11,23,10,2021,17:15:00,1,75,75104,2,4,1,1,QUAI HENRI IV,"488,471,200,000","23,649,740,000",2.021E+11,181 633,Z01,2,1,0,2,0,13,5,NULL,2.021E+11,240 555,181 633,Z01,1,1,1,-1,NULL,-1,-1,-1,-1,-1,-1,-1,2.021E+11,4,QUAI HENRI IV,0,NULL,2,0,1,1,-1,-1,1,NULL,-1,1,0,5,30
2.021E+11,23,10,2021,17:15:00,1,75,75104,2,4,1,1,QUAI HENRI IV,"488,471,200,000","23,649,740,000",2.021E+11,181 634,A01,1,1,0,2,1,1,5,NULL,2.021E+11,240 556,181 634,A01,1,1,4,2,1972,9,2,0,-1,0,0,-1,2.021E+11,4,QUAI HENRI IV,0,NULL,2,0,1,1,-1,-1,1,NULL,-1,1,0,5,30
2.021E+11,23,10,2021,17:15:00,1,75,75104,2,4,1,1,QUAI HENRI IV,"488,471,200,000","23,649,740,000",2.021E+11,181 633,Z01,2,1,0,2,0,13,5,NULL,2.021E+11,240 556,181 634,A01,1,1,4,2,1972,9,2,0,-1,0,0,-1,2.021E+11,4,QUAI HENRI IV,0,NULL,2,0,1,1,-1,-1,1,NULL,-1,1,0,5,30
2.021E+11,29,9,2021,13:00:00,1,64,64237,1,6,1,2,D 802,"432,788,700,000"," -0,3752200000",2.021E+11,173 261,B01,2,1,0,2,5,1,5,NULL,2.021E+11,229 674,173 260,A01,1,1,1,1,1979,1,1,8,-1,-1,-1,-1,2.021E+11,3,VALLEE HEUREUSE,0,NULL,-1,2,0,1,0,635,2,NULL,-1,1,0,1,70
2.021E+11,29,9,2021,13:00:00,1,64,64237,1,6,1,2,D 802,"432,788,700,000"," -0,3752200000",2.021E+11,173 261,B01,2,1,0,2,5,1,5,NULL,2.021E+11,229 675,173 261,B01,1,1,4,1,1953,5,2,8,-1,-1,-1,-1,2.021E+11,3,VALLEE HEUREUSE,0,NULL,-1,2,0,1,0,635,2,NULL,-1,1,0,1,70
2.021E+11,14,9,2021,12:30:00,1,75,75104,2,3,8,6,RUE SAINT ANTOINE,"488,550,626,965","23,616,790,376",2.021E+11,167 656,A01,1,1,14,0,7,13,5,NULL,2.021E+11,222 365,167 656,A01,1,1,4,1,1951,3,2,0,-1,0,0,-1,2.021E+11,4,RUE SAINT ANTOINE,0,NULL,2,4,1,1,-1,-1,1,NULL,-1,2,0,5,30
2.021E+11,14,9,2021,11:25:00,1,38,38486,2,1,1,2,10 Rue du Docteur Schweitzer,"451,588,650,000","56,963,290,000",2.021E+11,167 553,B01,3,1,0,2,1,1,5,NULL,2.021E+11,222 236,167 552,A01,1,1,1,1,1993,4,8,-1,-1,0,0,-1,2.021E+11,7,NULL,-1,NULL,2,2,1,1,-1,-1,1,NULL,4,1,0,5,50
2.021E+11,14,9,2021,11:25:00,1,38,38486,2,1,1,2,10 Rue du Docteur Schweitzer,"451,588,650,000","56,963,290,000",2.021E+11,167 553,B01,3,1,0,2,1,1,5,NULL,2.021E+11,222 237,167 553,B01,1,1,4,1,1965,5,0,-1,-1,0,0,-1,2.021E+11,7,NULL,-1,NULL,2,2,1,1,-1,-1,1,NULL,4,1,0,5,50
2.021E+11,12,9,2021,10:20:00,1,6,6069,2,6,1,3,HALTE (ROND-POINT),"436,414,630,000","69,112,820,000",2.021E+11,167 020,B01,3,1,0,2,7,26,0,NULL,2.021E+11,221 531,167 019,A01,1,1,1,2,1938,5,1,0,-1,0,0,-1,2.021E+11,3,HALTE (ROND-POINT),0,NULL,1,1,0,2,9,699,1,NULL,-1,1,0,1,50
2.021E+11,12,9,2021,10:20:00,1,6,6069,2,6,1,3,HALTE (ROND-POINT),"436,414,630,000","69,112,820,000",2.021E+11,167 020,B01,3,1,0,2,7,26,0,NULL,2.021E+11,221 532,167 020,B01,1,1,4,2,1977,5,2,0,-1,0,0,-1,2.021E+11,3,HALTE (ROND-POINT),0,NULL,1,1,0,2,9,699,1,NULL,-1,1,0,1,50
2.021E+11,3,9,2021,18:05:00,1,77,77495,1,1,1,3,D306,"485,612,500,000","26,336,600,000",2.021E+11,165 442,B01,1,1,0,2,8,11,5,NULL,2.021E+11,219 481,165 442,B01,1,1,3,1,1977,5,8,6,-1,-1,-1,-1,2.021E+11,3,D.306,0,NULL,2,3,1,1,9,282,1,NULL,-1,1,0,1,50
2.021E+11,3,9,2021,18:05:00,1,77,77495,1,1,1,3,D306,"485,612,500,000","26,336,600,000",2.021E+11,165 442,B01,1,1,0,2,8,11,5,NULL,2.021E+11,219 482,165 443,A01,1,1,1,1,1968,4,1,0,-1,-1,-1,-1,2.021E+11,3,D.306,0,NULL,2,3,1,1,9,282,1,NULL,-1,1,0,1,50
2.021E+11,2,9,2021,18:30:00,1,49,49099,2,6,1,2,MAURIAC(RUE FRANCOIS),"470,578,200,000"," -0,8875000000",2.021E+11,165 384,B01,1,1,0,2,7,1,5,NULL,2.021E+11,219 406,165 383,A01,1,1,1,2,1965,1,1,8,-1,-1,-1,-1,2.021E+11,4,MAURIAC(RUE FRANCOIS),0,NULL,1,1,0,1,0,0,2,NULL,-1,1,0,1,50
2.021E+11,2,9,2021,18:30:00,1,49,49099,2,6,1,2,MAURIAC(RUE FRANCOIS),"470,578,200,000"," -0,8875000000",2.021E+11,165 384,B01,1,1,0,2,7,1,5,NULL,2.021E+11,219 407,165 384,B01,1,1,4,1,1963,5,8,0,-1,-1,-1,-1,2.021E+11,4,MAURIAC(RUE FRANCOIS),0,NULL,1,1,0,1,0,0,2,NULL,-1,1,0,1,50
2.021E+11,31,8,2021,13:40:00,1,30,30139,1,1,1,6,RD986,"441,388,870,000","34,052,040,000",2.021E+11,165 153,A01,2,1,0,0,0,1,5,NULL,2.021E+11,219 112,165 153,A01,1,1,3,1,1961,5,2,-1,-1,0,0,-1,2.021E+11,3,986,-1,NULL,2,2,0,2,2,700,3,NULL,-1,1,0,1,80
2.021E+11,28,8,2021,20:15:00,1,11,11262,2,6,1,6,MARCORIGNAN (ROUTE DE),"432,001,160,000","30,120,440,000",2.021E+11,163 263,B01,1,1,0,2,0,1,5,NULL,2.021E+11,216 604,163 262,A01,1,1,1,-1,NULL,-1,-1,-1,-1,-1,-1,-1,2.021E+11,4,MARCORIGNAN (ROUTE DE),0,NULL,2,2,0,1,0,0,1,NULL,-1,1,0,1,50
2.021E+11,28,8,2021,20:15:00,1,11,11262,2,6,1,6,MARCORIGNAN (ROUTE DE),"432,001,160,000","30,120,440,000",2.021E+11,163 263,B01,1,1,0,2,0,1,5,NULL,2.021E+11,216 605,163 263,B01,1,1,4,1,1954,9,2,0,-1,-1,-1,-1,2.021E+11,4,MARCORIGNAN (ROUTE DE),0,NULL,2,2,0,1,0,0,1,NULL,-1,1,0,1,50
2.021E+11,13,8,2021,18:10:00,1,67,67482,2,8,1,6,ROMAINS (ROUTE DES),"485,797,600,000","77,171,100,000",2.021E+11,158 955,B01,1,1,0,2,1,1,5,NULL,2.021E+11,210 766,158 954,A01,2,2,1,1,1996,5,8,0,-1,-1,-1,-1,2.021E+11,4,NULL,0,NULL,3,4,1,1,0,0,1,NULL,-1,1,4,5,50