Num_Acc,jour,mois,an,hrmn,lum,dep,com,agg,int,atm,col,adr,lat,long,Num_Acc,id_vehicule,num_veh,senc,catv,obs,obsm,choc,manv,motor,occutc,Num_Acc,id_usager,id_vehicule,num_veh,place,catu,grav,sexe,an_nais,trajet,secu1,secu2,secu3,locp,actp,etatp,Num_Acc,catr,voie,v1,v2,circ,nbv,vosp,prof,pr,pr1,plan,lartpc,larrout,surf,infra,situ,vma
2.021E+11,13,8,2021,18:10:00,1,67,67482,2,8,1,6,ROMAINS (ROUTE DES),"485,797,600,000","77,171,100,000",2.021E+11,158 955,B01,1,1,0,2,1,1,5,NULL,2.021E+11,210 767,158 954,A01,1,1,1,1,2002,5,8,0,-1,-1,-1,-1,2.021E+11,4,NULL,0,NULL,3,4,1,1,0,0,1,NULL,-1,1,4,5,50
2.021E+11,13,8,2021,18:10:00,1,67,67482,2,8,1,6,ROMAINS (ROUTE DES),"485,797,600,000","77,171,100,000",2.021E+11,158 955,B01,1,1,0,2,1,1,5,NULL,2.021E+11,210 768,158 955,B01,1,1,4,1,2007,5,8,0,-1,-1,-1,-1,2.021E+11,4,NULL,0,NULL,3,4,1,1,0,0,1,NULL,-1,1,4,5,50
2.021E+11,2,8,2021,15:55:00,1,43,43016,1,1,1,5,D16,"453,909,015,000","33,530,340,000",2.021E+11,156 873,B01,1,1,0,2,8,1,0,NULL,2.021E+11,207 882,156 872,C01,1,1,1,1,1956,5,2,-1,-1,0,0,-1,2.021E+11,3,16,-1,NULL,2,2,0,1,4,0,3,NULL,-1,1,0,1,80
2.021E+11,2,8,2021,15:55:00,1,43,43016,1,1,1,5,D16,"453,909,015,000","33,530,340,000",2.021E+11,156 872,C01,1,1,0,2,0,1,0,NULL,2.021E+11,207 882,156 872,C01,1,1,1,1,1956,5,2,-1,-1,0,0,-1,2.021E+11,3,16,-1,NULL,2,2,0,1,4,0,3,NULL,-1,1,0,1,80
2.021E+11,2,8,2021,15:55:00,1,43,43016,1,1,1,5,D16,"453,909,015,000","33,530,340,000",2.021E+11,156 873,B01,1,1,0,2,8,1,0,NULL,2.021E+11,207 883,156 873,B01,1,1,3,2,1958,5,2,-1,-1,0,0,-1,2.021E+11,3,16,-1,NULL,2,2,0,1,4,0,3,NULL,-1,1,0,1,80
2.021E+11,2,8,2021,15:55:00,1,43,43016,1,1,1,5,D16,"453,909,015,000","33,530,340,000",2.021E+11,156 872,C01,1,1,0,2,0,1,0,NULL,2.021E+11,207 883,156 873,B01,1,1,3,2,1958,5,2,-1,-1,0,0,-1,2.021E+11,3,16,-1,NULL,2,2,0,1,4,0,3,NULL,-1,1,0,1,80
2.021E+11,2,8,2021,15:55:00,1,43,43016,1,1,1,5,D16,"453,909,015,000","33,530,340,000",2.021E+11,156 873,B01,1,1,0,2,8,1,0,NULL,2.021E+11,207 884,156 874,A01,1,1,1,1,1993,4,8,-1,-1,0,0,-1,2.021E+11,3,16,-1,NULL,2,2,0,1,4,0,3,NULL,-1,1,0,1,80
2.021E+11,2,8,2021,15:55:00,1,43,43016,1,1,1,5,D16,"453,909,015,000","33,530,340,000",2.021E+11,156 872,C01,1,1,0,2,0,1,0,NULL,2.021E+11,207 884,156 874,A01,1,1,1,1,1993,4,8,-1,-1,0,0,-1,2.021E+11,3,16,-1,NULL,2,2,0,1,4,0,3,NULL,-1,1,0,1,80
2.021E+11,26,7,2021,10:15:00,1,54,54130,1,3,1,3,D133,"484,684,510,000","64,083,450,000",2.021E+11,153 231,B01,2,1,0,0,1,1,5,NULL,2.021E+11,202 799,153 231,B01,1,1,3,2,1945,5,2,-1,-1,0,0,-1,2.021E+11,3,133,0,D,2,2,0,2,9,0,1,NULL,-1,1,0,1,80
2.021E+11,26,7,2021,10:15:00,1,54,54130,1,3,1,3,D133,"484,684,510,000","64,083,450,000",2.021E+11,153 231,B01,2,1,0,0,1,1,5,NULL,2.021E+11,202 800,153 232,A01,1,1,1,2,1932,0,8,-1,-1,0,0,-1,2.021E+11,3,133,0,D,2,2,0,2,9,0,1,NULL,-1,1,0,1,80
2.021E+11,19,7,2021,08:45:00,1,22,22306,1,2,1,3,Le Cordon Blanc,"483,637,160,000","-19,704,370,000",2.021E+11,150 911,A01,3,1,0,2,3,9,5,NULL,2.021E+11,199 609,150 910,B01,1,1,1,1,1983,0,1,-1,-1,0,0,-1,2.021E+11,3,2,0,D,2,2,0,1,1,158,1,NULL,"3,5",1,0,1,80
2.021E+11,19,7,2021,08:45:00,1,22,22306,1,2,1,3,Le Cordon Blanc,"483,637,160,000","-19,704,370,000",2.021E+11,150 911,A01,3,1,0,2,3,9,5,NULL,2.021E+11,199 610,150 911,A01,1,1,3,2,1957,0,0,-1,-1,0,0,-1,2.021E+11,3,2,0,D,2,2,0,1,1,158,1,NULL,"3,5",1,0,1,80
2.021E+11,12,7,2021,10:10:00,1,49,49007,2,1,8,3,DUNANT BOULEVARD,"474,833,100,000"," -0,5275600000",2.021E+11,149 394,B01,1,1,0,2,0,0,5,NULL,2.021E+11,197 492,149 393,A01,1,1,1,2,1938,5,8,0,-1,-1,-1,-1,2.021E+11,4,DUNANT BOULEVARD,0,NULL,2,2,0,1,1,0,1,NULL,-1,2,0,1,50
2.021E+11,12,7,2021,10:10:00,1,49,49007,2,1,8,3,DUNANT BOULEVARD,"474,833,100,000"," -0,5275600000",2.021E+11,149 394,B01,1,1,0,2,0,0,5,NULL,2.021E+11,197 493,149 394,B01,1,1,4,2,1933,5,8,0,-1,0,0,-1,2.021E+11,4,DUNANT BOULEVARD,0,NULL,2,2,0,1,1,0,1,NULL,-1,2,0,1,50
2.021E+11,1,7,2021,17:49:00,1,31,31033,2,1,1,3,47 Route d Espagne,"433,489,590,000","14,717,010,000",2.021E+11,145 495,B01,2,1,0,2,1,25,5,NULL,2.021E+11,192 174,145 495,B01,1,1,3,1,2007,5,0,-1,-1,0,0,-1,2.021E+11,3,820,0,D,2,1,0,2,58,94,1,NULL,-1,1,0,1,50
2.021E+11,1,7,2021,17:49:00,1,31,31033,2,1,1,3,47 Route d Espagne,"433,489,590,000","14,717,010,000",2.021E+11,145 495,B01,2,1,0,2,1,25,5,NULL,2.021E+11,192 175,145 496,A01,1,1,1,1,1963,4,1,-1,-1,0,0,-1,2.021E+11,3,820,0,D,2,1,0,2,58,94,1,NULL,-1,1,0,1,50
2.021E+11,22,6,2021,06:50:00,1,25,25056,2,6,2,3,LAFAYETTE RUE,"472,172,000,000","59,677,200,000",2.021E+11,142 972,B01,1,1,0,2,5,1,5,NULL,2.021E+11,188 857,142 971,A01,1,1,1,2,1960,1,1,0,-1,-1,-1,-1,2.021E+11,4,LAFAYETTE RUE,0,NULL,2,2,0,1,-1,-1,2,NULL,-1,2,0,1,50
2.021E+11,22,6,2021,06:50:00,1,25,25056,2,6,2,3,LAFAYETTE RUE,"472,172,000,000","59,677,200,000",2.021E+11,142 972,B01,1,1,0,2,5,1,5,NULL,2.021E+11,188 858,142 972,B01,1,1,4,1,1981,1,2,0,-1,-1,-1,-1,2.021E+11,4,LAFAYETTE RUE,0,NULL,2,2,0,1,-1,-1,2,NULL,-1,2,0,1,50
2.021E+11,16,6,2021,13:05:00,1,69,69386,2,1,1,6,SERBIE (DE) (Q),"457,718,699,086","48,408,164,423",2.021E+11,140 962,A01,2,1,0,1,1,1,5,NULL,2.021E+11,186 205,140 962,A01,10,3,4,2,1964,1,0,-1,-1,2,3,1,2.021E+11,4,SERBIE (DE)                         (QU),0,NULL,1,1,1,2,-1,-1,2,NULL,-1,1,0,5,50
2.021E+11,16,6,2021,13:05:00,1,69,69386,2,1,1,6,SERBIE (DE) (Q),"457,718,699,086","48,408,164,423",2.021E+11,140 962,A01,2,1,0,1,1,1,5,NULL,2.021E+11,186 206,140 962,A01,1,1,1,1,1964,5,8,-1,-1,-1,-1,-1,2.021E+11,4,SERBIE (DE)                         (QU),0,NULL,1,1,1,2,-1,-1,2,NULL,-1,1,0,5,50
2.021E+11,12,6,2021,18:15:00,1,80,80686,1,3,1,3,pk 14 D11,"500,264,870,000","23,902,990,000",2.021E+11,139 772,A01,3,1,0,2,1,9,5,NULL,2.021E+11,184 660,139 772,A01,1,1,3,1,2003,5,0,-1,-1,0,0,-1,2.021E+11,3,11,0,NULL,2,2,0,1,13,940,3,NULL,5,1,0,1,80
2.021E+11,12,6,2021,18:15:00,1,80,80686,1,3,1,3,pk 14 D11,"500,264,870,000","23,902,990,000",2.021E+11,139 772,A01,3,1,0,2,1,9,5,NULL,2.021E+11,184 661,139 773,B01,1,1,1,1,1992,5,1,-1,-1,0,0,-1,2.021E+11,3,11,0,NULL,2,2,0,1,13,940,3,NULL,5,1,0,1,80
2.021E+11,12,6,2021,18:15:00,1,80,80686,1,3,1,3,pk 14 D11,"500,264,870,000","23,902,990,000",2.021E+11,139 772,A01,3,1,0,2,1,9,5,NULL,2.021E+11,184 662,139 773,B01,2,2,1,2,1991,5,1,-1,-1,0,0,-1,2.021E+11,3,11,0,NULL,2,2,0,1,13,940,3,NULL,5,1,0,1,80
2.021E+11,7,6,2021,18:55:00,1,75,75114,2,1,1,3,RUE D ALESIA,"488,279,950,000","23,262,710,000",2.021E+11,137 426,B01,2,1,0,2,1,17,5,NULL,2.021E+11,181 605,137 426,B01,1,1,4,2,1994,9,2,0,-1,0,0,-1,2.021E+11,4,RUE D ALESIA,0,NULL,2,3,0,1,-1,-1,1,NULL,-1,1,0,1,50
2.021E+11,7,6,2021,18:55:00,1,75,75114,2,1,1,3,RUE D ALESIA,"488,279,950,000","23,262,710,000",2.021E+11,137 426,B01,2,1,0,2,1,17,5,NULL,2.021E+11,181 606,137 427,A01,1,1,1,1,1963,4,1,0,-1,0,0,-1,2.021E+11,4,RUE D ALESIA,0,NULL,2,3,0,1,-1,-1,1,NULL,-1,1,0,1,50
2.021E+11,28,5,2021,19:00:00,1,69,69387,2,3,1,3,CLAUDE BERNARD (Q),"457,529,800,000","48,378,300,000",2.021E+11,134 216,B01,1,1,0,2,8,1,0,NULL,2.021E+11,177 399,134 215,A01,1,1,1,1,1996,0,1,0,-1,-1,-1,-1,2.021E+11,4,CLAUDE BERNARD                      (QU),0,NULL,1,3,1,1,-1,-1,1,NULL,-1,1,0,1,50
2.021E+11,28,5,2021,19:00:00,1,69,69387,2,3,1,3,CLAUDE BERNARD (Q),"457,529,800,000","48,378,300,000",2.021E+11,134 216,B01,1,1,0,2,8,1,0,NULL,2.021E+11,177 400,134 216,B01,1,1,4,2,1987,0,0,-1,-1,-1,-1,-1,2.021E+11,4,CLAUDE BERNARD                      (QU),0,NULL,1,3,1,1,-1,-1,1,NULL,-1,1,0,1,50
2.021E+11,20,5,2021,13:30:00,1,13,13207,2,2,1,3,ENDOUME (RUE D'),"432,861,100,000","53,603,200,000",2.021E+11,131 689,A01,1,1,0,2,0,1,5,NULL,2.021E+11,174 077,131 688,B01,1,1,1,-1,NULL,-1,-1,-1,-1,-1,-1,-1,2.021E+11,4,ENDOUME (RUE D'),0,NULL,2,2,0,4,-1,-1,1,NULL,-1,1,0,1,50
2.021E+11,20,5,2021,13:30:00,1,13,13207,2,2,1,3,ENDOUME (RUE D'),"432,861,100,000","53,603,200,000",2.021E+11,131 689,A01,1,1,0,2,0,1,5,NULL,2.021E+11,174 078,131 689,A01,1,1,3,2,1956,0,0,8,-1,-1,-1,-1,2.021E+11,4,ENDOUME (RUE D'),0,NULL,2,2,0,4,-1,-1,1,NULL,-1,1,0,1,50
2.021E+11,12,5,2021,06:42:00,1,75,75104,2,2,1,3,BOULEVARD DU PALAIS,"488,561,950,000","23,464,820,000",2.021E+11,129 695,A01,3,1,0,2,7,7,5,NULL,2.021E+11,171 436,129 694,B01,1,1,1,1,1986,1,1,0,-1,0,0,-1,2.021E+11,4,BOULEVARD DU PALAIS,0,NULL,2,4,3,1,-1,-1,1,NULL,-1,1,0,6,50
2.021E+11,12,5,2021,06:42:00,1,75,75104,2,2,1,3,BOULEVARD DU PALAIS,"488,561,950,000","23,464,820,000",2.021E+11,129 695,A01,3,1,0,2,7,7,5,NULL,2.021E+11,171 437,129 695,A01,1,1,4,1,1995,1,8,0,-1,0,0,-1,2.021E+11,4,BOULEVARD DU PALAIS,0,NULL,2,4,3,1,-1,-1,1,NULL,-1,1,0,6,50
2.021E+11,12,5,2021,16:00:00,1,92,92024,2,1,1,3,JEAN JAURES (BD) DE 47 A 109)   (56 A 14,"489,020,485,809","23,045,727,611",2.021E+11,129 675,B01,2,1,1,0,1,1,5,NULL,2.021E+11,171 413,129 675,B01,1,1,4,2,2013,0,8,0,-1,-1,-1,-1,2.021E+11,3,911,0,NULL,1,3,3,1,0,0,1,NULL,-1,1,0,6,50
2.021E+11,12,5,2021,16:00:00,1,92,92024,2,1,1,3,JEAN JAURES (BD) DE 47 A 109)   (56 A 14,"489,020,485,809","23,045,727,611",2.021E+11,129 675,B01,2,1,1,0,1,1,5,NULL,2.021E+11,171 414,129 676,A01,1,1,1,1,1942,3,8,0,-1,-1,-1,-1,2.021E+11,3,911,0,NULL,1,3,3,1,0,0,1,NULL,-1,1,0,6,50
2.021E+11,12,5,2021,18:37:00,1,68,68300,2,7,1,1,9 Allée des Alouettes,"477,924,690,000","73,800,870,000",2.021E+11,129 664,B01,3,1,0,2,1,15,5,NULL,2.021E+11,171 398,129 663,A01,1,1,1,1,1959,5,1,-1,-1,0,0,-1,2.021E+11,4,NULL,-1,NULL,2,2,0,1,-1,-1,3,NULL,4,1,0,1,50
2.021E+11,12,5,2021,18:37:00,1,68,68300,2,7,1,1,9 Allée des Alouettes,"477,924,690,000","73,800,870,000",2.021E+11,129 664,B01,3,1,0,2,1,15,5,NULL,2.021E+11,171 399,129 664,B01,1,1,3,1,2006,5,0,-1,-1,0,0,-1,2.021E+11,4,NULL,-1,NULL,2,2,0,1,-1,-1,3,NULL,4,1,0,1,50
2.021E+11,29,4,2021,11:20:00,1,75,75107,2,1,1,3,RUE SAINT DOMINIQUE,"488,585,960,000","23,216,660,000",2.021E+11,126 445,B01,2,1,0,2,3,1,5,NULL,2.021E+11,167 175,126 445,B01,1,1,4,1,1994,4,8,0,-1,0,0,-1,2.021E+11,4,RUE SAINT DOMINIQUE,0,NULL,1,1,0,1,-1,-1,1,NULL,-1,1,0,1,50
2.021E+11,29,4,2021,11:20:00,1,75,75107,2,1,1,3,RUE SAINT DOMINIQUE,"488,585,960,000","23,216,660,000",2.021E+11,126 445,B01,2,1,0,2,3,1,5,NULL,2.021E+11,167 176,126 446,A01,1,1,1,1,1963,1,1,0,-1,0,0,-1,2.021E+11,4,RUE SAINT DOMINIQUE,0,NULL,1,1,0,1,-1,-1,1,NULL,-1,1,0,1,50
2.021E+11,26,4,2021,18:20:00,1,27,27701,2,1,1,3,FALAISES (ROUTE DES) NATION A ANDELLE,"492,727,360,000","12,208,500,000",2.021E+11,125 692,B01,3,1,0,2,8,0,0,NULL,2.021E+11,166 231,125 692,B01,1,1,3,1,2006,0,8,0,-1,0,0,-1,2.021E+11,4,FALAISES (ROUTE DES) NATION A ANDELLE,0,NULL,2,2,0,1,-1,-1,1,NULL,-1,1,0,1,50
2.021E+11,26,4,2021,18:20:00,1,27,27701,2,1,1,3,FALAISES (ROUTE DES) NATION A ANDELLE,"492,727,360,000","12,208,500,000",2.021E+11,125 692,B01,3,1,0,2,8,0,0,NULL,2.021E+11,166 232,125 693,A01,1,1,1,2,2001,0,1,0,-1,0,0,-1,2.021E+11,4,FALAISES (ROUTE DES) NATION A ANDELLE,0,NULL,2,2,0,1,-1,-1,1,NULL,-1,1,0,1,50
2.021E+11,13,4,2021,17:00:00,1,75,75115,2,3,1,7,RUE DE LOURMEL,"488,471,700,000","22,893,210,000",2.021E+11,122 943,A01,1,1,0,2,1,21,5,NULL,2.021E+11,162 694,122 943,A01,1,1,4,2,1945,9,8,0,-1,0,0,-1,2.021E+11,4,RUE DE LOURMEL,0,NULL,1,1,0,1,-1,-1,1,NULL,-1,1,0,1,50
2.021E+11,8,4,2021,15:30:00,1,75,75114,2,1,1,6,BOULEVARD JOURDAN,"488,197,130,000","23,413,560,000",2.021E+11,121 791,A01,2,1,0,1,7,1,5,NULL,2.021E+11,161 180,121 791,A01,1,1,1,1,1995,9,8,0,-1,0,0,-1,2.021E+11,4,BOULEVARD JOURDAN,0,NULL,2,6,1,2,-1,-1,1,NULL,-1,1,-1,5,50
2.021E+11,8,4,2021,15:30:00,1,75,75114,2,1,1,6,BOULEVARD JOURDAN,"488,197,130,000","23,413,560,000",2.021E+11,121 791,A01,2,1,0,1,7,1,5,NULL,2.021E+11,161 181,121 791,A01,10,3,4,2,1956,5,0,-1,-1,3,3,1,2.021E+11,4,BOULEVARD JOURDAN,0,NULL,2,6,1,2,-1,-1,1,NULL,-1,1,-1,5,50
2.021E+11,29,3,2021,16:20:00,1,72,72181,2,6,1,3,JACOBINS (PL DES),"480,077,500,000","0,1988300000",2.021E+11,119 664,B01,2,1,0,2,7,1,5,NULL,2.021E+11,158 387,119 663,A01,1,1,1,1,1981,4,1,0,-1,-1,-1,-1,2.021E+11,4,JACOBINS (PL DES),0,NULL,2,4,2,1,0,0,1,NULL,-1,1,5,1,50
2.021E+11,29,3,2021,16:20:00,1,72,72181,2,6,1,3,JACOBINS (PL DES),"480,077,500,000","0,1988300000",2.021E+11,119 664,B01,2,1,0,2,7,1,5,NULL,2.021E+11,158 388,119 664,B01,1,1,4,2,1965,1,8,0,-1,-1,-1,-1,2.021E+11,4,JACOBINS (PL DES),0,NULL,2,4,2,1,0,0,1,NULL,-1,1,5,1,50
2.021E+11,25,2,2021,23:40:00,5,69,69388,2,2,1,1,MARYSE BASTIE (R),"457,413,200,000","48,741,700,000",2.021E+11,112 089,A01,1,1,0,2,1,15,5,NULL,2.021E+11,148 645,112 088,B01,1,1,1,1,1991,5,8,-1,-1,-1,-1,-1,2.021E+11,4,MARYSE BASTIE                       (R ),0,NULL,1,3,1,1,-1,-1,1,NULL,-1,1,0,1,50
2.021E+11,25,2,2021,23:40:00,5,69,69388,2,2,1,1,MARYSE BASTIE (R),"457,413,200,000","48,741,700,000",2.021E+11,112 089,A01,1,1,0,2,1,15,5,NULL,2.021E+11,148 646,112 089,A01,1,1,4,1,1981,5,8,-1,-1,-1,-1,-1,2.021E+11,4,MARYSE BASTIE                       (R ),0,NULL,1,3,1,1,-1,-1,1,NULL,-1,1,0,1,50
2.021E+11,11,2,2021,21:42:00,5,75,75103,2,2,1,3,RUE DES FRANCS BOURGEOIS,"488,564,670,000","23,643,080,000",2.021E+11,109 259,B01,2,1,0,2,1,1,5,NULL,2.021E+11,145 016,109 259,B01,1,1,4,1,1995,4,8,0,-1,0,0,-1,2.021E+11,4,RUE DES FRANCS BOURGEOIS,0,NULL,1,1,0,2,-1,-1,1,NULL,-1,1,0,1,50
2.021E+11,11,2,2021,21:42:00,5,75,75103,2,2,1,3,RUE DES FRANCS BOURGEOIS,"488,564,670,000","23,643,080,000",2.021E+11,109 259,B01,2,1,0,2,1,1,5,NULL,2.021E+11,145 017,109 260,A01,1,1,1,1,1964,9,1,0,-1,0,0,-1,2.021E+11,4,RUE DES FRANCS BOURGEOIS,0,NULL,1,1,0,2,-1,-1,1,NULL,-1,1,0,1,50
2.021E+11,27,10,2021,16:55:00,1,28,28022,1,1,1,2,Route Departementale 939,"484,738,170,000","14,109,490,000",2.021E+11,182 779,B01,1,1,0,0,4,1,5,NULL,2.021E+11,242 028,182 779,B01,1,1,3,1,1978,5,0,-1,-1,0,0,-1,2.021E+11,3,939,-1,NULL,2,2,0,1,47,800,1,NULL,-1,1,0,1,90
2.021E+11,27,10,2021,16:55:00,1,28,28022,1,1,1,2,Route Departementale 939,"484,738,170,000","14,109,490,000",2.021E+11,182 779,B01,1,1,0,0,4,1,5,NULL,2.021E+11,242 029,182 780,A01,1,1,1,1,1997,1,1,-1,-1,0,0,-1,2.021E+11,3,939,-1,NULL,2,2,0,1,47,800,1,NULL,-1,1,0,1,90
2.021E+11,26,10,2021,11:40:00,1,67,67329,1,2,1,1,D426,"484,512,680,000","75,212,250,000",2.021E+11,182 415,B01,3,1,0,2,3,19,5,NULL,2.021E+11,241 553,182 414,A01,1,1,1,2,1984,5,1,-1,-1,0,0,-1,2.021E+11,3,426,-1,D,2,2,1,1,26,875,1,NULL,-1,1,0,1,80
2.021E+11,26,10,2021,11:40:00,1,67,67329,1,2,1,1,D426,"484,512,680,000","75,212,250,000",2.021E+11,182 415,B01,3,1,0,2,3,19,5,NULL,2.021E+11,241 554,182 415,B01,1,1,4,1,2008,5,0,-1,-1,0,0,-1,2.021E+11,3,426,-1,D,2,2,1,1,26,875,1,NULL,-1,1,0,1,80
2.021E+11,27,10,2021,13:30:00,1,83,83057,1,1,1,2,RD 13 PK 49+950,"433,793,200,000","62,089,490,000",2.021E+11,182 128,B01,2,1,0,0,4,1,5,NULL,2.021E+11,241 206,182 127,A01,1,1,1,1,2002,1,1,-1,-1,0,0,-1,2.021E+11,3,13,-1,NULL,2,2,0,1,50,50,1,NULL,-1,1,0,1,80
2.021E+11,27,10,2021,13:30:00,1,83,83057,1,1,1,2,RD 13 PK 49+950,"433,793,200,000","62,089,490,000",2.021E+11,182 128,B01,2,1,0,0,4,1,5,NULL,2.021E+11,241 207,182 128,B01,1,1,3,1,1932,5,2,4,-1,0,0,-1,2.021E+11,3,13,-1,NULL,2,2,0,1,50,50,1,NULL,-1,1,0,1,80
2.021E+11,13,10,2021,17:25:00,1,33,33238,2,1,1,3,11 avenue de Bordeaux,"447,349,970,000"," -0,5985400000",2.021E+11,177 877,B01,1,1,0,2,1,1,5,NULL,2.021E+11,235 613,177 877,B01,1,1,3,1,1995,5,2,-1,-1,0,0,-1,2.021E+11,3,651,-1,D,2,2,0,1,-1,-1,1,NULL,-1,1,0,1,50
2.021E+11,13,10,2021,17:25:00,1,33,33238,2,1,1,3,11 avenue de Bordeaux,"447,349,970,000"," -0,5985400000",2.021E+11,177 877,B01,1,1,0,2,1,1,5,NULL,2.021E+11,235 614,177 878,A01,1,1,1,1,1968,1,1,-1,-1,0,0,-1,2.021E+11,3,651,-1,D,2,2,0,1,-1,-1,1,NULL,-1,1,0,1,50
2.021E+11,18,9,2021,22:00:00,5,59,59360,2,3,1,3,GHESQUIERE RUE DE,"506,073,801,856","30,305,421,352",2.021E+11,175 270,A01,3,1,0,2,1,19,0,NULL,2.021E+11,232 291,175 269,B01,1,1,1,1,1984,1,1,0,-1,-1,-1,-1,2.021E+11,4,GHESQUIERE RUE DE,0,NULL,4,3,0,1,-1,-1,1,NULL,-1,1,5,1,50
2.021E+11,18,9,2021,22:00:00,5,59,59360,2,3,1,3,GHESQUIERE RUE DE,"506,073,801,856","30,305,421,352",2.021E+11,175 270,A01,3,1,0,2,1,19,0,NULL,2.021E+11,232 292,175 270,A01,1,1,4,1,1993,0,0,-1,-1,-1,-1,-1,2.021E+11,4,GHESQUIERE RUE DE,0,NULL,4,3,0,1,-1,-1,1,NULL,-1,1,5,1,50
2.021E+11,30,9,2021,22:20:00,5,33,33063,2,1,1,1,Cours de la Somme,"448,295,800,000"," -0,5722300000",2.021E+11,173 223,B01,2,1,0,2,1,1,5,NULL,2.021E+11,229 634,173 222,A01,1,1,4,1,1985,0,2,-1,-1,-1,-1,-1,2.021E+11,4,CRS DE LA SOMME,0,NULL,2,3,3,1,-1,-1,1,NULL,-1,1,0,6,50
2.021E+11,30,9,2021,22:20:00,5,33,33063,2,1,1,1,Cours de la Somme,"448,295,800,000"," -0,5722300000",2.021E+11,173 223,B01,2,1,0,2,1,1,5,NULL,2.021E+11,229 635,173 223,B01,1,1,3,1,1991,0,2,-1,-1,-1,-1,-1,2.021E+11,4,CRS DE LA SOMME,0,NULL,2,3,3,1,-1,-1,1,NULL,-1,1,0,6,50
2.021E+11,30,9,2021,14:10:00,1,75,75118,2,1,1,3,RUE DOUDEAUVILLE,"488,889,820,000","23,590,100,000",2.021E+11,173 167,B01,2,1,1,0,8,1,5,NULL,2.021E+11,229 560,173 167,B01,1,1,4,1,1981,9,8,0,-1,0,0,-1,2.021E+11,4,RUE DOUDEAUVILLE,0,NULL,1,1,2,1,-1,-1,1,NULL,-1,1,0,1,30
2.021E+11,30,9,2021,14:10:00,1,75,75118,2,1,1,3,RUE DOUDEAUVILLE,"488,889,820,000","23,590,100,000",2.021E+11,173 167,B01,2,1,1,0,8,1,5,NULL,2.021E+11,229 561,173 168,A01,2,2,1,1,2000,9,8,0,-1,0,0,-1,2.021E+11,4,RUE DOUDEAUVILLE,0,NULL,1,1,2,1,-1,-1,1,NULL,-1,1,0,1,30
2.021E+11,30,9,2021,14:10:00,1,75,75118,2,1,1,3,RUE DOUDEAUVILLE,"488,889,820,000","23,590,100,000",2.021E+11,173 167,B01,2,1,1,0,8,1,5,NULL,2.021E+11,229 562,173 168,A01,1,1,1,1,1986,9,8,0,-1,0,0,-1,2.021E+11,4,RUE DOUDEAUVILLE,0,NULL,1,1,2,1,-1,-1,1,NULL,-1,1,0,1,30
2.021E+11,22,9,2021,15:10:00,1,33,33529,1,6,7,3,PISTE 214,"445,778,000,000","-11,423,000,000",2.021E+11,170 409,B01,2,1,0,2,1,1,5,NULL,2.021E+11,225 948,170 408,A01,1,1,1,1,1985,4,1,-1,-1,-1,-1,-1,2.021E+11,3,PISTE 214,0,NULL,2,2,0,1,6,750,2,NULL,-1,1,5,1,50
2.021E+11,22,9,2021,15:10:00,1,33,33529,1,6,7,3,PISTE 214,"445,778,000,000","-11,423,000,000",2.021E+11,170 409,B01,2,1,0,2,1,1,5,NULL,2.021E+11,225 949,170 409,B01,1,1,4,1,1951,5,2,6,-1,-1,-1,-1,2.021E+11,3,PISTE 214,0,NULL,2,2,0,1,6,750,2,NULL,-1,1,5,1,50
2.021E+11,22,9,2021,11:15:00,1,75,75112,2,2,7,3,BOULEVARD DIDEROT,"488,467,740,000","23,817,490,000",2.021E+11,170 343,B01,2,1,0,2,8,1,5,NULL,2.021E+11,225 852,170 342,A01,1,1,1,1,2000,4,1,0,-1,0,0,-1,2.021E+11,4,BOULEVARD DIDEROT,0,NULL,2,3,0,1,-1,-1,1,NULL,-1,1,0,1,30
2.021E+11,22,9,2021,11:15:00,1,75,75112,2,2,7,3,BOULEVARD DIDEROT,"488,467,740,000","23,817,490,000",2.021E+11,170 343,B01,2,1,0,2,8,1,5,NULL,2.021E+11,225 853,170 343,B01,1,1,4,2,1976,1,2,0,-1,0,0,-1,2.021E+11,4,BOULEVARD DIDEROT,0,NULL,2,3,0,1,-1,-1,1,NULL,-1,1,0,1,30
2.021E+11,15,9,2021,15:40:00,1,78,78358,2,2,1,3,JEAN JACQUES ROUSSEAU (AVENUE),"489,534,700,000","21,506,830,000",2.021E+11,168 501,B01,1,1,0,2,7,1,5,NULL,2.021E+11,223 432,168 500,A01,2,2,1,1,2000,5,1,0,-1,-1,-1,-1,2.021E+11,4,JEAN JACQUES ROUSSEAU (AVENUE),0,NULL,1,1,0,1,-1,-1,1,NULL,-1,1,0,1,50
2.021E+11,15,9,2021,15:40:00,1,78,78358,2,2,1,3,JEAN JACQUES ROUSSEAU (AVENUE),"489,534,700,000","21,506,830,000",2.021E+11,168 501,B01,1,1,0,2,7,1,5,NULL,2.021E+11,223 433,168 500,A01,1,1,1,2,2000,5,1,0,-1,-1,-1,-1,2.021E+11,4,JEAN JACQUES ROUSSEAU (AVENUE),0,NULL,1,1,0,1,-1,-1,1,NULL,-1,1,0,1,50