Num_Acc,jour,mois,an,hrmn,lum,dep,com,agg,int,atm,col,adr,lat,long,Num_Acc,id_vehicule,num_veh,senc,catv,obs,obsm,choc,manv,motor,occutc,Num_Acc,id_usager,id_vehicule,num_veh,place,catu,grav,sexe,an_nais,trajet,secu1,secu2,secu3,locp,actp,etatp,Num_Acc,catr,voie,v1,v2,circ,nbv,vosp,prof,pr,pr1,plan,lartpc,larrout,surf,infra,situ,vma
2.021E+11,23,9,2021,06:45:00,2,75,75109,2,1,1,3,RUE DE DUNKERQUE,"488,817,220,000","23,476,130,000",2.021E+11,171 116,B01,2,1,0,2,1,1,5,NULL,2.021E+11,226 867,171 115,A01,1,1,1,1,1982,4,1,0,-1,0,0,-1,2.021E+11,4,RUE DE DUNKERQUE,0,NULL,2,2,1,1,-1,-1,1,NULL,-1,1,0,5,30
2.021E+11,23,9,2021,06:45:00,2,75,75109,2,1,1,3,RUE DE DUNKERQUE,"488,817,220,000","23,476,130,000",2.021E+11,171 116,B01,2,1,0,2,1,1,5,NULL,2.021E+11,226 868,171 116,B01,1,1,4,1,1992,1,2,0,-1,0,0,-1,2.021E+11,4,RUE DE DUNKERQUE,0,NULL,2,2,1,1,-1,-1,1,NULL,-1,1,0,5,30
2.021E+11,15,9,2021,10:05:00,1,1,1249,2,2,1,3,Rue Joseph Carre,"458,268,440,000","49,529,510,000",2.021E+11,167 521,B01,2,1,0,2,1,1,5,NULL,2.021E+11,222 199,167 520,A01,1,1,1,1,1978,4,8,-1,-1,0,0,-1,2.021E+11,3,71,0,NULL,2,2,0,2,0,274,1,NULL,4,2,0,1,50
2.021E+11,15,9,2021,10:05:00,1,1,1249,2,2,1,3,Rue Joseph Carre,"458,268,440,000","49,529,510,000",2.021E+11,167 521,B01,2,1,0,2,1,1,5,NULL,2.021E+11,222 200,167 521,B01,1,1,4,1,1998,5,8,-1,-1,0,0,-1,2.021E+11,3,71,0,NULL,2,2,0,2,0,274,1,NULL,4,2,0,1,50
2.021E+11,9,9,2021,19:30:00,1,32,32013,2,1,2,2,SADI-CARNOT (BOULEVARD),"436,408,190,781","0,5856883103",2.021E+11,166 109,A01,2,1,0,2,1,19,5,NULL,2.021E+11,220 343,166 109,A01,1,1,4,1,1987,0,8,0,-1,-1,-1,-1,2.021E+11,2,SADI-CARNOT (BOULEVARD),0,NULL,2,2,0,1,50,200,1,NULL,-1,2,0,1,50
2.021E+11,9,9,2021,19:30:00,1,32,32013,2,1,2,2,SADI-CARNOT (BOULEVARD),"436,408,190,781","0,5856883103",2.021E+11,166 109,A01,2,1,0,2,1,19,5,NULL,2.021E+11,220 344,166 110,B01,1,1,1,1,1989,0,1,0,-1,-1,-1,-1,2.021E+11,2,SADI-CARNOT (BOULEVARD),0,NULL,2,2,0,1,50,200,1,NULL,-1,2,0,1,50
2.021E+11,7,9,2021,09:55:00,1,33,33522,2,2,1,3,Cours de la Libération,"447,927,100,000"," -0,6051200000",2.021E+11,165 364,B01,2,1,0,2,0,1,5,NULL,2.021E+11,219 385,165 364,B01,1,1,3,1,1959,0,0,-1,-1,-1,-1,-1,2.021E+11,4,CRS DE LA LIBERATION,0,NULL,2,7,1,2,-1,-1,1,NULL,-1,1,0,5,50
2.021E+11,7,9,2021,09:55:00,1,33,33522,2,2,1,3,Cours de la Libération,"447,927,100,000"," -0,6051200000",2.021E+11,165 364,B01,2,1,0,2,0,1,5,NULL,2.021E+11,219 386,165 365,A01,1,1,1,1,1995,0,1,-1,-1,-1,-1,-1,2.021E+11,4,CRS DE LA LIBERATION,0,NULL,2,7,1,2,-1,-1,1,NULL,-1,1,0,5,50
2.021E+11,4,9,2021,22:38:00,5,6,6088,2,1,1,3,ANGLAIS (DU N° 114 AU N° 263),"436,852,760,000","72,361,740,000",2.021E+11,164 333,B01,3,1,0,0,0,0,0,NULL,2.021E+11,218 021,164 332,A01,2,2,4,1,2005,0,2,0,-1,0,0,-1,2.021E+11,7,ANGLAIS (DU N° 114 AU N° 263),0,NULL,3,6,0,1,-1,-1,1,NULL,-1,1,0,1,50
2.021E+11,4,9,2021,22:38:00,5,6,6088,2,1,1,3,ANGLAIS (DU N° 114 AU N° 263),"436,852,760,000","72,361,740,000",2.021E+11,164 333,B01,3,1,0,0,0,0,0,NULL,2.021E+11,218 022,164 332,A01,1,1,4,1,1978,0,2,0,-1,-1,-1,-1,2.021E+11,7,ANGLAIS (DU N° 114 AU N° 263),0,NULL,3,6,0,1,-1,-1,1,NULL,-1,1,0,1,50
2.021E+11,4,9,2021,22:38:00,5,6,6088,2,1,1,3,ANGLAIS (DU N° 114 AU N° 263),"436,852,760,000","72,361,740,000",2.021E+11,164 333,B01,3,1,0,0,0,0,0,NULL,2.021E+11,218 023,164 333,B01,1,1,4,1,1982,0,8,0,-1,0,0,-1,2.021E+11,7,ANGLAIS (DU N° 114 AU N° 263),0,NULL,3,6,0,1,-1,-1,1,NULL,-1,1,0,1,50
2.021E+11,20,8,2021,15:40:00,1,85,85018,1,1,1,2,D22,"468,888,600,000","-20,724,790,000",2.021E+11,159 605,B01,2,1,0,2,6,2,5,NULL,2.021E+11,211 647,159 604,A01,1,1,1,1,1949,0,1,-1,-1,0,0,-1,2.021E+11,3,22,-1,D,2,2,0,1,17,200,1,NULL,-1,1,0,1,70
2.021E+11,20,8,2021,15:40:00,1,85,85018,1,1,1,2,D22,"468,888,600,000","-20,724,790,000",2.021E+11,159 605,B01,2,1,0,2,6,2,5,NULL,2.021E+11,211 648,159 605,B01,1,1,3,1,1950,5,2,-1,-1,0,0,-1,2.021E+11,3,22,-1,D,2,2,0,1,17,200,1,NULL,-1,1,0,1,70
2.021E+11,13,8,2021,12:40:00,1,33,33162,2,3,1,3,Avenue du Taillan-Médoc,"448,811,800,000"," -0,6527300000",2.021E+11,158 272,A01,2,1,0,2,1,1,5,NULL,2.021E+11,209 777,158 272,A01,1,1,4,1,2001,1,8,0,-1,-1,-1,-1,2.021E+11,4,AVE DU TAILLAN-MEDOC,0,NULL,2,3,2,1,-1,-1,1,NULL,-1,1,0,5,50
2.021E+11,13,8,2021,12:40:00,1,33,33162,2,3,1,3,Avenue du Taillan-Médoc,"448,811,800,000"," -0,6527300000",2.021E+11,158 272,A01,2,1,0,2,1,1,5,NULL,2.021E+11,209 778,158 273,B01,1,1,1,1,1992,1,1,-1,-1,-1,-1,-1,2.021E+11,4,AVE DU TAILLAN-MEDOC,0,NULL,2,3,2,1,-1,-1,1,NULL,-1,1,0,5,50
2.021E+11,8,8,2021,11:30:00,1,31,31317,2,1,1,7,Les Arrougès,"433,068,800,000","11,084,070,000",2.021E+11,157 082,A01,1,1,0,0,0,1,5,NULL,2.021E+11,208 165,157 082,A01,1,1,2,1,1956,5,2,6,-1,0,0,-1,2.021E+11,3,48,-1,P,2,2,0,2,28,11,3,NULL,-1,1,0,3,50
2.021E+11,29,7,2021,15:10:00,1,50,50502,2,1,1,3,ALSACE LORRAINE,"491,146,300,000","-10,987,600,000",2.021E+11,154 982,B01,1,1,0,2,3,0,5,NULL,2.021E+11,205 192,154 981,A01,1,1,1,2,1944,5,1,-1,-1,-1,-1,-1,2.021E+11,3,ALSACE LORRAINE,0,NULL,1,2,0,1,-1,-1,1,NULL,-1,1,0,1,50
2.021E+11,29,7,2021,15:10:00,1,50,50502,2,1,1,3,ALSACE LORRAINE,"491,146,300,000","-10,987,600,000",2.021E+11,154 982,B01,1,1,0,2,3,0,5,NULL,2.021E+11,205 193,154 982,B01,1,1,3,2,1957,5,2,-1,-1,-1,-1,-1,2.021E+11,3,ALSACE LORRAINE,0,NULL,1,2,0,1,-1,-1,1,NULL,-1,1,0,1,50
2.021E+11,22,7,2021,17:30:00,1,69,69383,2,1,1,6,PAUL BERT (R),"457,557,100,000","48,443,500,000",2.021E+11,152 579,A01,2,1,0,1,1,5,5,NULL,2.021E+11,201 831,152 579,A01,1,1,1,-1,NULL,-1,8,-1,-1,-1,-1,-1,2.021E+11,4,NULL,0,NULL,1,1,2,1,-1,-1,1,NULL,-1,1,0,5,50
2.021E+11,22,7,2021,17:30:00,1,69,69383,2,1,1,6,PAUL BERT (R),"457,557,100,000","48,443,500,000",2.021E+11,152 579,A01,2,1,0,1,1,5,5,NULL,2.021E+11,201 832,152 579,A01,10,3,4,2,2005,3,0,-1,-1,1,3,1,2.021E+11,4,NULL,0,NULL,1,1,2,1,-1,-1,1,NULL,-1,1,0,5,50
2.021E+11,15,7,2021,21:15:00,1,93,93066,2,3,1,3,Rue Guynemer / Cité Guynemer,"489,476,190,000","23,598,090,000",2.021E+11,150 113,B01,2,1,0,2,3,25,5,NULL,2.021E+11,198 479,150 113,B01,1,1,4,2,1985,1,8,0,-1,-1,-1,-1,2.021E+11,4,GUYNEMER,0,NULL,2,4,0,1,0,0,1,NULL,-1,1,9,4,50
2.021E+11,15,7,2021,21:15:00,1,93,93066,2,3,1,3,Rue Guynemer / Cité Guynemer,"489,476,190,000","23,598,090,000",2.021E+11,150 113,B01,2,1,0,2,3,25,5,NULL,2.021E+11,198 480,150 114,A01,1,1,1,2,2001,5,1,8,-1,-1,-1,-1,2.021E+11,4,GUYNEMER,0,NULL,2,4,0,1,0,0,1,NULL,-1,1,9,4,50
2.021E+11,9,7,2021,17:30:00,1,83,83069,2,1,1,2,SEMARD ( RUE PIERRE ),"431,096,919,873","61,224,827,170",2.021E+11,148 611,B01,3,1,0,2,1,1,5,NULL,2.021E+11,196 347,148 611,B01,1,1,3,1,1966,5,2,0,-1,-1,-1,-1,2.021E+11,4,SEMARD ( RUE PIERRE ),0,NULL,1,1,0,1,-1,-1,1,NULL,-1,1,0,1,50
2.021E+11,9,7,2021,17:30:00,1,83,83069,2,1,1,2,SEMARD ( RUE PIERRE ),"431,096,919,873","61,224,827,170",2.021E+11,148 611,B01,3,1,0,2,1,1,5,NULL,2.021E+11,196 348,148 612,A01,1,1,1,1,1944,5,1,0,-1,-1,-1,-1,2.021E+11,4,SEMARD ( RUE PIERRE ),0,NULL,1,1,0,1,-1,-1,1,NULL,-1,1,0,1,50
2.021E+11,7,7,2021,20:35:00,2,75,75111,2,1,1,3,BOULEVARD JULES FERRY,"488,669,650,000","23,683,800,000",2.021E+11,147 723,A01,2,1,0,2,1,1,5,NULL,2.021E+11,195 201,147 722,B01,1,1,1,1,1999,5,1,0,-1,0,0,-1,2.021E+11,4,BOULEVARD JULES FERRY,0,NULL,3,2,0,1,-1,-1,1,NULL,-1,1,0,1,30
2.021E+11,7,7,2021,20:35:00,2,75,75111,2,1,1,3,BOULEVARD JULES FERRY,"488,669,650,000","23,683,800,000",2.021E+11,147 723,A01,2,1,0,2,1,1,5,NULL,2.021E+11,195 202,147 723,A01,1,1,4,1,2001,5,2,0,-1,0,0,-1,2.021E+11,4,BOULEVARD JULES FERRY,0,NULL,3,2,0,1,-1,-1,1,NULL,-1,1,0,1,30
2.021E+11,1,7,2021,12:15:00,1,70,70421,2,1,1,7,17 rue de l'église,"476,904,030,000","60,432,420,000",2.021E+11,146 986,A01,1,1,0,0,0,0,5,NULL,2.021E+11,194 207,146 986,A01,1,1,2,1,1950,5,2,-1,-1,0,0,-1,2.021E+11,3,20,0,NULL,2,2,0,1,0,800,1,NULL,-1,1,0,1,50
2.021E+11,2,7,2021,08:40:00,1,51,51474,2,1,1,2,Rue de la Liberation,"492,621,010,000","39,856,040,000",2.021E+11,146 204,B01,2,1,0,2,1,1,5,NULL,2.021E+11,193 127,146 203,A01,1,1,1,1,1959,5,8,-1,-1,-1,-1,-1,2.021E+11,4,LIBERATION (RUE DE LA),0,NULL,2,2,0,1,-1,-1,1,NULL,-1,1,0,1,50
2.021E+11,2,7,2021,08:40:00,1,51,51474,2,1,1,2,Rue de la Liberation,"492,621,010,000","39,856,040,000",2.021E+11,146 204,B01,2,1,0,2,1,1,5,NULL,2.021E+11,193 128,146 204,B01,1,1,4,1,1962,0,8,-1,-1,-1,-1,-1,2.021E+11,4,LIBERATION (RUE DE LA),0,NULL,2,2,0,1,-1,-1,1,NULL,-1,1,0,1,50
2.021E+11,1,7,2021,22:05:00,5,75,75117,2,2,1,3,BOULEVARD MALESHERBES,"488,898,740,000","23,033,610,000",2.021E+11,145 578,A01,2,1,0,2,0,19,5,NULL,2.021E+11,192 275,145 577,B01,1,1,4,1,1953,1,1,0,-1,0,0,-1,2.021E+11,4,BOULEVARD MALESHERBES,0,NULL,2,4,0,1,-1,-1,1,NULL,-1,1,0,1,30
2.021E+11,1,7,2021,22:05:00,5,75,75117,2,2,1,3,BOULEVARD MALESHERBES,"488,898,740,000","23,033,610,000",2.021E+11,145 578,A01,2,1,0,2,0,19,5,NULL,2.021E+11,192 276,145 578,A01,1,1,4,2,1991,5,2,0,-1,0,0,-1,2.021E+11,4,BOULEVARD MALESHERBES,0,NULL,2,4,0,1,-1,-1,1,NULL,-1,1,0,1,30
2.021E+11,25,6,2021,12:00:00,1,75,75116,2,5,1,3,AVENUE PAUL DOUMER,"488,597,160,000","22,790,270,000",2.021E+11,144 310,B01,1,1,0,2,1,1,5,NULL,2.021E+11,190 580,144 310,B01,1,1,4,1,1951,5,2,0,-1,0,0,-1,2.021E+11,4,AVENUE PAUL DOUMER,0,NULL,2,2,0,1,-1,-1,1,NULL,-1,1,0,1,50
2.021E+11,25,6,2021,12:00:00,1,75,75116,2,5,1,3,AVENUE PAUL DOUMER,"488,597,160,000","22,790,270,000",2.021E+11,144 310,B01,1,1,0,2,1,1,5,NULL,2.021E+11,190 581,144 311,A01,1,1,1,1,1968,1,1,0,-1,0,0,-1,2.021E+11,4,AVENUE PAUL DOUMER,0,NULL,2,2,0,1,-1,-1,1,NULL,-1,1,0,1,50
2.021E+11,19,6,2021,11:45:00,1,73,73124,2,1,7,6,D990 Route de Chambéry,"456,574,280,000","63,501,830,000",2.021E+11,141 486,A01,1,1,0,0,9,1,5,NULL,2.021E+11,186 880,141 486,A01,1,1,3,1,1951,5,2,-1,-1,0,0,-1,2.021E+11,3,990,0,D,2,2,2,1,21,500,1,NULL,-1,1,-1,5,50
2.021E+11,19,6,2021,10:25:00,1,83,83146,2,9,1,6,quartier sous ville,"436,363,450,000","59,363,480,000",2.021E+11,141 458,A01,1,1,0,1,2,1,5,NULL,2.021E+11,186 839,141 458,A01,10,3,2,2,1936,3,0,-1,-1,2,3,1,2.021E+11,3,554,-1,NULL,2,2,0,1,20,300,1,NULL,-1,1,0,1,30
2.021E+11,19,6,2021,10:25:00,1,83,83146,2,9,1,6,quartier sous ville,"436,363,450,000","59,363,480,000",2.021E+11,141 458,A01,1,1,0,1,2,1,5,NULL,2.021E+11,186 840,141 458,A01,1,1,1,1,1985,5,2,-1,-1,0,0,-1,2.021E+11,3,554,-1,NULL,2,2,0,1,20,300,1,NULL,-1,1,0,1,30
2.021E+11,13,6,2021,10:15:00,1,7,7292,1,1,1,3,route départementale 6,"451,657,000,000","46,557,350,000",2.021E+11,139 740,B01,1,1,0,2,3,1,6,NULL,2.021E+11,184 616,139 739,A01,1,1,1,1,1948,9,8,-1,-1,0,0,-1,2.021E+11,3,6,0,NULL,2,2,0,2,14,900,1,NULL,-1,1,0,1,80
2.021E+11,13,6,2021,10:15:00,1,7,7292,1,1,1,3,route départementale 6,"451,657,000,000","46,557,350,000",2.021E+11,139 740,B01,1,1,0,2,3,1,6,NULL,2.021E+11,184 617,139 740,B01,1,1,3,1,1957,5,2,-1,-1,0,0,-1,2.021E+11,3,6,0,NULL,2,2,0,2,14,900,1,NULL,-1,1,0,1,80
2.021E+11,10,6,2021,08:40:00,1,91,91103,2,6,9,3,MARYSE BASTIE (AVENUE),"486,027,680,000","23,060,400,000",2.021E+11,139 259,B01,3,1,0,2,8,1,0,NULL,2.021E+11,183 945,139 259,B01,1,1,4,1,1984,1,8,0,-1,-1,-1,-1,2.021E+11,4,AV MARYSE BASTIE,0,NULL,3,1,2,1,0,0,1,NULL,-1,2,0,5,50
2.021E+11,10,6,2021,08:40:00,1,91,91103,2,6,9,3,MARYSE BASTIE (AVENUE),"486,027,680,000","23,060,400,000",2.021E+11,139 259,B01,3,1,0,2,8,1,0,NULL,2.021E+11,183 946,139 260,A01,1,1,1,2,1984,5,1,8,-1,-1,-1,-1,2.021E+11,4,AV MARYSE BASTIE,0,NULL,3,1,2,1,0,0,1,NULL,-1,2,0,5,50
2.021E+11,9,6,2021,18:00:00,1,79,79191,2,6,1,3,Rue de Ribray,"463,230,600,000"," -0,4674100000",2.021E+11,138 718,B01,1,1,0,2,1,2,5,NULL,2.021E+11,183 231,138 717,A01,1,1,1,2,2002,1,1,-1,-1,-1,-1,-1,2.021E+11,3,RIBRAY (RUE DE),0,NULL,2,2,0,1,75,550,1,NULL,"9,3",1,0,1,30
2.021E+11,9,6,2021,18:00:00,1,79,79191,2,6,1,3,Rue de Ribray,"463,230,600,000"," -0,4674100000",2.021E+11,138 718,B01,1,1,0,2,1,2,5,NULL,2.021E+11,183 232,138 718,B01,1,1,4,1,1973,1,0,-1,-1,-1,-1,-1,2.021E+11,3,RIBRAY (RUE DE),0,NULL,2,2,0,1,75,550,1,NULL,"9,3",1,0,1,30
2.021E+11,10,6,2021,09:49:00,1,75,75108,2,1,1,3,COURS ALBERT 1ER,"488,642,670,000","23,030,350,000",2.021E+11,138 566,B01,1,1,0,2,5,12,5,NULL,2.021E+11,183 038,138 565,A01,1,1,1,2,1992,5,1,0,-1,0,0,-1,2.021E+11,4,COURS ALBERT 1ER,0,NULL,3,3,0,1,-1,-1,1,NULL,-1,1,0,1,50
2.021E+11,10,6,2021,09:49:00,1,75,75108,2,1,1,3,COURS ALBERT 1ER,"488,642,670,000","23,030,350,000",2.021E+11,138 566,B01,1,1,0,2,5,12,5,NULL,2.021E+11,183 039,138 566,B01,1,1,4,2,1996,1,2,0,-1,0,0,-1,2.021E+11,4,COURS ALBERT 1ER,0,NULL,3,3,0,1,-1,-1,1,NULL,-1,1,0,1,50
2.021E+11,11,6,2021,14:30:00,1,29,29228,1,1,1,3,Route de la Pointe du Raz,"480,297,680,000","-45,978,860,000",2.021E+11,138 479,B01,2,1,0,2,8,2,5,NULL,2.021E+11,182 926,138 478,A01,1,1,1,1,1980,9,8,-1,-1,0,0,-1,2.021E+11,3,784,0,D,2,2,0,1,36,500,1,NULL,-1,1,0,1,80
2.021E+11,11,6,2021,14:30:00,1,29,29228,1,1,1,3,Route de la Pointe du Raz,"480,297,680,000","-45,978,860,000",2.021E+11,138 479,B01,2,1,0,2,8,2,5,NULL,2.021E+11,182 927,138 479,B01,1,1,3,1,1953,5,2,-1,-1,0,0,-1,2.021E+11,3,784,0,D,2,2,0,1,36,500,1,NULL,-1,1,0,1,80
2.021E+11,16,5,2021,11:20:00,1,92,92064,2,1,2,1,GRANDE RUE,"488,265,322,782","22,190,830,510",2.021E+11,130 771,A01,2,1,0,2,1,13,5,NULL,2.021E+11,172 906,130 771,A01,2,1,4,1,1996,5,2,8,-1,-1,-1,-1,2.021E+11,3,GRANDE RUE,0,NULL,3,4,0,1,0,0,1,NULL,-1,2,0,5,30
2.021E+11,16,5,2021,11:20:00,1,92,92064,2,1,2,1,GRANDE RUE,"488,265,322,782","22,190,830,510",2.021E+11,130 771,A01,2,1,0,2,1,13,5,NULL,2.021E+11,172 907,130 772,B01,1,1,1,2,1956,3,8,0,-1,-1,-1,-1,2.021E+11,3,GRANDE RUE,0,NULL,3,4,0,1,0,0,1,NULL,-1,2,0,5,30
2.021E+11,15,5,2021,15:07:00,1,69,69382,2,2,2,1,FRANKLIN (R),"457,519,000,000","48,310,900,000",2.021E+11,130 431,A01,2,1,0,2,7,1,5,NULL,2.021E+11,172 450,130 431,A01,1,1,4,2,1997,0,8,0,-1,-1,-1,-1,2.021E+11,4,FRANKLIN                            (R ),0,NULL,1,1,0,1,-1,-1,1,NULL,-1,2,0,1,30
2.021E+11,15,5,2021,15:07:00,1,69,69382,2,2,2,1,FRANKLIN (R),"457,519,000,000","48,310,900,000",2.021E+11,130 431,A01,2,1,0,2,7,1,5,NULL,2.021E+11,172 451,130 432,B01,1,1,1,2,1989,0,1,-1,-1,-1,-1,-1,2.021E+11,4,FRANKLIN                            (R ),0,NULL,1,1,0,1,-1,-1,1,NULL,-1,2,0,1,30
2.021E+11,6,5,2021,15:39:00,1,45,45068,2,1,3,7,36 bis Rue Roger Salengro,"480,171,230,000","27,153,330,000",2.021E+11,128 140,A01,2,1,0,0,0,1,5,NULL,2.021E+11,169 368,128 140,A01,1,1,4,1,2004,0,8,0,-1,-1,-1,-1,2.021E+11,3,SALENGRO (RUE ROGER),0,NULL,-1,2,0,1,0,625,1,NULL,-1,2,0,1,50
2.021E+11,7,5,2021,19:00:00,1,57,57160,2,2,1,1,rue des Jonquilles/rue de la Houve,"492,147,900,000","66,940,320,000",2.021E+11,127 943,B01,1,1,0,2,8,1,5,NULL,2.021E+11,169 121,127 943,B01,1,1,4,1,1966,5,2,-1,-1,0,0,-1,2.021E+11,3,23,0,NULL,2,2,0,1,17,70,1,NULL,-1,1,0,1,50
2.021E+11,7,5,2021,19:00:00,1,57,57160,2,2,1,1,rue des Jonquilles/rue de la Houve,"492,147,900,000","66,940,320,000",2.021E+11,127 943,B01,1,1,0,2,8,1,5,NULL,2.021E+11,169 122,127 944,A01,1,1,1,1,1951,5,1,-1,-1,0,0,-1,2.021E+11,3,23,0,NULL,2,2,0,1,17,70,1,NULL,-1,1,0,1,50
2.021E+11,1,5,2021,09:00:00,1,75,75118,2,2,8,3,RUE DU MONT CENIS,"488,912,130,000","23,436,410,000",2.021E+11,126 873,B01,1,1,0,2,1,1,5,NULL,2.021E+11,167 731,126 872,A01,1,1,1,1,1972,9,1,0,-1,0,0,-1,2.021E+11,4,RUE DU MONT CENIS,0,NULL,1,2,0,2,-1,-1,1,NULL,-1,1,0,1,30
2.021E+11,1,5,2021,09:00:00,1,75,75118,2,2,8,3,RUE DU MONT CENIS,"488,912,130,000","23,436,410,000",2.021E+11,126 873,B01,1,1,0,2,1,1,5,NULL,2.021E+11,167 732,126 873,B01,1,1,4,1,2000,5,8,0,-1,0,0,-1,2.021E+11,4,RUE DU MONT CENIS,0,NULL,1,2,0,2,-1,-1,1,NULL,-1,1,0,1,30
2.021E+11,26,4,2021,19:25:00,1,75,75119,2,1,1,2,RUE DE JOINVILLE,"488,898,630,000","23,800,430,000",2.021E+11,125 662,B01,2,1,0,2,3,1,5,NULL,2.021E+11,166 195,125 662,B01,1,1,4,2,1989,9,2,0,-1,0,0,-1,2.021E+11,4,RUE DE JOINVILLE,0,NULL,1,1,0,1,-1,-1,1,NULL,-1,1,0,1,50
2.021E+11,26,4,2021,19:25:00,1,75,75119,2,1,1,2,RUE DE JOINVILLE,"488,898,630,000","23,800,430,000",2.021E+11,125 662,B01,2,1,0,2,3,1,5,NULL,2.021E+11,166 196,125 662,B01,2,2,1,2,2018,9,3,2,-1,0,0,-1,2.021E+11,4,RUE DE JOINVILLE,0,NULL,1,1,0,1,-1,-1,1,NULL,-1,1,0,1,50
2.021E+11,26,4,2021,19:25:00,1,75,75119,2,1,1,2,RUE DE JOINVILLE,"488,898,630,000","23,800,430,000",2.021E+11,125 662,B01,2,1,0,2,3,1,5,NULL,2.021E+11,166 197,125 663,A01,1,1,1,1,1986,4,1,0,-1,0,0,-1,2.021E+11,4,RUE DE JOINVILLE,0,NULL,1,1,0,1,-1,-1,1,NULL,-1,1,0,1,50
2.021E+11,15,4,2021,17:55:00,1,92,92026,2,1,1,3,REPUBLIQUE (DE 29 A FIN),"489,011,229,209","22,501,426,935",2.021E+11,123 368,B01,2,1,1,0,7,2,0,NULL,2.021E+11,163 247,123 367,A01,1,1,1,1,1988,9,8,0,-1,-1,-1,-1,2.021E+11,3,REPUBLIQUE (DE 29 A FIN),0,NULL,2,2,0,1,0,0,1,NULL,-1,1,0,1,50
2.021E+11,15,4,2021,17:55:00,1,92,92026,2,1,1,3,REPUBLIQUE (DE 29 A FIN),"489,011,229,209","22,501,426,935",2.021E+11,123 368,B01,2,1,1,0,7,2,0,NULL,2.021E+11,163 248,123 368,B01,1,1,3,1,1993,0,2,6,-1,-1,-1,-1,2.021E+11,3,REPUBLIQUE (DE 29 A FIN),0,NULL,2,2,0,1,0,0,1,NULL,-1,1,0,1,50
2.021E+11,10,4,2021,14:05:00,1,64,64478,1,3,1,3,D217,"432,883,100,000"," -0,4381710000",2.021E+11,121 930,B01,1,1,0,2,3,1,5,NULL,2.021E+11,161 365,121 929,A01,1,1,1,2,1960,5,1,-1,-1,0,0,-1,2.021E+11,3,217,0,NULL,2,2,0,1,2,5,2,NULL,-1,1,2,1,70
2.021E+11,10,4,2021,14:05:00,1,64,64478,1,3,1,3,D217,"432,883,100,000"," -0,4381710000",2.021E+11,121 930,B01,1,1,0,2,3,1,5,NULL,2.021E+11,161 366,121 930,B01,1,1,4,1,1948,5,2,-1,-1,0,0,-1,2.021E+11,3,217,0,NULL,2,2,0,1,2,5,2,NULL,-1,1,2,1,70
2.021E+11,1,4,2021,22:40:00,5,75,75113,2,2,1,6,BOULEVARD DE L HOPITAL,"488,331,720,000","23,567,680,000",2.021E+11,120 175,A01,1,1,12,0,1,1,5,NULL,2.021E+11,159 042,120 175,A01,1,1,4,1,1991,1,8,0,-1,0,0,-1,2.021E+11,4,BOULEVARD DE L HOPITAL,0,NULL,1,2,3,3,-1,-1,1,NULL,-1,1,0,1,50
2.021E+11,31,3,2021,21:35:00,5,94,94041,2,9,1,1,Quai Marcel Boyer,"488,217,300,000","23,934,600,000",2.021E+11,119 883,A01,2,1,0,2,1,1,5,NULL,2.021E+11,158 671,119 882,D01,1,1,4,1,1991,-1,0,0,-1,-1,-1,-1,2.021E+11,3,MARCEL BOYER (QU),0,NULL,2,7,1,1,1,0,1,NULL,-1,1,0,5,50
2.021E+11,31,3,2021,21:35:00,5,94,94041,2,9,1,1,Quai Marcel Boyer,"488,217,300,000","23,934,600,000",2.021E+11,119 883,A01,2,1,0,2,1,1,5,NULL,2.021E+11,158 672,119 883,A01,1,1,4,1,1998,0,0,-1,-1,0,0,-1,2.021E+11,3,MARCEL BOYER (QU),0,NULL,2,7,1,1,1,0,1,NULL,-1,1,0,5,50
2.021E+11,5,3,2021,13:10:00,1,31,31483,2,3,1,3,GAMBETTA (BOULEVARD),"430,977,200,000","0,7127400000",2.021E+11,113 977,B01,1,1,0,2,7,26,5,NULL,2.021E+11,151 086,113 977,B01,1,1,4,1,1944,5,8,0,-1,-1,-1,-1,2.021E+11,4,GAMBETTA (BOULEVARD),0,NULL,2,2,0,1,-1,-1,1,NULL,-1,2,0,1,50
2.021E+11,5,3,2021,13:10:00,1,31,31483,2,3,1,3,GAMBETTA (BOULEVARD),"430,977,200,000","0,7127400000",2.021E+11,113 977,B01,1,1,0,2,7,26,5,NULL,2.021E+11,151 087,113 978,A01,1,1,1,2,1980,0,8,0,-1,-1,-1,-1,2.021E+11,4,GAMBETTA (BOULEVARD),0,NULL,2,2,0,1,-1,-1,1,NULL,-1,2,0,1,50
2.021E+11,3,3,2021,07:30:00,1,69,69387,2,1,1,7,DEBOURG                             (AV),"457,314,500,000","48,293,200,000",2.021E+11,113 543,A01,1,1,0,0,0,1,5,NULL,2.021E+11,150 528,113 543,A01,1,1,4,1,2001,0,8,0,-1,-1,-1,-1,2.021E+11,4,DEBOURG                             (AV),0,NULL,2,4,1,1,-1,-1,1,NULL,-1,1,0,1,50