Num_Acc,jour,mois,an,hrmn,lum,dep,com,agg,int,atm,col,adr,lat,long,Num_Acc,id_vehicule,num_veh,senc,catv,obs,obsm,choc,manv,motor,occutc,Num_Acc,id_usager,id_vehicule,num_veh,place,catu,grav,sexe,an_nais,trajet,secu1,secu2,secu3,locp,actp,etatp,Num_Acc,catr,voie,v1,v2,circ,nbv,vosp,prof,pr,pr1,plan,lartpc,larrout,surf,infra,situ,vma
2.021E+11,12,2,2021,07:00:00,5,7,7323,2,3,1,3,Rue du Moulin de l'Aure,"448,977,940,000","48,192,160,000",2.021E+11,108 994,B01,0,1,0,2,8,1,5,NULL,2.021E+11,144 647,108 993,A01,1,1,1,1,1943,0,1,-1,-1,0,0,-1,2.021E+11,3,279,0,NULL,2,2,0,2,5,800,1,NULL,-1,1,5,1,50
2.021E+11,12,2,2021,07:00:00,5,7,7323,2,3,1,3,Rue du Moulin de l'Aure,"448,977,940,000","48,192,160,000",2.021E+11,108 994,B01,0,1,0,2,8,1,5,NULL,2.021E+11,144 648,108 994,B01,1,1,3,1,1973,1,2,9,-1,0,0,-1,2.021E+11,3,279,0,NULL,2,2,0,2,5,800,1,NULL,-1,1,5,1,50
2.021E+11,4,2,2021,07:35:00,2,86,86194,2,3,2,3,Avenue du Plateau des Glières,"466,052,680,000","0,3218990000",2.021E+11,108 057,B01,2,1,0,2,1,5,0,NULL,2.021E+11,143 423,108 056,A01,1,1,1,1,1979,9,1,0,-1,-1,-1,-1,2.021E+11,3,PLATEAU DES GLIERES (AVENUE DU),0,NULL,2,2,1,1,36,2285,1,NULL,-1,2,0,1,50
2.021E+11,4,2,2021,07:35:00,2,86,86194,2,3,2,3,Avenue du Plateau des Glières,"466,052,680,000","0,3218990000",2.021E+11,108 057,B01,2,1,0,2,1,5,0,NULL,2.021E+11,143 424,108 057,B01,1,1,4,1,1972,1,8,0,-1,-1,-1,-1,2.021E+11,3,PLATEAU DES GLIERES (AVENUE DU),0,NULL,2,2,1,1,36,2285,1,NULL,-1,2,0,1,50
2.021E+11,27,1,2021,18:15:00,5,94,94043,2,1,2,3,CHARLES GIDE (AV),"488,055,600,000","23,479,100,000",2.021E+11,106 100,B01,1,1,0,2,1,1,5,NULL,2.021E+11,140 912,106 099,A01,1,1,1,2,1984,1,8,0,-1,-1,-1,-1,2.021E+11,3,AV CHARLES GIDE ,0,NULL,2,2,1,1,1,0,1,NULL,-1,2,0,5,50
2.021E+11,27,1,2021,18:15:00,5,94,94043,2,1,2,3,CHARLES GIDE (AV),"488,055,600,000","23,479,100,000",2.021E+11,106 100,B01,1,1,0,2,1,1,5,NULL,2.021E+11,140 913,106 100,B01,1,1,4,2,2000,1,8,0,-1,-1,-1,-1,2.021E+11,3,AV CHARLES GIDE ,0,NULL,2,2,1,1,1,0,1,NULL,-1,2,0,5,50
2.021E+11,27,10,2021,17:02:00,1,45,45146,1,1,7,3,Route des Trays,"477,199,940,000","19,309,920,000",2.021E+11,182 449,B01,1,1,0,2,0,1,5,NULL,2.021E+11,241 597,182 449,B01,1,1,4,2,1980,5,0,-1,-1,0,0,-1,2.021E+11,4,NULL,-1,NULL,2,2,0,1,-1,-1,1,NULL,4,1,0,1,50
2.021E+11,27,10,2021,17:02:00,1,45,45146,1,1,7,3,Route des Trays,"477,199,940,000","19,309,920,000",2.021E+11,182 449,B01,1,1,0,2,0,1,5,NULL,2.021E+11,241 598,182 450,A01,1,1,1,1,1960,1,8,-1,-1,0,0,-1,2.021E+11,4,NULL,-1,NULL,2,2,0,1,-1,-1,1,NULL,4,1,0,1,50
2.021E+11,22,10,2021,11:22:00,1,49,49007,2,1,1,3,NULL,"474,697,500,000"," -0,5616900000",2.021E+11,181 014,A01,1,1,0,2,3,26,5,NULL,2.021E+11,239 701,181 014,A01,1,1,3,1,1991,9,8,0,-1,-1,-1,-1,2.021E+11,4,GAULLE BOULEVARD CHARLES DE,0,NULL,2,2,0,1,1,0,1,NULL,-1,1,0,1,30
2.021E+11,22,10,2021,11:22:00,1,49,49007,2,1,1,3,NULL,"474,697,500,000"," -0,5616900000",2.021E+11,181 014,A01,1,1,0,2,3,26,5,NULL,2.021E+11,239 702,181 015,B01,1,1,1,1,1966,1,1,0,-1,-1,-1,-1,2.021E+11,4,GAULLE BOULEVARD CHARLES DE,0,NULL,2,2,0,1,1,0,1,NULL,-1,1,0,1,30
2.021E+11,19,10,2021,18:10:00,2,75,75118,2,3,1,3,BOULEVARD DE CLICHY,"488,834,150,000","23,343,120,000",2.021E+11,179 831,B01,1,1,0,2,6,11,5,NULL,2.021E+11,238 182,179 830,A01,1,1,1,1,2000,5,2,6,-1,0,0,-1,2.021E+11,4,BOULEVARD DE CLICHY,0,NULL,3,2,3,1,-1,-1,1,NULL,-1,1,0,6,30
2.021E+11,19,10,2021,18:10:00,2,75,75118,2,3,1,3,BOULEVARD DE CLICHY,"488,834,150,000","23,343,120,000",2.021E+11,179 831,B01,1,1,0,2,6,11,5,NULL,2.021E+11,238 183,179 831,B01,1,1,4,1,1994,9,2,0,-1,0,0,-1,2.021E+11,4,BOULEVARD DE CLICHY,0,NULL,3,2,3,1,-1,-1,1,NULL,-1,1,0,6,30
2.021E+11,30,9,2021,18:15:00,1,92,92012,2,6,1,2,ANCIENS COMBATTANT (ROND - POINT DES),"488,479,077,756","22,418,090,701",2.021E+11,173 458,B01,1,1,0,2,1,18,5,NULL,2.021E+11,229 929,173 457,A01,1,1,1,1,1961,0,1,8,-1,-1,-1,-1,2.021E+11,4,NULL,0,NULL,1,2,0,1,0,0,2,NULL,-1,1,9,1,50
2.021E+11,30,9,2021,18:15:00,1,92,92012,2,6,1,2,ANCIENS COMBATTANT (ROND - POINT DES),"488,479,077,756","22,418,090,701",2.021E+11,173 458,B01,1,1,0,2,1,18,5,NULL,2.021E+11,229 930,173 458,B01,1,1,4,1,1965,5,2,6,-1,-1,-1,-1,2.021E+11,4,NULL,0,NULL,1,2,0,1,0,0,2,NULL,-1,1,9,1,50
2.021E+11,22,9,2021,16:30:00,1,14,14487,2,1,1,6,VALLEE (ROUTE),"491,924,700,000","0,2224900000",2.021E+11,171 295,B01,2,1,0,2,8,1,0,NULL,2.021E+11,227 091,171 295,B01,1,1,4,1,1955,5,2,8,-1,0,0,-1,2.021E+11,4,NULL,0,NULL,2,2,0,1,0,0,1,NULL,-1,1,0,1,50
2.021E+11,22,9,2021,16:30:00,1,14,14487,2,1,1,6,VALLEE (ROUTE),"491,924,700,000","0,2224900000",2.021E+11,171 295,B01,2,1,0,2,8,1,0,NULL,2.021E+11,227 092,171 296,A01,1,1,1,1,1993,5,1,8,-1,0,0,-1,2.021E+11,4,NULL,0,NULL,2,2,0,1,0,0,1,NULL,-1,1,0,1,50
2.021E+11,10,9,2021,07:45:00,1,91,91027,2,2,1,3,AV DU 18 AVRIL,"487,013,500,000","23,861,700,000",2.021E+11,166 552,B01,1,1,0,2,8,1,0,NULL,2.021E+11,220 916,166 552,B01,1,1,4,2,1966,1,2,4,-1,-1,-1,-1,2.021E+11,3,AV DU 18 AVRIL,0,NULL,2,2,0,1,0,0,1,NULL,-1,1,5,1,30
2.021E+11,10,9,2021,07:45:00,1,91,91027,2,2,1,3,AV DU 18 AVRIL,"487,013,500,000","23,861,700,000",2.021E+11,166 552,B01,1,1,0,2,8,1,0,NULL,2.021E+11,220 917,166 553,A01,1,1,1,1,1963,1,1,4,-1,-1,-1,-1,2.021E+11,3,AV DU 18 AVRIL,0,NULL,2,2,0,1,0,0,1,NULL,-1,1,5,1,30
2.021E+11,9,9,2021,11:34:00,1,75,75102,2,7,8,6,RUE D ABOUKIR,"488,682,576,478","23,486,202,340",2.021E+11,166 374,Z01,1,1,0,1,7,1,5,NULL,2.021E+11,220 679,166 374,Z01,1,1,1,-1,NULL,-1,-1,-1,-1,-1,-1,-1,2.021E+11,4,RUE D ABOUKIR,0,NULL,2,2,0,1,-1,-1,1,NULL,-1,1,0,1,30
2.021E+11,9,9,2021,11:34:00,1,75,75102,2,7,8,6,RUE D ABOUKIR,"488,682,576,478","23,486,202,340",2.021E+11,166 374,Z01,1,1,0,1,7,1,5,NULL,2.021E+11,220 680,166 374,Z01,10,3,4,2,1951,5,0,-1,-1,2,3,2,2.021E+11,4,RUE D ABOUKIR,0,NULL,2,2,0,1,-1,-1,1,NULL,-1,1,0,1,30
2.021E+11,27,8,2021,17:50:00,1,41,41018,1,1,1,3,CHATEAU-RENAULT (ROUTE DE),"475,846,600,000","13,174,300,000",2.021E+11,164 034,B01,1,1,0,2,1,9,5,NULL,2.021E+11,217 594,164 033,A01,1,1,1,1,1973,0,1,0,-1,-1,-1,-1,2.021E+11,3,CHATEAU-RENAULT (ROUTE DE),0,NULL,2,2,0,1,1,188,1,NULL,-1,1,5,1,50
2.021E+11,27,8,2021,17:50:00,1,41,41018,1,1,1,3,CHATEAU-RENAULT (ROUTE DE),"475,846,600,000","13,174,300,000",2.021E+11,164 034,B01,1,1,0,2,1,9,5,NULL,2.021E+11,217 595,164 034,B01,1,1,4,2,1968,0,8,0,-1,0,-1,-1,2.021E+11,3,CHATEAU-RENAULT (ROUTE DE),0,NULL,2,2,0,1,1,188,1,NULL,-1,1,5,1,50
2.021E+11,19,8,2021,20:55:00,2,64,64445,2,1,1,7,MOHEDAN DU,"433,112,000,000"," -0,3709300000",2.021E+11,160 022,A01,1,1,0,0,7,1,5,NULL,2.021E+11,212 221,160 022,A01,1,1,4,1,2006,5,8,0,-1,-1,-1,-1,2.021E+11,4,MOHEDAN DU,0,NULL,2,2,0,1,0,0,1,NULL,-1,1,0,1,50
2.021E+11,15,8,2021,12:46:00,1,84,84008,1,3,1,3,D938,"441,435,410,000","51,053,300,000",2.021E+11,158 672,B01,1,1,0,0,8,1,5,NULL,2.021E+11,210 364,158 672,B01,1,1,3,1,1969,5,2,-1,-1,0,0,-1,2.021E+11,3,D938,0,NULL,2,2,0,1,17,0,4,NULL,-1,1,0,1,80
2.021E+11,15,8,2021,12:46:00,1,84,84008,1,3,1,3,D938,"441,435,410,000","51,053,300,000",2.021E+11,158 672,B01,1,1,0,0,8,1,5,NULL,2.021E+11,210 365,158 673,A01,1,1,1,1,1958,3,1,-1,-1,0,0,-1,2.021E+11,3,D938,0,NULL,2,2,0,1,17,0,4,NULL,-1,1,0,1,80
2.021E+11,12,8,2021,15:00:00,1,93,93027,2,1,1,3,PASTEUR (BOULEVARD) DE 1 A 39,"489,214,700,000","23,833,400,000",2.021E+11,157 746,B01,3,1,1,2,2,0,0,NULL,2.021E+11,209 072,157 745,A01,1,1,1,1,1982,0,1,0,-1,-1,-1,-1,2.021E+11,3,PASTEUR (BOULEVARD) DE 1 A 39,0,NULL,3,0,0,1,0,0,1,NULL,-1,1,0,1,50
2.021E+11,12,8,2021,15:00:00,1,93,93027,2,1,1,3,PASTEUR (BOULEVARD) DE 1 A 39,"489,214,700,000","23,833,400,000",2.021E+11,157 746,B01,3,1,1,2,2,0,0,NULL,2.021E+11,209 073,157 746,B01,1,1,4,1,1969,0,1,0,-1,-1,-1,-1,2.021E+11,3,PASTEUR (BOULEVARD) DE 1 A 39,0,NULL,3,0,0,1,0,0,1,NULL,-1,1,0,1,50
2.021E+11,2,8,2021,17:00:00,1,5,5023,2,1,1,6,REPUBLIQUE (AVENUE DE LA),"448,975,500,000","66,372,600,000",2.021E+11,156 940,A01,2,1,0,1,1,17,5,NULL,2.021E+11,207 973,156 940,A01,10,3,4,2,2008,5,0,-1,-1,2,3,1,2.021E+11,3,REPUBLIQUE (AVENUE DE LA),0,NULL,2,2,0,2,0,1,1,NULL,-1,1,9,1,30
2.021E+11,2,8,2021,17:00:00,1,5,5023,2,1,1,6,REPUBLIQUE (AVENUE DE LA),"448,975,500,000","66,372,600,000",2.021E+11,156 940,A01,2,1,0,1,1,17,5,NULL,2.021E+11,207 974,156 940,A01,1,1,1,1,2001,5,2,-1,-1,0,0,-1,2.021E+11,3,REPUBLIQUE (AVENUE DE LA),0,NULL,2,2,0,2,0,1,1,NULL,-1,1,9,1,30
2.021E+11,1,8,2021,12:25:00,1,84,84069,2,9,7,2,Route de Vaison-la-Romaine,"441,758,410,000","51,292,900,000",2.021E+11,155 165,A01,2,1,0,2,1,1,5,NULL,2.021E+11,205 482,155 165,A01,1,1,3,1,1974,5,2,-1,-1,0,0,-1,2.021E+11,3,938,-1,NULL,2,2,0,1,-1,-1,1,NULL,-1,1,0,1,50
2.021E+11,1,8,2021,12:25:00,1,84,84069,2,9,7,2,Route de Vaison-la-Romaine,"441,758,410,000","51,292,900,000",2.021E+11,155 165,A01,2,1,0,2,1,1,5,NULL,2.021E+11,205 483,155 166,B01,1,1,1,2,1980,5,1,-1,-1,0,0,-1,2.021E+11,3,938,-1,NULL,2,2,0,1,-1,-1,1,NULL,-1,1,0,1,50
2.021E+11,16,7,2021,18:00:00,1,75,75108,2,4,1,2,AVENUE DES CHAMPS ELYSEES,"488,660,060,000","23,191,690,000",2.021E+11,150 435,A01,2,1,0,2,5,2,5,NULL,2.021E+11,198 917,150 435,A01,1,1,4,2,1996,9,8,0,-1,0,0,-1,2.021E+11,4,AVENUE DES CHAMPS ELYSEES,0,NULL,2,8,3,1,-1,-1,1,NULL,-1,1,0,1,50
2.021E+11,16,7,2021,18:00:00,1,75,75108,2,4,1,2,AVENUE DES CHAMPS ELYSEES,"488,660,060,000","23,191,690,000",2.021E+11,150 435,A01,2,1,0,2,5,2,5,NULL,2.021E+11,198 918,150 436,B01,1,1,1,1,1994,4,1,0,-1,0,0,-1,2.021E+11,4,AVENUE DES CHAMPS ELYSEES,0,NULL,2,8,3,1,-1,-1,1,NULL,-1,1,0,1,50
2.021E+11,16,7,2021,18:00:00,1,75,75108,2,4,1,2,AVENUE DES CHAMPS ELYSEES,"488,660,060,000","23,191,690,000",2.021E+11,150 435,A01,2,1,0,2,5,2,5,NULL,2.021E+11,198 919,150 436,B01,2,2,1,2,1998,9,1,0,-1,0,0,-1,2.021E+11,4,AVENUE DES CHAMPS ELYSEES,0,NULL,2,8,3,1,-1,-1,1,NULL,-1,1,0,1,50
2.021E+11,7,7,2021,12:00:00,1,69,69047,1,2,1,3,CARRIERES (DES) (RTE),"459,057,140,000","46,608,260,000",2.021E+11,147 265,A01,2,1,0,2,1,1,5,NULL,2.021E+11,194 577,147 264,B01,1,1,1,1,1955,0,1,-1,-1,0,0,-1,2.021E+11,4,NULL,-1,NULL,2,2,0,2,-1,-1,1,NULL,3,1,0,1,50
2.021E+11,7,7,2021,12:00:00,1,69,69047,1,2,1,3,CARRIERES (DES) (RTE),"459,057,140,000","46,608,260,000",2.021E+11,147 265,A01,2,1,0,2,1,1,5,NULL,2.021E+11,194 578,147 265,A01,1,1,3,1,2008,0,2,-1,-1,0,0,-1,2.021E+11,4,NULL,-1,NULL,2,2,0,2,-1,-1,1,NULL,3,1,0,1,50
2.021E+11,1,7,2021,11:10:00,1,82,82121,2,2,1,3,VILLEBOURBON (QUAI),"440,170,871,467","13,479,568,809",2.021E+11,146 670,B01,1,1,0,2,8,1,5,NULL,2.021E+11,193 777,146 670,B01,1,1,4,1,1959,0,8,0,-1,-1,-1,-1,2.021E+11,4,VILLEBOURBON (QUAI),0,NULL,1,1,0,2,-1,-1,3,NULL,-1,1,0,1,30
2.021E+11,1,7,2021,11:10:00,1,82,82121,2,2,1,3,VILLEBOURBON (QUAI),"440,170,871,467","13,479,568,809",2.021E+11,146 670,B01,1,1,0,2,8,1,5,NULL,2.021E+11,193 778,146 671,A01,1,1,1,1,1942,5,1,8,-1,-1,-1,-1,2.021E+11,4,VILLEBOURBON (QUAI),0,NULL,1,1,0,2,-1,-1,3,NULL,-1,1,0,1,30
2.021E+11,18,6,2021,17:00:00,1,59,59328,2,1,1,5,LILLE RUE DE,"506,521,000,000","30,405,800,000",2.021E+11,144 090,B01,2,1,0,2,4,1,5,NULL,2.021E+11,190 263,144 089,C01,1,1,1,1,2006,0,0,0,-1,-1,0,-1,2.021E+11,4,LILLE RUE DE,0,NULL,2,2,0,1,-1,-1,2,NULL,-1,1,0,1,50
2.021E+11,18,6,2021,17:00:00,1,59,59328,2,1,1,5,LILLE RUE DE,"506,521,000,000","30,405,800,000",2.021E+11,144 089,C01,2,1,0,0,0,1,5,NULL,2.021E+11,190 263,144 089,C01,1,1,1,1,2006,0,0,0,-1,-1,0,-1,2.021E+11,4,LILLE RUE DE,0,NULL,2,2,0,1,-1,-1,2,NULL,-1,1,0,1,50
2.021E+11,18,6,2021,17:00:00,1,59,59328,2,1,1,5,LILLE RUE DE,"506,521,000,000","30,405,800,000",2.021E+11,144 090,B01,2,1,0,2,4,1,5,NULL,2.021E+11,190 264,144 090,B01,1,1,4,1,2001,0,0,0,-1,-1,0,-1,2.021E+11,4,LILLE RUE DE,0,NULL,2,2,0,1,-1,-1,2,NULL,-1,1,0,1,50
2.021E+11,18,6,2021,17:00:00,1,59,59328,2,1,1,5,LILLE RUE DE,"506,521,000,000","30,405,800,000",2.021E+11,144 089,C01,2,1,0,0,0,1,5,NULL,2.021E+11,190 264,144 090,B01,1,1,4,1,2001,0,0,0,-1,-1,0,-1,2.021E+11,4,LILLE RUE DE,0,NULL,2,2,0,1,-1,-1,2,NULL,-1,1,0,1,50
2.021E+11,18,6,2021,17:00:00,1,59,59328,2,1,1,5,LILLE RUE DE,"506,521,000,000","30,405,800,000",2.021E+11,144 090,B01,2,1,0,2,4,1,5,NULL,2.021E+11,190 265,144 091,A01,1,1,1,1,1947,0,8,0,-1,-1,0,-1,2.021E+11,4,LILLE RUE DE,0,NULL,2,2,0,1,-1,-1,2,NULL,-1,1,0,1,50
2.021E+11,18,6,2021,17:00:00,1,59,59328,2,1,1,5,LILLE RUE DE,"506,521,000,000","30,405,800,000",2.021E+11,144 089,C01,2,1,0,0,0,1,5,NULL,2.021E+11,190 265,144 091,A01,1,1,1,1,1947,0,8,0,-1,-1,0,-1,2.021E+11,4,LILLE RUE DE,0,NULL,2,2,0,1,-1,-1,2,NULL,-1,1,0,1,50
2.021E+11,26,6,2021,11:25:00,1,15,15076,1,1,1,7,D33,"448,620,710,000","21,758,510,000",2.021E+11,143 871,A01,1,1,0,0,0,1,5,NULL,2.021E+11,189 980,143 871,A01,1,1,3,1,1947,5,2,-1,-1,0,0,-1,2.021E+11,3,33,-1,NULL,2,2,0,2,16,700,2,NULL,-1,1,0,1,90
2.021E+11,23,6,2021,08:00:00,1,72,72181,2,1,1,3,MONTOISE (RUE),"480,090,000,000","0,1890000000",2.021E+11,143 737,B01,1,1,1,0,1,1,5,NULL,2.021E+11,189 801,143 737,B01,1,1,3,2,1983,0,8,0,-1,-1,-1,-1,2.021E+11,4,MONTOISE (RUE),0,NULL,2,2,0,1,0,0,1,NULL,-1,1,0,1,50
2.021E+11,23,6,2021,08:00:00,1,72,72181,2,1,1,3,MONTOISE (RUE),"480,090,000,000","0,1890000000",2.021E+11,143 737,B01,1,1,1,0,1,1,5,NULL,2.021E+11,189 802,143 738,A01,1,1,1,1,1969,0,8,0,-1,-1,-1,-1,2.021E+11,4,MONTOISE (RUE),0,NULL,2,2,0,1,0,0,1,NULL,-1,1,0,1,50
2.021E+11,17,6,2021,09:15:00,1,59,59350,2,1,1,2,HEGEL RUE,"506,289,000,000","30,181,000,000",2.021E+11,141 757,A01,3,1,0,2,6,1,5,NULL,2.021E+11,187 206,141 757,A01,1,1,4,2,1968,5,8,0,-1,-1,-1,-1,2.021E+11,7,HEGEL RUE,0,NULL,2,1,0,1,-1,-1,1,NULL,-1,2,0,1,50
2.021E+11,17,6,2021,09:15:00,1,59,59350,2,1,1,2,HEGEL RUE,"506,289,000,000","30,181,000,000",2.021E+11,141 757,A01,3,1,0,2,6,1,5,NULL,2.021E+11,187 207,141 758,Z01,1,1,1,-1,NULL,-1,-1,-1,-1,-1,-1,-1,2.021E+11,7,HEGEL RUE,0,NULL,2,1,0,1,-1,-1,1,NULL,-1,2,0,1,50
2.021E+11,18,6,2021,21:15:00,1,81,81227,1,1,1,3,Chemin de la Rivierette,"436,443,750,000","22,750,490,000",2.021E+11,141 514,B01,1,1,0,2,3,11,5,NULL,2.021E+11,186 909,141 513,A01,1,1,1,2,1988,1,1,-1,-1,0,0,-1,2.021E+11,3,D89,0,D,2,2,0,2,6,748,1,NULL,-1,1,0,1,80
2.021E+11,18,6,2021,21:15:00,1,81,81227,1,1,1,3,Chemin de la Rivierette,"436,443,750,000","22,750,490,000",2.021E+11,141 514,B01,1,1,0,2,3,11,5,NULL,2.021E+11,186 910,141 514,B01,1,1,2,1,1998,5,0,-1,-1,0,0,-1,2.021E+11,3,D89,0,D,2,2,0,2,6,748,1,NULL,-1,1,0,1,80
2.021E+11,17,6,2021,20:10:00,1,61,61001,2,3,2,7,VERDUN (RUE DE),"484,366,500,000","0,0993100000",2.021E+11,141 314,A01,2,1,0,0,0,16,5,NULL,2.021E+11,186 653,141 314,A01,1,1,4,1,1958,5,2,-1,-1,-1,-1,-1,2.021E+11,3,VERDUN (RUE DE),0,NULL,2,2,0,1,2,917,3,NULL,-1,2,5,1,50
2.021E+11,11,6,2021,20:30:00,1,94,94028,2,6,1,3,POMPADOUR(CARREFOUR),"487,741,600,000","24,396,400,000",2.021E+11,138 993,B01,1,1,0,2,8,19,5,NULL,2.021E+11,183 617,138 992,A01,1,1,1,1,1985,5,1,0,-1,-1,-1,-1,2.021E+11,3,POMPADOUR(CARREFOUR),0,NULL,1,3,1,1,1,0,1,NULL,-1,1,5,5,50
2.021E+11,11,6,2021,20:30:00,1,94,94028,2,6,1,3,POMPADOUR(CARREFOUR),"487,741,600,000","24,396,400,000",2.021E+11,138 993,B01,1,1,0,2,8,19,5,NULL,2.021E+11,183 618,138 992,A01,2,2,1,1,1985,0,1,0,-1,-1,-1,-1,2.021E+11,3,POMPADOUR(CARREFOUR),0,NULL,1,3,1,1,1,0,1,NULL,-1,1,5,5,50
2.021E+11,11,6,2021,20:30:00,1,94,94028,2,6,1,3,POMPADOUR(CARREFOUR),"487,741,600,000","24,396,400,000",2.021E+11,138 993,B01,1,1,0,2,8,19,5,NULL,2.021E+11,183 619,138 993,B01,1,1,4,1,1965,0,2,0,-1,-1,-1,-1,2.021E+11,3,POMPADOUR(CARREFOUR),0,NULL,1,3,1,1,1,0,1,NULL,-1,1,5,5,50
2.021E+11,21,5,2021,09:10:00,1,86,86095,2,3,1,3,D15,"467,028,740,000","0,4354130000",2.021E+11,132 176,B01,2,1,0,2,1,1,5,NULL,2.021E+11,174 710,132 176,B01,1,1,3,1,1992,5,2,-1,-1,0,0,-1,2.021E+11,3,15,-1,NULL,2,2,0,2,43,800,1,NULL,-1,1,0,1,50
2.021E+11,21,5,2021,09:10:00,1,86,86095,2,3,1,3,D15,"467,028,740,000","0,4354130000",2.021E+11,132 176,B01,2,1,0,2,1,1,5,NULL,2.021E+11,174 711,132 177,A01,1,1,1,2,1982,0,1,-1,-1,0,0,-1,2.021E+11,3,15,-1,NULL,2,2,0,2,43,800,1,NULL,-1,1,0,1,50
2.021E+11,14,5,2021,12:00:00,1,60,60159,2,6,1,3,carrefour Juchat,"494,196,300,000","28,203,400,000",2.021E+11,130 206,B01,1,1,0,2,7,1,5,NULL,2.021E+11,172 127,130 205,A01,1,1,1,1,1946,5,1,0,-1,-1,-1,-1,2.021E+11,3,C. JUCHAT (CARREFOUR),0,NULL,1,2,0,1,-1,-1,1,NULL,-1,1,5,1,30
2.021E+11,14,5,2021,12:00:00,1,60,60159,2,6,1,3,carrefour Juchat,"494,196,300,000","28,203,400,000",2.021E+11,130 206,B01,1,1,0,2,7,1,5,NULL,2.021E+11,172 128,130 206,B01,1,1,4,2,1986,3,2,6,-1,-1,-1,-1,2.021E+11,3,C. JUCHAT (CARREFOUR),0,NULL,1,2,0,1,-1,-1,1,NULL,-1,1,5,1,30
2.021E+11,3,5,2021,08:55:00,2,42,42097,2,2,1,1,M1082,"454,982,520,000","43,174,660,000",2.021E+11,127 261,B01,1,1,0,2,1,1,5,NULL,2.021E+11,168 258,127 260,A01,1,1,1,1,1957,1,1,-1,-1,0,0,-1,2.021E+11,7,1082,0,D,2,2,0,2,59,600,1,NULL,"10,5",1,5,1,70
2.021E+11,3,5,2021,08:55:00,2,42,42097,2,2,1,1,M1082,"454,982,520,000","43,174,660,000",2.021E+11,127 261,B01,1,1,0,2,1,1,5,NULL,2.021E+11,168 259,127 261,B01,1,1,3,1,1944,5,2,-1,-1,0,0,-1,2.021E+11,7,1082,0,D,2,2,0,2,59,600,1,NULL,"10,5",1,5,1,70
2.021E+11,22,3,2021,17:15:00,1,49,49353,2,1,1,1,PERREYEUX,"474,571,852,773"," -0,5118915439",2.021E+11,117 923,A01,3,1,8,0,1,1,5,NULL,2.021E+11,156 180,117 923,A01,1,1,4,2,1944,0,8,0,-1,-1,-1,-1,2.021E+11,4,PERREYEUX,0,NULL,2,2,1,1,1,0,1,NULL,-1,1,0,5,30
2.021E+11,19,3,2021,12:45:00,1,973,97302,2,1,1,3,MONTABO (ROUTE DE) 1,"49,445,502,462","-523,104,765,416",2.021E+11,117 398,A01,2,1,0,2,1,5,6,NULL,2.021E+11,155 497,117 397,B01,1,1,1,2,1992,0,1,8,-1,-1,-1,-1,2.021E+11,3,MONTABO (ROUTE DE) 1,0,NULL,2,2,1,1,1,200,1,NULL,-1,1,0,5,50
2.021E+11,19,3,2021,12:45:00,1,973,97302,2,1,1,3,MONTABO (ROUTE DE) 1,"49,445,502,462","-523,104,765,416",2.021E+11,117 398,A01,2,1,0,2,1,5,6,NULL,2.021E+11,155 498,117 398,A01,1,1,4,2,1992,0,2,8,-1,-1,-1,-1,2.021E+11,3,MONTABO (ROUTE DE) 1,0,NULL,2,2,1,1,1,200,1,NULL,-1,1,0,5,50
2.021E+11,19,3,2021,08:10:00,1,94,94046,2,2,1,3,Avenue de la République,"488,028,060,000","24,340,200,000",2.021E+11,117 044,B01,1,1,0,2,8,1,5,NULL,2.021E+11,155 038,117 043,A01,1,1,1,1,1958,4,1,0,-1,-1,-1,-1,2.021E+11,3,REPUBLIQUE (AV DE LA),0,NULL,1,2,0,1,1,0,1,NULL,-1,1,0,1,50
2.021E+11,19,3,2021,08:10:00,1,94,94046,2,2,1,3,Avenue de la République,"488,028,060,000","24,340,200,000",2.021E+11,117 044,B01,1,1,0,2,8,1,5,NULL,2.021E+11,155 039,117 044,B01,1,1,3,1,1975,1,8,0,-1,-1,-1,-1,2.021E+11,3,REPUBLIQUE (AV DE LA),0,NULL,1,2,0,1,1,0,1,NULL,-1,1,0,1,50
2.021E+11,6,3,2021,13:30:00,1,21,21673,1,1,1,7,Chemin de Bécoup,"471,708,107,561","47,218,036,652",2.021E+11,114 148,A01,3,1,0,0,1,1,5,NULL,2.021E+11,151 307,114 148,A01,1,1,4,1,1956,5,2,-1,-1,0,0,-1,2.021E+11,4,NULL,-1,NULL,2,2,0,2,-1,-1,1,NULL,-1,1,0,1,80
2.021E+11,23,2,2021,19:45:00,3,973,97353,2,1,2,1,Route de Sophie,"36,452,030,000","-540,276,770,000",2.021E+11,113 400,B01,0,1,0,2,0,1,5,NULL,2.021E+11,150 350,113 400,B01,1,1,1,1,2007,5,0,-1,-1,0,0,-1,2.021E+11,4,NULL,-1,NULL,2,2,0,4,-1,-1,2,NULL,-1,2,0,1,50
2.021E+11,23,2,2021,19:45:00,3,973,97353,2,1,2,1,Route de Sophie,"36,452,030,000","-540,276,770,000",2.021E+11,113 400,B01,0,1,0,2,0,1,5,NULL,2.021E+11,150 351,113 401,A01,1,1,3,1,2002,5,0,-1,-1,0,0,-1,2.021E+11,4,NULL,-1,NULL,2,2,0,4,-1,-1,2,NULL,-1,2,0,1,50