Num_Acc,jour,mois,an,hrmn,lum,dep,com,agg,int,atm,col,adr,lat,long,Num_Acc,id_vehicule,num_veh,senc,catv,obs,obsm,choc,manv,motor,occutc,Num_Acc,id_usager,id_vehicule,num_veh,place,catu,grav,sexe,an_nais,trajet,secu1,secu2,secu3,locp,actp,etatp,Num_Acc,catr,voie,v1,v2,circ,nbv,vosp,prof,pr,pr1,plan,lartpc,larrout,surf,infra,situ,vma
2.021E+11,26,6,2021,09:50:00,1,42,42192,1,1,1,2,M104,"453,840,140,000","41,287,140,000",2.021E+11,143 882,B01,1,1,0,0,4,1,5,NULL,2.021E+11,189 995,143 881,A01,2,2,1,1,1980,5,1,-1,-1,0,0,-1,2.021E+11,7,104,-1,NULL,2,2,0,1,24,900,1,NULL,-1,1,0,1,80
2.021E+11,26,6,2021,09:50:00,1,42,42192,1,1,1,2,M104,"453,840,140,000","41,287,140,000",2.021E+11,143 882,B01,1,1,0,0,4,1,5,NULL,2.021E+11,189 996,143 881,A01,1,1,1,2,1973,5,1,-1,-1,0,0,-1,2.021E+11,7,104,-1,NULL,2,2,0,1,24,900,1,NULL,-1,1,0,1,80
2.021E+11,26,6,2021,09:50:00,1,42,42192,1,1,1,2,M104,"453,840,140,000","41,287,140,000",2.021E+11,143 882,B01,1,1,0,0,4,1,5,NULL,2.021E+11,189 997,143 882,B01,1,1,3,1,1950,5,2,-1,-1,0,0,-1,2.021E+11,7,104,-1,NULL,2,2,0,1,24,900,1,NULL,-1,1,0,1,80
2.021E+11,19,6,2021,12:35:00,1,75,75116,2,5,1,6,RUE JEAN DE LA FONTAINE,"488,489,920,000","22,662,610,000",2.021E+11,142 396,A01,1,1,0,1,1,5,5,NULL,2.021E+11,188 101,142 396,A01,1,1,4,1,1999,4,2,0,-1,0,0,-1,2.021E+11,4,RUE JEAN DE LA FONTAINE,0,NULL,2,2,0,1,-1,-1,1,NULL,-1,2,8,1,50
2.021E+11,19,6,2021,12:35:00,1,75,75116,2,5,1,6,RUE JEAN DE LA FONTAINE,"488,489,920,000","22,662,610,000",2.021E+11,142 396,A01,1,1,0,1,1,5,5,NULL,2.021E+11,188 102,142 396,A01,10,3,4,2,1968,5,0,-1,-1,2,3,1,2.021E+11,4,RUE JEAN DE LA FONTAINE,0,NULL,2,2,0,1,-1,-1,1,NULL,-1,2,8,1,50
2.021E+11,16,6,2021,11:30:00,1,69,69386,2,2,1,2,MONTGOLFIER (R),"457,719,900,000","48,499,300,000",2.021E+11,140 961,B01,2,1,0,2,4,1,5,NULL,2.021E+11,186 203,140 960,A01,1,1,1,1,1943,5,1,-1,-1,-1,-1,-1,2.021E+11,4,MONTGOLFIER                         (R ),0,NULL,1,1,2,1,-1,-1,1,NULL,-1,1,0,1,50
2.021E+11,16,6,2021,11:30:00,1,69,69386,2,2,1,2,MONTGOLFIER (R),"457,719,900,000","48,499,300,000",2.021E+11,140 961,B01,2,1,0,2,4,1,5,NULL,2.021E+11,186 204,140 961,B01,1,1,4,2,1975,5,8,-1,-1,-1,-1,-1,2.021E+11,4,MONTGOLFIER                         (R ),0,NULL,1,1,2,1,-1,-1,1,NULL,-1,1,0,1,50
2.021E+11,16,6,2021,14:55:00,1,59,59350,2,6,1,3,FEBVRIER JACQUES PLACE,"506,178,500,000","30,611,100,000",2.021E+11,140 896,B01,1,1,0,0,6,2,5,NULL,2.021E+11,186 115,140 896,B01,1,1,4,1,1986,0,0,0,-1,-1,-1,-1,2.021E+11,4,FEBVRIER JACQUES PLACE,0,NULL,2,2,0,1,-1,-1,3,NULL,-1,1,0,1,30
2.021E+11,16,6,2021,14:55:00,1,59,59350,2,6,1,3,FEBVRIER JACQUES PLACE,"506,178,500,000","30,611,100,000",2.021E+11,140 896,B01,1,1,0,0,6,2,5,NULL,2.021E+11,186 116,140 897,A01,3,2,1,1,1986,4,1,0,-1,-1,-1,-1,2.021E+11,4,FEBVRIER JACQUES PLACE,0,NULL,2,2,0,1,-1,-1,3,NULL,-1,1,0,1,30
2.021E+11,16,6,2021,14:55:00,1,59,59350,2,6,1,3,FEBVRIER JACQUES PLACE,"506,178,500,000","30,611,100,000",2.021E+11,140 896,B01,1,1,0,0,6,2,5,NULL,2.021E+11,186 117,140 897,A01,1,1,1,1,1963,4,1,0,-1,-1,-1,-1,2.021E+11,4,FEBVRIER JACQUES PLACE,0,NULL,2,2,0,1,-1,-1,3,NULL,-1,1,0,1,30
2.021E+11,16,6,2021,14:55:00,1,59,59350,2,6,1,3,FEBVRIER JACQUES PLACE,"506,178,500,000","30,611,100,000",2.021E+11,140 896,B01,1,1,0,0,6,2,5,NULL,2.021E+11,186 118,140 897,A01,2,2,1,1,1981,0,1,0,-1,-1,-1,-1,2.021E+11,4,FEBVRIER JACQUES PLACE,0,NULL,2,2,0,1,-1,-1,3,NULL,-1,1,0,1,30
2.021E+11,9,6,2021,10:00:00,1,37,37214,2,1,1,7,PORTILLON (QUAI),"474,005,096,959","0,6802377105",2.021E+11,139 120,A01,2,1,15,0,1,1,5,NULL,2.021E+11,183 776,139 120,A01,1,1,3,1,1982,5,2,0,-1,-1,-1,-1,2.021E+11,4,PORTILLON (QUAI),0,NULL,2,1,0,2,-1,-1,1,NULL,-1,1,0,1,30
2.021E+11,10,6,2021,22:40:00,5,69,69388,2,2,1,3,ALBERT THOMAS (CR),"457,455,500,000","48,712,100,000",2.021E+11,138 758,B01,1,1,0,2,7,0,5,NULL,2.021E+11,183 286,138 758,B01,1,1,1,1,1998,0,8,-1,-1,-1,-1,-1,2.021E+11,4,ALBERT THOMAS                       (CO),0,NULL,2,5,1,1,-1,-1,1,NULL,-1,1,0,1,50
2.021E+11,10,6,2021,22:40:00,5,69,69388,2,2,1,3,ALBERT THOMAS (CR),"457,455,500,000","48,712,100,000",2.021E+11,138 758,B01,1,1,0,2,7,0,5,NULL,2.021E+11,183 287,138 758,B01,2,2,4,2,2000,0,8,-1,-1,-1,-1,-1,2.021E+11,4,ALBERT THOMAS                       (CO),0,NULL,2,5,1,1,-1,-1,1,NULL,-1,1,0,1,50
2.021E+11,10,6,2021,22:40:00,5,69,69388,2,2,1,3,ALBERT THOMAS (CR),"457,455,500,000","48,712,100,000",2.021E+11,138 758,B01,1,1,0,2,7,0,5,NULL,2.021E+11,183 288,138 759,A01,2,2,1,2,1992,0,1,-1,-1,-1,-1,-1,2.021E+11,4,ALBERT THOMAS                       (CO),0,NULL,2,5,1,1,-1,-1,1,NULL,-1,1,0,1,50
2.021E+11,10,6,2021,22:40:00,5,69,69388,2,2,1,3,ALBERT THOMAS (CR),"457,455,500,000","48,712,100,000",2.021E+11,138 758,B01,1,1,0,2,7,0,5,NULL,2.021E+11,183 289,138 759,A01,1,1,1,2,1998,0,1,-1,-1,-1,-1,-1,2.021E+11,4,ALBERT THOMAS                       (CO),0,NULL,2,5,1,1,-1,-1,1,NULL,-1,1,0,1,50
2.021E+11,7,6,2021,19:00:00,1,79,79191,2,1,1,7,59 Rue Victor Hugo,"463,244,300,000"," -0,4616900000",2.021E+11,137 581,A01,1,1,0,1,1,19,5,NULL,2.021E+11,181 799,137 581,A01,10,3,4,2,1948,0,0,-1,-1,9,9,1,2.021E+11,4,VICTOR HUGO,0,NULL,1,1,0,1,-1,-1,1,NULL,-1,1,6,1,30
2.021E+11,7,6,2021,19:00:00,1,79,79191,2,1,1,7,59 Rue Victor Hugo,"463,244,300,000"," -0,4616900000",2.021E+11,137 581,A01,1,1,0,1,1,19,5,NULL,2.021E+11,181 800,137 581,A01,1,1,1,1,2003,5,8,-1,-1,0,0,-1,2.021E+11,4,VICTOR HUGO,0,NULL,1,1,0,1,-1,-1,1,NULL,-1,1,6,1,30
2.021E+11,6,6,2021,10:30:00,1,26,26198,2,1,1,3,Boulevard de l’Europe,"445,486,630,000","47,567,150,000",2.021E+11,137 205,B01,2,1,0,2,8,1,5,NULL,2.021E+11,181 307,137 204,A01,1,1,1,1,1982,3,1,8,-1,0,0,-1,2.021E+11,4,ESPELUCHE (Route d'),0,NULL,2,2,0,1,-1,-1,3,NULL,-1,1,0,1,50
2.021E+11,6,6,2021,10:30:00,1,26,26198,2,1,1,3,Boulevard de l’Europe,"445,486,630,000","47,567,150,000",2.021E+11,137 205,B01,2,1,0,2,8,1,5,NULL,2.021E+11,181 308,137 205,B01,1,1,4,1,1967,5,2,6,-1,-1,-1,-1,2.021E+11,4,ESPELUCHE (Route d'),0,NULL,2,2,0,1,-1,-1,3,NULL,-1,1,0,1,50
2.021E+11,31,5,2021,18:46:00,1,94,94071,2,5,1,3,VILLENEUVE (R DE),"487,677,000,000","25,084,500,000",2.021E+11,134 988,B01,2,1,0,2,8,2,5,NULL,2.021E+11,178 446,134 988,B01,1,1,4,1,1971,0,2,0,-1,-1,-1,-1,2.021E+11,3,VILLENEUVE (R DE),0,NULL,2,0,0,1,1,0,1,NULL,-1,1,0,1,50
2.021E+11,31,5,2021,18:46:00,1,94,94071,2,5,1,3,VILLENEUVE (R DE),"487,677,000,000","25,084,500,000",2.021E+11,134 988,B01,2,1,0,2,8,2,5,NULL,2.021E+11,178 447,134 989,A01,1,1,1,-1,NULL,-1,-1,-1,-1,-1,-1,-1,2.021E+11,3,VILLENEUVE (R DE),0,NULL,2,0,0,1,1,0,1,NULL,-1,1,0,1,50
2.021E+11,26,5,2021,13:15:00,1,74,74012,2,1,1,3,FLORISSANT (AVENUE),"461,966,200,000","62,413,300,000",2.021E+11,133 435,A01,3,1,0,2,1,2,0,NULL,2.021E+11,176 415,133 435,A01,1,1,4,1,1979,0,8,0,-1,-1,-1,-1,2.021E+11,4,FLORISSANT (AVENUE),0,NULL,2,2,0,1,0,0,1,NULL,-1,1,0,1,50
2.021E+11,26,5,2021,13:15:00,1,74,74012,2,1,1,3,FLORISSANT (AVENUE),"461,966,200,000","62,413,300,000",2.021E+11,133 435,A01,3,1,0,2,1,2,0,NULL,2.021E+11,176 416,133 436,B01,1,1,1,2,1970,9,1,0,-1,-1,-1,-1,2.021E+11,4,FLORISSANT (AVENUE),0,NULL,2,2,0,1,0,0,1,NULL,-1,1,0,1,50
2.021E+11,21,5,2021,19:30:00,1,58,58083,2,1,1,2,Avenue Saint-jean,"472,539,510,000","36,783,330,000",2.021E+11,131 893,A01,3,1,0,2,4,16,6,NULL,2.021E+11,174 327,131 892,B01,1,1,1,-1,NULL,-1,-1,-1,-1,-1,-1,-1,2.021E+11,3,977,2,D,2,2,0,1,28,600,1,NULL,-1,1,0,1,50
2.021E+11,21,5,2021,19:30:00,1,58,58083,2,1,1,2,Avenue Saint-jean,"472,539,510,000","36,783,330,000",2.021E+11,131 893,A01,3,1,0,2,4,16,6,NULL,2.021E+11,174 328,131 893,A01,1,1,4,1,1998,5,0,-1,-1,0,0,-1,2.021E+11,3,977,2,D,2,2,0,1,28,600,1,NULL,-1,1,0,1,50
2.021E+11,20,5,2021,14:45:00,1,69,69383,2,2,1,3,FELIX FAURE                         (AV),"457,540,900,000","48,636,100,000",2.021E+11,131 811,B01,2,1,0,4,1,19,5,NULL,2.021E+11,174 228,131 811,B01,1,1,4,2,1999,0,2,8,-1,-1,-1,-1,2.021E+11,4,FELIX FAURE                         (AV),0,NULL,2,3,3,1,-1,-1,1,NULL,-1,1,9,1,50
2.021E+11,20,5,2021,14:45:00,1,69,69383,2,2,1,3,FELIX FAURE                         (AV),"457,540,900,000","48,636,100,000",2.021E+11,131 811,B01,2,1,0,4,1,19,5,NULL,2.021E+11,174 229,131 812,A01,1,1,1,2,1977,4,1,8,-1,-1,-1,-1,2.021E+11,4,FELIX FAURE                         (AV),0,NULL,2,3,3,1,-1,-1,1,NULL,-1,1,9,1,50
2.021E+11,12,5,2021,15:20:00,1,75,75109,2,7,8,2,BOULEVARD HAUSSMANN,"488,731,390,000","23,315,190,000",2.021E+11,129 698,B01,1,1,0,2,1,2,5,NULL,2.021E+11,171 439,129 697,A01,1,1,1,1,1961,4,1,0,-1,0,0,-1,2.021E+11,4,BOULEVARD HAUSSMANN,0,NULL,1,1,0,1,-1,-1,1,NULL,-1,1,0,1,50
2.021E+11,12,5,2021,15:20:00,1,75,75109,2,7,8,2,BOULEVARD HAUSSMANN,"488,731,390,000","23,315,190,000",2.021E+11,129 698,B01,1,1,0,2,1,2,5,NULL,2.021E+11,171 440,129 698,B01,1,1,4,1,1995,4,8,0,-1,0,0,-1,2.021E+11,4,BOULEVARD HAUSSMANN,0,NULL,1,1,0,1,-1,-1,1,NULL,-1,1,0,1,50
2.021E+11,11,5,2021,08:20:00,1,69,69386,2,2,2,3,DUQUESNE (R),"457,724,600,000","48,431,000,000",2.021E+11,129 547,A01,1,1,0,2,7,1,5,NULL,2.021E+11,171 246,129 547,A01,1,1,4,2,1966,1,0,-1,-1,-1,-1,-1,2.021E+11,4,DUQUESNE                            (R ),0,NULL,2,4,3,1,-1,-1,1,NULL,-1,2,0,1,50
2.021E+11,11,5,2021,08:20:00,1,69,69386,2,2,2,3,DUQUESNE (R),"457,724,600,000","48,431,000,000",2.021E+11,129 547,A01,1,1,0,2,7,1,5,NULL,2.021E+11,171 247,129 548,B01,1,1,1,1,1995,1,1,-1,-1,-1,-1,-1,2.021E+11,4,DUQUESNE                            (R ),0,NULL,2,4,3,1,-1,-1,1,NULL,-1,2,0,1,50
2.021E+11,10,5,2021,12:20:00,1,75,75101,2,3,1,1,BOULEVARD DE SEBASTOPOL,"488,612,070,000","23,497,180,000",2.021E+11,129 188,Z01,2,1,0,2,1,1,5,NULL,2.021E+11,170 781,129 187,A01,1,1,4,2,1997,9,2,0,-1,0,0,-1,2.021E+11,4,BOULEVARD DE SEBASTOPOL,0,NULL,2,5,1,1,-1,-1,1,NULL,-1,1,0,5,50
2.021E+11,10,5,2021,12:20:00,1,75,75101,2,3,1,1,BOULEVARD DE SEBASTOPOL,"488,612,070,000","23,497,180,000",2.021E+11,129 187,A01,1,1,0,2,1,5,5,NULL,2.021E+11,170 781,129 187,A01,1,1,4,2,1997,9,2,0,-1,0,0,-1,2.021E+11,4,BOULEVARD DE SEBASTOPOL,0,NULL,2,5,1,1,-1,-1,1,NULL,-1,1,0,5,50
2.021E+11,10,5,2021,12:20:00,1,75,75101,2,3,1,1,BOULEVARD DE SEBASTOPOL,"488,612,070,000","23,497,180,000",2.021E+11,129 188,Z01,2,1,0,2,1,1,5,NULL,2.021E+11,170 782,129 188,Z01,1,1,1,-1,NULL,-1,-1,-1,-1,-1,-1,-1,2.021E+11,4,BOULEVARD DE SEBASTOPOL,0,NULL,2,5,1,1,-1,-1,1,NULL,-1,1,0,5,50
2.021E+11,10,5,2021,12:20:00,1,75,75101,2,3,1,1,BOULEVARD DE SEBASTOPOL,"488,612,070,000","23,497,180,000",2.021E+11,129 187,A01,1,1,0,2,1,5,5,NULL,2.021E+11,170 782,129 188,Z01,1,1,1,-1,NULL,-1,-1,-1,-1,-1,-1,-1,2.021E+11,4,BOULEVARD DE SEBASTOPOL,0,NULL,2,5,1,1,-1,-1,1,NULL,-1,1,0,5,50
2.021E+11,22,4,2021,11:15:00,1,75,75116,2,7,1,3,PLACE DE LA PORTE MAILLOT,"488,783,322,045","22,810,739,279",2.021E+11,125 306,B01,3,1,0,2,8,18,5,NULL,2.021E+11,165 735,125 305,A01,1,1,1,1,1973,4,1,0,-1,0,0,-1,2.021E+11,4,PLACE DE LA PORTE MAILLOT,0,NULL,2,4,0,1,-1,-1,3,NULL,-1,1,0,1,30
2.021E+11,22,4,2021,11:15:00,1,75,75116,2,7,1,3,PLACE DE LA PORTE MAILLOT,"488,783,322,045","22,810,739,279",2.021E+11,125 306,B01,3,1,0,2,8,18,5,NULL,2.021E+11,165 736,125 306,B01,1,1,4,1,1982,5,8,0,-1,0,0,-1,2.021E+11,4,PLACE DE LA PORTE MAILLOT,0,NULL,2,4,0,1,-1,-1,3,NULL,-1,1,0,1,30
2.021E+11,31,3,2021,08:20:00,1,49,49007,2,3,1,3,CARNOT,"474,753,700,000"," -0,5485400000",2.021E+11,120 245,B01,3,1,0,2,1,1,5,NULL,2.021E+11,159 126,120 244,A01,1,1,1,2,1993,0,1,0,-1,-1,-1,-1,2.021E+11,4,CARNOT,0,NULL,2,2,0,1,1,0,1,NULL,-1,1,0,1,50
2.021E+11,31,3,2021,08:20:00,1,49,49007,2,3,1,3,CARNOT,"474,753,700,000"," -0,5485400000",2.021E+11,120 245,B01,3,1,0,2,1,1,5,NULL,2.021E+11,159 127,120 245,B01,1,1,4,2,1995,1,2,0,-1,-1,-1,-1,2.021E+11,4,CARNOT,0,NULL,2,2,0,1,1,0,1,NULL,-1,1,0,1,50
2.021E+11,22,3,2021,14:25:00,1,75,75111,2,2,1,3,BOULEVARD VOLTAIRE,"488,553,240,000","23,842,800,000",2.021E+11,117 653,B01,1,1,0,2,2,1,5,NULL,2.021E+11,155 839,117 652,A01,1,1,1,1,1979,9,1,0,-1,0,0,-1,2.021E+11,4,BOULEVARD VOLTAIRE,0,NULL,2,2,1,1,-1,-1,1,NULL,-1,1,-1,5,30
2.021E+11,22,3,2021,14:25:00,1,75,75111,2,2,1,3,BOULEVARD VOLTAIRE,"488,553,240,000","23,842,800,000",2.021E+11,117 653,B01,1,1,0,2,2,1,5,NULL,2.021E+11,155 840,117 653,B01,1,1,4,1,1954,5,2,0,-1,0,0,-1,2.021E+11,4,BOULEVARD VOLTAIRE,0,NULL,2,2,1,1,-1,-1,1,NULL,-1,1,-1,5,30
2.021E+11,20,3,2021,15:00:00,1,75,75111,2,3,1,1,RUE OBERKAMPF,"488,666,150,000","23,813,010,000",2.021E+11,117 305,A01,2,1,0,2,1,5,5,NULL,2.021E+11,155 365,117 304,B01,1,1,4,1,1995,9,2,0,-1,0,0,-1,2.021E+11,4,RUE OBERKAMPF,0,NULL,1,1,0,2,-1,-1,1,NULL,-1,1,-1,6,50
2.021E+11,20,3,2021,15:00:00,1,75,75111,2,3,1,1,RUE OBERKAMPF,"488,666,150,000","23,813,010,000",2.021E+11,117 305,A01,2,1,0,2,1,5,5,NULL,2.021E+11,155 366,117 305,A01,1,1,1,1,1977,9,2,0,-1,0,0,-1,2.021E+11,4,RUE OBERKAMPF,0,NULL,1,1,0,2,-1,-1,1,NULL,-1,1,-1,6,50
2.021E+11,9,3,2021,13:00:00,1,75,75107,2,2,1,7,RUE DE CONSTANTINE,"488,609,770,000","23,149,650,000",2.021E+11,115 168,A01,1,1,0,0,0,21,5,NULL,2.021E+11,152 609,115 168,A01,1,1,4,2,1944,5,8,0,-1,0,0,-1,2.021E+11,4,RUE DE CONSTANTINE,0,NULL,2,2,1,1,-1,-1,1,NULL,-1,1,-1,5,50
2.021E+11,13,2,2021,15:20:00,1,75,75112,2,3,1,3,RUE DE CHARENTON,"488,416,040,000","23,869,480,000",2.021E+11,109 471,A01,1,1,0,2,1,1,5,NULL,2.021E+11,145 292,109 470,Z01,1,1,1,-1,NULL,-1,-1,-1,-1,-1,-1,-1,2.021E+11,4,RUE DE CHARENTON,0,NULL,2,2,0,1,-1,-1,1,NULL,-1,1,0,1,30
2.021E+11,13,2,2021,15:20:00,1,75,75112,2,3,1,3,RUE DE CHARENTON,"488,416,040,000","23,869,480,000",2.021E+11,109 471,A01,1,1,0,2,1,1,5,NULL,2.021E+11,145 293,109 471,A01,1,1,4,1,2007,5,8,0,-1,0,0,-1,2.021E+11,4,RUE DE CHARENTON,0,NULL,2,2,0,1,-1,-1,1,NULL,-1,1,0,1,30
2.021E+11,26,1,2021,08:00:00,2,67,67482,2,1,1,3,CANONNIERS (RUE DES),"485,542,640,000","77,632,140,000",2.021E+11,106 190,B01,2,1,0,2,1,1,5,NULL,2.021E+11,141 032,106 190,B01,1,1,4,1,1973,1,2,0,-1,-1,-1,-1,2.021E+11,4,CANONNIERS (RUE DES),0,NULL,2,2,1,1,0,0,1,NULL,-1,1,0,1,50
2.021E+11,26,1,2021,08:00:00,2,67,67482,2,1,1,3,CANONNIERS (RUE DES),"485,542,640,000","77,632,140,000",2.021E+11,106 190,B01,2,1,0,2,1,1,5,NULL,2.021E+11,141 033,106 191,A01,1,1,1,1,1984,1,1,8,-1,-1,-1,-1,2.021E+11,4,CANONNIERS (RUE DES),0,NULL,2,2,1,1,0,0,1,NULL,-1,1,0,1,50
2.021E+11,12,1,2021,14:10:00,1,92,92044,2,2,2,3,VIC. HUGO(RUE)115A149 ET 148A178,"489,002,660,000","22,926,570,000",2.021E+11,104 767,B01,2,1,0,2,8,1,5,NULL,2.021E+11,139 064,104 767,B01,1,1,4,1,1992,9,2,0,-1,-1,-1,-1,2.021E+11,3,VIC. HUGO(RUE)115A149 ET 148A178,0,NULL,2,2,3,1,0,0,1,NULL,-1,2,0,1,50
2.021E+11,12,1,2021,14:10:00,1,92,92044,2,2,2,3,VIC. HUGO(RUE)115A149 ET 148A178,"489,002,660,000","22,926,570,000",2.021E+11,104 767,B01,2,1,0,2,8,1,5,NULL,2.021E+11,139 065,104 768,A01,1,1,1,2,1952,0,1,0,-1,-1,-1,-1,2.021E+11,3,VIC. HUGO(RUE)115A149 ET 148A178,0,NULL,2,2,3,1,0,0,1,NULL,-1,2,0,1,50
2.021E+11,17,1,2021,10:20:00,1,22,22215,2,3,1,3,rue de bel air,"484,973,776,490","-27,901,047,507",2.021E+11,104 192,B01,1,1,0,2,8,13,0,NULL,2.021E+11,138 283,104 191,A01,1,1,1,1,1965,5,1,0,-1,-1,-1,-1,2.021E+11,3,NULL,-1,NULL,2,2,-1,1,-1,-1,1,NULL,-1,1,8,1,-1
2.021E+11,17,1,2021,10:20:00,1,22,22215,2,3,1,3,rue de bel air,"484,973,776,490","-27,901,047,507",2.021E+11,104 192,B01,1,1,0,2,8,13,0,NULL,2.021E+11,138 284,104 192,B01,1,1,4,2,2012,3,2,0,-1,-1,-1,-1,2.021E+11,3,NULL,-1,NULL,2,2,-1,1,-1,-1,1,NULL,-1,1,8,1,-1
2.021E+11,27,10,2021,19:35:00,5,75,75116,2,2,1,2,AVENUE DU PRESIDENT WILSON,"488,639,210,000","22,905,000,000",2.021E+11,182 533,B01,1,1,0,2,4,2,5,NULL,2.021E+11,241 701,182 533,B01,1,1,4,1,1961,9,2,0,-1,0,0,-1,2.021E+11,4,AVENUE DU PRESIDENT WILSON,0,NULL,3,6,3,2,-1,-1,1,NULL,-1,1,-1,6,50
2.021E+11,27,10,2021,19:35:00,5,75,75116,2,2,1,2,AVENUE DU PRESIDENT WILSON,"488,639,210,000","22,905,000,000",2.021E+11,182 533,B01,1,1,0,2,4,2,5,NULL,2.021E+11,241 702,182 534,A01,1,1,1,1,1963,4,1,0,-1,0,0,-1,2.021E+11,4,AVENUE DU PRESIDENT WILSON,0,NULL,3,6,3,2,-1,-1,1,NULL,-1,1,-1,6,50
2.021E+11,28,10,2021,09:08:00,1,44,44215,2,6,1,3,Rond-point des échalonnières vertou,"471,773,750,000","-14,634,130,000",2.021E+11,182 394,B01,3,1,0,2,8,12,6,NULL,2.021E+11,241 529,182 394,B01,1,1,3,1,1962,5,9,-1,-1,0,0,-1,2.021E+11,7,59,0,NULL,-1,1,0,1,-1,-1,1,NULL,-1,1,5,1,50
2.021E+11,28,10,2021,09:08:00,1,44,44215,2,6,1,3,Rond-point des échalonnières vertou,"471,773,750,000","-14,634,130,000",2.021E+11,182 394,B01,3,1,0,2,8,12,6,NULL,2.021E+11,241 530,182 395,A01,1,1,1,1,1972,5,1,-1,-1,0,0,-1,2.021E+11,7,59,0,NULL,-1,1,0,1,-1,-1,1,NULL,-1,1,5,1,50
2.021E+11,24,10,2021,16:00:00,1,70,70427,2,1,1,7,13 grande rue,"477,496,350,000","60,009,700,000",2.021E+11,181 221,A01,2,1,0,0,0,1,5,NULL,2.021E+11,239 995,181 221,A01,1,1,2,1,1951,5,2,9,-1,0,0,-1,2.021E+11,3,7,-1,NULL,2,2,0,2,5,850,1,NULL,-1,1,0,1,50
2.021E+11,18,10,2021,08:38:00,1,92,92025,2,1,1,1,CHARLES DE GAULLE (BD),"489,149,410,000","22,285,680,000",2.021E+11,180 128,B01,1,1,0,2,1,5,5,NULL,2.021E+11,238 576,180 127,A01,1,1,4,1,1992,1,2,8,-1,-1,-1,-1,2.021E+11,3,992,0,NULL,1,4,1,1,0,0,1,NULL,-1,1,2,5,8
2.021E+11,18,10,2021,08:38:00,1,92,92025,2,1,1,1,CHARLES DE GAULLE (BD),"489,149,410,000","22,285,680,000",2.021E+11,180 128,B01,1,1,0,2,1,5,5,NULL,2.021E+11,238 577,180 128,B01,1,1,4,1,1978,9,2,8,-1,-1,-1,-1,2.021E+11,3,992,0,NULL,1,4,1,1,0,0,1,NULL,-1,1,2,5,8
2.021E+11,4,10,2021,13:45:00,1,75,75110,2,3,1,6,RUE DU FAUBOURG SAINT DENIS,"488,812,790,000","23,581,310,000",2.021E+11,174 485,A01,2,1,0,1,1,1,5,NULL,2.021E+11,231 279,174 485,A01,1,1,1,1,2005,9,8,0,-1,0,0,-1,2.021E+11,4,RUE DU FAUBOURG SAINT DENIS,0,NULL,2,2,0,1,-1,-1,1,NULL,-1,1,0,1,30
2.021E+11,4,10,2021,13:45:00,1,75,75110,2,3,1,6,RUE DU FAUBOURG SAINT DENIS,"488,812,790,000","23,581,310,000",2.021E+11,174 485,A01,2,1,0,1,1,1,5,NULL,2.021E+11,231 280,174 485,A01,10,3,4,2,1978,9,0,-1,-1,4,3,1,2.021E+11,4,RUE DU FAUBOURG SAINT DENIS,0,NULL,2,2,0,1,-1,-1,1,NULL,-1,1,0,1,30
2.021E+11,24,9,2021,08:15:00,1,25,25056,2,1,1,6,CHALEZEULE RUE DE (entre 51 ET 72),"472,475,300,000","60,377,900,000",2.021E+11,171 302,B01,2,1,1,0,1,26,5,NULL,2.021E+11,227 097,171 301,A01,2,2,1,1,2005,2,1,8,-1,-1,-1,-1,2.021E+11,4,CHALEZEULE RUE DE (entre 51 ET 72),0,NULL,2,2,2,2,-1,-1,1,NULL,-1,1,0,5,50
2.021E+11,24,9,2021,08:15:00,1,25,25056,2,1,1,6,CHALEZEULE RUE DE (entre 51 ET 72),"472,475,300,000","60,377,900,000",2.021E+11,171 302,B01,2,1,1,0,1,26,5,NULL,2.021E+11,227 098,171 301,A01,1,1,1,2,1978,2,1,8,-1,-1,-1,-1,2.021E+11,4,CHALEZEULE RUE DE (entre 51 ET 72),0,NULL,2,2,2,2,-1,-1,1,NULL,-1,1,0,5,50
2.021E+11,24,9,2021,08:15:00,1,25,25056,2,1,1,6,CHALEZEULE RUE DE (entre 51 ET 72),"472,475,300,000","60,377,900,000",2.021E+11,171 302,B01,2,1,1,0,1,26,5,NULL,2.021E+11,227 099,171 302,B01,1,1,4,1,1966,1,8,0,-1,-1,-1,-1,2.021E+11,4,CHALEZEULE RUE DE (entre 51 ET 72),0,NULL,2,2,2,2,-1,-1,1,NULL,-1,1,0,5,50
2.021E+11,17,9,2021,11:15:00,1,69,69383,2,2,1,3,GUILLOTIERE (DE LA) (PT),"457,562,808,854","48,402,830,539",2.021E+11,168 915,A01,3,1,0,9,4,21,5,NULL,2.021E+11,223 970,168 915,A01,1,1,1,1,1953,5,8,-1,-1,-1,-1,-1,2.021E+11,4,GUILLOTIERE (DE LA)                 (PT),0,NULL,3,5,2,1,-1,-1,1,NULL,-1,1,2,1,50