Num_Acc,jour,mois,an,hrmn,lum,dep,com,agg,int,atm,col,adr,lat,long,Num_Acc,id_vehicule,num_veh,senc,catv,obs,obsm,choc,manv,motor,occutc,Num_Acc,id_usager,id_vehicule,num_veh,place,catu,grav,sexe,an_nais,trajet,secu1,secu2,secu3,locp,actp,etatp,Num_Acc,catr,voie,v1,v2,circ,nbv,vosp,prof,pr,pr1,plan,lartpc,larrout,surf,infra,situ,vma
2.021E+11,17,9,2021,11:15:00,1,69,69383,2,2,1,3,GUILLOTIERE (DE LA) (PT),"457,562,808,854","48,402,830,539",2.021E+11,168 915,A01,3,1,0,9,4,21,5,NULL,2.021E+11,223 971,168 916,B01,1,1,4,2,1995,1,8,-1,-1,-1,-1,-1,2.021E+11,4,GUILLOTIERE (DE LA)                 (PT),0,NULL,3,5,2,1,-1,-1,1,NULL,-1,1,2,1,50
2.021E+11,17,9,2021,08:28:00,1,28,28085,2,9,1,3,CROIX BONNARD (RUE DE LA),"484,336,800,000","15,040,800,000",2.021E+11,168 796,B01,1,1,0,2,4,12,0,NULL,2.021E+11,223 809,168 795,A01,1,1,1,2,1981,2,1,8,-1,-1,-1,-1,2.021E+11,3,CROIX BONNARD (RUE DE LA),0,NULL,-1,2,0,1,0,0,2,NULL,-1,1,5,1,50
2.021E+11,17,9,2021,08:28:00,1,28,28085,2,9,1,3,CROIX BONNARD (RUE DE LA),"484,336,800,000","15,040,800,000",2.021E+11,168 796,B01,1,1,0,2,4,12,0,NULL,2.021E+11,223 810,168 796,B01,1,1,3,2,1961,1,2,8,-1,-1,-1,-1,2.021E+11,3,CROIX BONNARD (RUE DE LA),0,NULL,-1,2,0,1,0,0,2,NULL,-1,1,5,1,50
2.021E+11,14,9,2021,13:10:00,1,92,92002,2,2,1,3,HORTENSIAS (RUE DES),"487,513,022,436","23,106,270,301",2.021E+11,167 611,B01,0,1,0,2,0,19,6,NULL,2.021E+11,222 310,167 611,B01,1,1,4,2,1965,1,2,0,-1,-1,-1,-1,2.021E+11,3,127,0,NULL,2,2,0,1,0,0,1,NULL,-1,1,0,1,50
2.021E+11,14,9,2021,13:10:00,1,92,92002,2,2,1,3,HORTENSIAS (RUE DES),"487,513,022,436","23,106,270,301",2.021E+11,167 611,B01,0,1,0,2,0,19,6,NULL,2.021E+11,222 311,167 612,A01,1,1,1,1,1965,0,1,0,-1,-1,-1,-1,2.021E+11,3,127,0,NULL,2,2,0,1,0,0,1,NULL,-1,1,0,1,50
2.021E+11,8,9,2021,16:40:00,1,62,62318,1,1,1,2,ROUTE DÉPARTEMENTALE 939,"505,065,900,000","16,686,020,000",2.021E+11,165 548,B01,2,1,0,2,1,1,5,NULL,2.021E+11,219 627,165 548,B01,1,1,3,1,2004,5,2,-1,-1,0,0,-1,2.021E+11,3,939,-1,NULL,2,2,0,1,7,205,1,NULL,-1,1,0,1,80
2.021E+11,8,9,2021,16:40:00,1,62,62318,1,1,1,2,ROUTE DÉPARTEMENTALE 939,"505,065,900,000","16,686,020,000",2.021E+11,165 548,B01,2,1,0,2,1,1,5,NULL,2.021E+11,219 628,165 549,A01,1,1,1,1,1949,5,1,-1,-1,0,0,-1,2.021E+11,3,939,-1,NULL,2,2,0,1,7,205,1,NULL,-1,1,0,1,80
2.021E+11,28,8,2021,19:09:00,1,5,5092,1,1,1,1,les blayes,"444,840,150,000","60,278,680,000",2.021E+11,161 695,B01,1,1,0,2,1,1,5,NULL,2.021E+11,214 489,161 694,A01,1,1,4,2,2002,9,1,-1,-1,0,0,-1,2.021E+11,3,46,0,D,2,2,0,2,6,310,1,NULL,-1,1,0,1,80
2.021E+11,28,8,2021,19:09:00,1,5,5092,1,1,1,1,les blayes,"444,840,150,000","60,278,680,000",2.021E+11,161 695,B01,1,1,0,2,1,1,5,NULL,2.021E+11,214 490,161 695,B01,1,1,2,1,1991,5,2,-1,-1,0,0,-1,2.021E+11,3,46,0,D,2,2,0,2,6,310,1,NULL,-1,1,0,1,80
2.021E+11,16,8,2021,15:00:00,1,30,30059,2,2,1,6,Boulevard Gambetta,"436,731,020,000","42,368,010,000",2.021E+11,159 855,B01,2,1,0,2,8,5,5,NULL,2.021E+11,211 996,159 854,A01,1,1,1,1,1932,5,1,-1,-1,0,0,-1,2.021E+11,3,104,-1,D,2,2,0,1,7,900,1,NULL,-1,1,5,1,50
2.021E+11,16,8,2021,15:00:00,1,30,30059,2,2,1,6,Boulevard Gambetta,"436,731,020,000","42,368,010,000",2.021E+11,159 855,B01,2,1,0,2,8,5,5,NULL,2.021E+11,211 997,159 855,B01,1,1,4,1,2011,5,0,-1,-1,0,0,-1,2.021E+11,3,104,-1,D,2,2,0,1,7,900,1,NULL,-1,1,5,1,50
2.021E+11,17,8,2021,13:45:00,1,61,61168,1,1,1,2,D916,"485,750,950,000"," -0,3726390000",2.021E+11,159 126,B01,1,1,0,2,4,2,5,NULL,2.021E+11,210 993,159 125,A01,1,1,1,2,1972,3,1,-1,-1,0,0,-1,2.021E+11,3,916,0,NULL,2,2,0,1,56,740,3,NULL,-1,1,0,1,70
2.021E+11,17,8,2021,13:45:00,1,61,61168,1,1,1,2,D916,"485,750,950,000"," -0,3726390000",2.021E+11,159 126,B01,1,1,0,2,4,2,5,NULL,2.021E+11,210 994,159 126,B01,1,1,4,1,1960,5,2,-1,-1,0,0,-1,2.021E+11,3,916,0,NULL,2,2,0,1,56,740,3,NULL,-1,1,0,1,70
2.021E+11,14,8,2021,12:00:00,1,33,33046,2,3,1,3,54 Grande Route,"443,718,610,000"," -0,2436680000",2.021E+11,158 139,B01,2,1,0,0,2,15,5,NULL,2.021E+11,209 593,158 138,A01,1,1,1,1,1938,3,1,-1,-1,0,0,-1,2.021E+11,2,RN524,-1,NULL,2,2,0,1,-1,-1,1,NULL,-1,1,0,1,50
2.021E+11,14,8,2021,12:00:00,1,33,33046,2,3,1,3,54 Grande Route,"443,718,610,000"," -0,2436680000",2.021E+11,158 139,B01,2,1,0,0,2,15,5,NULL,2.021E+11,209 594,158 139,B01,2,2,4,2,2007,5,2,-1,-1,0,0,-1,2.021E+11,2,RN524,-1,NULL,2,2,0,1,-1,-1,1,NULL,-1,1,0,1,50
2.021E+11,14,8,2021,12:00:00,1,33,33046,2,3,1,3,54 Grande Route,"443,718,610,000"," -0,2436680000",2.021E+11,158 139,B01,2,1,0,0,2,15,5,NULL,2.021E+11,209 595,158 139,B01,1,1,3,1,1976,5,0,-1,-1,0,0,-1,2.021E+11,2,RN524,-1,NULL,2,2,0,1,-1,-1,1,NULL,-1,1,0,1,50
2.021E+11,31,7,2021,10:30:00,1,85,85234,2,6,1,2,Route de Challans,"467,957,700,000","-20,483,280,000",2.021E+11,154 849,B01,2,1,0,2,0,2,0,NULL,2.021E+11,204 993,154 849,B01,1,1,3,1,1932,3,0,-1,-1,0,0,-1,2.021E+11,3,NULL,-1,NULL,2,2,0,1,76,930,3,NULL,5,1,0,1,50
2.021E+11,31,7,2021,10:30:00,1,85,85234,2,6,1,2,Route de Challans,"467,957,700,000","-20,483,280,000",2.021E+11,154 849,B01,2,1,0,2,0,2,0,NULL,2.021E+11,204 994,154 850,A01,1,1,1,1,1965,3,1,-1,-1,0,0,-1,2.021E+11,3,NULL,-1,NULL,2,2,0,1,76,930,3,NULL,5,1,0,1,50
2.021E+11,29,7,2021,10:25:00,1,30,30007,2,9,1,3,JUIN (AVE DU MARECHAL),"441,172,300,000","41,081,800,000",2.021E+11,154 655,B01,2,1,0,2,1,26,5,NULL,2.021E+11,204 732,154 654,A01,1,1,1,2,1943,3,1,5,-1,-1,-1,-1,2.021E+11,3,JUIN (AVE DU MARECHAL),0,NULL,1,1,0,1,5,700,2,NULL,-1,1,9,1,50
2.021E+11,29,7,2021,10:25:00,1,30,30007,2,9,1,3,JUIN (AVE DU MARECHAL),"441,172,300,000","41,081,800,000",2.021E+11,154 655,B01,2,1,0,2,1,26,5,NULL,2.021E+11,204 733,154 655,B01,1,1,4,1,1939,0,8,4,-1,-1,-1,-1,2.021E+11,3,JUIN (AVE DU MARECHAL),0,NULL,1,1,0,1,5,700,2,NULL,-1,1,9,1,50
2.021E+11,26,7,2021,17:50:00,1,76,76457,1,3,8,3,GOSSELIN RUE,"493,397,000,000","0,9617000000",2.021E+11,154 111,B01,0,1,0,2,2,1,5,NULL,2.021E+11,204 000,154 111,B01,1,1,4,1,1988,1,2,0,-1,-1,-1,-1,2.021E+11,7,GOSSELIN RUE,0,NULL,2,-1,0,1,26,250,2,NULL,-1,1,0,1,50
2.021E+11,26,7,2021,17:50:00,1,76,76457,1,3,8,3,GOSSELIN RUE,"493,397,000,000","0,9617000000",2.021E+11,154 111,B01,0,1,0,2,2,1,5,NULL,2.021E+11,204 001,154 112,A01,1,1,1,-1,NULL,-1,8,-1,-1,-1,-1,-1,2.021E+11,7,GOSSELIN RUE,0,NULL,2,-1,0,1,26,250,2,NULL,-1,1,0,1,50
2.021E+11,22,7,2021,10:00:00,1,2,2191,2,1,1,7,Rue de l Eglise,"495,278,480,000","35,845,850,000",2.021E+11,152 339,A01,2,1,0,0,0,1,5,NULL,2.021E+11,201 541,152 339,A01,1,1,2,1,1955,5,0,-1,-1,0,0,-1,2.021E+11,3,542,0,NULL,2,2,0,1,4,400,1,NULL,-1,1,0,1,50
2.021E+11,18,7,2021,00:04:00,5,75,75105,2,2,1,3,QUAI SAINT BERNARD,"488,493,930,000","23,568,070,000",2.021E+11,151 085,A01,1,1,0,2,1,19,5,NULL,2.021E+11,199 861,151 084,B01,1,1,4,1,1998,5,2,6,-1,0,0,-1,2.021E+11,4,QUAI SAINT BERNARD,0,NULL,2,5,0,1,-1,-1,1,NULL,-1,1,0,1,50
2.021E+11,18,7,2021,00:04:00,5,75,75105,2,2,1,3,QUAI SAINT BERNARD,"488,493,930,000","23,568,070,000",2.021E+11,151 085,A01,1,1,0,2,1,19,5,NULL,2.021E+11,199 862,151 085,A01,1,1,4,1,1990,5,2,0,-1,0,0,-1,2.021E+11,4,QUAI SAINT BERNARD,0,NULL,2,5,0,1,-1,-1,1,NULL,-1,1,0,1,50
2.021E+11,14,7,2021,11:00:00,1,6,6025,1,1,1,2,Route des Iscles,"438,304,250,000","71,774,730,000",2.021E+11,151 025,B01,1,1,0,2,4,13,5,NULL,2.021E+11,199 784,151 025,B01,1,1,3,1,1956,5,2,-1,-1,0,0,-1,2.021E+11,7,2209,0,M,2,2,0,1,26,900,1,NULL,-1,1,0,1,80
2.021E+11,14,7,2021,11:00:00,1,6,6025,1,1,1,2,Route des Iscles,"438,304,250,000","71,774,730,000",2.021E+11,151 025,B01,1,1,0,2,4,13,5,NULL,2.021E+11,199 785,151 026,A01,1,1,1,1,2001,1,1,-1,-1,0,0,-1,2.021E+11,7,2209,0,M,2,2,0,1,26,900,1,NULL,-1,1,0,1,80
2.021E+11,31,3,2021,17:30:00,1,1,1344,2,1,1,2,TREVOUX (AVENUE DE),"462,003,700,000","51,953,100,000",2.021E+11,149 782,B01,1,1,0,2,4,0,0,NULL,2.021E+11,198 035,149 781,A01,1,1,1,1,2001,2,1,0,-1,-1,-1,-1,2.021E+11,3,TREVOUX (AVENUE DE),0,NULL,2,1,0,2,46,635,1,NULL,-1,1,0,1,50
2.021E+11,31,3,2021,17:30:00,1,1,1344,2,1,1,2,TREVOUX (AVENUE DE),"462,003,700,000","51,953,100,000",2.021E+11,149 782,B01,1,1,0,2,4,0,0,NULL,2.021E+11,198 036,149 781,A01,2,2,1,1,2001,2,1,0,-1,-1,-1,-1,2.021E+11,3,TREVOUX (AVENUE DE),0,NULL,2,1,0,2,46,635,1,NULL,-1,1,0,1,50
2.021E+11,31,3,2021,17:30:00,1,1,1344,2,1,1,2,TREVOUX (AVENUE DE),"462,003,700,000","51,953,100,000",2.021E+11,149 782,B01,1,1,0,2,4,0,0,NULL,2.021E+11,198 037,149 782,B01,1,1,4,1,1993,1,8,0,-1,-1,-1,-1,2.021E+11,3,TREVOUX (AVENUE DE),0,NULL,2,1,0,2,46,635,1,NULL,-1,1,0,1,50
2.021E+11,5,7,2021,14:15:00,1,12,12305,1,1,1,7,JAURES JEAN (AVENUE),"445,487,700,000","22,177,400,000",2.021E+11,147 436,A01,1,1,0,0,8,1,5,NULL,2.021E+11,194 798,147 436,A01,1,1,3,1,1961,5,0,-1,-1,0,0,-1,2.021E+11,3,JAURES JEAN (AVENUE),0,NULL,2,2,0,1,18,600,1,NULL,-1,1,0,3,70
2.021E+11,16,6,2021,17:00:00,1,54,54342,2,3,1,6,RUE JOFFRE,"492,826,400,000","58,966,300,000",2.021E+11,147 136,B01,2,1,0,2,2,1,5,NULL,2.021E+11,194 406,147 135,A01,1,1,1,2,1982,1,1,0,-1,0,0,-1,2.021E+11,3,NULL,0,NULL,2,2,0,1,-1,-1,3,NULL,-1,1,0,1,50
2.021E+11,16,6,2021,17:00:00,1,54,54342,2,3,1,6,RUE JOFFRE,"492,826,400,000","58,966,300,000",2.021E+11,147 136,B01,2,1,0,2,2,1,5,NULL,2.021E+11,194 407,147 136,B01,1,1,4,1,1977,5,0,-1,-1,0,0,-1,2.021E+11,3,NULL,0,NULL,2,2,0,1,-1,-1,3,NULL,-1,1,0,1,50
2.021E+11,1,7,2021,20:30:00,1,93,93057,2,1,1,3,WILSON (AV. DU PRESIDENT) 1 A 69,"489,051,190,000","25,105,550,000",2.021E+11,145 557,B01,1,1,0,2,4,13,5,NULL,2.021E+11,192 248,145 556,A01,1,1,4,1,1999,0,2,6,-1,-1,-1,-1,2.021E+11,3,WILSON (AV. DU PRESIDENT) 1 A 69,0,NULL,1,1,0,1,1,0,1,NULL,-1,1,0,1,50
2.021E+11,1,7,2021,20:30:00,1,93,93057,2,1,1,3,WILSON (AV. DU PRESIDENT) 1 A 69,"489,051,190,000","25,105,550,000",2.021E+11,145 557,B01,1,1,0,2,4,13,5,NULL,2.021E+11,192 249,145 557,B01,1,1,4,1,2003,0,8,0,-1,-1,-1,-1,2.021E+11,3,WILSON (AV. DU PRESIDENT) 1 A 69,0,NULL,1,1,0,1,1,0,1,NULL,-1,1,0,1,50
2.021E+11,18,6,2021,16:30:00,1,21,21231,2,4,1,3,3 Rue d’York,"473,309,957,674","50,590,911,054",2.021E+11,141 683,A01,2,1,0,2,8,15,5,NULL,2.021E+11,187 116,141 682,B01,1,1,3,1,1972,2,2,6,-1,-1,-1,-1,2.021E+11,4,ARAGO (RUE),0,NULL,2,2,0,2,-1,-1,1,NULL,-1,1,0,1,50
2.021E+11,18,6,2021,16:30:00,1,21,21231,2,4,1,3,3 Rue d’York,"473,309,957,674","50,590,911,054",2.021E+11,141 683,A01,2,1,0,2,8,15,5,NULL,2.021E+11,187 117,141 683,A01,1,1,3,1,1980,0,2,0,-1,-1,-1,-1,2.021E+11,4,ARAGO (RUE),0,NULL,2,2,0,2,-1,-1,1,NULL,-1,1,0,1,50
2.021E+11,18,6,2021,16:30:00,1,21,21231,2,4,1,3,3 Rue d’York,"473,309,957,674","50,590,911,054",2.021E+11,141 683,A01,2,1,0,2,8,15,5,NULL,2.021E+11,187 118,141 683,A01,2,2,3,1,2017,0,2,3,-1,-1,-1,-1,2.021E+11,4,ARAGO (RUE),0,NULL,2,2,0,2,-1,-1,1,NULL,-1,1,0,1,50
2.021E+11,12,6,2021,16:30:00,1,27,27318,2,4,1,6,Rue des Canadiens,"491,914,330,000","0,7804480000",2.021E+11,139 395,B01,1,1,0,2,8,1,5,NULL,2.021E+11,184 140,139 395,B01,1,1,4,1,1952,5,2,-1,-1,0,0,-1,2.021E+11,3,26,-1,NULL,2,2,0,1,24,960,3,NULL,-1,1,0,1,50
2.021E+11,12,6,2021,16:30:00,1,27,27318,2,4,1,6,Rue des Canadiens,"491,914,330,000","0,7804480000",2.021E+11,139 395,B01,1,1,0,2,8,1,5,NULL,2.021E+11,184 141,139 396,A01,1,1,1,2,1951,0,1,-1,-1,0,0,-1,2.021E+11,3,26,-1,NULL,2,2,0,1,24,960,3,NULL,-1,1,0,1,50
2.021E+11,29,5,2021,12:25:00,1,2B,2B207,1,1,1,1,Aja Rossa,"424,460,630,000","94,730,470,000",2.021E+11,133 939,B01,1,1,0,2,1,13,5,NULL,2.021E+11,177 061,133 939,B01,1,1,3,1,1965,5,2,-1,-1,0,0,-1,2.021E+11,3,506,-1,NULL,2,2,0,1,0,0,2,NULL,-1,9,2,1,80
2.021E+11,29,5,2021,12:25:00,1,2B,2B207,1,1,1,1,Aja Rossa,"424,460,630,000","94,730,470,000",2.021E+11,133 939,B01,1,1,0,2,1,13,5,NULL,2.021E+11,177 062,133 940,A01,1,1,1,1,1968,4,8,-1,-1,0,0,-1,2.021E+11,3,506,-1,NULL,2,2,0,1,0,0,2,NULL,-1,9,2,1,80
2.021E+11,12,5,2021,10:09:00,1,91,91570,2,1,1,3,MONTLHERY (RUE),"486,341,600,000","22,971,100,000",2.021E+11,131 798,B01,3,1,0,2,1,1,5,NULL,2.021E+11,174 211,131 798,B01,1,1,4,1,1997,0,1,0,-1,-1,-1,-1,2.021E+11,6,MONTLHERY (RUE),0,NULL,-1,0,0,1,0,0,1,NULL,-1,1,0,8,30
2.021E+11,12,5,2021,10:09:00,1,91,91570,2,1,1,3,MONTLHERY (RUE),"486,341,600,000","22,971,100,000",2.021E+11,131 798,B01,3,1,0,2,1,1,5,NULL,2.021E+11,174 212,131 799,A01,1,1,1,2,1977,0,1,0,-1,-1,-1,-1,2.021E+11,6,MONTLHERY (RUE),0,NULL,-1,0,0,1,0,0,1,NULL,-1,1,0,8,30
2.021E+11,17,5,2021,08:38:00,1,75,75110,2,2,8,6,RUE DU FAUBOURG SAINT MARTIN,"488,737,760,000","23,583,160,000",2.021E+11,130 786,Z01,1,1,0,1,1,1,5,NULL,2.021E+11,172 923,130 786,Z01,10,3,4,2,1971,4,8,8,-1,2,3,1,2.021E+11,4,RUE DU FAUBOURG SAINT MARTIN,0,NULL,2,2,1,2,-1,-1,1,NULL,-1,1,0,5,50
2.021E+11,17,5,2021,08:38:00,1,75,75110,2,2,8,6,RUE DU FAUBOURG SAINT MARTIN,"488,737,760,000","23,583,160,000",2.021E+11,130 786,Z01,1,1,0,1,1,1,5,NULL,2.021E+11,172 924,130 786,Z01,1,1,1,-1,NULL,-1,-1,-1,-1,-1,-1,-1,2.021E+11,4,RUE DU FAUBOURG SAINT MARTIN,0,NULL,2,2,1,2,-1,-1,1,NULL,-1,1,0,5,50
2.021E+11,6,5,2021,17:01:00,1,11,11262,2,9,1,3,PECLET (RUE),"431,899,900,000","30,161,800,000",2.021E+11,128 439,B01,3,1,0,2,7,1,5,NULL,2.021E+11,169 779,128 439,B01,1,1,4,1,2002,9,2,8,-1,-1,-1,-1,2.021E+11,4,NULL,0,NULL,2,2,0,1,-1,-1,1,NULL,-1,1,9,1,50
2.021E+11,6,5,2021,17:01:00,1,11,11262,2,9,1,3,PECLET (RUE),"431,899,900,000","30,161,800,000",2.021E+11,128 439,B01,3,1,0,2,7,1,5,NULL,2.021E+11,169 780,128 440,A01,1,1,1,2,1994,9,1,8,-1,-1,-1,-1,2.021E+11,4,NULL,0,NULL,2,2,0,1,-1,-1,1,NULL,-1,1,9,1,50
2.021E+11,3,5,2021,21:00:00,2,92,92046,2,1,1,1,LOUIS GIRARD (RUE),"488,139,200,000","22,815,700,000",2.021E+11,127 282,B01,2,1,0,2,1,1,5,NULL,2.021E+11,168 281,127 282,B01,1,1,4,1,1995,9,8,0,-1,-1,-1,-1,2.021E+11,4,NULL,0,NULL,2,1,0,1,0,0,3,NULL,-1,1,0,1,50
2.021E+11,3,5,2021,21:00:00,2,92,92046,2,1,1,1,LOUIS GIRARD (RUE),"488,139,200,000","22,815,700,000",2.021E+11,127 282,B01,2,1,0,2,1,1,5,NULL,2.021E+11,168 282,127 283,A01,1,1,1,-1,NULL,-1,-1,-1,-1,-1,-1,-1,2.021E+11,4,NULL,0,NULL,2,1,0,1,0,0,3,NULL,-1,1,0,1,50
2.021E+11,23,4,2021,12:30:00,1,64,64122,2,6,1,3,LA NEGRESSE (CARREFOUR DE LA),"434,602,800,000","-15,479,200,000",2.021E+11,125 068,B01,3,1,0,2,5,2,5,NULL,2.021E+11,165 425,125 067,A01,1,1,1,2,1956,0,1,0,-1,-1,-1,-1,2.021E+11,4,LA NEGRESSE (CARREFOUR DE LA),0,NULL,1,2,0,2,0,0,2,NULL,-1,1,5,1,50
2.021E+11,23,4,2021,12:30:00,1,64,64122,2,6,1,3,LA NEGRESSE (CARREFOUR DE LA),"434,602,800,000","-15,479,200,000",2.021E+11,125 068,B01,3,1,0,2,5,2,5,NULL,2.021E+11,165 426,125 068,B01,1,1,3,1,1948,5,2,8,-1,-1,-1,-1,2.021E+11,4,LA NEGRESSE (CARREFOUR DE LA),0,NULL,1,2,0,2,0,0,2,NULL,-1,1,5,1,50
2.021E+11,17,4,2021,16:20:00,1,75,75110,2,3,1,2,RUE DU FAUBOURG SAINT MARTIN,"488,706,920,000","23,565,400,000",2.021E+11,123 647,B01,3,1,0,2,1,1,5,NULL,2.021E+11,163 598,123 647,B01,1,1,4,2,1987,9,2,0,-1,0,0,-1,2.021E+11,4,RUE DU FAUBOURG SAINT MARTIN,0,NULL,1,2,1,1,-1,-1,1,NULL,-1,1,0,1,50
2.021E+11,17,4,2021,16:20:00,1,75,75110,2,3,1,2,RUE DU FAUBOURG SAINT MARTIN,"488,706,920,000","23,565,400,000",2.021E+11,123 647,B01,3,1,0,2,1,1,5,NULL,2.021E+11,163 599,123 648,A01,1,1,1,1,1985,3,8,0,-1,0,0,-1,2.021E+11,4,RUE DU FAUBOURG SAINT MARTIN,0,NULL,1,2,1,1,-1,-1,1,NULL,-1,1,0,1,50
2.021E+11,2,4,2021,15:40:00,1,56,56162,2,1,1,3,LANN-ER-ROCH,"477,385,800,000","-34,532,100,000",2.021E+11,121 399,B01,2,1,0,2,8,1,5,NULL,2.021E+11,160 676,121 399,B01,1,1,4,1,1982,5,2,8,-1,-1,-1,-1,2.021E+11,3,162,0,NULL,2,2,0,1,6,50,1,NULL,-1,1,0,1,30
2.021E+11,2,4,2021,15:40:00,1,56,56162,2,1,1,3,LANN-ER-ROCH,"477,385,800,000","-34,532,100,000",2.021E+11,121 399,B01,2,1,0,2,8,1,5,NULL,2.021E+11,160 677,121 400,A01,1,1,1,1,1986,4,1,8,-1,-1,-1,-1,2.021E+11,3,162,0,NULL,2,2,0,1,6,50,1,NULL,-1,1,0,1,30
2.021E+11,24,3,2021,17:20:00,1,94,94021,2,9,1,6,PETIT LEROY (R DU),"487,674,200,000","23,598,000,000",2.021E+11,118 127,B01,1,1,0,2,8,10,5,NULL,2.021E+11,156 439,118 127,B01,1,1,4,1,1971,9,2,6,-1,-1,-1,-1,2.021E+11,4,PETIT LEROY (R DU),0,NULL,2,2,0,1,0,0,1,NULL,-1,1,0,1,30
2.021E+11,24,3,2021,17:20:00,1,94,94021,2,9,1,6,PETIT LEROY (R DU),"487,674,200,000","23,598,000,000",2.021E+11,118 127,B01,1,1,0,2,8,10,5,NULL,2.021E+11,156 440,118 128,A01,1,1,1,-1,NULL,-1,-1,-1,-1,-1,-1,-1,2.021E+11,4,PETIT LEROY (R DU),0,NULL,2,2,0,1,0,0,1,NULL,-1,1,0,1,30
2.021E+11,21,3,2021,19:10:00,5,75,75114,2,2,1,3,BOULEVARD JOURDAN,"488,221,670,000","23,303,630,000",2.021E+11,117 508,B01,1,1,0,2,1,1,5,NULL,2.021E+11,155 649,117 507,A01,1,1,1,1,1983,5,1,0,-1,0,0,-1,2.021E+11,4,BOULEVARD JOURDAN,0,NULL,3,2,1,2,-1,-1,1,NULL,-1,1,-1,5,50
2.021E+11,21,3,2021,19:10:00,5,75,75114,2,2,1,3,BOULEVARD JOURDAN,"488,221,670,000","23,303,630,000",2.021E+11,117 508,B01,1,1,0,2,1,1,5,NULL,2.021E+11,155 650,117 507,A01,2,2,1,2,1983,5,1,0,-1,0,0,-1,2.021E+11,4,BOULEVARD JOURDAN,0,NULL,3,2,1,2,-1,-1,1,NULL,-1,1,-1,5,50
2.021E+11,21,3,2021,19:10:00,5,75,75114,2,2,1,3,BOULEVARD JOURDAN,"488,221,670,000","23,303,630,000",2.021E+11,117 508,B01,1,1,0,2,1,1,5,NULL,2.021E+11,155 651,117 508,B01,1,1,4,1,1994,5,2,0,-1,0,0,-1,2.021E+11,4,BOULEVARD JOURDAN,0,NULL,3,2,1,2,-1,-1,1,NULL,-1,1,-1,5,50
2.021E+11,21,3,2021,16:00:00,1,32,32033,1,1,1,7,Antin,"436,749,490,000","0,3095700000",2.021E+11,117 242,A01,1,1,0,0,9,1,2,NULL,2.021E+11,155 289,117 242,A01,1,1,3,1,1950,0,2,9,-1,0,0,-1,2.021E+11,3,174,0,NULL,2,2,0,2,11,600,2,NULL,-1,1,0,1,80
2.021E+11,4,3,2021,09:00:00,1,19,19274,1,3,1,3,Aux Breuils,"451,685,630,000","14,648,400,000",2.021E+11,113 394,A01,1,1,0,2,8,16,5,NULL,2.021E+11,150 343,113 393,B01,1,1,1,1,1957,1,1,-1,-1,0,0,-1,2.021E+11,3,9.01E+04,-1,NULL,2,2,0,1,-1,-1,1,NULL,-1,1,5,1,90
2.021E+11,4,3,2021,09:00:00,1,19,19274,1,3,1,3,Aux Breuils,"451,685,630,000","14,648,400,000",2.021E+11,113 394,A01,1,1,0,2,8,16,5,NULL,2.021E+11,150 344,113 394,A01,1,1,3,1,1936,3,0,-1,-1,0,0,-1,2.021E+11,3,9.01E+04,-1,NULL,2,2,0,1,-1,-1,1,NULL,-1,1,5,1,90
2.021E+11,1,2,2021,19:05:00,5,64,64445,2,2,2,1,MIRABELLE,"433,069,300,000"," -0,3770500000",2.021E+11,107 197,B01,1,1,0,2,8,1,5,NULL,2.021E+11,142 328,107 196,A01,1,1,1,1,1994,5,1,0,-1,-1,-1,-1,2.021E+11,4,MIRABELLE,0,NULL,1,1,0,1,0,0,1,NULL,-1,2,0,1,50
2.021E+11,1,2,2021,19:05:00,5,64,64445,2,2,2,1,MIRABELLE,"433,069,300,000"," -0,3770500000",2.021E+11,107 197,B01,1,1,0,2,8,1,5,NULL,2.021E+11,142 329,107 197,B01,1,1,4,1,2000,0,8,0,-1,-1,-1,-1,2.021E+11,4,MIRABELLE,0,NULL,1,1,0,1,0,0,1,NULL,-1,2,0,1,50
2.021E+11,11,1,2021,06:00:00,5,53,53097,2,1,2,2,Rue de Laval,"481,495,810,000"," -0,4087900000",2.021E+11,102 483,A01,1,1,0,0,4,0,0,NULL,2.021E+11,135 993,102 482,B01,1,1,1,1,1979,1,1,-1,-1,0,0,-1,2.021E+11,4,NULL,0,NULL,2,2,0,1,-1,-1,1,NULL,-1,2,0,1,50
2.021E+11,11,1,2021,06:00:00,5,53,53097,2,1,2,2,Rue de Laval,"481,495,810,000"," -0,4087900000",2.021E+11,102 483,A01,1,1,0,0,4,0,0,NULL,2.021E+11,135 994,102 483,A01,1,1,3,1,2004,1,2,4,9,0,0,-1,2.021E+11,4,NULL,0,NULL,2,2,0,1,-1,-1,1,NULL,-1,2,0,1,50
2.021E+11,4,1,2021,14:40:00,1,94,94046,2,1,1,3,GENERAL LECLERC (AV DU),"488,099,830,000","24,337,490,000",2.021E+11,101 289,B01,2,1,0,9,8,19,5,NULL,2.021E+11,134 413,101 289,B01,1,1,4,2,1988,0,8,0,-1,-1,-1,-1,2.021E+11,3,GENERAL LECLERC (AV DU),0,NULL,2,4,0,1,0,0,1,NULL,-1,1,0,1,50
2.021E+11,4,1,2021,14:40:00,1,94,94046,2,1,1,3,GENERAL LECLERC (AV DU),"488,099,830,000","24,337,490,000",2.021E+11,101 289,B01,2,1,0,9,8,19,5,NULL,2.021E+11,134 414,101 290,A01,1,1,1,-1,NULL,-1,-1,-1,-1,-1,-1,-1,2.021E+11,3,GENERAL LECLERC (AV DU),0,NULL,2,4,0,1,0,0,1,NULL,-1,1,0,1,50